customer,persona,age,income,sparse
SIM00000,young_professional,36,3983.8068751753813,True
SIM00001,young_professional,31,3573.7021634332414,False
SIM00002,young_professional,26,3428.700765045456,True
SIM00003,family,36,8000.456390718413,True
SIM00004,student,21,1753.7818211245728,False
SIM00005,affluent,55,8610.797920126775,False
SIM00006,student,21,1273.7532723649124,True
SIM00007,family,50,4137.133355362998,True
SIM00008,student,24,1573.9443004215102,False
SIM00009,student,19,1481.3528138251968,True
SIM00010,young_professional,35,4600.273435718335,False
SIM00011,young_professional,31,2512.524930682036,False
SIM00012,affluent,59,11117.309868567196,True
SIM00013,student,24,1186.5476223385315,False
SIM00014,family,35,7682.022664687006,False
SIM00015,affluent,41,8554.719022270237,False
SIM00016,affluent,64,7349.619403577435,False
SIM00017,family,38,4133.497148577141,True
SIM00018,family,30,4347.313800929511,False
SIM00019,student,23,1201.4115215255097,False
SIM00020,affluent,64,13514.935780730973,False
SIM00021,young_professional,33,3792.0776372370196,False
SIM00022,affluent,43,8945.75993164281,False
SIM00023,family,32,3813.2472129728653,False
SIM00024,young_professional,36,4721.240374311518,False
SIM00025,affluent,40,11008.625712981693,False
SIM00026,family,44,4986.165500087372,True
SIM00027,student,20,1640.3458475065938,False
SIM00028,student,23,1228.2248915419148,False
SIM00029,student,25,1677.9041005054228,False
SIM00030,student,19,984.3111067850818,False
SIM00031,family,44,7668.377214391201,False
SIM00032,family,32,6193.291223010878,False
SIM00033,student,22,1259.4992608681787,False
SIM00034,young_professional,28,4210.9682107318795,False
SIM00035,student,22,1391.6164384261676,True
SIM00036,family,48,6274.181647048045,False
SIM00037,affluent,36,8367.027105974577,False
SIM00038,student,23,1025.7252399760546,False
SIM00039,student,19,1262.1908296393951,True
SIM00040,young_professional,37,2398.1576270637315,True
SIM00041,student,24,1270.1937205953343,False
SIM00042,student,25,1240.297078068428,False
SIM00043,family,49,5097.0005893954,False
SIM00044,young_professional,28,4287.372000351867,False
SIM00045,affluent,63,13277.447140627803,False
SIM00046,student,25,1764.974783641257,False
SIM00047,affluent,64,12036.270062638101,True
SIM00048,young_professional,29,2906.2556319875366,True
SIM00049,student,20,1175.3187408832493,False
SIM00050,family,31,7939.797155332962,False
SIM00051,family,46,5102.237219730694,True
SIM00052,affluent,64,13974.373540555827,False
SIM00053,student,18,1456.4303484699685,False
SIM00054,family,52,5547.250504533167,False
SIM00055,family,49,3518.414317244309,True
SIM00056,family,51,7228.177336623012,False
SIM00057,young_professional,26,4542.951476364722,False
SIM00058,affluent,62,9196.95940058356,False
SIM00059,young_professional,31,4205.45475901835,True
SIM00060,family,32,4188.4125581814305,True
SIM00061,family,38,7158.372848701115,False
SIM00062,young_professional,29,3207.6861791180186,False
SIM00063,student,23,1315.6853469737246,False
SIM00064,affluent,54,9334.509476785212,False
SIM00065,student,22,1722.3515325648477,True
SIM00066,family,54,8359.890479319401,False
SIM00067,young_professional,27,4815.291763139494,False
SIM00068,young_professional,27,2979.7102078377875,True
SIM00069,affluent,69,17864.37594962886,True
SIM00070,affluent,51,8034.068938712113,False
SIM00071,family,38,4802.884476852772,False
SIM00072,family,48,6788.358300131924,True
SIM00073,affluent,38,12325.838955842248,True
SIM00074,student,25,1149.7487667522491,False
SIM00075,young_professional,31,2691.466751616825,False
SIM00076,young_professional,25,2275.756477802043,True
SIM00077,student,18,1319.8500567196181,False
SIM00078,affluent,39,17247.85928300747,True
SIM00079,student,20,1101.7266935173222,False
SIM00080,family,50,8494.252941152696,False
SIM00081,affluent,36,11527.334242954095,False
SIM00082,affluent,54,10793.404566300618,False
SIM00083,family,35,5211.964662685114,False
SIM00084,young_professional,29,3150.930672865218,False
SIM00085,affluent,49,7092.910765787605,True
SIM00086,student,22,1746.6883890428412,False
SIM00087,student,22,1540.8910305286843,True
SIM00088,student,21,907.7240764647787,False
SIM00089,young_professional,25,4029.6129267633078,True
SIM00090,family,33,5951.005860836031,True
SIM00091,affluent,54,14719.36022782111,False
SIM00092,affluent,36,10016.363086228803,False
SIM00093,family,45,5790.700590644958,False
SIM00094,student,25,1490.075606529905,True
SIM00095,young_professional,29,2974.0365615392748,False
SIM00096,affluent,47,15701.135820620038,True
SIM00097,student,23,1499.9391575864504,False
SIM00098,student,18,1064.5077243286298,False
SIM00099,affluent,46,16688.06919641247,True
SIM00100,affluent,50,9011.523865315237,False
SIM00101,affluent,65,9422.404523849103,True
SIM00102,student,19,1653.3553132960283,True
SIM00103,student,18,1703.6996589181629,False
SIM00104,student,25,1341.3540550983732,False
SIM00105,affluent,47,8869.165567558692,False
SIM00106,student,25,1059.1124762645393,False
SIM00107,young_professional,34,3016.6978317971775,False
SIM00108,young_professional,27,2566.597593472612,False
SIM00109,student,22,1652.977105900507,False
SIM00110,student,22,1028.3595772525034,False
SIM00111,student,23,1538.4258849662772,True
SIM00112,family,44,5489.078217240881,False
SIM00113,affluent,37,10818.03591051323,False
SIM00114,affluent,54,14413.60342263904,False
SIM00115,family,41,4253.429723959928,True
SIM00116,family,38,3956.742435801869,False
SIM00117,family,42,6030.241009018746,False
SIM00118,young_professional,30,4965.055518631405,False
SIM00119,student,25,1063.5089036376735,False
SIM00120,young_professional,35,2462.9215845413496,False
SIM00121,student,22,1535.5113354423358,False
SIM00122,student,22,1510.8330526094105,False
SIM00123,young_professional,28,2882.054050877006,True
SIM00124,student,24,1092.6686760354423,False
SIM00125,young_professional,28,4573.595458280838,False
SIM00126,family,44,7187.822398059553,False
SIM00127,affluent,39,12624.066058499488,True
SIM00128,affluent,36,11857.974345356477,False
SIM00129,family,30,6761.3823551194055,False
SIM00130,affluent,55,14814.298473162122,False
SIM00131,family,48,5378.596287878338,False
SIM00132,affluent,67,11603.62154250048,False
SIM00133,family,46,6554.563267127839,False
SIM00134,family,46,4722.0792307674865,False
SIM00135,family,49,4602.185895333131,True
SIM00136,affluent,43,13122.429150081593,False
SIM00137,affluent,35,11679.602801690793,False
SIM00138,family,38,7922.871090620209,False
SIM00139,family,32,6318.724425275963,False
SIM00140,student,25,1650.4408807756154,False
SIM00141,family,37,6886.675693643999,False
SIM00142,young_professional,25,3820.043272782087,True
SIM00143,student,19,1735.838625712533,False
SIM00144,young_professional,34,4772.985068277213,False
SIM00145,young_professional,36,3295.5225881026195,False
SIM00146,student,21,976.3817611597591,True
SIM00147,affluent,57,8203.73383295593,True
SIM00148,affluent,64,9712.592398378956,False
SIM00149,young_professional,30,3259.6232154509908,True
SIM00150,young_professional,33,2492.519938000038,False
SIM00151,affluent,38,7526.523951829846,False
SIM00152,young_professional,37,4058.19979171951,False
SIM00153,student,21,976.1253185693581,True
SIM00154,young_professional,36,3406.9515666401094,True
SIM00155,family,33,6935.783181970141,False
SIM00156,family,54,5856.401125682111,True
SIM00157,young_professional,29,3187.6822298868547,False
SIM00158,affluent,37,15411.327187461748,False
SIM00159,young_professional,37,2418.8250834282485,False
SIM00160,student,20,1289.524849858121,False
SIM00161,affluent,41,16627.063659641524,True
SIM00162,affluent,42,8487.263098704268,False
SIM00163,young_professional,26,2786.8069846634685,False
SIM00164,young_professional,34,2783.3218369697865,False
SIM00165,student,23,933.1990228419796,False
SIM00166,young_professional,26,3934.869820164928,True
SIM00167,young_professional,31,3403.5098915255594,True
SIM00168,affluent,47,14878.50350973579,False
SIM00169,family,32,7745.888199322166,False
SIM00170,young_professional,34,3383.8482068996377,True
SIM00171,family,31,5461.454148978793,False
SIM00172,young_professional,31,2332.1048311276218,True
SIM00173,student,19,1751.8903700907179,True
SIM00174,affluent,63,9182.320950937641,True
SIM00175,family,54,4077.487564527537,False
SIM00176,student,19,1578.198909309822,False
SIM00177,young_professional,28,4774.849233408778,False
SIM00178,student,19,1412.9074930830925,False
SIM00179,affluent,43,11034.680957408798,True
SIM00180,young_professional,27,3848.6508312194987,False
SIM00181,affluent,64,9150.160743287279,False
SIM00182,affluent,51,15557.345634863284,True
SIM00183,family,31,6684.684154348841,False
SIM00184,student,22,1212.5729994846286,False
SIM00185,family,39,4969.137765235144,False
SIM00186,family,53,4213.962467206808,True
SIM00187,family,44,7831.438317742776,False
SIM00188,young_professional,28,2311.6208008758804,True
SIM00189,student,20,1748.0485053104276,True
SIM00190,young_professional,34,3772.891456269349,False
SIM00191,young_professional,30,2925.913521688892,True
SIM00192,affluent,52,17006.76249862508,True
SIM00193,affluent,42,13109.914138383861,False
SIM00194,affluent,43,8788.135418310036,False
SIM00195,affluent,45,9941.181598520829,False
SIM00196,affluent,54,11738.656055053432,True
SIM00197,affluent,56,16271.213715028982,False
SIM00198,affluent,39,14461.474474832532,False
SIM00199,affluent,41,7311.371617440555,False
SIM00200,affluent,59,15207.09031020764,False
SIM00201,affluent,67,16006.034301689213,True
SIM00202,family,39,7327.089711793447,True
SIM00203,student,21,1242.692440787683,False
SIM00204,affluent,64,10910.353197326785,False
SIM00205,young_professional,27,4945.569542983061,True
SIM00206,student,19,990.162012690229,False
SIM00207,student,19,1265.9351168545304,False
SIM00208,young_professional,36,4650.9768401401025,False
SIM00209,student,18,1653.8677784506463,False
SIM00210,student,25,1032.6780895748427,False
SIM00211,family,30,3808.8855766937004,False
SIM00212,affluent,60,12500.856738534554,False
SIM00213,young_professional,35,3721.6868705688967,False
SIM00214,affluent,45,17785.10488720888,False
SIM00215,young_professional,32,3829.6580622652555,True
SIM00216,affluent,47,8067.269279148992,True
SIM00217,young_professional,31,2448.9621745761506,False
SIM00218,affluent,43,9778.739853338375,False
SIM00219,affluent,35,9523.566042728828,False
SIM00220,student,21,1224.840655579786,False
SIM00221,family,33,3527.0403849781874,False
SIM00222,young_professional,33,4984.332506764227,False
SIM00223,student,25,1391.363060605111,True
SIM00224,family,34,5858.74521566941,False
SIM00225,student,23,1253.631126433345,True
SIM00226,family,50,7537.845365074076,True
SIM00227,affluent,54,7953.080153486631,False
SIM00228,student,24,1270.867213151517,False
SIM00229,student,20,1389.5823751665175,False
SIM00230,affluent,62,10101.340912365142,True
SIM00231,family,51,4465.236321333305,False
SIM00232,student,18,913.4457172726023,True
SIM00233,young_professional,32,2504.310768930193,True
SIM00234,affluent,41,16728.22259450442,True
SIM00235,family,48,4654.453883958577,False
SIM00236,young_professional,30,3568.6246118137565,True
SIM00237,family,34,6882.851509481212,False
SIM00238,young_professional,30,3721.036780389149,True
SIM00239,young_professional,32,4196.55858197391,False
SIM00240,young_professional,35,4669.104716978605,False
SIM00241,family,40,6323.73880005738,True
SIM00242,young_professional,35,3737.0916751349437,True
SIM00243,young_professional,29,3404.413063669674,True
SIM00244,student,24,1135.9010363043021,False
SIM00245,affluent,68,12017.582613584464,False
SIM00246,family,47,7911.851739079484,False
SIM00247,affluent,35,9032.110490654755,False
SIM00248,family,33,7508.345929168485,False
SIM00249,affluent,52,14586.695935797921,True
SIM00250,student,20,1257.964783890163,False
SIM00251,family,30,5399.605681584153,False
SIM00252,student,23,1160.1848739732563,False
SIM00253,family,53,4501.221204495682,False
SIM00254,student,18,1517.820992364077,False
SIM00255,family,30,6139.472908831165,False
SIM00256,young_professional,32,3663.5483896998553,False
SIM00257,affluent,58,10567.803098381612,True
SIM00258,young_professional,28,3382.5440747255575,False
SIM00259,young_professional,33,4242.386308350747,False
SIM00260,family,49,8032.930713072263,False
SIM00261,affluent,55,15187.593845628915,False
SIM00262,family,38,8210.80951139671,False
SIM00263,young_professional,29,4769.389165674657,False
SIM00264,student,22,1692.197587771445,False
SIM00265,young_professional,26,2281.1434493377287,True
SIM00266,family,54,7175.464106160335,True
SIM00267,affluent,68,9095.9175653126,False
SIM00268,affluent,56,13454.058310903923,False
SIM00269,young_professional,29,3584.0937230143472,False
SIM00270,young_professional,27,4229.696248574392,True
SIM00271,family,33,5963.538034197296,False
SIM00272,student,19,1654.1780217323733,False
SIM00273,affluent,63,14305.29958157591,False
SIM00274,family,34,4212.817402067484,False
SIM00275,family,43,3507.725789324451,False
SIM00276,family,35,6042.5470825161665,False
SIM00277,affluent,49,12151.046679928208,False
SIM00278,young_professional,28,4021.631084572081,False
SIM00279,young_professional,25,2475.8206781158656,False
SIM00280,affluent,60,11822.84158945572,False
SIM00281,student,23,1654.243794223452,False
SIM00282,family,37,6886.731723014958,False
SIM00283,young_professional,27,4548.456805738424,True
SIM00284,family,42,4995.809804514022,False
SIM00285,student,20,1587.2570211582777,False
SIM00286,affluent,61,15564.978945847162,True
SIM00287,young_professional,27,3019.01895990629,False
SIM00288,affluent,67,9687.94990945186,False
SIM00289,affluent,68,17347.814413992197,True
SIM00290,family,32,8157.8615551153025,False
SIM00291,student,24,1103.0239430805555,True
SIM00292,student,23,953.0015392811409,True
SIM00293,affluent,53,12929.674492260034,True
SIM00294,student,20,1096.0390479453542,True
SIM00295,student,25,1450.638524676594,False
SIM00296,young_professional,34,3804.320015145768,False
SIM00297,young_professional,28,4808.23003895305,False
SIM00298,family,44,4280.748146548875,False
SIM00299,affluent,64,13038.037878533596,True
SIM00300,young_professional,30,2340.665017130383,False
SIM00301,student,24,1156.6377641671775,False
SIM00302,student,19,1488.087809128752,False
SIM00303,young_professional,34,3686.0012107975595,False
SIM00304,young_professional,31,2863.6841437539856,False
SIM00305,family,32,7369.474810359481,False
SIM00306,young_professional,32,2769.69802915466,True
SIM00307,student,21,1200.4428678013608,False
SIM00308,young_professional,25,3763.959204696885,False
SIM00309,affluent,64,14597.234483935634,True
SIM00310,young_professional,37,3070.0953526924154,False
SIM00311,affluent,44,15840.558486546057,True
SIM00312,student,21,1727.4589118704462,False
SIM00313,young_professional,36,4412.2698344882865,False
SIM00314,family,49,5100.661725271587,True
SIM00315,family,42,7236.768466161092,False
SIM00316,student,22,1124.5664089405905,False
SIM00317,family,40,8201.794446137348,False
SIM00318,student,20,1450.8351159447657,False
SIM00319,young_professional,31,4955.164953153319,False
SIM00320,young_professional,28,3541.420898778625,True
SIM00321,affluent,64,15311.796490733654,True
SIM00322,young_professional,32,3354.056924098996,False
SIM00323,young_professional,25,2976.305834373799,False
SIM00324,student,19,1197.1072610664949,False
SIM00325,student,21,956.6526918300968,False
SIM00326,family,44,3777.5419738364953,False
SIM00327,young_professional,34,3589.832216482877,False
SIM00328,young_professional,33,2848.750932666015,True
SIM00329,affluent,59,15915.821314319835,True
SIM00330,affluent,60,14142.204471103303,True
SIM00331,affluent,58,9888.386082444189,True
SIM00332,family,50,4977.2229416243335,True
SIM00333,affluent,65,9219.429419543869,True
SIM00334,family,48,6748.477483253303,False
SIM00335,family,44,4635.958978430067,False
SIM00336,student,21,1459.3375907005625,False
SIM00337,family,45,3881.0271503764134,False
SIM00338,family,40,7932.7878568714505,True
SIM00339,affluent,43,8514.471779305593,True
SIM00340,affluent,59,14261.687754990053,True
SIM00341,student,24,1289.3714120681439,False
SIM00342,young_professional,34,4098.780041338254,False
SIM00343,family,38,5255.291243522542,True
SIM00344,affluent,66,16191.865142480337,False
SIM00345,affluent,48,10520.762268380084,False
SIM00346,affluent,50,9492.455258519441,False
SIM00347,family,37,5260.466228223863,True
SIM00348,young_professional,37,3485.609987329405,True
SIM00349,family,46,8361.129261610857,True
SIM00350,family,34,7895.882653130637,True
SIM00351,family,40,4875.719785917173,False
SIM00352,family,54,6007.655536565341,False
SIM00353,affluent,57,16973.902222983204,False
SIM00354,young_professional,31,2248.5533089424807,True
SIM00355,family,49,6252.265313896305,False
SIM00356,affluent,66,11719.774195364571,False
SIM00357,affluent,62,11955.457312816477,True
SIM00358,young_professional,27,4450.197316138056,True
SIM00359,affluent,48,16179.326117636147,False
SIM00360,young_professional,36,3806.824617245355,True
SIM00361,family,30,6198.500508056414,False
SIM00362,family,51,7059.311567809763,False
SIM00363,family,46,7399.717857232308,False
SIM00364,student,20,964.5019401534979,False
SIM00365,affluent,49,10493.764890056455,True
SIM00366,young_professional,31,4325.03494298419,False
SIM00367,affluent,57,15024.119546996806,False
SIM00368,student,24,1019.7316225972457,True
SIM00369,young_professional,27,4157.095421090981,False
SIM00370,family,37,6893.5273256411165,False
SIM00371,student,22,1755.5664070248458,True
SIM00372,student,20,1190.479651357428,False
SIM00373,young_professional,27,4738.394238807954,False
SIM00374,student,23,1085.8173749787875,True
SIM00375,young_professional,31,4883.253696944445,False
SIM00376,family,34,6771.5025677194535,False
SIM00377,student,24,1451.7600836121494,True
SIM00378,young_professional,32,4717.251496516827,False
SIM00379,affluent,45,14633.490411878394,False
SIM00380,young_professional,37,3408.0112119289934,False
SIM00381,family,40,5384.855301727528,False
SIM00382,affluent,45,10062.838067723544,False
SIM00383,affluent,46,8891.645431495008,True
SIM00384,student,23,1600.7003161408059,False
SIM00385,family,35,4483.947989018395,False
SIM00386,family,45,7683.693957678053,True
SIM00387,young_professional,31,3432.377654776448,False
SIM00388,affluent,56,16020.039524151198,True
SIM00389,student,25,1469.9354307442343,True
SIM00390,family,34,6577.026449942502,False
SIM00391,affluent,64,16019.548518437276,False
SIM00392,family,50,3988.270504550337,True
SIM00393,young_professional,26,2849.2269842254786,False
SIM00394,affluent,59,12983.873996248381,False
SIM00395,young_professional,34,4896.462794870833,True
SIM00396,family,40,3713.5899456788516,False
SIM00397,affluent,38,10238.615364168963,False
SIM00398,family,35,4780.547825418374,False
SIM00399,young_professional,36,4057.6079218860714,False
SIM00400,family,39,4286.949720190003,False
SIM00401,affluent,38,12691.11981603789,False
SIM00402,affluent,57,14563.95426640922,False
SIM00403,affluent,58,17467.99215773164,True
SIM00404,affluent,46,9730.777311258224,True
SIM00405,young_professional,32,3740.3590126848053,False
SIM00406,affluent,54,10521.248451698364,True
SIM00407,student,25,971.9773190334048,False
SIM00408,student,20,1660.0969805660507,False
SIM00409,young_professional,26,3989.9314534688647,False
SIM00410,family,32,3654.890075637695,False
SIM00411,affluent,54,11204.018079564412,False
SIM00412,young_professional,31,4154.702810349742,False
SIM00413,family,36,7645.477186571135,False
SIM00414,young_professional,30,3524.875779727951,False
SIM00415,young_professional,29,3534.8559269144566,True
SIM00416,young_professional,28,3208.5531821498203,False
SIM00417,student,20,1012.1955381508017,False
SIM00418,family,37,7514.287198092687,True
SIM00419,young_professional,29,4139.801395426589,False
SIM00420,affluent,41,8880.405507641046,False
SIM00421,family,47,5817.29605501953,False
SIM00422,family,46,6467.833296559633,True
SIM00423,affluent,45,14191.10509005214,False
SIM00424,young_professional,27,2969.849811496974,True
SIM00425,family,52,4409.941925338741,False
SIM00426,family,54,7682.284796396832,False
SIM00427,family,43,4067.133116228328,True
SIM00428,young_professional,36,3512.34980405978,False
SIM00429,young_professional,29,3815.384329420656,False
SIM00430,affluent,35,9790.88022306108,False
SIM00431,affluent,40,11244.21851927957,False
SIM00432,student,19,914.5788641201002,True
SIM00433,young_professional,30,3286.6710765900316,False
SIM00434,young_professional,37,3835.517306065159,False
SIM00435,affluent,47,11129.387940649043,True
SIM00436,affluent,68,9651.316911552043,True
SIM00437,affluent,55,9913.642638417807,False
SIM00438,family,46,6179.727411637982,False
SIM00439,affluent,66,10586.357205514598,False
SIM00440,family,34,4853.667620946184,False
SIM00441,young_professional,32,4739.048192681842,True
SIM00442,student,22,979.3692151071693,False
SIM00443,family,40,8498.776843904421,False
SIM00444,family,45,8382.951460518672,False
SIM00445,student,19,1422.1683065186637,False
SIM00446,young_professional,37,4568.753114951912,False
SIM00447,young_professional,36,4165.36475295329,False
SIM00448,family,51,5891.9164412631835,False
SIM00449,affluent,36,14201.181967477107,False
SIM00450,affluent,38,12280.413468210843,False
SIM00451,family,44,5086.87360171979,False
SIM00452,family,43,6513.964584551295,True
SIM00453,affluent,66,15280.618479059127,True
SIM00454,student,18,1721.7733555302589,True
SIM00455,student,19,1401.8698756897054,False
SIM00456,young_professional,29,2977.3054206765983,False
SIM00457,family,30,6256.427782514291,False
SIM00458,young_professional,28,2366.961410974907,True
SIM00459,affluent,41,13534.860654196791,True
SIM00460,affluent,35,10675.034373548122,False
SIM00461,student,19,969.5265862933163,False
SIM00462,family,35,8285.052082835566,False
SIM00463,student,23,1079.0945579450488,False
SIM00464,family,50,5752.535181584074,False
SIM00465,affluent,40,17310.18891208627,True
SIM00466,student,18,1735.9116519494423,False
SIM00467,family,36,8201.864529535487,False
SIM00468,student,23,1486.9070294600153,True
SIM00469,student,24,1785.6783181121655,False
SIM00470,young_professional,31,4075.5621846881413,False
SIM00471,affluent,57,17752.058845165066,False
SIM00472,student,19,1289.0974032013758,False
SIM00473,student,19,1005.6308600654538,False
SIM00474,young_professional,37,4886.835524833181,False
SIM00475,family,52,6617.969376198841,False
SIM00476,student,21,1555.0391848009763,True
SIM00477,affluent,47,11030.67486177724,False
SIM00478,affluent,58,15551.94855507071,False
SIM00479,young_professional,29,3170.3847516130677,False
SIM00480,young_professional,27,4049.953673117182,True
SIM00481,affluent,42,10573.66915094013,False
SIM00482,young_professional,36,3131.6772330973813,True
SIM00483,young_professional,28,3282.8498086064624,True
SIM00484,student,21,1582.5069360113575,True
SIM00485,affluent,63,8438.381767686744,False
SIM00486,affluent,48,12566.530730493807,True
SIM00487,affluent,51,9633.2594945583,False
SIM00488,young_professional,31,3881.020443582508,True
SIM00489,family,33,4811.209511635356,True
SIM00490,affluent,39,9040.800555234926,False
SIM00491,affluent,69,17964.386045727126,False
SIM00492,family,49,8012.409203772851,False
SIM00493,affluent,56,8482.583381453022,False
SIM00494,young_professional,25,4827.958597515429,False
SIM00495,family,48,3849.633446604239,False
SIM00496,young_professional,27,2658.7704133165607,False
SIM00497,student,21,1012.2358273519598,True
SIM00498,student,19,1593.0045346138609,False
SIM00499,family,38,7383.16288003955,False
SIM00500,family,47,7746.505723412619,False
SIM00501,affluent,58,11202.531709829309,True
SIM00502,student,24,1058.0995647720874,False
SIM00503,family,53,6134.679224499277,False
SIM00504,young_professional,34,4526.833356027499,False
SIM00505,student,23,1344.9073774548597,True
SIM00506,family,52,4183.4137492822065,False
SIM00507,affluent,56,8979.812828095393,False
SIM00508,student,18,1638.7557961676548,False
SIM00509,family,54,4838.612533513488,False
SIM00510,young_professional,28,4944.475802380718,False
SIM00511,affluent,56,7140.0192044841,True
SIM00512,student,20,1178.2116585724586,True
SIM00513,young_professional,36,4488.304903943637,False
SIM00514,family,36,7079.65301939046,False
SIM00515,family,36,6791.402911299102,False
SIM00516,family,37,4711.584829366543,False
SIM00517,young_professional,37,3136.2454479323237,False
SIM00518,family,39,5533.977147655083,False
SIM00519,family,43,6238.927534334509,False
SIM00520,family,45,8369.641090545929,False
SIM00521,student,25,930.7622869559038,False
SIM00522,student,20,1511.8135886880436,False
SIM00523,young_professional,35,2922.0386648186195,True
SIM00524,student,23,919.5615484959249,False
SIM00525,student,22,961.5107386990617,False
SIM00526,student,20,1536.9458763127504,False
SIM00527,young_professional,28,2445.3660063149523,True
SIM00528,student,24,1797.765369097716,True
SIM00529,affluent,38,9905.633513358394,False
SIM00530,family,45,7873.555808295969,False
SIM00531,family,45,6385.3719339881145,False
SIM00532,family,39,3667.4802578596687,False
SIM00533,young_professional,31,3296.5098792076087,True
SIM00534,family,51,7065.016726601937,False
SIM00535,young_professional,28,3577.099950112274,True
SIM00536,young_professional,32,2989.3456954163453,True
SIM00537,affluent,47,16540.767178497183,False
SIM00538,student,24,923.6338431898099,False
SIM00539,young_professional,36,4031.6223287438443,False
SIM00540,student,18,1056.7084845226618,False
SIM00541,young_professional,25,2956.469004335616,False
SIM00542,student,25,951.4489855003242,True
SIM00543,student,21,1092.2603212637898,False
SIM00544,young_professional,33,2716.246835689195,True
SIM00545,young_professional,25,4607.28305661935,False
SIM00546,young_professional,27,3814.6596035808425,False
SIM00547,student,21,1295.1113288229421,False
SIM00548,affluent,45,9093.454738661716,False
SIM00549,student,22,1043.864505148521,False
SIM00550,young_professional,37,2803.95483990253,False
SIM00551,student,25,1090.7934807890324,False
SIM00552,student,24,1510.7114634843722,False
SIM00553,young_professional,34,4427.142096953983,False
SIM00554,family,52,5775.689838312593,True
SIM00555,affluent,39,12675.437766358134,False
SIM00556,young_professional,31,4890.970346225132,False
SIM00557,family,41,8218.791510662979,False
SIM00558,young_professional,30,4542.03953657668,False
SIM00559,affluent,68,13443.149658804365,True
SIM00560,young_professional,26,4829.283102608595,True
SIM00561,student,24,1455.19883700608,False
SIM00562,young_professional,37,3802.2048904033745,False
SIM00563,student,19,1552.884170972359,False
SIM00564,affluent,38,14173.787510997452,False
SIM00565,family,30,6475.667278877779,False
SIM00566,affluent,43,8682.26346998423,False
SIM00567,student,23,1364.9259070796227,False
SIM00568,young_professional,34,3045.469507279143,False
SIM00569,young_professional,36,3533.6650194989334,False
SIM00570,young_professional,37,2890.0268564365556,True
SIM00571,family,33,5449.499623901161,True
SIM00572,family,47,6865.995842940297,False
SIM00573,family,35,7110.58972764067,False
SIM00574,family,39,7104.896010520324,False
SIM00575,young_professional,26,3140.6240777089706,True
SIM00576,affluent,42,16656.84062057006,True
SIM00577,young_professional,34,3247.704516042889,False
SIM00578,young_professional,26,2961.6485312902373,True
SIM00579,student,21,1415.706393677875,True
SIM00580,student,24,1430.771452838623,False
SIM00581,young_professional,32,3818.9751246607407,False
SIM00582,young_professional,30,3854.713722893888,True
SIM00583,family,51,4057.2463430585954,True
SIM00584,affluent,44,7709.095095166766,True
SIM00585,affluent,45,16807.160775166896,False
SIM00586,affluent,57,9469.475064397724,False
SIM00587,family,49,4325.951074225112,False
SIM00588,affluent,36,8398.23611951993,False
SIM00589,student,25,1200.7901458868514,False
SIM00590,student,18,1517.4636235087535,True
SIM00591,family,40,4392.360482262838,True
SIM00592,young_professional,32,4120.904053881165,False
SIM00593,family,34,7470.338542466688,True
SIM00594,family,40,5460.819769907626,True
SIM00595,young_professional,33,4811.460426104395,False
SIM00596,family,36,5112.180479952912,True
SIM00597,family,35,8275.147409645364,False
SIM00598,affluent,56,17323.995960638826,False
SIM00599,family,37,8262.082116702706,False
SIM00600,student,18,1013.1598690696254,False
SIM00601,affluent,56,13503.854867655507,True
SIM00602,young_professional,32,3540.201302060392,False
SIM00603,family,54,3811.584806614057,False
SIM00604,family,54,8000.84736996429,True
SIM00605,student,23,1483.7605615882728,True
SIM00606,affluent,41,14560.96763731035,True
SIM00607,student,24,1541.0261384101045,False
SIM00608,young_professional,32,2572.0550509439686,True
SIM00609,young_professional,27,3355.6171128592114,False
SIM00610,young_professional,31,4209.140188788701,False
SIM00611,student,25,933.9773643742323,True
SIM00612,student,21,1628.5334488675612,False
SIM00613,young_professional,37,3109.7051974800597,True
SIM00614,affluent,39,9471.91760051059,False
SIM00615,affluent,49,7625.639149906014,False
SIM00616,family,36,5388.803277514326,False
SIM00617,young_professional,28,3843.525411625628,True
SIM00618,affluent,67,11412.79397149289,True
SIM00619,young_professional,37,4552.095082639904,False
SIM00620,young_professional,27,4361.215785795027,True
SIM00621,family,44,7492.773290185703,True
SIM00622,affluent,63,14221.833170493053,True
SIM00623,family,37,4753.649917914357,True
SIM00624,young_professional,36,2736.7953995116163,False
SIM00625,family,49,5993.972835006921,True
SIM00626,student,19,1697.0987386511465,True
SIM00627,family,42,5587.73947472282,False
SIM00628,family,31,4446.1166027088275,True
SIM00629,family,38,7277.589642120712,True
SIM00630,affluent,65,12096.329163637087,False
SIM00631,family,48,5047.725377251183,True
SIM00632,affluent,57,16061.490180673443,False
SIM00633,affluent,54,14394.626352392508,False
SIM00634,student,25,1772.0700180298616,True
SIM00635,young_professional,25,3263.452102676464,True
SIM00636,affluent,50,17992.194146214824,True
SIM00637,student,20,1232.2639865626293,True
SIM00638,family,51,7308.502676894359,False
SIM00639,young_professional,30,2286.815643308142,True
SIM00640,young_professional,33,3524.8755224514657,False
SIM00641,family,35,6591.270722855505,False
SIM00642,family,38,4951.81607923625,False
SIM00643,student,18,1255.5997649104531,False
SIM00644,affluent,44,15181.85706578464,False
SIM00645,affluent,47,7698.438776553079,True
SIM00646,family,38,4536.698324670639,False
SIM00647,affluent,45,14683.047129400951,True
SIM00648,student,19,1261.0402803355184,False
SIM00649,young_professional,28,3440.2789360132415,False
SIM00650,student,19,1509.3419967090465,True
SIM00651,young_professional,36,4019.9692825736497,False
SIM00652,affluent,51,11309.312363914143,False
SIM00653,family,41,4574.273535192842,True
SIM00654,family,54,8295.084980286789,True
SIM00655,affluent,68,9875.317239571928,False
SIM00656,young_professional,29,4629.369664204046,False
SIM00657,young_professional,30,2922.3933140792597,True
SIM00658,student,22,1665.152932585303,False
SIM00659,young_professional,29,2445.015819784319,False
SIM00660,family,53,8066.810256441812,True
SIM00661,affluent,50,14630.921763042363,True
SIM00662,student,23,1414.9804506673097,False
SIM00663,student,20,1410.4804649289133,False
SIM00664,affluent,45,9362.785574998219,True
SIM00665,young_professional,27,3620.313871128403,False
SIM00666,affluent,57,12350.166145428879,False
SIM00667,family,41,4599.550128062346,False
SIM00668,young_professional,27,4398.814127907106,True
SIM00669,student,20,1270.1272156536218,False
SIM00670,family,48,7112.468204608645,False
SIM00671,student,19,1289.1403677730318,False
SIM00672,student,24,1618.556375692882,False
SIM00673,family,42,6821.735221110059,True
SIM00674,affluent,59,8555.397739691867,False
SIM00675,family,31,5380.1671000789165,True
SIM00676,affluent,37,15656.263142047723,True
SIM00677,young_professional,26,2374.581528869688,False
SIM00678,family,46,4935.490554511744,False
SIM00679,family,41,8421.18552386273,True
SIM00680,affluent,68,10532.345195460744,False
SIM00681,family,32,6495.357814494107,True
SIM00682,young_professional,33,3153.817547609169,False
SIM00683,affluent,36,14804.838618900083,False
SIM00684,family,34,3788.301407769632,True
SIM00685,student,20,1044.0799826806149,False
SIM00686,student,24,1434.8030798402503,True
SIM00687,family,34,5162.179770052665,True
SIM00688,family,36,6963.560070129498,False
SIM00689,family,43,7068.128511144068,True
SIM00690,family,47,6211.3620008773605,False
SIM00691,family,38,6780.144792584549,False
SIM00692,affluent,67,17046.97365046473,False
SIM00693,student,22,913.1166647252721,False
SIM00694,affluent,50,10469.232940416823,True
SIM00695,young_professional,29,2292.4141953212134,False
SIM00696,student,21,941.9272096026012,True
SIM00697,young_professional,35,3843.0830784678546,True
SIM00698,student,20,1008.8620321091915,True
SIM00699,young_professional,25,2613.349405766294,True
SIM00700,student,24,1402.2435129078606,False
SIM00701,young_professional,34,3043.0639059860446,False
SIM00702,young_professional,30,4333.565083328015,False
SIM00703,affluent,37,15721.987652057864,True
SIM00704,young_professional,34,3270.790582311996,True
SIM00705,affluent,46,11835.334053224078,False
SIM00706,young_professional,36,3918.374204200374,False
SIM00707,student,19,1486.829806333128,False
SIM00708,affluent,38,15325.986164060585,False
SIM00709,family,31,8368.407531542483,False
SIM00710,family,54,8372.624089299912,False
SIM00711,affluent,46,16563.90368618978,True
SIM00712,family,46,5729.2226407362905,False
SIM00713,family,44,8265.140730308296,False
SIM00714,young_professional,32,4417.4048129867615,True
SIM00715,student,22,1496.2043819613714,False
SIM00716,student,22,1701.4459189364627,False
SIM00717,affluent,65,14673.780668908612,True
SIM00718,student,24,1594.4226509503403,False
SIM00719,young_professional,34,3060.486029216699,False
SIM00720,young_professional,36,4054.274968301961,True
SIM00721,affluent,59,12853.044205247657,True
SIM00722,affluent,50,11296.06805539381,True
SIM00723,affluent,65,13589.025957460217,False
SIM00724,student,20,961.2230303151198,False
SIM00725,affluent,61,9644.769200402521,False
SIM00726,family,51,8116.921925365229,False
SIM00727,family,37,4294.352401528572,False
SIM00728,affluent,51,12651.172940871782,False
SIM00729,young_professional,26,2340.802487790523,False
SIM00730,family,53,3515.2868435952482,True
SIM00731,student,24,1304.926637379157,False
SIM00732,family,43,6838.2499691573,False
SIM00733,young_professional,34,4086.12123911003,True
SIM00734,young_professional,33,2823.4333293166924,False
SIM00735,student,25,1683.6726771906142,True
SIM00736,young_professional,25,2550.47896803996,True
SIM00737,young_professional,28,2710.4572039923387,True
SIM00738,young_professional,25,3068.812884934716,True
SIM00739,family,34,8348.717717672342,True
SIM00740,young_professional,26,3797.7109255999885,False
SIM00741,young_professional,29,2914.111728761498,True
SIM00742,student,24,1095.066741061245,False
SIM00743,student,24,1349.6620092540497,False
SIM00744,affluent,38,17462.375636395594,True
SIM00745,family,30,5095.347857356882,True
SIM00746,family,48,7037.646831224471,False
SIM00747,student,23,1010.3822223160481,False
SIM00748,family,47,5895.548110792125,True
SIM00749,affluent,59,13459.097048290918,True
SIM00750,affluent,68,11375.463333223019,False
SIM00751,affluent,35,7555.466098845657,False
SIM00752,young_professional,25,3761.5425349861475,False
SIM00753,family,30,4259.6656081704505,False
SIM00754,affluent,54,8694.989329006003,False
SIM00755,affluent,51,16944.436760873672,False
SIM00756,young_professional,27,2232.588809528629,True
SIM00757,young_professional,35,3483.1424443680417,False
SIM00758,affluent,58,13388.576708826518,False
SIM00759,family,36,5808.255707558397,True
SIM00760,affluent,44,16488.630545177613,True
SIM00761,affluent,38,11237.091940111448,True
SIM00762,family,44,7338.09422468162,True
SIM00763,student,20,1000.7568896979768,False
SIM00764,student,23,1650.0387339505528,False
SIM00765,family,38,4345.960467867518,True
SIM00766,affluent,41,12967.015622956073,False
SIM00767,family,50,5517.461576423288,True
SIM00768,affluent,49,11197.732698932961,False
SIM00769,student,21,1034.169218437792,False
SIM00770,student,24,1538.878639996047,False
SIM00771,family,54,6388.271308733279,False
SIM00772,student,21,999.7312140290537,False
SIM00773,affluent,63,14679.797631290012,True
SIM00774,affluent,52,7704.146279866665,False
SIM00775,affluent,44,12325.679870072214,True
SIM00776,family,51,7490.699605846699,False
SIM00777,affluent,66,13192.105318817497,False
SIM00778,family,48,5208.928232191347,True
SIM00779,affluent,60,11113.870955201664,True
SIM00780,student,19,1112.0700762143529,False
SIM00781,young_professional,35,2728.508667904337,False
SIM00782,family,46,6874.587128576754,False
SIM00783,student,18,1695.029355895545,False
SIM00784,student,20,1127.606913621346,False
SIM00785,affluent,45,10557.441538468951,False
SIM00786,young_professional,30,3467.3836363249548,True
SIM00787,affluent,43,10180.228981613263,False
SIM00788,family,47,5296.760937673579,False
SIM00789,young_professional,25,4470.430580547018,False
SIM00790,family,53,6856.046012786747,True
SIM00791,student,20,1637.8810385330348,False
SIM00792,young_professional,35,4155.661835109853,False
SIM00793,affluent,58,17545.910768049922,False
SIM00794,family,33,4301.290340676934,True
SIM00795,student,18,1265.6462174377714,True
SIM00796,student,21,1666.6024363792585,True
SIM00797,young_professional,30,3632.3491008353826,False
SIM00798,family,39,4851.409960109456,False
SIM00799,family,34,3580.84196384344,False
SIM00800,young_professional,28,3499.2516252405276,True
SIM00801,family,34,4125.05791807082,False
SIM00802,young_professional,30,3121.715424789234,False
SIM00803,young_professional,28,3881.0139342973757,False
SIM00804,affluent,64,11326.225608251869,True
SIM00805,student,18,1710.022627393419,True
SIM00806,affluent,55,14081.502517267723,True
SIM00807,young_professional,34,2510.6784260800723,True
SIM00808,affluent,44,10275.650862864282,False
SIM00809,family,32,7362.079365465078,True
SIM00810,young_professional,25,2520.5749771169876,False
SIM00811,family,32,7240.539023080332,True
SIM00812,student,24,1786.83331661028,False
SIM00813,family,32,4421.146704818164,False
SIM00814,affluent,53,16235.699279946815,True
SIM00815,student,23,987.7587271124457,False
SIM00816,affluent,61,7646.273269207289,True
SIM00817,affluent,41,11639.44411800678,False
SIM00818,student,23,910.9056567505329,False
SIM00819,family,48,4253.7465076392255,False
SIM00820,student,23,1682.8757272420683,False
SIM00821,young_professional,26,4364.044720435917,False
SIM00822,student,18,1427.8688714968077,True
SIM00823,young_professional,37,4491.486903617753,False
SIM00824,young_professional,32,3909.1762558269966,True
SIM00825,affluent,64,10839.624107216034,False
SIM00826,family,47,7065.114770062634,True
SIM00827,affluent,59,12221.353070968007,True
SIM00828,young_professional,28,2897.168752776558,False
SIM00829,young_professional,31,4094.684352655768,False
SIM00830,affluent,58,11284.659333541893,False
SIM00831,family,32,4651.503608053287,False
SIM00832,student,23,1464.076303147233,False
SIM00833,young_professional,36,2352.9274509815477,True
SIM00834,young_professional,28,2649.5217828117297,True
SIM00835,student,24,1459.8539012409826,True
SIM00836,young_professional,28,4680.214713596631,False
SIM00837,young_professional,34,4822.240785892874,False
SIM00838,affluent,43,16701.91408296471,False
SIM00839,student,19,1283.3306790427876,True
SIM00840,affluent,53,14097.199946869203,True
SIM00841,family,49,3802.1887955148327,False
SIM00842,student,25,1209.0092703671744,False
SIM00843,young_professional,25,4951.279317059377,False
SIM00844,affluent,49,10998.542657197842,True
SIM00845,young_professional,33,2756.3711586403897,True
SIM00846,student,24,1291.8599111066176,True
SIM00847,family,38,4879.011926502948,False
SIM00848,student,18,1765.5843723302642,True
SIM00849,student,24,1601.537551377497,False
SIM00850,student,18,1575.890612629373,False
SIM00851,family,30,5805.761235708197,False
SIM00852,affluent,55,12080.389555487707,False
SIM00853,young_professional,30,4393.055066929855,False
SIM00854,family,50,8418.063721596855,True
SIM00855,young_professional,33,4974.3906046839975,False
SIM00856,young_professional,35,3168.575730164617,True
SIM00857,student,20,1510.846305288577,True
SIM00858,young_professional,37,4458.106611684711,False
SIM00859,family,50,5499.227866664369,False
SIM00860,affluent,53,11235.373387467978,True
SIM00861,family,43,5233.203977332009,True
SIM00862,affluent,39,11635.409118532893,True
SIM00863,student,21,1215.1967062923043,False
SIM00864,affluent,41,16986.4784682016,True
SIM00865,young_professional,34,3278.3696144528303,False
SIM00866,young_professional,34,3789.714400883288,False
SIM00867,family,45,4188.803031118419,False
SIM00868,affluent,51,8142.637452800609,False
SIM00869,affluent,55,13698.8310047385,True
SIM00870,affluent,46,12427.981729623047,True
SIM00871,affluent,50,17057.965811291688,False
SIM00872,student,20,1367.7452343437903,True
SIM00873,family,47,7789.463004267663,False
SIM00874,family,33,4538.300934207054,True
SIM00875,student,24,1331.2264053911122,False
SIM00876,young_professional,27,4176.592144426698,False
SIM00877,affluent,66,7912.6766654206085,False
SIM00878,young_professional,28,4967.418110009574,False
SIM00879,affluent,45,10577.405263838646,False
SIM00880,family,49,3644.0978703741207,False
SIM00881,young_professional,31,4335.156764965924,True
SIM00882,student,25,931.3605159487914,False
SIM00883,student,21,1128.6605797754196,False
SIM00884,student,18,1294.1933460991413,True
SIM00885,family,32,8472.538792395088,False
SIM00886,family,37,3808.2102489127965,False
SIM00887,family,33,6990.641025547787,False
SIM00888,young_professional,28,2349.7196249184417,False
SIM00889,family,45,5778.020311355913,False
SIM00890,affluent,54,11871.913383594932,True
SIM00891,student,24,1012.4945734696162,True
SIM00892,student,20,1144.671068596581,False
SIM00893,student,25,1537.3587024921537,True
SIM00894,affluent,38,12904.339617886497,True
SIM00895,student,22,1725.1250826421974,False
SIM00896,family,42,7916.034155388809,False
SIM00897,affluent,42,12645.055380169662,False
SIM00898,young_professional,34,4303.168013478888,False
SIM00899,young_professional,29,2670.0167243056044,False
SIM00900,affluent,62,9355.274118401376,False
SIM00901,student,22,1795.9709771569726,True
SIM00902,young_professional,25,2377.6817227497518,True
SIM00903,affluent,48,9943.847320387576,False
SIM00904,family,54,4109.552649093359,False
SIM00905,young_professional,31,4602.585222164348,False
SIM00906,family,31,6002.7945784784215,False
SIM00907,family,51,3509.428093883455,False
SIM00908,affluent,42,14746.105595133802,True
SIM00909,family,51,5050.645491492026,True
SIM00910,young_professional,35,2909.0722974470464,False
SIM00911,family,49,6399.038296964424,False
SIM00912,family,37,3634.1080407794957,False
SIM00913,family,42,7580.415666032835,True
SIM00914,young_professional,35,4420.911595923791,True
SIM00915,young_professional,36,4929.321728325239,True
SIM00916,family,54,6234.410249707885,False
SIM00917,family,35,5851.8109531416285,False
SIM00918,young_professional,32,4162.514105459877,False
SIM00919,family,30,4783.562398138523,True
SIM00920,affluent,42,8943.915939462308,False
SIM00921,affluent,51,13031.016808151262,True
SIM00922,family,46,6588.049002246171,False
SIM00923,affluent,57,9370.609445615186,True
SIM00924,affluent,55,12223.263340034062,False
SIM00925,family,30,7820.992684054042,False
SIM00926,young_professional,36,2537.474448570292,True
SIM00927,student,25,1692.8097865881764,True
SIM00928,affluent,41,13001.47765873699,True
SIM00929,affluent,64,17587.162831531597,False
SIM00930,family,43,7817.576335722422,False
SIM00931,young_professional,26,3450.176036116973,True
SIM00932,young_professional,30,3737.9529568709268,False
SIM00933,affluent,47,7233.128890384893,False
SIM00934,affluent,47,14553.683940131104,True
SIM00935,student,23,1257.6531088192417,False
SIM00936,affluent,49,13552.56618437458,False
SIM00937,young_professional,34,3126.836098964688,False
SIM00938,family,33,7052.124171140355,True
SIM00939,student,22,1049.3646163752737,True
SIM00940,student,20,1589.6906602798813,False
SIM00941,student,25,1012.4212910242944,True
SIM00942,family,40,7231.5933750381055,False
SIM00943,affluent,49,15460.594986333905,True
SIM00944,family,37,5909.044925253216,True
SIM00945,family,47,4970.548913244252,False
SIM00946,student,23,1568.6877764723424,True
SIM00947,young_professional,37,4853.945078716746,False
SIM00948,student,19,1581.3933279221696,True
SIM00949,affluent,66,14750.183926395832,False
SIM00950,affluent,63,15289.898982313465,True
SIM00951,student,20,1425.3533399181647,True
SIM00952,family,37,4052.598244980857,False
SIM00953,affluent,59,7559.71519718168,True
SIM00954,affluent,69,14168.576493438566,False
SIM00955,young_professional,28,3848.0304498495275,True
SIM00956,family,50,8157.555763070138,False
SIM00957,young_professional,29,4098.426311343066,False
SIM00958,young_professional,32,4385.049460946165,True
SIM00959,young_professional,25,4371.760290865082,False
SIM00960,young_professional,26,3537.2992450879833,True
SIM00961,affluent,61,7299.086757776328,True
SIM00962,student,24,1668.2748992562358,True
SIM00963,young_professional,33,3815.5278653214755,True
SIM00964,student,18,1214.138537029119,False
SIM00965,family,38,4139.385829682943,False
SIM00966,young_professional,36,4315.713781036768,False
SIM00967,young_professional,25,4858.14673168465,False
SIM00968,young_professional,32,4702.1646608867595,False
SIM00969,family,32,3590.387354644851,False
SIM00970,family,38,5634.759146851951,True
SIM00971,student,19,1393.5217650402894,True
SIM00972,student,18,1637.442509623098,True
SIM00973,young_professional,29,3831.561587016121,False
SIM00974,young_professional,36,2423.5145670827587,False
SIM00975,family,46,8096.687160427001,False
SIM00976,family,45,6827.890181251895,False
SIM00977,student,23,1135.33200837211,False
SIM00978,affluent,68,13084.428242004768,False
SIM00979,family,47,4673.138472430755,False
SIM00980,affluent,40,11820.433469705447,True
SIM00981,student,20,1781.4339855969508,True
SIM00982,student,21,1452.3975982574214,True
SIM00983,young_professional,26,3244.989014418527,False
SIM00984,affluent,53,13072.741221184142,False
SIM00985,family,46,7780.163385221442,False
SIM00986,young_professional,29,2753.3173200786723,False
SIM00987,young_professional,33,2454.191537859297,True
SIM00988,young_professional,31,3664.3667120508603,True
SIM00989,family,33,6156.12465062419,True
SIM00990,young_professional,36,2714.7240665667123,False
SIM00991,young_professional,27,3243.5665787353337,False
SIM00992,family,50,4035.3854824080495,False
SIM00993,family,38,7498.073041878113,False
SIM00994,student,25,1136.8217146758152,False
SIM00995,affluent,38,17634.90860207122,False
SIM00996,student,20,1647.6201784345817,True
SIM00997,student,20,1607.1350343018514,True
SIM00998,young_professional,31,3973.9901940657287,True
SIM00999,family,30,4151.516977485429,True
SIM01000,family,53,4809.565034537949,False
SIM01001,family,35,5088.338287639445,False
SIM01002,student,20,1605.9355784372892,True
SIM01003,affluent,49,12449.193947693266,False
SIM01004,young_professional,36,4907.728000005354,True
SIM01005,student,18,1043.5134976437325,True
SIM01006,affluent,56,12722.204038726564,True
SIM01007,affluent,69,15233.791590982644,False
SIM01008,young_professional,33,2926.7047319824806,False
SIM01009,family,54,4613.640674535407,True
SIM01010,young_professional,33,3847.167559231146,True
SIM01011,affluent,58,10183.627852073769,False
SIM01012,student,18,1417.3239968116643,False
SIM01013,family,48,8387.63113408554,True
SIM01014,family,38,7041.949259547395,False
SIM01015,student,19,1664.4216782228539,False
SIM01016,family,46,5973.4269853848855,False
SIM01017,family,31,4265.7571803734145,False
SIM01018,student,21,1212.4586663519328,False
SIM01019,affluent,38,15414.025306445634,True
SIM01020,young_professional,26,4934.465265395366,False
SIM01021,young_professional,35,4813.063203793262,False
SIM01022,student,24,1341.9457563472013,False
SIM01023,young_professional,26,2573.614484734291,True
SIM01024,affluent,59,12668.727098859395,False
SIM01025,family,43,7656.535871857135,True
SIM01026,student,21,1674.8653727228618,False
SIM01027,young_professional,37,3362.8650552832223,False
SIM01028,affluent,50,11437.4136952986,False
SIM01029,student,21,1097.9345852980816,False
SIM01030,young_professional,27,2344.1655669194934,False
SIM01031,student,20,1737.695911457266,False
SIM01032,young_professional,27,4029.915266579531,False
SIM01033,student,21,1370.2193618533888,False
SIM01034,student,21,1437.6058817705382,False
SIM01035,student,19,967.3326791314336,False
SIM01036,student,19,1344.9212803531166,False
SIM01037,student,22,927.285716816476,True
SIM01038,young_professional,33,3908.6540588909156,False
SIM01039,affluent,56,10956.268162055567,False
SIM01040,student,24,1490.8541654508892,True
SIM01041,student,24,1587.4407498986413,False
SIM01042,student,23,1684.9517386932375,True
SIM01043,affluent,59,9499.880712261454,True
SIM01044,affluent,47,12263.870284152626,False
SIM01045,student,25,1417.9975179857984,False
SIM01046,family,44,6614.9571862708735,False
SIM01047,affluent,53,12471.44543620474,False
SIM01048,young_professional,31,4602.794233597182,True
SIM01049,student,25,1459.5333632536788,False
SIM01050,family,36,4839.880995269269,True
SIM01051,family,48,6181.919005293744,False
SIM01052,young_professional,37,4867.011429649047,False
SIM01053,affluent,60,10858.408901659985,True
SIM01054,family,45,6335.709121999459,False
SIM01055,affluent,53,14044.57898380307,True
SIM01056,young_professional,30,4424.2954555144515,True
SIM01057,family,54,5969.4578841555685,True
SIM01058,student,18,1308.8631443101694,False
SIM01059,affluent,49,12904.095375882947,False
SIM01060,young_professional,36,2416.132570688836,True
SIM01061,affluent,59,11971.820420047748,False
SIM01062,family,54,6403.075418673517,True
SIM01063,family,53,3679.706869951825,False
SIM01064,family,45,8116.88182197602,False
SIM01065,young_professional,30,3744.899626578368,False
SIM01066,young_professional,25,2286.7840272213266,True
SIM01067,young_professional,26,4227.4647777611135,False
SIM01068,affluent,69,16298.94015927474,True
SIM01069,family,41,8034.969280670629,False
SIM01070,young_professional,31,2844.5033470961785,False
SIM01071,family,30,7594.545359922879,True
SIM01072,affluent,57,14608.538489088283,False
SIM01073,student,22,1196.9198175127985,True
SIM01074,student,24,1624.0332822198461,False
SIM01075,family,50,3772.2370581804994,False
SIM01076,family,41,5880.443507507605,False
SIM01077,student,19,1005.309215291344,False
SIM01078,young_professional,29,3841.4235031556486,False
SIM01079,family,30,8418.111500675373,False
SIM01080,affluent,39,17384.78279889346,False
SIM01081,young_professional,35,3448.028968284828,False
SIM01082,family,37,3753.635254017697,False
SIM01083,family,35,5062.891050026242,False
SIM01084,student,23,1458.9586282160822,True
SIM01085,student,18,1329.8883787479133,True
SIM01086,family,51,6713.990284369013,False
SIM01087,family,38,4791.5784407801575,False
SIM01088,family,36,3609.0536707315187,False
SIM01089,young_professional,31,2604.91693577719,False
SIM01090,family,54,7666.647462835946,False
SIM01091,young_professional,27,3243.550544576463,False
SIM01092,student,18,1099.2525186735868,True
SIM01093,family,30,4211.669380660392,False
SIM01094,family,53,7615.97300561833,False
SIM01095,student,23,1024.9180801342009,True
SIM01096,family,33,6181.106079243802,False
SIM01097,student,25,901.8074889252366,True
SIM01098,student,22,1449.7140140428933,True
SIM01099,young_professional,25,3583.1343578120677,True
SIM01100,family,53,7458.329418362611,True
SIM01101,young_professional,26,2954.2637301618643,False
SIM01102,family,37,6622.898071249407,True
SIM01103,family,44,7811.5252682050495,False
SIM01104,family,37,5033.743812668375,True
SIM01105,young_professional,28,2639.9738429986614,False
SIM01106,young_professional,33,2582.0486202155785,False
SIM01107,family,51,5712.669503615452,False
SIM01108,young_professional,31,3441.328372569095,False
SIM01109,young_professional,27,3998.898812028544,False
SIM01110,family,32,7820.131908291535,False
SIM01111,family,39,7900.398037304164,False
SIM01112,young_professional,30,3784.2107708442154,True
SIM01113,student,20,1105.438997161697,False
SIM01114,young_professional,35,2975.7364070936565,False
SIM01115,affluent,68,11073.064583444353,False
SIM01116,young_professional,33,2835.804128530285,False
SIM01117,family,32,5805.463505524778,True
SIM01118,student,24,1276.2458686154698,False
SIM01119,student,22,1443.4695406622434,True
SIM01120,family,53,6291.231936728881,True
SIM01121,family,35,6869.706273964648,False
SIM01122,affluent,56,12068.506706718106,True
SIM01123,young_professional,33,3527.262746925084,True
SIM01124,family,50,5711.641469862369,True
SIM01125,family,34,7126.717335537832,True
SIM01126,young_professional,29,3356.221427784981,True
SIM01127,young_professional,35,3132.788732150229,False
SIM01128,student,21,1213.9402896044398,False
SIM01129,affluent,65,12852.294549040385,False
SIM01130,affluent,42,9313.774258100513,False
SIM01131,family,38,5919.6837929774765,False
SIM01132,family,48,4079.672750348852,False
SIM01133,young_professional,36,4378.502847212361,False
SIM01134,family,49,5734.1675494177225,True
SIM01135,family,45,6813.650428146822,False
SIM01136,student,22,1260.1904285547641,True
SIM01137,family,47,5191.96457300788,False
SIM01138,student,25,1133.014821298143,False
SIM01139,affluent,66,17017.499544224494,True
SIM01140,affluent,43,16038.541995275229,False
SIM01141,student,18,1695.3285004389686,False
SIM01142,family,37,8196.510866631912,False
SIM01143,affluent,41,13188.029732095414,False
SIM01144,affluent,50,7160.131297428447,True
SIM01145,family,34,8107.598265699019,False
SIM01146,student,21,1655.8255437276648,False
SIM01147,family,43,8040.495409241115,False
SIM01148,young_professional,37,3805.0793834276556,True
SIM01149,affluent,47,17956.478610509363,False
SIM01150,student,20,1478.618169294216,False
SIM01151,young_professional,37,2911.668726335028,False
SIM01152,young_professional,36,2724.282705126172,True
SIM01153,student,25,1740.998416450703,False
SIM01154,student,21,1560.0645602158543,False
SIM01155,affluent,35,14567.06340380361,False
SIM01156,student,25,926.6248843518234,True
SIM01157,student,23,1611.0007072296205,True
SIM01158,student,22,930.4394555029139,True
SIM01159,student,19,1576.382716781874,False
SIM01160,affluent,39,10189.339151241844,False
SIM01161,young_professional,27,2218.8774061633035,False
SIM01162,affluent,55,12338.372713764544,True
SIM01163,student,23,1476.1553782833719,False
SIM01164,student,21,1238.4089263245621,True
SIM01165,family,52,6014.001018209218,False
SIM01166,young_professional,33,4313.636948608215,False
SIM01167,affluent,53,11538.406035887136,False
SIM01168,affluent,39,9230.217395481872,True
SIM01169,student,21,1367.4633339185416,True
SIM01170,young_professional,27,2656.5915020090965,True
SIM01171,affluent,40,12081.674097790614,False
SIM01172,young_professional,37,3387.758140712968,False
SIM01173,affluent,48,11476.542719978766,False
SIM01174,student,25,1570.119267322125,False
SIM01175,family,34,7374.326795799393,True
SIM01176,family,53,5962.197643138498,False
SIM01177,young_professional,31,4156.013138971226,False
SIM01178,young_professional,25,3937.372146800728,False
SIM01179,affluent,56,7659.625840712074,True
SIM01180,student,25,1523.272566824819,False
SIM01181,affluent,42,16974.023782239383,False
SIM01182,affluent,60,7622.9990746644535,False
SIM01183,young_professional,25,4312.450541451831,False
SIM01184,affluent,69,17414.516161093943,False
SIM01185,affluent,48,9131.877255727291,True
SIM01186,young_professional,29,2235.836243572551,False
SIM01187,affluent,51,17981.22003636534,False
SIM01188,family,50,8286.862112828945,True
SIM01189,young_professional,29,4674.12894641805,False
SIM01190,student,23,1254.5905792049014,True
SIM01191,young_professional,34,2245.5908079048977,False
SIM01192,young_professional,34,4300.826270921751,False
SIM01193,affluent,44,14773.849736205662,True
SIM01194,student,25,1701.8189289210416,True
SIM01195,family,53,8437.098560691582,False
SIM01196,affluent,42,8255.337053808811,True
SIM01197,student,20,1452.2118314800891,False
SIM01198,student,22,1542.6688388687114,False
SIM01199,student,24,1179.9780835134263,False
SIM01200,affluent,44,13611.880577967653,True
SIM01201,affluent,49,14258.442718912343,True
SIM01202,affluent,36,11147.878833369374,True
SIM01203,student,21,951.6636417966573,True
SIM01204,student,23,1779.631956319366,True
SIM01205,young_professional,35,3144.623461911398,False
SIM01206,affluent,63,16396.955367140636,False
SIM01207,young_professional,36,3604.611063418337,True
SIM01208,family,38,8251.924051183367,False
SIM01209,affluent,40,10601.144034641939,True
SIM01210,affluent,49,14099.834127031885,True
SIM01211,student,24,1485.8772440057603,True
SIM01212,family,44,5844.345811073385,False
SIM01213,young_professional,27,3536.8969006790644,False
SIM01214,student,19,1333.3248724688572,False
SIM01215,family,41,4240.619017479604,False
SIM01216,young_professional,37,3693.6140048605635,True
SIM01217,young_professional,30,2754.5661621858208,True
SIM01218,student,24,1440.5678340323163,False
SIM01219,affluent,59,8843.480619022146,True
SIM01220,affluent,63,11398.419209422986,False
SIM01221,family,43,6582.953589367724,False
SIM01222,affluent,38,9660.99993744221,False
SIM01223,family,52,7393.725583203859,False
SIM01224,affluent,61,8283.469373032407,False
SIM01225,student,18,1075.4381698059442,True
SIM01226,affluent,54,9974.11032637944,False
SIM01227,student,23,1548.773897818873,True
SIM01228,student,25,1696.243779861321,False
SIM01229,family,40,5125.536919732314,False
SIM01230,affluent,58,12357.188981960162,False
SIM01231,affluent,67,17806.72990406199,True
SIM01232,family,54,5982.35631303577,False
SIM01233,affluent,39,15862.728880835359,False
SIM01234,family,54,4595.309386354368,True
SIM01235,family,51,6245.1752028135725,False
SIM01236,affluent,44,12218.512235406082,False
SIM01237,student,20,1356.6665880710516,False
SIM01238,young_professional,27,4739.044726096372,True
SIM01239,student,25,1090.5422600705067,False
SIM01240,family,47,5108.776746080163,False
SIM01241,family,47,5790.9653313508,False
SIM01242,affluent,62,17317.91138082334,False
SIM01243,affluent,59,14943.36500057109,False
SIM01244,young_professional,27,4110.5602557097245,True
SIM01245,young_professional,25,2910.726748563718,True
SIM01246,family,32,3576.329613588534,True
SIM01247,family,38,3832.8564417796624,True
SIM01248,young_professional,35,4646.70167831881,False
SIM01249,affluent,52,8160.38799543394,True
SIM01250,affluent,66,15760.951215132538,False
SIM01251,family,41,6115.328507582188,True
SIM01252,student,24,919.4045414956446,False
SIM01253,young_professional,33,2245.0484300295147,True
SIM01254,affluent,37,9699.154783488453,False
SIM01255,affluent,58,14192.931922381369,False
SIM01256,family,34,4572.5793146238575,False
SIM01257,family,49,5811.125307420241,False
SIM01258,family,45,8462.593267559805,False
SIM01259,family,32,6947.769617446938,True
SIM01260,affluent,69,7620.88432679709,False
SIM01261,student,22,1095.3468382226079,False
SIM01262,family,37,3743.458339262699,True
SIM01263,student,23,1257.5864714351446,True
SIM01264,young_professional,28,3615.8193469383577,False
SIM01265,affluent,41,12059.429781555238,True
SIM01266,student,22,1406.9930675765052,True
SIM01267,affluent,48,14884.705129953645,False
SIM01268,young_professional,37,2972.0552887270596,False
SIM01269,affluent,67,15794.126722391107,False
SIM01270,student,20,955.7366766212095,True
SIM01271,young_professional,36,3999.0003927443254,True
SIM01272,student,24,1244.1149144743647,True
SIM01273,affluent,66,7794.488125947106,True
SIM01274,affluent,66,17695.454129729133,False
SIM01275,affluent,56,9644.400532557613,False
SIM01276,young_professional,32,3571.24529272474,False
SIM01277,affluent,57,16439.733385539905,False
SIM01278,affluent,37,13913.494191504002,False
SIM01279,young_professional,29,3005.3192179927933,False
SIM01280,young_professional,36,4594.743927284632,False
SIM01281,young_professional,36,4477.339912164062,False
SIM01282,affluent,55,14122.31325913227,False
SIM01283,student,24,1546.517315561239,False
SIM01284,family,36,7951.039208765884,False
SIM01285,affluent,49,14698.260309025301,False
SIM01286,affluent,48,16474.204940721538,True
SIM01287,affluent,39,7104.75941516718,True
SIM01288,family,37,4376.109977971176,True
SIM01289,family,52,6355.320773446921,False
SIM01290,student,24,1386.3371172707941,False
SIM01291,young_professional,37,2566.1140271815707,False
SIM01292,young_professional,32,4791.636151799035,False
SIM01293,family,30,6238.5508446704125,True
SIM01294,young_professional,29,2415.1291546450498,False
SIM01295,student,18,1463.5328695953913,True
SIM01296,young_professional,37,2432.444092021063,False
SIM01297,student,20,1321.2112842319186,False
SIM01298,student,20,985.644740275055,False
SIM01299,family,30,6979.501896307814,True
SIM01300,young_professional,36,2502.900723842052,True
SIM01301,young_professional,34,4028.7432916500825,False
SIM01302,affluent,59,7536.817887038302,False
SIM01303,family,41,7068.924068644167,True
SIM01304,student,24,952.2556244184633,True
SIM01305,student,21,1736.1908002415742,False
SIM01306,student,25,1308.0731871213125,False
SIM01307,affluent,46,15511.60580061477,False
SIM01308,young_professional,28,2793.7953487498803,True
SIM01309,affluent,67,15798.343196494912,False
SIM01310,young_professional,30,2521.6475569142644,False
SIM01311,young_professional,32,4195.801147273839,False
SIM01312,affluent,44,7680.702222778483,True
SIM01313,young_professional,34,4994.836527026702,False
SIM01314,young_professional,27,3545.633528969457,True
SIM01315,student,22,1204.8291537107996,False
SIM01316,young_professional,31,2994.4158000006555,False
SIM01317,affluent,66,12866.750923753032,True
SIM01318,family,52,3858.163362187857,False
SIM01319,student,24,1097.5182740188395,False
SIM01320,young_professional,28,2522.4614832832845,False
SIM01321,family,50,5821.456269323269,True
SIM01322,student,25,1784.0792908144913,False
SIM01323,affluent,49,17890.550915427528,True
SIM01324,young_professional,33,3950.0538910551913,False
SIM01325,family,51,6366.5281219954895,True
SIM01326,affluent,57,17863.396956332443,False
SIM01327,affluent,47,10939.012810311327,True
SIM01328,affluent,56,12335.028885703552,False
SIM01329,student,22,1731.4842388980946,False
SIM01330,affluent,39,14638.33176006054,False
SIM01331,student,22,1598.4915563681652,False
SIM01332,family,34,6232.685984684437,False
SIM01333,affluent,38,16035.086710717982,False
SIM01334,young_professional,26,4766.266250588456,True
SIM01335,family,34,8425.1691570116,False
SIM01336,young_professional,36,2655.630524943173,False
SIM01337,student,20,1136.331551559248,True
SIM01338,affluent,44,13034.538609905769,False
SIM01339,family,54,4428.484572494485,True
SIM01340,family,49,4503.379059406687,False
SIM01341,affluent,47,17281.838023440243,False
SIM01342,affluent,54,14938.916835111206,False
SIM01343,affluent,40,10403.486830907377,True
SIM01344,young_professional,36,2220.7999600851754,False
SIM01345,family,42,6873.116678105274,True
SIM01346,affluent,58,9874.755589026356,False
SIM01347,family,31,4803.675444718433,False
SIM01348,affluent,61,14736.240514655166,True
SIM01349,student,20,1414.7720869630884,False
SIM01350,family,42,5596.564573380695,True
SIM01351,student,23,1155.2944192392818,False
SIM01352,family,32,8332.551208042683,False
SIM01353,young_professional,30,3581.962186900903,True
SIM01354,family,43,6727.337375705325,False
SIM01355,affluent,58,11484.36920758645,False
SIM01356,young_professional,28,3988.4520997455897,False
SIM01357,student,24,944.3337666011529,True
SIM01358,young_professional,26,2442.5225681881443,True
SIM01359,family,51,8459.141562386187,False
SIM01360,student,23,1303.1284957011999,True
SIM01361,family,48,5222.548571353849,False
SIM01362,affluent,55,15080.761960201484,False
SIM01363,family,35,6962.896417683046,True
SIM01364,affluent,50,16767.098250238814,False
SIM01365,young_professional,29,3030.103549416205,False
SIM01366,student,18,1050.4152717745853,True
SIM01367,family,48,5374.987086470031,False
SIM01368,family,50,5917.280246711927,False
SIM01369,young_professional,27,3635.921863502547,False
SIM01370,student,22,1724.5196362844897,False
SIM01371,student,21,1561.0269526800876,False
SIM01372,family,47,7028.628893924148,True
SIM01373,student,22,1417.7454316825026,False
SIM01374,young_professional,37,2805.719574756363,False
SIM01375,affluent,63,17429.57435692383,True
SIM01376,young_professional,34,3086.808427242123,False
SIM01377,affluent,45,11981.232386423713,True
SIM01378,affluent,54,16216.803786781198,True
SIM01379,family,43,5487.9224619117285,False
SIM01380,family,53,6184.239934767219,False
SIM01381,family,30,6087.18399371191,False
SIM01382,family,44,3829.409243271719,False
SIM01383,affluent,57,16567.36157461892,False
SIM01384,student,20,1478.0352987455299,True
SIM01385,young_professional,34,4712.438103890619,True
SIM01386,young_professional,33,3490.7534290600333,False
SIM01387,young_professional,25,3659.745774794064,True
SIM01388,family,43,5320.830546909083,False
SIM01389,affluent,55,16139.209418907974,False
SIM01390,affluent,37,9036.162955098396,False
SIM01391,student,22,1425.8609194392984,False
SIM01392,family,43,3910.1526241937386,True
SIM01393,family,51,7998.694964307994,False
SIM01394,young_professional,27,3159.206135247661,False
SIM01395,affluent,36,14247.117232359675,True
SIM01396,affluent,52,14607.473698733733,False
SIM01397,student,25,1787.7946989647157,True
SIM01398,family,35,6185.17161343798,False
SIM01399,family,31,4910.286831852974,False
SIM01400,family,52,3993.962604911979,False
SIM01401,affluent,67,15811.646561766685,False
SIM01402,affluent,58,11696.73719136146,False
SIM01403,young_professional,33,4796.906634455725,True
SIM01404,young_professional,25,2222.2605595617206,False
SIM01405,student,24,1045.5472058156718,False
SIM01406,affluent,67,10492.343312269852,False
SIM01407,young_professional,35,4741.030961233348,True
SIM01408,young_professional,29,2884.9695659585477,False
SIM01409,student,22,1526.7861550313476,True
SIM01410,affluent,56,13825.73677054411,True
SIM01411,affluent,43,15349.383753751186,False
SIM01412,young_professional,30,2554.4662200793105,True
SIM01413,student,18,1379.4661754431027,False
SIM01414,family,47,6701.106444123195,False
SIM01415,young_professional,33,3077.378204104836,True
SIM01416,young_professional,35,4261.895261119324,False
SIM01417,young_professional,30,3925.9615622008637,False
SIM01418,student,20,1770.3847915873541,False
SIM01419,young_professional,35,2264.608472944161,False
SIM01420,young_professional,37,3260.3350000127475,True
SIM01421,affluent,50,14769.142669784474,True
SIM01422,young_professional,27,2316.836525204361,False
SIM01423,family,31,6105.261109132357,False
SIM01424,young_professional,27,2474.008346235277,False
SIM01425,student,20,1787.2764940700445,True
SIM01426,family,45,8461.553327825843,False
SIM01427,young_professional,25,2725.4296810706373,True
SIM01428,affluent,49,13045.82446689314,True
SIM01429,student,18,1425.2711904391208,False
SIM01430,student,20,1554.1493209916823,False
SIM01431,student,19,984.2482709248375,True
SIM01432,family,36,4499.759588861145,True
SIM01433,affluent,40,17470.689822782046,True
SIM01434,student,22,1456.8462251876692,True
SIM01435,young_professional,28,4618.07734936043,False
SIM01436,student,20,1197.979507282534,True
SIM01437,student,23,1178.807505735053,False
SIM01438,student,21,1431.1446590817618,False
SIM01439,affluent,58,14178.496647568654,False
SIM01440,family,49,7351.0574576363015,True
SIM01441,family,48,7581.189064791536,False
SIM01442,student,21,1621.7729814490983,False
SIM01443,young_professional,33,4744.279454174252,True
SIM01444,family,53,5450.745546490538,True
SIM01445,affluent,64,14206.451870174611,False
SIM01446,affluent,41,7276.067898658724,False
SIM01447,young_professional,36,3901.4873036843346,False
SIM01448,young_professional,28,4167.5995859924515,False
SIM01449,family,50,7564.127031503515,True
SIM01450,young_professional,34,4982.444083876205,False
SIM01451,family,36,8412.17381025724,True
SIM01452,affluent,57,14362.54733882583,True
SIM01453,family,33,3566.604246011121,False
SIM01454,student,19,961.4657830423124,True
SIM01455,young_professional,34,4718.836885673908,False
SIM01456,young_professional,26,3436.901517957804,False
SIM01457,young_professional,36,3378.104207828229,True
SIM01458,student,23,1478.6348443509396,False
SIM01459,affluent,47,11314.764077760976,False
SIM01460,affluent,45,10237.980481966184,True
SIM01461,young_professional,31,4020.341446509059,True
SIM01462,family,32,4762.801904403058,False
SIM01463,young_professional,33,4105.004808642428,False
SIM01464,family,43,8175.615660127092,True
SIM01465,student,22,1265.540540123776,False
SIM01466,student,18,1257.7620989358627,False
SIM01467,family,32,6810.9105984956705,False
SIM01468,young_professional,37,4119.869902282478,True
SIM01469,family,39,4453.520812747269,False
SIM01470,family,53,8381.292333387872,False
SIM01471,family,42,6129.716325403331,False
SIM01472,student,23,1431.1949686787111,False
SIM01473,young_professional,28,3983.6447927324957,False
SIM01474,affluent,42,7077.057256639224,False
SIM01475,family,36,5581.703779547259,False
SIM01476,student,22,1277.2919971462886,True
SIM01477,young_professional,34,3899.3032076564687,True
SIM01478,affluent,69,8750.361644355444,False
SIM01479,family,51,6153.204982330628,False
SIM01480,student,20,1397.7364690492457,False
SIM01481,family,40,7279.444869447668,False
SIM01482,affluent,47,15439.970172872469,False
SIM01483,student,21,1495.854773629482,False
SIM01484,young_professional,28,4300.070062072167,False
SIM01485,family,39,6310.856301688341,False
SIM01486,family,41,5033.179247366368,False
SIM01487,affluent,41,15162.270690609512,False
SIM01488,family,51,7911.291266187979,False
SIM01489,student,19,1582.4514618912056,False
SIM01490,student,21,1251.1845996495574,False
SIM01491,family,43,7705.898941895503,True
SIM01492,affluent,36,11236.510741089893,True
SIM01493,affluent,46,7534.639717896073,True
SIM01494,young_professional,34,2478.846839666017,False
SIM01495,family,52,5241.317862220917,False
SIM01496,student,18,1299.4487567061856,True
SIM01497,young_professional,27,4046.938388802141,False
SIM01498,young_professional,29,4863.489032578955,False
SIM01499,student,20,1342.925825639044,False
SIM01500,family,54,4931.197485468001,False
SIM01501,young_professional,33,4032.947608686353,False
SIM01502,young_professional,33,3911.960084616916,False
SIM01503,family,48,4656.487219233948,False
SIM01504,affluent,68,14730.014654366621,False
SIM01505,student,23,1464.3899928526798,True
SIM01506,family,40,8071.00696774799,False
SIM01507,student,23,1725.5852972297046,True
SIM01508,family,30,6022.927910160387,False
SIM01509,affluent,50,12220.23121754969,False
SIM01510,affluent,65,9741.27960041232,False
SIM01511,student,19,1227.8857385538352,False
SIM01512,young_professional,35,4108.787046161203,True
SIM01513,affluent,62,11081.072871537886,False
SIM01514,affluent,65,12250.23699473974,True
SIM01515,young_professional,34,4143.1397525502425,False
SIM01516,affluent,49,7222.412958763244,False
SIM01517,young_professional,27,4432.832909253214,True
SIM01518,family,33,5317.666230867327,True
SIM01519,affluent,57,17195.497701678556,True
SIM01520,affluent,46,7580.253640139945,False
SIM01521,affluent,47,11927.316129555138,False
SIM01522,family,33,6472.045226231757,False
SIM01523,young_professional,28,4211.715518276526,True
SIM01524,young_professional,25,2376.5510678310648,False
SIM01525,young_professional,27,3778.2867054533303,True
SIM01526,family,52,7291.583764560293,True
SIM01527,affluent,48,7275.987538233518,True
SIM01528,young_professional,29,4167.870570391921,True
SIM01529,family,50,7773.2133423687,True
SIM01530,student,22,1437.3739061770866,False
SIM01531,student,24,1330.7693713560186,False
SIM01532,affluent,59,12385.270906058147,True
SIM01533,student,18,1437.6168768721209,False
SIM01534,affluent,40,12662.307879758206,False
SIM01535,young_professional,36,3042.8304152246983,False
SIM01536,affluent,42,8604.58934829401,False
SIM01537,young_professional,27,3446.777229967049,True
SIM01538,young_professional,32,2379.5787007325553,False
SIM01539,student,18,1136.6668014470279,False
SIM01540,family,40,5819.640451940275,False
SIM01541,family,53,6260.247660559062,True
SIM01542,young_professional,33,4050.4268506989506,False
SIM01543,family,36,7713.459498950471,True
SIM01544,family,47,8367.313089453823,False
SIM01545,affluent,61,11067.522575641642,False
SIM01546,student,19,1137.1386908940597,True
SIM01547,student,22,996.5773466578399,False
SIM01548,affluent,52,11017.556941142087,False
SIM01549,young_professional,28,4757.167224802276,False
SIM01550,young_professional,32,4725.310575656857,False
SIM01551,affluent,68,15209.694079522555,False
SIM01552,affluent,42,14526.004708897904,False
SIM01553,family,39,5101.778891035373,False
SIM01554,student,18,1290.260149758517,True
SIM01555,young_professional,37,2253.866183780277,True
SIM01556,affluent,44,15769.462416121482,False
SIM01557,family,34,4622.783430702539,False
SIM01558,student,22,1772.1613435341897,False
SIM01559,affluent,36,11730.85535988329,False
SIM01560,family,42,5819.229901421058,False
SIM01561,student,23,1238.2286610419542,False
SIM01562,affluent,35,17454.483349853614,False
SIM01563,student,19,1506.2414711505187,True
SIM01564,family,50,7479.853588959325,False
SIM01565,affluent,47,13642.160509901481,True
SIM01566,affluent,56,16359.15645821663,True
SIM01567,affluent,63,16532.68446048243,False
SIM01568,young_professional,34,4852.232464852966,False
SIM01569,family,37,4750.08226989534,False
SIM01570,young_professional,29,2777.8874976684083,False
SIM01571,family,54,4066.748040148416,False
SIM01572,family,50,8254.01407803194,False
SIM01573,young_professional,34,2937.387710298556,True
SIM01574,family,31,6444.680808718563,False
SIM01575,student,19,1336.2229071682775,False
SIM01576,affluent,61,10840.706334537339,False
SIM01577,student,25,1107.7562438011935,False
SIM01578,family,42,5378.354583598707,True
SIM01579,affluent,67,10566.552632001145,False
SIM01580,young_professional,34,4789.718575738622,False
SIM01581,family,35,7908.577499768101,False
SIM01582,young_professional,30,4826.578609671711,False
SIM01583,young_professional,36,3339.94450310009,False
SIM01584,family,44,6654.591235944165,True
SIM01585,affluent,51,11040.925637267768,False
SIM01586,affluent,58,15962.84490156273,True
SIM01587,family,41,6474.855450037394,True
SIM01588,family,44,8114.288325567998,False
SIM01589,young_professional,30,4489.090719459237,False
SIM01590,family,34,6155.434083729484,False
SIM01591,affluent,37,7793.390455888596,False
SIM01592,student,23,1279.3650728453913,False
SIM01593,student,25,1412.8934749840823,True
SIM01594,student,20,1178.5490372296995,False
SIM01595,young_professional,36,2896.188989589989,False
SIM01596,young_professional,35,4610.707305663992,False
SIM01597,family,48,6996.739044279714,False
SIM01598,young_professional,35,2230.362203336608,False
SIM01599,family,49,5964.952646547375,True
SIM01600,student,19,1364.8228475323936,False
SIM01601,young_professional,29,2376.2776944925413,False
SIM01602,young_professional,32,3536.004432651304,True
SIM01603,young_professional,32,2734.22686554756,True
SIM01604,family,38,6686.9964908511865,False
SIM01605,family,34,6315.866485104523,False
SIM01606,young_professional,28,3086.7401895351927,False
SIM01607,affluent,39,10581.413879892425,False
SIM01608,young_professional,33,3693.085804066835,False
SIM01609,young_professional,27,4565.083267860218,True
SIM01610,student,25,1467.1826092509689,True
SIM01611,family,51,5483.946107371532,False
SIM01612,young_professional,37,2625.4732454432587,False
SIM01613,family,36,4698.459774740414,True
SIM01614,student,18,1668.7413417322266,False
SIM01615,family,46,4884.511784432471,False
SIM01616,student,25,1137.3731447603848,False
SIM01617,family,53,3588.871324206326,True
SIM01618,student,25,926.9125670502259,False
SIM01619,affluent,42,12609.963067205605,False
SIM01620,student,25,1275.5975476303065,False
SIM01621,family,50,7769.367062180709,True
SIM01622,family,34,4039.8199248868223,False
SIM01623,affluent,43,14239.794585720878,True
SIM01624,affluent,51,16464.81338404021,False
SIM01625,young_professional,29,4007.9342182459,True
SIM01626,student,22,1049.680015218646,True
SIM01627,young_professional,30,4362.334800109437,True
SIM01628,student,18,1274.2923389211626,False
SIM01629,student,25,1006.9399224541887,False
SIM01630,affluent,53,14034.659117760666,False
SIM01631,student,22,949.1692109554402,True
SIM01632,student,23,1453.764294237661,False
SIM01633,affluent,62,10581.752783061183,True
SIM01634,affluent,39,10007.861177675259,True
SIM01635,young_professional,37,4165.346116088942,True
SIM01636,young_professional,30,3720.4767701715323,True
SIM01637,family,48,5619.83949530279,True
SIM01638,young_professional,36,4666.219133107727,True
SIM01639,affluent,62,9268.770928313857,True
SIM01640,family,33,6825.87991333423,False
SIM01641,affluent,50,7390.933321475433,True
SIM01642,young_professional,29,4753.050590639687,False
SIM01643,family,31,6484.264685023447,False
SIM01644,young_professional,28,3406.778661100473,True
SIM01645,family,54,3681.404703711455,False
SIM01646,affluent,40,14008.857467911297,True
SIM01647,student,19,1380.6804914885247,False
SIM01648,family,42,7990.159333327244,False
SIM01649,young_professional,25,3034.755977016686,False
SIM01650,young_professional,26,2624.075660016357,True
SIM01651,young_professional,36,2833.878038539892,False
SIM01652,student,25,1266.910505113549,False
SIM01653,affluent,44,8242.547689408915,True
SIM01654,affluent,66,9528.052563624762,False
SIM01655,family,32,6467.044350854136,True
SIM01656,young_professional,27,4203.219521211642,True
SIM01657,young_professional,32,4942.883285498398,False
SIM01658,young_professional,34,4412.730748608216,False
SIM01659,student,21,1485.0618720947543,True
SIM01660,student,20,1343.8481057976417,False
SIM01661,family,52,4518.063837330631,True
SIM01662,young_professional,37,2637.435656124484,False
SIM01663,family,35,4136.004590050235,True
SIM01664,affluent,54,11368.048476821568,False
SIM01665,affluent,52,12284.094452996642,False
SIM01666,student,25,1077.810022287236,True
SIM01667,affluent,61,8720.993614091174,False
SIM01668,student,22,1573.6230154517432,False
SIM01669,affluent,52,10174.076448642867,True
SIM01670,student,25,1115.2875497750686,False
SIM01671,family,33,8384.486604055324,True
SIM01672,young_professional,26,4846.242895799087,False
SIM01673,student,24,1070.395399658852,False
SIM01674,student,25,1288.6646563134464,False
SIM01675,young_professional,26,2755.453662775948,False
SIM01676,young_professional,35,3316.539798626748,True
SIM01677,affluent,63,11910.690516967234,False
SIM01678,family,52,8415.599035994788,False
SIM01679,affluent,45,11865.39046753869,False
SIM01680,young_professional,36,2806.6942123161457,False
SIM01681,affluent,60,13012.308660414006,False
SIM01682,young_professional,33,2499.8964601931816,False
SIM01683,student,21,1224.108581287681,True
SIM01684,affluent,36,7923.218625976791,False
SIM01685,young_professional,27,2740.2883754029226,False
SIM01686,family,33,8169.709159326675,False
SIM01687,student,22,1418.532198241859,False
SIM01688,student,19,1441.717813254168,True
SIM01689,young_professional,37,4958.417692148657,True
SIM01690,affluent,59,13095.452939028131,False
SIM01691,student,21,1337.3987488086905,False
SIM01692,student,25,1423.7931379207353,False
SIM01693,family,44,5671.900362392888,False
SIM01694,family,52,4113.339191792773,True
SIM01695,student,19,931.9845077304523,False
SIM01696,student,25,1246.882436602707,True
SIM01697,affluent,59,13713.95092855274,False
SIM01698,family,51,7424.29910852866,True
SIM01699,student,23,1620.7274696126149,False
SIM01700,student,21,1042.5401931851409,False
SIM01701,student,22,1236.411095251677,False
SIM01702,family,36,3564.2971513487655,False
SIM01703,student,25,1296.2532913344198,False
SIM01704,young_professional,27,4866.706657855814,False
SIM01705,affluent,63,15472.65679075059,True
SIM01706,young_professional,36,3591.844768456391,True
SIM01707,student,21,1649.9435201071633,True
SIM01708,young_professional,28,2237.0688313198634,True
SIM01709,family,40,6272.50280356669,False
SIM01710,student,21,1760.1143487482566,True
SIM01711,student,18,1616.4804772950856,False
SIM01712,young_professional,31,3640.570952394769,False
SIM01713,young_professional,25,4025.297330614434,True
SIM01714,young_professional,31,4363.57283920863,False
SIM01715,family,37,3890.3663195895683,False
SIM01716,affluent,63,13880.808949808747,False
SIM01717,student,25,1414.1812357311517,False
SIM01718,affluent,47,7996.695046273371,True
SIM01719,student,21,1367.3346343760359,False
SIM01720,affluent,37,11773.623433105617,False
SIM01721,student,24,1331.1556061041138,False
SIM01722,young_professional,31,3240.3040903957067,False
SIM01723,affluent,47,12580.736123725987,True
SIM01724,young_professional,29,2427.2607580649237,False
SIM01725,student,20,1546.626303556804,False
SIM01726,young_professional,34,3207.9965979927,True
SIM01727,affluent,57,11085.891037179728,False
SIM01728,young_professional,27,2944.958407801369,True
SIM01729,student,20,1144.039468751263,False
SIM01730,family,31,4007.1306450204893,False
SIM01731,family,52,7632.490900436712,False
SIM01732,student,20,1160.441368470362,False
SIM01733,young_professional,28,3550.3552036968536,False
SIM01734,affluent,51,9213.707599336278,False
SIM01735,student,22,1721.1256243376092,False
SIM01736,young_professional,35,3269.8835339144625,False
SIM01737,student,23,1100.582893828309,False
SIM01738,affluent,68,9062.49957291656,True
SIM01739,young_professional,35,4815.834231660017,True
SIM01740,student,20,1614.8951123355857,False
SIM01741,student,21,1190.6025391518995,False
SIM01742,student,21,1086.9089034294582,True
SIM01743,affluent,60,17584.035269995962,False
SIM01744,young_professional,30,3749.350149536454,False
SIM01745,student,22,1068.1195153653077,False
SIM01746,young_professional,32,3184.867132014519,False
SIM01747,affluent,61,14983.03968744332,False
SIM01748,family,46,5092.576333195225,True
SIM01749,family,53,7812.328879420069,True
SIM01750,student,24,1199.0167279034308,False
SIM01751,affluent,36,11960.922747467086,False
SIM01752,family,33,6091.884653236553,False
SIM01753,family,45,5791.204314088003,True
SIM01754,student,23,1749.6033596571963,True
SIM01755,student,25,1190.5319356075863,False
SIM01756,student,20,1312.0821455288647,False
SIM01757,family,48,7714.687706570107,True
SIM01758,student,25,908.2879522760188,True
SIM01759,young_professional,33,4902.281534169615,False
SIM01760,student,23,1430.4853389191298,False
SIM01761,young_professional,35,4634.683322226272,True
SIM01762,family,30,5620.05742400332,False
SIM01763,young_professional,35,2918.578908984077,True
SIM01764,young_professional,26,3764.974907251048,True
SIM01765,affluent,37,15640.116961919233,True
SIM01766,family,30,5760.273882973753,True
SIM01767,affluent,55,11631.609043794258,True
SIM01768,young_professional,34,4603.422502904026,True
SIM01769,family,48,3598.2539607323324,False
SIM01770,family,30,8183.851677863377,False
SIM01771,family,43,4777.968438065781,False
SIM01772,affluent,59,15811.561699877582,False
SIM01773,family,53,8226.439421664976,False
SIM01774,young_professional,30,2588.4482261841126,True
SIM01775,affluent,51,15087.643192592472,True
SIM01776,family,47,7544.508231600375,True
SIM01777,young_professional,28,2761.2860898211156,False
SIM01778,young_professional,36,3348.330183478696,True
SIM01779,family,41,3620.8462228086178,False
SIM01780,student,19,1355.1788609196067,False
SIM01781,affluent,39,10213.447907135363,True
SIM01782,family,34,5333.3535841336425,False
SIM01783,affluent,39,10278.6322921835,True
SIM01784,family,54,6025.0593325896925,False
SIM01785,student,19,1125.1984549076258,False
SIM01786,family,30,6354.5036261596215,True
SIM01787,student,21,1697.3872281847923,True
SIM01788,affluent,40,12719.342024477557,False
SIM01789,family,48,5422.264946377713,True
SIM01790,young_professional,37,3373.7176157742792,True
SIM01791,affluent,46,9060.143355214766,True
SIM01792,student,18,1148.0474947379341,False
SIM01793,affluent,66,14708.207384158626,False
SIM01794,family,33,8350.60442149554,False
SIM01795,affluent,52,10266.013201075179,False
SIM01796,affluent,68,12451.246972397945,True
SIM01797,affluent,58,14717.496519472814,False
SIM01798,affluent,41,12629.51880893401,False
SIM01799,family,54,3675.7549849478364,False
SIM01800,young_professional,29,2737.4063625390377,False
SIM01801,affluent,56,11179.79132665904,False
SIM01802,affluent,62,12407.240910886918,True
SIM01803,family,41,5948.072827672128,True
SIM01804,student,19,1501.5905731785217,False
SIM01805,affluent,50,16532.342985339135,True
SIM01806,student,25,1691.2317153974261,False
SIM01807,young_professional,32,4002.041064598289,False
SIM01808,affluent,65,7698.672510743228,False
SIM01809,student,19,1102.2597604829039,False
SIM01810,student,19,1221.060032540304,False
SIM01811,family,48,5506.207837441389,False
SIM01812,affluent,65,8595.603024282282,False
SIM01813,student,23,1752.181396615698,False
SIM01814,student,25,1438.3699106752736,True
SIM01815,young_professional,28,3147.1561148967257,True
SIM01816,student,23,1549.722825715144,True
SIM01817,affluent,53,12828.075291429786,False
SIM01818,family,31,5851.368719429009,True
SIM01819,affluent,48,13988.088239823006,True
SIM01820,affluent,64,13879.611129526123,False
SIM01821,family,44,3680.517950775611,False
SIM01822,young_professional,29,3716.5345884343346,False
SIM01823,affluent,65,15745.025070888641,False
SIM01824,young_professional,37,3483.8660819779625,False
SIM01825,family,44,7162.286034296498,True
SIM01826,student,18,1621.88846887543,False
SIM01827,student,25,1192.9684010064875,False
SIM01828,affluent,40,15315.75413707057,False
SIM01829,young_professional,33,4502.812078430435,False
SIM01830,affluent,47,15961.175269726607,False
SIM01831,student,19,1351.1141833777301,False
SIM01832,young_professional,31,3793.4920327383247,False
SIM01833,student,24,1473.7012610569677,False
SIM01834,family,54,6744.857705119595,False
SIM01835,affluent,66,12471.513535923463,False
SIM01836,family,39,4522.225433975268,True
SIM01837,student,23,1369.0536695627343,True
SIM01838,family,42,4056.8121742144926,False
SIM01839,affluent,67,14981.426630066806,True
SIM01840,young_professional,26,3629.6989524040528,False
SIM01841,young_professional,36,4864.005692591362,False
SIM01842,family,50,7214.599005787483,True
SIM01843,student,18,1790.941167030919,False
SIM01844,affluent,55,13946.293633341673,False
SIM01845,family,33,5096.992513397427,False
SIM01846,young_professional,36,3162.2257495990243,False
SIM01847,student,21,1755.098340050771,True
SIM01848,affluent,43,13777.05378957369,False
SIM01849,family,46,7622.3773785208505,False
SIM01850,family,54,6831.476264577947,False
SIM01851,affluent,58,10621.005428627053,False
SIM01852,affluent,42,13029.707779592078,False
SIM01853,family,49,4788.2622210419895,False
SIM01854,family,36,3528.393975328266,True
SIM01855,student,25,1383.891211316964,False
SIM01856,student,18,1101.3442684601196,False
SIM01857,affluent,45,13965.505975485145,False
SIM01858,student,20,1444.640495625721,False
SIM01859,student,19,1725.5581971203612,False
SIM01860,family,32,7873.134269615517,True
SIM01861,young_professional,36,2408.238496502188,True
SIM01862,young_professional,33,4960.972697667995,False
SIM01863,family,32,6827.736052566425,True
SIM01864,affluent,52,14939.510376782939,False
SIM01865,student,24,1421.8914011464599,False
SIM01866,family,52,7545.791538237645,True
SIM01867,family,37,4854.980711359312,False
SIM01868,young_professional,37,4963.747251705138,False
SIM01869,young_professional,32,4646.985333371709,False
SIM01870,young_professional,33,4076.986618008351,True
SIM01871,affluent,57,9641.788655453967,False
SIM01872,student,24,1310.2956740031575,False
SIM01873,family,30,8266.945447414699,False
SIM01874,student,22,1661.4012419337394,False
SIM01875,student,18,1637.1438535255559,False
SIM01876,affluent,68,10231.176239401477,False
SIM01877,young_professional,25,2448.8344014076383,True
SIM01878,young_professional,37,2739.960276473287,False
SIM01879,affluent,67,10736.457145889808,True
SIM01880,affluent,58,7593.202467539677,False
SIM01881,student,21,1219.1021101719416,False
SIM01882,student,23,1510.4093886798544,False
SIM01883,student,18,1436.5319585784828,False
SIM01884,student,23,1003.6994861594799,False
SIM01885,young_professional,25,3267.4561765506696,False
SIM01886,student,23,1363.3076038204422,True
SIM01887,young_professional,28,2591.1118985612125,False
SIM01888,affluent,66,17987.510428676986,False
SIM01889,affluent,40,7628.347637607993,False
SIM01890,young_professional,33,2280.1230506734632,True
SIM01891,student,21,1562.6680737644815,True
SIM01892,affluent,45,8836.12381409607,False
SIM01893,affluent,49,14117.541244359183,False
SIM01894,affluent,64,10556.908671716952,True
SIM01895,affluent,40,10378.109389482599,False
SIM01896,affluent,45,16875.205872269362,True
SIM01897,family,33,5383.961957787005,True
SIM01898,family,52,7622.418925187686,False
SIM01899,student,18,1291.0184276757996,True
SIM01900,affluent,45,16599.04800410409,False
SIM01901,young_professional,34,2216.5079836780005,True
SIM01902,affluent,56,7654.184549359939,False
SIM01903,family,38,4804.054098960656,True
SIM01904,young_professional,34,4652.712759598948,True
SIM01905,family,44,5922.304922254863,True
SIM01906,family,49,3538.0657878859934,False
SIM01907,young_professional,34,2489.6444550578317,False
SIM01908,affluent,49,12457.4480339351,False
SIM01909,affluent,58,9180.453002573706,True
SIM01910,student,20,1263.7333020096528,True
SIM01911,family,32,7674.147584038094,False
SIM01912,young_professional,34,3160.7606927077254,True
SIM01913,young_professional,29,3296.363135573175,True
SIM01914,young_professional,35,3893.2315749402446,False
SIM01915,family,33,4767.689143182955,False
SIM01916,young_professional,32,3749.6679313554264,True
SIM01917,family,47,6618.3702915723825,False
SIM01918,student,23,1465.799570783195,False
SIM01919,family,42,4245.9621494638095,False
SIM01920,student,21,1601.8952921923053,False
SIM01921,affluent,42,7773.10766548967,False
SIM01922,family,45,6694.93092997972,True
SIM01923,student,22,941.0865504495206,True
SIM01924,family,44,4269.269721597796,True
SIM01925,affluent,44,17787.835386958865,False
SIM01926,affluent,56,13789.99426110727,True
SIM01927,young_professional,26,2334.0247524710453,False
SIM01928,student,20,1358.5081631284984,True
SIM01929,young_professional,27,2597.5651505687497,True
SIM01930,affluent,64,7486.3541728509745,False
SIM01931,young_professional,37,3480.000683264034,False
SIM01932,family,32,7605.347779570629,True
SIM01933,family,33,4070.72743936469,True
SIM01934,affluent,60,12404.972025487918,False
SIM01935,student,18,1146.5026664687414,False
SIM01936,affluent,36,11828.865512206246,True
SIM01937,affluent,61,10238.992063878022,False
SIM01938,family,33,3901.5816532597855,True
SIM01939,young_professional,30,3617.856147813277,True
SIM01940,young_professional,31,3190.1461268789703,False
SIM01941,young_professional,31,3639.2949672991977,True
SIM01942,family,40,4306.581721308092,False
SIM01943,affluent,59,14017.743043260425,True
SIM01944,affluent,38,16818.54784136445,False
SIM01945,affluent,51,13666.27264993995,True
SIM01946,young_professional,28,2720.32198464016,True
SIM01947,affluent,53,15690.208595692397,False
SIM01948,family,51,5986.587783726037,True
SIM01949,student,22,1296.1106101790504,False
SIM01950,affluent,52,11952.608228826999,False
SIM01951,young_professional,26,3027.4904842559854,True
SIM01952,student,18,1633.0752759373722,False
SIM01953,affluent,52,17066.532094797705,False
SIM01954,young_professional,25,3802.95924020928,True
SIM01955,young_professional,35,2988.6795258537436,True
SIM01956,affluent,56,15460.421840578969,True
SIM01957,student,24,1796.8967124002454,False
SIM01958,student,18,1382.848998575178,False
SIM01959,family,47,4563.342884791649,False
SIM01960,student,24,1069.8130904114275,False
SIM01961,student,24,1192.500349699961,False
SIM01962,young_professional,33,2423.9181087405805,False
SIM01963,family,36,5029.740870380001,False
SIM01964,family,46,6633.398494140941,False
SIM01965,student,23,1483.3107006960165,False
SIM01966,student,24,1707.7692706345229,False
SIM01967,student,23,923.9894212671767,True
SIM01968,family,34,4070.756111718869,False
SIM01969,student,24,1167.9050334540623,False
SIM01970,young_professional,35,3734.77390620321,False
SIM01971,affluent,43,12748.195446456983,True
SIM01972,student,22,1013.7387939196888,True
SIM01973,family,40,6768.780948352996,False
SIM01974,young_professional,31,3191.9989251518605,False
SIM01975,family,52,4279.277150132556,False
SIM01976,young_professional,34,3430.3697885202487,False
SIM01977,affluent,41,9563.677632323206,True
SIM01978,family,37,5720.304510230029,False
SIM01979,family,43,4277.92539444194,False
SIM01980,young_professional,36,3851.8844338104254,False
SIM01981,family,50,3933.2302261174805,False
SIM01982,young_professional,36,4681.383064543761,False
SIM01983,affluent,62,14356.587637757839,False
SIM01984,student,22,1641.605537463999,True
SIM01985,young_professional,33,3236.9595614875425,False
SIM01986,student,22,1504.8677408211045,True
SIM01987,family,50,5081.761198818383,False
SIM01988,young_professional,32,3934.0211157350636,False
SIM01989,family,46,3789.769329614899,True
SIM01990,student,24,1406.5612155044057,True
SIM01991,student,24,1323.0390076291,True
SIM01992,affluent,51,8548.548422523667,False
SIM01993,student,25,930.4289417431756,False
SIM01994,family,42,5253.212916930788,False
SIM01995,family,52,6045.016861952425,True
SIM01996,young_professional,29,3836.382620872646,False
SIM01997,affluent,64,7224.421332165917,False
SIM01998,young_professional,29,2430.6266136221498,False
SIM01999,student,25,1624.7830006054503,False
SIM02000,affluent,44,13273.789744747695,True
SIM02001,affluent,50,15802.967386441442,False
SIM02002,family,52,8462.30629955392,False
SIM02003,young_professional,32,2779.752750825993,True
SIM02004,student,23,1293.882024548438,False
SIM02005,family,34,8104.1544342871175,True
SIM02006,student,24,1141.7451743235747,True
SIM02007,young_professional,33,2721.16961131742,False
SIM02008,affluent,69,8808.801156493255,True
SIM02009,young_professional,32,2306.806116646224,True
SIM02010,family,31,4985.635382329027,False
SIM02011,affluent,42,15500.320799528174,True
SIM02012,family,38,5743.5459842471555,False
SIM02013,student,18,1449.5373222411702,False
SIM02014,family,35,4911.958216245027,False
SIM02015,young_professional,27,3877.2486354953808,True
SIM02016,affluent,60,9986.95084817767,False
SIM02017,affluent,58,13579.643258228256,False
SIM02018,family,33,8013.922838633181,True
SIM02019,family,46,7715.183443999101,False
SIM02020,young_professional,35,4093.1471116329017,True
SIM02021,affluent,60,8462.086861700765,False
SIM02022,family,36,6107.029290750019,True
SIM02023,family,52,6704.97560736037,False
SIM02024,student,22,1262.3064133490861,True
SIM02025,young_professional,32,4296.5861669810765,True
SIM02026,family,51,6030.284315520518,False
SIM02027,family,42,7870.266443802569,False
SIM02028,affluent,37,8780.40467362054,False
SIM02029,affluent,51,17026.044644177662,False
SIM02030,young_professional,34,4347.868588056588,False
SIM02031,student,22,1211.6804502614425,False
SIM02032,affluent,45,11687.153580530918,False
SIM02033,family,51,5899.448209934531,False
SIM02034,student,24,1034.8186008633884,False
SIM02035,affluent,45,14140.504733525475,False
SIM02036,affluent,66,16849.575758488394,False
SIM02037,family,45,6131.108838479248,False
SIM02038,student,24,1177.9989358628402,True
SIM02039,young_professional,34,2892.6769970675973,False
SIM02040,student,24,1712.4517865107562,False
SIM02041,family,35,5695.442457910786,False
SIM02042,family,52,4972.772770973411,False
SIM02043,student,23,909.5839293784719,False
SIM02044,student,24,1654.1030134067357,False
SIM02045,student,23,1592.7577889108575,False
SIM02046,student,24,1321.5679334946585,False
SIM02047,young_professional,33,2269.15358187903,False
SIM02048,young_professional,30,2223.470776070101,True
SIM02049,family,46,7044.496754793815,True
SIM02050,family,34,5604.541014572407,True
SIM02051,family,38,7077.712655925938,False
SIM02052,family,53,6510.677105180612,False
SIM02053,affluent,54,11391.360318681023,False
SIM02054,young_professional,29,3126.593056072157,True
SIM02055,affluent,42,16530.998963899852,False
SIM02056,family,33,7929.281037836545,False
SIM02057,young_professional,35,3785.8057941503343,True
SIM02058,affluent,63,8415.594538903006,True
SIM02059,affluent,52,12402.491351458099,False
SIM02060,young_professional,30,3488.4208737403274,False
SIM02061,young_professional,32,4042.9224388790826,False
SIM02062,family,36,5446.987644370909,True
SIM02063,affluent,58,11064.754772209635,False
SIM02064,student,18,1025.6588661134467,False
SIM02065,affluent,59,15577.046727179904,True
SIM02066,affluent,50,11773.149545160444,False
SIM02067,affluent,43,14350.48743511798,True
SIM02068,affluent,44,16383.81323918822,True
SIM02069,family,54,7326.100374294806,True
SIM02070,young_professional,30,4237.776424124697,False
SIM02071,family,50,8169.255969695713,True
SIM02072,young_professional,29,2581.659593863006,True
SIM02073,family,46,5060.684489473175,False
SIM02074,affluent,55,17238.464752786447,False
SIM02075,family,41,4585.321808101505,False
SIM02076,affluent,58,16981.22929821442,True
SIM02077,affluent,49,17158.549491971866,False
SIM02078,affluent,54,15008.337257520683,False
SIM02079,student,22,1067.3928585378158,True
SIM02080,young_professional,32,3248.387114608563,False
SIM02081,affluent,62,15113.673209496777,True
SIM02082,family,44,4008.528469217803,False
SIM02083,family,51,4176.973372894021,False
SIM02084,young_professional,33,3957.5222431391157,False
SIM02085,family,49,7545.904411723674,True
SIM02086,family,34,4808.6563083359915,False
SIM02087,student,21,1660.499888873489,True
SIM02088,family,50,7798.824870541367,True
SIM02089,affluent,61,11871.11023167342,False
SIM02090,young_professional,29,4930.116829849768,False
SIM02091,affluent,50,9652.69678086839,True
SIM02092,young_professional,29,3787.72094613626,True
SIM02093,family,43,5182.349536223265,False
SIM02094,young_professional,27,2948.636906005527,False
SIM02095,affluent,67,16418.148119747264,False
SIM02096,student,19,1169.2968655404372,True
SIM02097,family,39,3651.3824762255467,True
SIM02098,student,22,1482.6375385799427,False
SIM02099,young_professional,32,4192.987050343034,True
SIM02100,young_professional,25,4388.790477017527,True
SIM02101,student,20,1358.0215189219348,False
SIM02102,student,19,1117.188254307865,False
SIM02103,family,48,3782.9843468684453,False
SIM02104,affluent,48,16522.51613669411,True
SIM02105,student,22,1734.1991690087732,False
SIM02106,young_professional,28,4065.8009774322763,True
SIM02107,young_professional,33,3598.143991322049,True
SIM02108,student,23,1111.013163539659,True
SIM02109,family,44,7179.818534541925,True
SIM02110,young_professional,33,2228.124974755555,True
SIM02111,young_professional,29,2547.5245526032772,True
SIM02112,young_professional,29,3336.673574386066,False
SIM02113,family,50,4942.760781538054,False
SIM02114,family,32,5106.754121856524,True
SIM02115,student,25,1340.919350549712,False
SIM02116,student,19,1408.7198317841428,True
SIM02117,student,25,1693.0207533854907,False
SIM02118,affluent,35,15955.130598867221,True
SIM02119,student,24,1740.9055544792898,False
SIM02120,family,50,8288.36899804895,True
SIM02121,affluent,58,7855.627488208236,True
SIM02122,student,22,1488.8745166495783,False
SIM02123,affluent,50,7150.222779405587,True
SIM02124,student,22,1298.7447245374085,False
SIM02125,young_professional,29,2795.339997071474,False
SIM02126,young_professional,34,4094.6499101227964,False
SIM02127,family,48,8385.094317381388,True
SIM02128,family,39,5064.528975954259,True
SIM02129,young_professional,34,3051.3108919826977,False
SIM02130,young_professional,35,2702.8017394741014,False
SIM02131,family,46,5830.156076970027,False
SIM02132,family,49,7870.065363319516,False
SIM02133,student,19,1407.3068069419555,True
SIM02134,student,23,1246.5796912276098,True
SIM02135,student,21,1507.3038417950656,False
SIM02136,student,19,1637.905702102863,False
SIM02137,student,24,1221.64790268584,False
SIM02138,affluent,46,16981.94414684631,False
SIM02139,student,19,1415.592472123562,True
SIM02140,family,33,4511.146655139689,False
SIM02141,student,19,1147.9657275022666,False
SIM02142,student,22,968.3390731130894,False
SIM02143,young_professional,26,4412.494338404733,False
SIM02144,family,49,6800.651793631388,False
SIM02145,young_professional,34,2835.492405766037,True
SIM02146,student,22,1160.8301858680923,True
SIM02147,student,18,1215.7108327322612,True
SIM02148,young_professional,36,3771.569652499281,False
SIM02149,affluent,48,17546.925153189248,True
SIM02150,affluent,69,8989.664227334917,True
SIM02151,affluent,61,17018.534368281857,True
SIM02152,student,19,1103.6180791019985,False
SIM02153,student,21,1074.6975202803644,False
SIM02154,young_professional,26,3119.9931469521634,True
SIM02155,affluent,44,7927.464592126258,True
SIM02156,affluent,37,12182.34660993887,False
SIM02157,affluent,49,9057.553932396007,False
SIM02158,young_professional,25,3624.465734747637,True
SIM02159,student,21,972.007262178936,False
SIM02160,student,23,1738.3760722207508,False
SIM02161,affluent,44,14366.829929259455,False
SIM02162,family,44,6997.345465276192,False
SIM02163,student,23,912.6012815973909,True
SIM02164,young_professional,37,3672.1297079596616,False
SIM02165,family,39,7616.845983370762,True
SIM02166,family,31,7403.065505546876,False
SIM02167,affluent,58,14205.499596845397,False
SIM02168,young_professional,31,2386.44293656148,False
SIM02169,student,19,1703.733659608804,False
SIM02170,family,51,4716.656650059513,True
SIM02171,young_professional,35,3304.6194178153974,False
SIM02172,family,47,4403.6987479624995,False
SIM02173,family,42,5420.215443673764,False
SIM02174,young_professional,27,2720.053587596819,True
SIM02175,affluent,37,7680.829621576557,False
SIM02176,young_professional,27,3372.0423699110233,True
SIM02177,young_professional,37,2636.953074360821,False
SIM02178,affluent,48,11906.578635219455,True
SIM02179,affluent,48,8851.298488155951,False
SIM02180,affluent,55,10355.484665236128,False
SIM02181,affluent,49,10534.057694269779,False
SIM02182,student,22,1535.6690626998131,False
SIM02183,affluent,65,11941.10635759499,False
SIM02184,affluent,49,10481.289135710831,False
SIM02185,family,43,5160.479168439685,False
SIM02186,student,25,1199.6765508094509,True
SIM02187,affluent,59,7625.417185226282,False
SIM02188,affluent,60,7990.611617876231,True
SIM02189,young_professional,25,2565.029497620975,False
SIM02190,affluent,59,12147.474005259892,False
SIM02191,young_professional,35,2301.2915403808233,True
SIM02192,young_professional,28,4963.318676150386,False
SIM02193,young_professional,33,2360.499883842903,True
SIM02194,family,39,5657.721157509598,True
SIM02195,affluent,38,11751.848968122813,True
SIM02196,family,45,8088.113291491892,True
SIM02197,young_professional,34,4204.59408652622,True
SIM02198,student,24,1060.3509670574904,False
SIM02199,student,24,1066.271737911071,False
SIM02200,family,41,6304.725689244448,False
SIM02201,family,45,3603.2716017247644,False
SIM02202,affluent,56,8340.955562669906,True
SIM02203,affluent,38,10285.097842511592,True
SIM02204,family,34,6541.005504254893,True
SIM02205,young_professional,29,3845.6762055771,False
SIM02206,young_professional,30,2370.116200984701,True
SIM02207,student,20,916.2874152138309,True
SIM02208,young_professional,37,3873.8656927860843,False
SIM02209,young_professional,31,2425.432243904435,False
SIM02210,student,21,1781.12505789482,True
SIM02211,family,54,5564.226626773955,True
SIM02212,family,39,6988.988271457875,False
SIM02213,family,45,6713.318212172298,False
SIM02214,family,50,3930.090467488585,True
SIM02215,affluent,36,10029.840636436555,False
SIM02216,affluent,39,8172.945717482255,False
SIM02217,student,21,1090.3255771519114,False
SIM02218,student,20,1436.5804816433479,False
SIM02219,affluent,64,17964.606234888513,False
SIM02220,young_professional,34,4719.239202272509,False
SIM02221,young_professional,34,2566.7903911955623,False
SIM02222,young_professional,26,4277.710433190085,False
SIM02223,affluent,51,13842.025220400164,True
SIM02224,family,47,4983.745911924324,True
SIM02225,affluent,67,15423.230432208951,False
SIM02226,student,20,1058.4632180642443,True
SIM02227,student,24,1454.1908377722161,False
SIM02228,affluent,62,14920.909121716786,True
SIM02229,affluent,54,9054.205116974808,True
SIM02230,young_professional,34,3597.479150313792,False
SIM02231,family,42,4883.975685562894,False
SIM02232,affluent,61,9111.490709584754,False
SIM02233,student,24,1175.8494566324289,True
SIM02234,young_professional,34,3324.912441874699,True
SIM02235,student,20,1298.5921440965158,True
SIM02236,young_professional,32,3840.949037497564,False
SIM02237,young_professional,34,3492.8770639179743,True
SIM02238,young_professional,26,3619.169345804435,True
SIM02239,affluent,51,8843.229974786282,False
SIM02240,student,18,1372.4478329896301,False
SIM02241,affluent,51,17553.785221454647,False
SIM02242,family,37,5830.0610963775725,True
SIM02243,student,25,1275.7518165900717,True
SIM02244,student,18,902.8490264329372,False
SIM02245,family,35,7776.711349487684,True
SIM02246,student,20,923.2189807294835,True
SIM02247,student,25,1727.336091117052,True
SIM02248,affluent,47,9752.867944107364,False
SIM02249,student,21,1390.6182976214584,False
SIM02250,young_professional,31,4918.110510829585,True
SIM02251,family,34,6780.654215498867,False
SIM02252,affluent,64,14688.281538352156,True
SIM02253,family,52,8210.186001698725,False
SIM02254,student,20,1380.891241360564,False
SIM02255,family,52,7995.374488632829,False
SIM02256,family,39,5404.685727271906,True
SIM02257,young_professional,28,2341.435243541259,False
SIM02258,young_professional,34,2505.4935112813255,False
SIM02259,family,48,7982.78300880585,False
SIM02260,affluent,56,14530.555765741297,False
SIM02261,student,19,937.5607054032532,False
SIM02262,student,25,1424.1802757672563,True
SIM02263,student,21,1712.1713511046812,False
SIM02264,student,25,1001.4450831578044,False
SIM02265,affluent,51,17016.836044218213,True
SIM02266,student,20,1271.3443760237192,False
SIM02267,young_professional,25,2759.2497204091883,True
SIM02268,student,24,1257.1263222058788,False
SIM02269,young_professional,32,3766.625966448469,True
SIM02270,family,34,5478.495491851127,False
SIM02271,student,19,1209.2062196840084,False
SIM02272,affluent,40,16195.07664909124,False
SIM02273,family,49,4869.340171871303,False
SIM02274,family,39,5358.617209762376,False
SIM02275,family,35,4388.781630472489,False
SIM02276,family,38,5233.662407283999,True
SIM02277,affluent,49,14903.363989215908,True
SIM02278,affluent,69,7138.278041933238,False
SIM02279,student,23,1671.6714625522345,False
SIM02280,affluent,52,15941.615602261358,False
SIM02281,young_professional,25,3469.7476171404983,False
SIM02282,affluent,41,8517.345817091014,True
SIM02283,student,25,1709.3805750735805,False
SIM02284,affluent,63,15937.851638149863,True
SIM02285,young_professional,32,3684.902695426307,True
SIM02286,family,39,4150.10171409899,False
SIM02287,family,51,4493.37492194355,True
SIM02288,family,53,5117.254923701584,False
SIM02289,student,24,1752.971928166178,True
SIM02290,student,18,1008.6348741854858,False
SIM02291,student,19,1357.7015573597698,False
SIM02292,student,19,1452.1045430669258,False
SIM02293,young_professional,31,2212.0295941973395,False
SIM02294,young_professional,28,3096.001546227584,False
SIM02295,young_professional,26,3283.2041226393585,False
SIM02296,family,53,7948.58723638405,True
SIM02297,young_professional,33,4138.10702128577,False
SIM02298,affluent,55,13166.195808683457,True
SIM02299,young_professional,35,2402.241254497326,False
SIM02300,family,41,8044.999736847478,True
SIM02301,young_professional,30,3134.4788919321595,False
SIM02302,young_professional,28,4948.198240124939,True
SIM02303,affluent,62,11120.374138200239,True
SIM02304,young_professional,25,4839.620663547948,False
SIM02305,young_professional,34,2310.780737494404,False
SIM02306,young_professional,27,2543.705743753024,False
SIM02307,young_professional,34,2508.3941659681013,True
SIM02308,affluent,42,14466.184086899451,False
SIM02309,student,19,1478.5166059018584,False
SIM02310,family,34,4984.641531593531,False
SIM02311,young_professional,31,3208.200669373747,True
SIM02312,family,34,4849.348581383886,False
SIM02313,student,24,947.6089732612517,False
SIM02314,student,19,1443.1333325640169,True
SIM02315,student,20,1105.3099078454775,True
SIM02316,family,42,6652.161431351072,False
SIM02317,student,23,1216.7236037811576,True
SIM02318,family,46,6507.289650217388,True
SIM02319,affluent,63,14958.860101861255,True
SIM02320,student,18,1503.1811562714563,True
SIM02321,affluent,46,16017.985186991578,False
SIM02322,young_professional,34,4175.814262884101,False
SIM02323,affluent,51,10588.248682348647,True
SIM02324,student,23,990.3712450660819,True
SIM02325,affluent,39,17941.184833987914,False
SIM02326,student,20,1600.879715055872,True
SIM02327,student,25,1701.9222981079133,False
SIM02328,family,40,5505.786308193026,True
SIM02329,family,37,7930.363808602586,True
SIM02330,affluent,68,14546.04738536116,False
SIM02331,young_professional,26,2683.465298993172,False
SIM02332,student,18,1089.2132492725816,True
SIM02333,young_professional,31,3060.982913641235,True
SIM02334,student,19,1289.2074063372022,False
SIM02335,young_professional,25,3712.440182310833,True
SIM02336,affluent,48,16063.309378395756,False
SIM02337,affluent,41,16014.464109356386,True
SIM02338,family,30,5644.045870469949,True
SIM02339,young_professional,27,4952.149368080208,True
SIM02340,young_professional,28,4085.4595770307787,True
SIM02341,young_professional,37,3630.8952594885573,False
SIM02342,affluent,46,9204.958317504863,True
SIM02343,affluent,54,16548.56795408452,False
SIM02344,family,50,5639.436314058396,False
SIM02345,affluent,42,7201.047320669975,True
SIM02346,young_professional,28,2565.15393388087,False
SIM02347,affluent,58,9617.063598627092,True
SIM02348,young_professional,37,2988.106110335695,False
SIM02349,family,35,3656.391904565073,False
SIM02350,family,40,5755.98953053416,False
SIM02351,affluent,61,17901.90716709701,False
SIM02352,affluent,63,15197.115267811387,False
SIM02353,affluent,47,15046.875626959298,True
SIM02354,student,18,1186.7321172457082,False
SIM02355,student,22,1173.4381767999187,False
SIM02356,student,20,1089.6986188627916,False
SIM02357,student,19,1094.6624114022734,False
SIM02358,student,20,1148.841114966826,True
SIM02359,affluent,41,10509.54480309147,False
SIM02360,young_professional,27,3255.8047674879776,False
SIM02361,student,24,1004.0989111320409,True
SIM02362,student,18,1395.9147874817825,False
SIM02363,student,25,1114.107572176815,True
SIM02364,student,20,961.8802889066501,True
SIM02365,young_professional,29,2293.6423824608487,False
SIM02366,affluent,44,12180.395811424309,False
SIM02367,young_professional,36,3668.440719942896,False
SIM02368,student,22,1565.6315117222032,False
SIM02369,affluent,56,8008.238958534133,True
SIM02370,young_professional,27,3594.4639224160687,False
SIM02371,family,40,6041.893258817824,True
SIM02372,affluent,55,15619.041822796162,False
SIM02373,family,33,6134.571063180867,False
SIM02374,family,41,5482.638736312941,False
SIM02375,young_professional,28,3182.4044567641313,False
SIM02376,affluent,48,13689.732862201668,True
SIM02377,student,23,1305.1845930031784,True
SIM02378,family,50,7099.121682410594,False
SIM02379,young_professional,29,4402.168288395444,True
SIM02380,young_professional,27,3653.6061383652927,False
SIM02381,student,25,1797.0272480664191,False
SIM02382,affluent,38,17920.22763536777,True
SIM02383,family,43,6269.584503123793,True
SIM02384,affluent,56,14985.930318705985,True
SIM02385,affluent,38,8984.339556951922,True
SIM02386,family,43,4482.018764873431,False
SIM02387,affluent,66,14722.938311732802,True
SIM02388,affluent,56,13117.861182348846,False
SIM02389,family,46,3957.772064055323,False
SIM02390,young_professional,32,4605.156001916942,False
SIM02391,young_professional,34,3117.6667806269347,False
SIM02392,student,20,1340.6484747728157,False
SIM02393,young_professional,35,4522.801522851696,False
SIM02394,young_professional,26,3210.274314164188,False
SIM02395,affluent,45,8288.005255673874,False
SIM02396,young_professional,32,3712.5491999210894,False
SIM02397,student,19,992.9943495839966,False
SIM02398,family,48,3569.623186874666,False
SIM02399,student,24,1286.0990267245782,False
SIM02400,affluent,61,9371.720942084417,True
SIM02401,student,24,930.982170395535,False
SIM02402,young_professional,33,4122.381879264494,False
SIM02403,affluent,37,10130.835359317092,False
SIM02404,student,22,1228.0806892892515,False
SIM02405,family,42,6323.993006035528,False
SIM02406,family,43,4137.308667594266,False
SIM02407,student,25,1238.0645456605946,False
SIM02408,student,20,1484.0790935828934,True
SIM02409,affluent,38,16863.247279262243,False
SIM02410,family,31,7466.425740984861,True
SIM02411,young_professional,33,4652.72901305702,False
SIM02412,student,25,1566.9862950449585,True
SIM02413,affluent,42,16640.36894168342,False
SIM02414,affluent,58,12076.485967649907,True
SIM02415,family,54,8435.333672824805,True
SIM02416,family,45,5155.627344758601,True
SIM02417,family,50,6128.330240377141,False
SIM02418,student,20,1467.966565191367,False
SIM02419,young_professional,36,3356.4535990306067,True
SIM02420,family,37,8405.39179765754,False
SIM02421,family,47,4322.651830284985,True
SIM02422,family,45,3685.84220457609,True
SIM02423,young_professional,34,4573.8987390658895,False
SIM02424,student,18,1769.4707223915707,False
SIM02425,young_professional,34,2615.6221297637308,True
SIM02426,young_professional,36,4858.068873453999,True
SIM02427,affluent,41,17311.770682549788,True
SIM02428,young_professional,30,3689.9472016194595,True
SIM02429,family,40,4131.794876562578,False
SIM02430,student,22,1501.6170953373096,False
SIM02431,affluent,49,8465.821362996889,False
SIM02432,student,20,1713.3749357190359,False
SIM02433,affluent,61,15843.565168312565,False
SIM02434,family,36,5473.6887607477975,True
SIM02435,young_professional,37,3491.0049135842055,False
SIM02436,student,18,1425.85232284538,False
SIM02437,young_professional,32,2732.3920681744166,False
SIM02438,young_professional,28,2997.1711744840622,False
SIM02439,family,33,8346.732532170307,False
SIM02440,family,36,5923.222857969122,False
SIM02441,affluent,54,12660.912117566642,False
SIM02442,affluent,36,8283.227192448307,True
SIM02443,student,24,1527.5184856833707,False
SIM02444,student,22,1541.7629930030478,True
SIM02445,young_professional,27,4158.376538382398,True
SIM02446,family,44,4460.716669436581,True
SIM02447,family,47,6186.117511455419,False
SIM02448,young_professional,36,3516.4207602197703,False
SIM02449,affluent,47,11334.717855585115,False
SIM02450,affluent,48,16369.690770888394,False
SIM02451,affluent,51,17806.33423543894,False
SIM02452,family,53,7656.947214725069,False
SIM02453,young_professional,31,4311.538338310023,True
SIM02454,student,23,1754.9834427089756,False
SIM02455,student,18,1283.170197700138,True
SIM02456,affluent,67,17708.511165352316,False
SIM02457,affluent,47,12424.17261887407,False
SIM02458,family,37,6462.606461776985,False
SIM02459,young_professional,34,3893.075424550919,True
SIM02460,student,21,1158.5971036690953,False
SIM02461,family,54,6214.202792203328,False
SIM02462,young_professional,37,3415.4690306379766,False
SIM02463,student,18,1446.9136814198198,False
SIM02464,young_professional,27,4683.5141500101245,True
SIM02465,student,21,1687.2215563016696,False
SIM02466,family,48,5138.654514084004,False
SIM02467,family,47,7378.2460592389725,False
SIM02468,young_professional,27,2266.3225883172795,False
SIM02469,affluent,62,17898.50298491622,True
SIM02470,affluent,54,13977.432902470322,False
SIM02471,young_professional,28,3381.3481030431544,False
SIM02472,family,35,4113.02052726226,True
SIM02473,student,20,1435.3786889377443,True
SIM02474,family,45,7888.135428292369,False
SIM02475,student,18,1364.6017434512037,False
SIM02476,young_professional,35,4570.401131003939,True
SIM02477,family,31,4036.73509424091,False
SIM02478,affluent,68,13252.996144072436,True
SIM02479,student,18,1061.0252932549465,False
SIM02480,student,19,1057.7075940722366,True
SIM02481,family,50,6871.9586094522065,True
SIM02482,affluent,68,14298.884620134837,False
SIM02483,family,33,5236.383541365692,True
SIM02484,family,32,7581.774143645739,False
SIM02485,student,19,1556.374586135104,True
SIM02486,family,47,7823.816175372744,False
SIM02487,young_professional,27,4790.182008530677,False
SIM02488,student,24,1494.3748337905438,False
SIM02489,young_professional,28,3460.8394663264075,False
SIM02490,young_professional,37,3232.6062918581756,True
SIM02491,family,48,6657.171584380783,False
SIM02492,affluent,66,9921.879623623678,True
SIM02493,affluent,51,12369.506548203715,False
SIM02494,family,40,4798.995895426961,True
SIM02495,family,30,8021.894379925327,True
SIM02496,affluent,48,17108.18726239966,False
SIM02497,affluent,62,15808.806652239962,True
SIM02498,affluent,45,11048.816262685805,False
SIM02499,young_professional,34,2333.8864667225807,False
SIM02500,young_professional,35,4758.231761549392,False
SIM02501,student,24,978.5494216929347,False
SIM02502,affluent,55,16028.30978062844,False
SIM02503,young_professional,28,4504.184259972589,True
SIM02504,affluent,49,11361.48210559501,True
SIM02505,family,30,4072.092878406425,False
SIM02506,affluent,68,16413.126977574564,True
SIM02507,family,42,5042.977385822268,False
SIM02508,affluent,39,15925.182720379016,False
SIM02509,family,44,5175.128388388763,True
SIM02510,family,37,4591.7487171023395,True
SIM02511,family,33,8147.50942392689,False
SIM02512,young_professional,37,4560.85468489143,False
SIM02513,young_professional,34,2931.4506502923746,True
SIM02514,family,48,3900.2955684674753,False
SIM02515,young_professional,28,3851.1877980473596,False
SIM02516,family,51,6242.162118212709,True
SIM02517,affluent,66,10518.197670955884,False
SIM02518,student,22,1623.8324163915174,False
SIM02519,affluent,38,16406.443988085935,False
SIM02520,young_professional,32,4659.205510762943,False
SIM02521,young_professional,32,3641.374839213871,True
SIM02522,student,22,1058.7722251434925,False
SIM02523,affluent,47,7631.130784888197,True
SIM02524,student,19,1011.8961268213396,True
SIM02525,young_professional,27,4970.2562807715285,False
SIM02526,student,22,1083.0227131754414,True
SIM02527,young_professional,32,3269.697057458127,False
SIM02528,young_professional,35,3704.854413053893,True
SIM02529,family,40,4655.833978016583,False
SIM02530,student,21,1748.6536420527482,False
SIM02531,affluent,58,8217.271750353664,False
SIM02532,young_professional,35,3251.883571643037,False
SIM02533,family,47,4601.3418517916725,True
SIM02534,family,45,4043.3937885414525,True
SIM02535,family,53,5562.148147544642,False
SIM02536,family,45,6527.905308560078,True
SIM02537,family,35,7897.9000618153905,False
SIM02538,family,33,5995.912563563008,False
SIM02539,family,42,3880.3524362001913,False
SIM02540,affluent,52,17300.835050039917,False
SIM02541,young_professional,33,4367.652483698269,False
SIM02542,young_professional,32,2981.0661167988,False
SIM02543,young_professional,35,2358.221227778086,True
SIM02544,student,24,955.4310116199393,False
SIM02545,family,32,7684.076008835073,False
SIM02546,student,21,971.6715790120658,False
SIM02547,student,19,1728.9720551544451,False
SIM02548,student,25,1279.2026643659913,True
SIM02549,young_professional,29,2214.2798508100036,True
SIM02550,student,23,1191.4965024360733,False
SIM02551,family,47,8409.804058938587,False
SIM02552,student,24,1299.1731722920806,True
SIM02553,young_professional,29,4830.894757531636,False
SIM02554,family,36,6537.641682038713,False
SIM02555,family,51,8384.520348133798,True
SIM02556,family,33,4792.01387745062,False
SIM02557,young_professional,27,4209.166119471237,False
SIM02558,affluent,46,12368.001160795604,False
SIM02559,affluent,58,11870.785264870516,True
SIM02560,young_professional,28,4074.0266075338195,True
SIM02561,student,25,1488.1720692331103,False
SIM02562,young_professional,36,3022.309280245414,False
SIM02563,student,18,1727.367372565121,False
SIM02564,affluent,37,7679.260852772407,True
SIM02565,affluent,36,12015.596961331015,True
SIM02566,family,47,4482.499342300466,True
SIM02567,family,41,7188.1402565840945,False
SIM02568,affluent,49,16132.53005454101,False
SIM02569,young_professional,36,4048.2617878702918,False
SIM02570,young_professional,37,3939.852313167892,True
SIM02571,student,24,1796.5405223925338,False
SIM02572,young_professional,27,3529.7383349218044,False
SIM02573,student,23,1697.156085432479,False
SIM02574,family,32,8292.91409176151,False
SIM02575,student,24,1669.191800683085,True
SIM02576,student,23,1728.2605948897294,False
SIM02577,young_professional,34,4992.950423959862,False
SIM02578,family,51,7041.514289871469,True
SIM02579,family,32,7005.025377189805,True
SIM02580,affluent,41,11538.768328294307,False
SIM02581,young_professional,30,2948.1570894610686,True
SIM02582,family,30,6051.410488110326,False
SIM02583,affluent,61,9652.895632229873,False
SIM02584,young_professional,33,4285.5532809321785,False
SIM02585,family,39,7819.678306500637,True
SIM02586,family,34,6622.500066914095,False
SIM02587,student,23,1165.7081220190128,True
SIM02588,young_professional,35,2352.201832540292,False
SIM02589,young_professional,29,3838.5276677723427,True
SIM02590,affluent,54,10931.52363482935,False
SIM02591,young_professional,36,4194.677258226434,True
SIM02592,young_professional,29,3083.3821387195626,False
SIM02593,young_professional,35,3993.3815736044608,False
SIM02594,family,37,7468.05471888613,True
SIM02595,affluent,69,7847.258126748411,False
SIM02596,affluent,64,7418.013049330421,False
SIM02597,family,46,5200.5287695008155,False
SIM02598,student,21,1233.9476642502952,False
SIM02599,young_professional,35,2315.650185513446,True
SIM02600,family,53,5849.625431805039,True
SIM02601,affluent,56,8311.599411493671,False
SIM02602,young_professional,33,3380.6256489887082,True
SIM02603,student,22,1442.5522631404633,True
SIM02604,affluent,64,9823.193668651724,True
SIM02605,family,42,7065.111335177049,False
SIM02606,family,34,4655.29861896024,False
SIM02607,student,19,1613.601026987805,True
SIM02608,affluent,51,14436.371428917115,False
SIM02609,family,40,4143.079613696348,False
SIM02610,student,25,1567.966424974929,True
SIM02611,student,20,989.8280944448497,False
SIM02612,student,24,1358.773171439888,False
SIM02613,affluent,48,8495.859642692134,False
SIM02614,young_professional,28,3976.8854086061942,False
SIM02615,family,36,5005.291793747742,False
SIM02616,affluent,52,13044.897219896604,True
SIM02617,young_professional,26,4973.720302906171,False
SIM02618,young_professional,25,2475.1478609272863,True
SIM02619,family,31,5996.942452357664,False
SIM02620,family,53,7338.921539168491,True
SIM02621,young_professional,37,2271.360182230273,False
SIM02622,affluent,65,17601.3681502586,True
SIM02623,affluent,51,13481.323987211761,False
SIM02624,young_professional,37,4355.36433591876,False
SIM02625,family,43,5772.505241124786,False
SIM02626,student,20,1343.140652411347,False
SIM02627,student,24,1745.6281371355788,True
SIM02628,young_professional,25,3709.247546569612,True
SIM02629,student,18,1333.0964509847688,True
SIM02630,family,34,8144.855054595648,False
SIM02631,affluent,40,8023.51007827315,True
SIM02632,young_professional,26,3660.518238579084,False
SIM02633,young_professional,34,2929.386527062555,True
SIM02634,young_professional,27,3519.877954920084,False
SIM02635,student,23,1506.3549886602907,False
SIM02636,student,24,1509.6849853068845,True
SIM02637,young_professional,37,4786.214194081799,False
SIM02638,family,44,5243.265208872433,False
SIM02639,student,25,1325.9222003137563,False
SIM02640,young_professional,32,4716.672014591884,True
SIM02641,student,18,1290.1040327712888,False
SIM02642,student,23,1172.8605479163539,False
SIM02643,student,23,935.0650115445599,False
SIM02644,student,20,1453.792472035842,True
SIM02645,young_professional,27,2381.4066451787344,False
SIM02646,family,43,3583.199150295564,True
SIM02647,student,24,1462.6153775489533,True
SIM02648,family,52,6603.751520600285,False
SIM02649,family,30,8489.58901086073,True
SIM02650,young_professional,33,2216.001402344223,False
SIM02651,young_professional,25,4013.5334144808326,True
SIM02652,affluent,35,12275.416772928746,False
SIM02653,affluent,66,16827.166434906976,False
SIM02654,student,18,1621.9781966596033,False
SIM02655,affluent,44,13698.595917102573,False
SIM02656,family,47,4546.320487381809,False
SIM02657,young_professional,32,3293.460364496229,True
SIM02658,affluent,46,12898.542008532682,False
SIM02659,family,48,4720.127970662131,False
SIM02660,student,23,1221.9107822495757,False
SIM02661,young_professional,32,3793.4563247271394,False
SIM02662,family,43,7209.789080356366,True
SIM02663,young_professional,28,2840.584885971389,True
SIM02664,affluent,54,12651.310731961135,False
SIM02665,young_professional,29,3189.2361526294158,True
SIM02666,student,24,1016.3613097247257,False
SIM02667,affluent,50,13871.212598515576,False
SIM02668,family,37,4393.867604558733,True
SIM02669,affluent,44,11183.267502452725,False
SIM02670,student,22,1265.1648679534533,True
SIM02671,student,23,1342.3257175601102,False
SIM02672,young_professional,37,3352.404652623486,True
SIM02673,family,49,3946.455608779407,True
SIM02674,family,42,6654.431672947444,False
SIM02675,affluent,43,11768.152893336315,False
SIM02676,affluent,55,13091.441338346285,False
SIM02677,young_professional,32,4565.946600900605,True
SIM02678,affluent,38,13166.406239063359,False
SIM02679,young_professional,25,4891.49773912113,False
SIM02680,family,54,8273.576549778585,False
SIM02681,student,24,1459.0364678753585,False
SIM02682,young_professional,26,2758.7988877823045,False
SIM02683,affluent,55,10432.357625134333,False
SIM02684,family,37,4296.682671524703,False
SIM02685,young_professional,28,2633.9117610221206,True
SIM02686,young_professional,29,3222.207373875346,False
SIM02687,young_professional,34,4944.260086915969,True
SIM02688,young_professional,37,3429.4125218147833,True
SIM02689,young_professional,33,3856.7368072842287,True
SIM02690,student,22,1763.5081474702415,True
SIM02691,young_professional,34,3293.141594420322,False
SIM02692,family,34,5018.389713466631,True
SIM02693,affluent,59,14512.145843395894,False
SIM02694,student,22,1372.1356349298285,True
SIM02695,family,30,5062.208526650537,False
SIM02696,affluent,60,9486.883545565468,True
SIM02697,family,34,6463.036394150507,True
SIM02698,young_professional,33,2418.0494186181777,False
SIM02699,young_professional,33,2262.191425620999,False
SIM02700,student,24,1560.1398934703539,False
SIM02701,family,47,4979.997922078835,False
SIM02702,young_professional,31,3210.9492397883446,False
SIM02703,affluent,52,12008.670835138764,True
SIM02704,affluent,39,11310.958652842197,False
SIM02705,affluent,52,16187.749842186931,False
SIM02706,young_professional,34,2994.769082263997,True
SIM02707,family,34,5375.199719018681,False
SIM02708,student,23,1691.8966581541763,True
SIM02709,family,43,8380.908734623234,True
SIM02710,young_professional,35,3183.4429937577615,True
SIM02711,young_professional,34,3957.2831237342375,False
SIM02712,family,51,4185.152687778058,True
SIM02713,student,25,1595.9613411972123,False
SIM02714,affluent,46,10518.028930801645,True
SIM02715,affluent,42,15313.161775146771,True
SIM02716,family,38,4228.576601594596,True
SIM02717,young_professional,28,3161.1540578356276,True
SIM02718,affluent,54,16245.792609364824,True
SIM02719,student,25,1603.3010672238001,True
SIM02720,affluent,40,13714.610017547333,True
SIM02721,affluent,65,15262.645255135049,True
SIM02722,family,39,4719.274562964189,True
SIM02723,affluent,63,7972.94627079301,True
SIM02724,young_professional,26,3444.957776215083,True
SIM02725,young_professional,30,4455.804363554272,False
SIM02726,family,34,7924.339965730259,False
SIM02727,affluent,36,17364.9626737808,False
SIM02728,family,32,4960.9210026519195,False
SIM02729,student,18,921.4772103236439,True
SIM02730,student,24,1033.8180641708216,True
SIM02731,family,53,6983.489001435129,True
SIM02732,student,19,1793.7256402392388,False
SIM02733,affluent,69,10334.967925911935,False
SIM02734,student,24,1744.1762666405773,False
SIM02735,student,22,1293.9420756421487,True
SIM02736,young_professional,37,2835.4279162784455,False
SIM02737,young_professional,33,2213.556012887812,True
SIM02738,young_professional,37,2437.790063581008,True
SIM02739,family,37,6659.117634559624,False
SIM02740,young_professional,36,3533.795571701025,False
SIM02741,young_professional,27,4966.762266305238,False
SIM02742,student,20,1164.6697485901266,False
SIM02743,student,21,1386.0507110698277,False
SIM02744,affluent,44,14862.628541129176,False
SIM02745,affluent,39,17253.629709545483,False
SIM02746,young_professional,34,2475.6203242997944,True
SIM02747,family,39,8269.325336816531,False
SIM02748,young_professional,34,2345.2260776929284,False
SIM02749,student,25,1775.0262050162619,False
SIM02750,young_professional,25,3617.497696181446,False
SIM02751,family,52,7875.835972497317,False
SIM02752,student,25,1148.377990126682,False
SIM02753,student,19,1696.683796915714,True
SIM02754,young_professional,27,3772.0448579981626,False
SIM02755,affluent,45,9085.901301523096,False
SIM02756,young_professional,36,3487.007666429332,False
SIM02757,family,41,8497.415595348695,True
SIM02758,student,24,1320.6324505313678,True
SIM02759,family,49,4215.349591379102,False
SIM02760,young_professional,29,2274.740872270721,False
SIM02761,student,23,1592.8030658766017,False
SIM02762,family,40,7966.134204813092,True
SIM02763,young_professional,29,3794.1879617354884,False
SIM02764,affluent,59,17949.499109304354,False
SIM02765,student,20,1192.0985449608047,False
SIM02766,family,37,4806.776681814733,False
SIM02767,student,25,1543.8175695021544,True
SIM02768,affluent,40,16593.910002653087,True
SIM02769,affluent,36,15624.597661400843,True
SIM02770,affluent,37,14671.139326704517,False
SIM02771,affluent,39,8993.745749404878,True
SIM02772,student,25,968.4753016094336,False
SIM02773,student,19,967.9245853489929,True
SIM02774,student,21,1120.052521031837,False
SIM02775,young_professional,33,4885.114868327812,False
SIM02776,affluent,68,13019.421104207531,True
SIM02777,young_professional,34,2804.867574995576,False
SIM02778,family,46,4715.243456516279,False
SIM02779,young_professional,35,3790.8162139578726,False
SIM02780,student,19,910.7773872390051,True
SIM02781,student,22,1562.5407154224868,True
SIM02782,student,21,1021.2792298895992,True
SIM02783,affluent,68,17770.40272356624,False
SIM02784,student,21,1167.0383657777659,True
SIM02785,student,21,991.8289420831813,False
SIM02786,family,52,7694.531240098025,False
SIM02787,young_professional,29,4626.800872450603,True
SIM02788,young_professional,37,2623.7757462666514,False
SIM02789,young_professional,27,3638.9538296091832,False
SIM02790,student,25,1060.847352121382,False
SIM02791,affluent,64,11434.597176292826,False
SIM02792,family,46,5580.30120945768,True
SIM02793,young_professional,29,4354.710479053938,False
SIM02794,young_professional,25,2809.5736106284635,False
SIM02795,young_professional,37,4027.2656671100294,True
SIM02796,affluent,59,9071.000705694749,True
SIM02797,young_professional,25,4437.457572348548,False
SIM02798,family,50,5349.394067779347,True
SIM02799,affluent,58,13790.308537183539,False
SIM02800,student,19,1047.89214849519,True
SIM02801,affluent,48,13220.116353920712,False
SIM02802,young_professional,32,2234.7566564247195,False
SIM02803,young_professional,31,4883.532378375559,True
SIM02804,student,22,1675.8776088064176,False
SIM02805,family,45,5276.831883102963,False
SIM02806,family,34,6886.7113778679095,False
SIM02807,affluent,68,11328.90461479658,False
SIM02808,family,42,6892.100230745664,True
SIM02809,affluent,45,14203.617230493233,False
SIM02810,young_professional,35,4576.042364395824,False
SIM02811,affluent,42,14941.228989981078,False
SIM02812,affluent,67,10302.46987422119,False
SIM02813,family,45,6496.388935177331,False
SIM02814,student,24,1202.9920198449204,True
SIM02815,student,21,1448.7805300837003,False
SIM02816,family,53,5513.538348012075,False
SIM02817,student,23,1025.8260464145555,False
SIM02818,family,41,5675.640226008505,True
SIM02819,young_professional,32,3402.985998948611,False
SIM02820,affluent,52,16423.90179358195,False
SIM02821,young_professional,28,2780.664367154553,True
SIM02822,student,18,1473.1714701171366,False
SIM02823,student,19,1637.9053765425192,False
SIM02824,family,47,3877.905204230264,True
SIM02825,family,31,7652.042575284356,False
SIM02826,young_professional,31,3670.933318815012,True
SIM02827,family,50,5167.607520804577,True
SIM02828,student,18,1628.5523966005526,True
SIM02829,affluent,35,11622.96696681449,False
SIM02830,family,53,4960.906433858836,False
SIM02831,student,18,1257.6031714722762,False
SIM02832,young_professional,32,4625.598257872613,True
SIM02833,student,19,1183.9109039722323,True
SIM02834,family,37,5536.592982546153,False
SIM02835,young_professional,26,4755.526833076673,True
SIM02836,student,24,1264.6426362005534,True
SIM02837,family,36,6529.613888272834,False
SIM02838,family,46,4997.032890861897,False
SIM02839,family,36,8227.319598702827,True
SIM02840,young_professional,36,3695.400602118563,False
SIM02841,family,30,6657.357714995108,False
SIM02842,student,21,1073.7384406675226,False
SIM02843,affluent,51,16893.376571422985,False
SIM02844,affluent,49,17805.207560108658,False
SIM02845,affluent,40,14019.182857319494,False
SIM02846,affluent,40,17931.82756759555,False
SIM02847,student,21,1799.583547476488,False
SIM02848,affluent,68,15843.686787228127,True
SIM02849,student,25,1379.5743211471256,False
SIM02850,student,20,920.4653577903829,True
SIM02851,family,32,5385.436472285632,False
SIM02852,young_professional,30,4098.211133396458,False
SIM02853,family,43,3886.382471040397,False
SIM02854,affluent,39,9780.411313842953,True
SIM02855,student,21,1411.3894063429925,False
SIM02856,student,21,1416.6085234981163,False
SIM02857,student,24,1072.29190642567,True
SIM02858,young_professional,30,4842.522788316176,False
SIM02859,affluent,39,17672.635485145012,False
SIM02860,student,19,1131.7324231678163,False
SIM02861,family,45,6233.866352059613,False
SIM02862,family,53,5168.4188831151305,True
SIM02863,family,38,5226.786800533447,False
SIM02864,young_professional,25,4540.099846069803,False
SIM02865,family,51,6131.190188038154,False
SIM02866,family,41,6950.124030377475,True
SIM02867,family,34,7163.45235874746,True
SIM02868,family,30,3649.3573368524703,True
SIM02869,family,50,6227.745041035025,True
SIM02870,student,19,973.7400420061109,False
SIM02871,family,38,7601.001884239038,False
SIM02872,student,25,1330.6739595748388,True
SIM02873,family,40,7275.234546365393,False
SIM02874,student,20,1004.2173133800736,True
SIM02875,family,50,3658.7723871129415,False
SIM02876,affluent,56,17322.03476111484,False
SIM02877,young_professional,34,3519.77845948706,False
SIM02878,family,38,5196.23400279445,False
SIM02879,affluent,47,9708.258693217322,False
SIM02880,student,23,1725.5992424548256,True
SIM02881,affluent,40,15727.771671394561,False
SIM02882,family,37,3896.9562163314845,True
SIM02883,student,24,1514.3303696308617,True
SIM02884,family,45,7860.491829124827,False
SIM02885,family,41,4667.393880145362,False
SIM02886,young_professional,28,2577.909483108017,False
SIM02887,student,18,1513.1458506347992,True
SIM02888,young_professional,28,4349.2406519415235,True
SIM02889,student,21,1317.9676917260504,False
SIM02890,student,21,1683.4083035018075,True
SIM02891,affluent,51,9585.649570695812,False
SIM02892,student,22,1702.8785324784515,False
SIM02893,young_professional,25,2576.4420607571487,False
SIM02894,affluent,54,8047.953784544927,False
SIM02895,affluent,56,16304.27273246613,True
SIM02896,young_professional,34,3828.558886471357,False
SIM02897,young_professional,33,2364.344789991426,True
SIM02898,family,52,7911.480331481573,False
SIM02899,young_professional,31,4758.947755032723,True
SIM02900,student,25,1325.7166917908298,True
SIM02901,family,34,7916.109101494178,False
SIM02902,young_professional,32,4247.040076243827,False
SIM02903,young_professional,32,4379.164354484044,True
SIM02904,young_professional,27,3863.498689543433,True
SIM02905,family,40,7573.396145620818,True
SIM02906,affluent,46,13605.074692470715,False
SIM02907,affluent,39,11749.0327420025,False
SIM02908,student,23,1298.005651994746,False
SIM02909,affluent,61,10392.256470033439,False
SIM02910,student,18,1443.4542260292294,True
SIM02911,affluent,65,13481.137029335618,False
SIM02912,affluent,60,17804.6059866225,False
SIM02913,young_professional,34,4994.263412170633,True
SIM02914,young_professional,28,4212.89845957633,False
SIM02915,student,20,1590.9399016513582,False
SIM02916,young_professional,25,4382.075091825364,False
SIM02917,student,20,996.5750902372118,False
SIM02918,student,21,1352.2975105609225,False
SIM02919,young_professional,33,3157.8712269534153,False
SIM02920,young_professional,37,4615.973503130278,True
SIM02921,student,25,1785.6768033683186,True
SIM02922,student,19,1130.019864828857,False
SIM02923,student,18,1364.0527124257055,False
SIM02924,family,52,6794.380800361441,False
SIM02925,affluent,43,17909.328114508757,True
SIM02926,student,23,1319.7998929591415,False
SIM02927,affluent,60,17780.80320303318,True
SIM02928,young_professional,25,3689.209127780063,True
SIM02929,family,39,4995.615437184561,False
SIM02930,young_professional,27,2635.4106472733874,False
SIM02931,affluent,62,7373.8401763695465,False
SIM02932,family,40,7285.732369322356,False
SIM02933,affluent,50,12054.88593527453,False
SIM02934,family,51,5501.920327640787,False
SIM02935,student,19,1387.3487474673955,False
SIM02936,affluent,68,14020.679598346085,False
SIM02937,family,44,4508.186086255872,True
SIM02938,family,33,7441.681975704013,True
SIM02939,family,32,8262.37624081328,False
SIM02940,family,50,7651.914351329359,False
SIM02941,student,22,1603.6271463029373,False
SIM02942,affluent,47,13045.377523064224,True
SIM02943,affluent,61,9530.878421684965,True
SIM02944,student,20,1589.7731661775247,False
SIM02945,affluent,47,16109.6314361815,True
SIM02946,student,25,1635.1775882153258,True
SIM02947,family,42,4943.090303686324,True
SIM02948,family,32,7355.160380012589,False
SIM02949,family,45,6422.42813766787,False
SIM02950,family,53,5293.9890768335,False
SIM02951,family,37,7606.6681512176365,True
SIM02952,student,20,915.6085173780044,True
SIM02953,family,50,8144.706470098995,True
SIM02954,family,36,8398.82424866132,False
SIM02955,family,47,6902.019184836095,False
SIM02956,student,22,1537.3723701892154,True
SIM02957,family,30,5888.653635869088,False
SIM02958,young_professional,25,3808.304472740439,True
SIM02959,student,20,1780.0063458986815,False
SIM02960,student,22,1616.080742974381,True
SIM02961,young_professional,35,4268.24091569323,False
SIM02962,student,22,1176.7647943268857,False
SIM02963,affluent,64,14168.814748650553,False
SIM02964,family,47,4917.972638099585,False
SIM02965,affluent,66,10365.248242108339,True
SIM02966,young_professional,34,3897.6194221684486,False
SIM02967,family,46,3966.360196797621,False
SIM02968,student,24,1246.6965570436118,False
SIM02969,family,41,6427.508941410225,True
SIM02970,affluent,57,9028.013701224525,True
SIM02971,student,22,934.5685093352857,True
SIM02972,family,36,6126.787794666206,False
SIM02973,student,18,1228.700047942922,False
SIM02974,family,38,5352.308511826962,False
SIM02975,young_professional,31,2739.838955051057,False
SIM02976,young_professional,29,4797.970662862516,False
SIM02977,family,31,6493.824638461814,True
SIM02978,young_professional,32,2786.727627640399,False
SIM02979,affluent,55,12643.657140528407,False
SIM02980,young_professional,34,4257.223316684562,True
SIM02981,family,47,4274.45295982292,False
SIM02982,student,20,1054.4005775640753,False
SIM02983,affluent,52,8212.103464710755,True
SIM02984,family,46,4938.047428573261,True
SIM02985,student,21,1032.0946084118375,False
SIM02986,young_professional,33,4131.88524638079,True
SIM02987,student,18,1725.7240134813815,True
SIM02988,student,21,1292.2419214466322,True
SIM02989,student,24,1035.371485474687,False
SIM02990,student,23,1710.047758126237,False
SIM02991,affluent,68,9208.525206248922,False
SIM02992,affluent,37,9619.332235240938,True
SIM02993,family,50,4516.743109361202,True
SIM02994,young_professional,31,4065.4705255936988,True
SIM02995,affluent,60,9117.448671069804,False
SIM02996,affluent,40,17751.914265976768,True
SIM02997,affluent,57,12446.955616151701,False
SIM02998,student,23,1495.177449266362,False
SIM02999,student,23,1566.7140546117055,False
