customer,item,label,asset_class,units,start_month
SIM00000,fund:KBC_TECH,KBC Equity Fund Technology,funds,106.012,17
SIM00001,etf:VWCE,Vanguard FTSE All-World ETF,etf,24.8067,0
SIM00001,fund:KBC_PENSION,KBC Pension Savings Fund,funds,30.1063,0
SIM00001,stock:KBC,KBC Group,stocks,67.4436,0
SIM00002,stock:KBC,KBC Group,stocks,1.8837,0
SIM00002,bond:EU_2030,EU Bond 2030,bonds,25.9246,0
SIM00002,stock:UCB,UCB,stocks,0.9771,0
SIM00003,stock:SOLB,Solvay,stocks,162.6849,0
SIM00003,stock:ASML,ASML Holding,stocks,31.1195,0
SIM00003,etf:IWDA,iShares MSCI World ETF,etf,1263.1928,0
SIM00005,fund:KBC_ECO,KBC Eco Fund,funds,177.9272,0
SIM00005,stock:UCB,UCB,stocks,642.2404,0
SIM00005,stock:ABI,AB InBev,stocks,372.4213,0
SIM00005,fund:KBC_ECO,KBC Eco Fund,funds,18.042,4
SIM00006,etf:VWCE,Vanguard FTSE All-World ETF,etf,1.0454,0
SIM00006,bond:OLO_2034,Belgian OLO 2034,bonds,16.9766,0
SIM00006,fund:KBC_PENSION,KBC Pension Savings Fund,funds,0.2699,0
SIM00006,stock:MSFT,Microsoft,stocks,16.9197,0
SIM00006,stock:UCB,UCB,stocks,1.8567,0
SIM00008,stock:UCB,UCB,stocks,1.1993,0
SIM00008,stock:KBC,KBC Group,stocks,7.2801,0
SIM00008,bond:OLO_2034,Belgian OLO 2034,bonds,14.9524,0
SIM00008,fund:KBC_ECO,KBC Eco Fund,funds,2.7268,0
SIM00010,fund:KBC_TECH,KBC Equity Fund Technology,funds,30.5115,7
SIM00011,fund:KBC_TECH,KBC Equity Fund Technology,funds,45.5089,16
SIM00012,stock:NVDA,Nvidia,stocks,40.3848,0
SIM00012,etf:VWCE,Vanguard FTSE All-World ETF,etf,566.3361,0
SIM00012,stock:MSFT,Microsoft,stocks,176.6262,0
SIM00012,bond:EU_2030,EU Bond 2030,bonds,1181.5559,0
SIM00012,fund:KBC_ECO,KBC Eco Fund,funds,207.0798,0
SIM00012,etf:IWDA,iShares MSCI World ETF,etf,5147.6658,0
SIM00015,bond:EU_2030,EU Bond 2030,bonds,823.0551,0
SIM00015,stock:ABI,AB InBev,stocks,189.3971,0
SIM00016,bond:EU_2030,EU Bond 2030,bonds,439.4864,0
SIM00016,stock:NVDA,Nvidia,stocks,265.0495,0
SIM00016,stock:AAPL,Apple,stocks,888.2001,0
SIM00016,stock:UCB,UCB,stocks,103.8019,0
SIM00016,fund:KBC_TECH,KBC Equity Fund Technology,funds,105.7443,16
SIM00017,stock:KBC,KBC Group,stocks,58.8178,0
SIM00017,stock:ASML,ASML Holding,stocks,2.3378,0
SIM00017,stock:SOLB,Solvay,stocks,22.7776,0
SIM00017,stock:ABI,AB InBev,stocks,0.2122,0
SIM00018,stock:MSFT,Microsoft,stocks,26.2919,0
SIM00018,stock:NVDA,Nvidia,stocks,20.9817,0
SIM00018,bond:OLO_2034,Belgian OLO 2034,bonds,54.6546,0
SIM00018,fund:KBC_ECO,KBC Eco Fund,funds,29.9616,0
SIM00018,etf:VWCE,Vanguard FTSE All-World ETF,etf,12.2744,0
SIM00018,stock:AAPL,Apple,stocks,121.9361,0
SIM00020,bond:OLO_2034,Belgian OLO 2034,bonds,1153.2758,0
SIM00020,stock:UCB,UCB,stocks,19.7569,0
SIM00020,etf:IWDA,iShares MSCI World ETF,etf,1097.7023,0
SIM00020,stock:ABI,AB InBev,stocks,67.3154,0
SIM00020,etf:VWCE,Vanguard FTSE All-World ETF,etf,1831.4601,0
SIM00022,stock:ASML,ASML Holding,stocks,1190.183,0
SIM00022,fund:KBC_ECO,KBC Eco Fund,funds,132.9332,0
SIM00022,fund:KBC_PENSION,KBC Pension Savings Fund,funds,74.6393,6
SIM00023,stock:KBC,KBC Group,stocks,54.6968,0
SIM00023,stock:AAPL,Apple,stocks,167.6046,0
SIM00023,stock:ASML,ASML Holding,stocks,47.905,0
SIM00023,fund:KBC_TECH,KBC Equity Fund Technology,funds,52.7331,5
SIM00025,stock:ASML,ASML Holding,stocks,8.8835,0
SIM00025,etf:IWDA,iShares MSCI World ETF,etf,1474.2196,0
SIM00025,stock:AAPL,Apple,stocks,386.5183,0
SIM00025,bond:EU_2030,EU Bond 2030,bonds,304.7106,0
SIM00025,stock:SOLB,Solvay,stocks,1533.0807,0
SIM00025,fund:KBC_TECH,KBC Equity Fund Technology,funds,1345.8597,0
SIM00025,fund:KBC_PENSION,KBC Pension Savings Fund,funds,95.0378,8
SIM00028,fund:KBC_PENSION,KBC Pension Savings Fund,funds,3.9112,0
SIM00028,fund:KBC_TECH,KBC Equity Fund Technology,funds,0.5882,0
SIM00028,etf:IWDA,iShares MSCI World ETF,etf,7.8327,0
SIM00028,stock:AAPL,Apple,stocks,2.6271,0
SIM00037,etf:IWDA,iShares MSCI World ETF,etf,2478.1755,0
SIM00037,stock:ASML,ASML Holding,stocks,581.7168,0
SIM00037,bond:EU_2030,EU Bond 2030,bonds,138.6662,0
SIM00037,stock:MSFT,Microsoft,stocks,1033.7212,0
SIM00037,fund:KBC_ECO,KBC Eco Fund,funds,28.3217,8
SIM00045,bond:EU_2030,EU Bond 2030,bonds,74.9617,0
SIM00045,stock:AAPL,Apple,stocks,347.1952,0
SIM00045,fund:KBC_PENSION,KBC Pension Savings Fund,funds,314.8228,0
SIM00045,stock:UCB,UCB,stocks,10.8149,0
SIM00045,stock:NVDA,Nvidia,stocks,101.0895,0
SIM00045,fund:KBC_TECH,KBC Equity Fund Technology,funds,229.6676,0
SIM00045,fund:KBC_TECH,KBC Equity Fund Technology,funds,91.6097,13
SIM00047,fund:KBC_PENSION,KBC Pension Savings Fund,funds,336.6083,0
SIM00047,fund:KBC_TECH,KBC Equity Fund Technology,funds,560.7142,0
SIM00047,stock:SOLB,Solvay,stocks,1553.921,0
SIM00047,fund:KBC_PENSION,KBC Pension Savings Fund,funds,165.2883,8
SIM00050,stock:ASML,ASML Holding,stocks,37.0831,0
SIM00050,stock:NVDA,Nvidia,stocks,14.6631,0
SIM00050,fund:KBC_PENSION,KBC Pension Savings Fund,funds,91.7742,0
SIM00050,stock:KBC,KBC Group,stocks,233.065,0
SIM00050,fund:KBC_TECH,KBC Equity Fund Technology,funds,176.3769,0
SIM00050,stock:MSFT,Microsoft,stocks,93.2109,0
SIM00050,fund:KBC_ECO,KBC Eco Fund,funds,64.4884,6
SIM00051,stock:ASML,ASML Holding,stocks,4.2799,0
SIM00051,bond:OLO_2034,Belgian OLO 2034,bonds,173.3394,0
SIM00052,stock:ASML,ASML Holding,stocks,846.0602,0
SIM00052,etf:IWDA,iShares MSCI World ETF,etf,13469.1426,0
SIM00054,bond:EU_2030,EU Bond 2030,bonds,67.2519,0
SIM00054,stock:SOLB,Solvay,stocks,228.7516,0
SIM00054,etf:IWDA,iShares MSCI World ETF,etf,271.1248,0
SIM00054,fund:KBC_PENSION,KBC Pension Savings Fund,funds,124.3778,0
SIM00055,fund:KBC_PENSION,KBC Pension Savings Fund,funds,4.1372,0
SIM00055,bond:EU_2030,EU Bond 2030,bonds,15.712,0
SIM00055,bond:OLO_2034,Belgian OLO 2034,bonds,137.7602,0
SIM00055,etf:VWCE,Vanguard FTSE All-World ETF,etf,4.7107,0
SIM00056,bond:EU_2030,EU Bond 2030,bonds,182.9074,0
SIM00056,stock:UCB,UCB,stocks,30.3723,0
SIM00058,stock:AAPL,Apple,stocks,740.5446,0
SIM00058,fund:KBC_ECO,KBC Eco Fund,funds,44.9452,0
SIM00058,fund:KBC_TECH,KBC Equity Fund Technology,funds,534.5288,0
SIM00058,fund:KBC_ECO,KBC Eco Fund,funds,17.9595,6
SIM00061,stock:MSFT,Microsoft,stocks,75.1932,0
SIM00061,stock:KBC,KBC Group,stocks,245.6281,0
SIM00061,etf:VWCE,Vanguard FTSE All-World ETF,etf,177.3278,0
SIM00062,fund:KBC_ECO,KBC Eco Fund,funds,51.7961,11
SIM00063,fund:KBC_TECH,KBC Equity Fund Technology,funds,102.0111,23
SIM00064,fund:KBC_PENSION,KBC Pension Savings Fund,funds,669.087,0
SIM00064,stock:UCB,UCB,stocks,283.1318,0
SIM00064,etf:IWDA,iShares MSCI World ETF,etf,212.6684,0
SIM00064,stock:NVDA,Nvidia,stocks,353.9231,0
SIM00064,stock:MSFT,Microsoft,stocks,1223.8111,0
SIM00064,etf:VWCE,Vanguard FTSE All-World ETF,etf,213.2374,0
SIM00064,fund:KBC_TECH,KBC Equity Fund Technology,funds,111.482,10
SIM00066,stock:UCB,UCB,stocks,67.8044,0
SIM00066,fund:KBC_ECO,KBC Eco Fund,funds,17.557,0
SIM00066,stock:MSFT,Microsoft,stocks,319.781,0
SIM00066,stock:ASML,ASML Holding,stocks,100.3254,0
SIM00069,stock:ASML,ASML Holding,stocks,421.5219,0
SIM00069,stock:NVDA,Nvidia,stocks,1452.1598,0
SIM00069,fund:KBC_TECH,KBC Equity Fund Technology,funds,37.9508,22
SIM00070,etf:VWCE,Vanguard FTSE All-World ETF,etf,1626.7788,0
SIM00070,stock:MSFT,Microsoft,stocks,243.1298,0
SIM00070,fund:KBC_ECO,KBC Eco Fund,funds,41.6793,19
SIM00072,etf:IWDA,iShares MSCI World ETF,etf,447.7335,0
SIM00072,stock:NVDA,Nvidia,stocks,144.1209,0
SIM00073,stock:UCB,UCB,stocks,863.6894,0
SIM00073,etf:VWCE,Vanguard FTSE All-World ETF,etf,321.57,0
SIM00073,fund:KBC_TECH,KBC Equity Fund Technology,funds,49.0367,10
SIM00075,stock:SOLB,Solvay,stocks,154.1397,0
SIM00075,fund:KBC_ECO,KBC Eco Fund,funds,4.5424,0
SIM00075,fund:KBC_PENSION,KBC Pension Savings Fund,funds,14.047,0
SIM00075,fund:KBC_PENSION,KBC Pension Savings Fund,funds,125.9603,9
SIM00078,bond:EU_2030,EU Bond 2030,bonds,354.6696,0
SIM00078,stock:NVDA,Nvidia,stocks,1134.639,0
SIM00078,fund:KBC_TECH,KBC Equity Fund Technology,funds,75.8309,13
SIM00081,fund:KBC_TECH,KBC Equity Fund Technology,funds,523.4853,0
SIM00081,stock:ABI,AB InBev,stocks,199.8269,0
SIM00081,stock:NVDA,Nvidia,stocks,164.8473,0
SIM00081,fund:KBC_ECO,KBC Eco Fund,funds,114.2824,0
SIM00081,stock:SOLB,Solvay,stocks,338.6814,0
SIM00081,etf:VWCE,Vanguard FTSE All-World ETF,etf,986.5213,0
SIM00081,fund:KBC_ECO,KBC Eco Fund,funds,63.2601,14
SIM00082,stock:KBC,KBC Group,stocks,111.5578,0
SIM00082,fund:KBC_TECH,KBC Equity Fund Technology,funds,1272.5881,0
SIM00082,fund:KBC_PENSION,KBC Pension Savings Fund,funds,85.0678,23
SIM00084,stock:ASML,ASML Holding,stocks,22.3628,0
SIM00084,stock:KBC,KBC Group,stocks,20.7169,0
SIM00084,bond:EU_2030,EU Bond 2030,bonds,27.806,0
SIM00085,bond:OLO_2034,Belgian OLO 2034,bonds,598.6918,0
SIM00085,etf:IWDA,iShares MSCI World ETF,etf,11500.6048,0
SIM00090,stock:UCB,UCB,stocks,24.6329,0
SIM00090,stock:KBC,KBC Group,stocks,18.104,0
SIM00090,etf:VWCE,Vanguard FTSE All-World ETF,etf,8.4455,0
SIM00090,stock:AAPL,Apple,stocks,1.9603,0
SIM00090,stock:ASML,ASML Holding,stocks,4.792,0
SIM00090,fund:KBC_TECH,KBC Equity Fund Technology,funds,0.6406,0
SIM00091,stock:AAPL,Apple,stocks,3712.6304,0
SIM00091,fund:KBC_PENSION,KBC Pension Savings Fund,funds,1098.4302,0
SIM00091,bond:OLO_2034,Belgian OLO 2034,bonds,2273.5868,0
SIM00091,stock:UCB,UCB,stocks,413.0292,0
SIM00091,fund:KBC_PENSION,KBC Pension Savings Fund,funds,151.5348,13
SIM00092,etf:IWDA,iShares MSCI World ETF,etf,2617.2859,0
SIM00092,stock:KBC,KBC Group,stocks,51.7313,0
SIM00092,stock:SOLB,Solvay,stocks,4134.7511,0
SIM00093,bond:OLO_2034,Belgian OLO 2034,bonds,4.5173,0
SIM00093,stock:KBC,KBC Group,stocks,43.7702,0
SIM00093,etf:IWDA,iShares MSCI World ETF,etf,461.82,0
SIM00093,stock:MSFT,Microsoft,stocks,148.1979,0
SIM00093,bond:EU_2030,EU Bond 2030,bonds,16.59,0
SIM00096,stock:UCB,UCB,stocks,1391.5116,0
SIM00096,stock:ABI,AB InBev,stocks,748.1486,0
SIM00096,fund:KBC_ECO,KBC Eco Fund,funds,18.7551,19
SIM00099,etf:IWDA,iShares MSCI World ETF,etf,9391.7407,0
SIM00099,stock:MSFT,Microsoft,stocks,4742.4176,0
SIM00100,bond:EU_2030,EU Bond 2030,bonds,1006.5281,0
SIM00100,etf:VWCE,Vanguard FTSE All-World ETF,etf,1366.8926,0
SIM00101,etf:IWDA,iShares MSCI World ETF,etf,8231.4307,0
SIM00101,fund:KBC_TECH,KBC Equity Fund Technology,funds,15.246,0
SIM00101,bond:OLO_2034,Belgian OLO 2034,bonds,512.8985,0
SIM00101,fund:KBC_ECO,KBC Eco Fund,funds,5.0165,22
SIM00105,bond:EU_2030,EU Bond 2030,bonds,996.9791,0
SIM00105,stock:AAPL,Apple,stocks,1253.3192,0
SIM00105,fund:KBC_ECO,KBC Eco Fund,funds,67.5057,10
SIM00107,etf:IWDA,iShares MSCI World ETF,etf,169.1063,0
SIM00107,stock:NVDA,Nvidia,stocks,11.8163,0
SIM00107,etf:VWCE,Vanguard FTSE All-World ETF,etf,13.1772,0
SIM00107,stock:UCB,UCB,stocks,8.8675,0
SIM00107,stock:ASML,ASML Holding,stocks,5.698,0
SIM00107,bond:OLO_2034,Belgian OLO 2034,bonds,9.1125,0
SIM00107,fund:KBC_ECO,KBC Eco Fund,funds,40.6777,23
SIM00109,fund:KBC_PENSION,KBC Pension Savings Fund,funds,33.4363,22
SIM00113,stock:KBC,KBC Group,stocks,208.6285,0
SIM00113,stock:UCB,UCB,stocks,150.5407,0
SIM00113,stock:NVDA,Nvidia,stocks,9.4957,0
SIM00113,etf:VWCE,Vanguard FTSE All-World ETF,etf,197.6094,0
SIM00113,fund:KBC_TECH,KBC Equity Fund Technology,funds,560.9492,0
SIM00113,stock:ASML,ASML Holding,stocks,25.0753,0
SIM00113,fund:KBC_PENSION,KBC Pension Savings Fund,funds,122.5925,23
SIM00114,stock:KBC,KBC Group,stocks,1092.9042,0
SIM00114,stock:NVDA,Nvidia,stocks,688.8806,0
SIM00114,bond:OLO_2034,Belgian OLO 2034,bonds,2374.0755,0
SIM00114,fund:KBC_TECH,KBC Equity Fund Technology,funds,862.5037,0
SIM00114,stock:SOLB,Solvay,stocks,449.9374,0
SIM00114,fund:KBC_ECO,KBC Eco Fund,funds,184.9295,0
SIM00115,fund:KBC_PENSION,KBC Pension Savings Fund,funds,121.4649,20
SIM00117,stock:NVDA,Nvidia,stocks,39.1955,0
SIM00117,stock:KBC,KBC Group,stocks,155.9565,0
SIM00117,stock:UCB,UCB,stocks,5.2479,0
SIM00117,bond:OLO_2034,Belgian OLO 2034,bonds,611.7484,0
SIM00121,stock:ABI,AB InBev,stocks,1.3575,0
SIM00121,stock:AAPL,Apple,stocks,1.8337,0
SIM00121,stock:ASML,ASML Holding,stocks,1.3711,0
SIM00123,fund:KBC_ECO,KBC Eco Fund,funds,25.6661,17
SIM00125,fund:KBC_TECH,KBC Equity Fund Technology,funds,65.9328,10
SIM00127,stock:ABI,AB InBev,stocks,469.386,0
SIM00127,etf:IWDA,iShares MSCI World ETF,etf,1800.9976,0
SIM00127,bond:OLO_2034,Belgian OLO 2034,bonds,3094.3187,0
SIM00128,stock:MSFT,Microsoft,stocks,1175.5675,0
SIM00128,etf:IWDA,iShares MSCI World ETF,etf,6862.5951,0
SIM00128,fund:KBC_ECO,KBC Eco Fund,funds,68.3603,4
SIM00129,stock:KBC,KBC Group,stocks,9.6562,0
SIM00129,stock:AAPL,Apple,stocks,58.1642,0
SIM00129,stock:UCB,UCB,stocks,13.1369,0
SIM00129,stock:NVDA,Nvidia,stocks,21.9042,0
SIM00129,stock:MSFT,Microsoft,stocks,533.45,0
SIM00129,stock:ABI,AB InBev,stocks,20.0915,0
SIM00130,etf:VWCE,Vanguard FTSE All-World ETF,etf,53.5411,0
SIM00130,bond:EU_2030,EU Bond 2030,bonds,19.1125,0
SIM00130,etf:IWDA,iShares MSCI World ETF,etf,251.1831,0
SIM00130,fund:KBC_TECH,KBC Equity Fund Technology,funds,541.3696,0
SIM00130,stock:ASML,ASML Holding,stocks,315.5872,0
SIM00130,fund:KBC_ECO,KBC Eco Fund,funds,221.3972,0
SIM00130,fund:KBC_TECH,KBC Equity Fund Technology,funds,55.7811,9
SIM00131,fund:KBC_PENSION,KBC Pension Savings Fund,funds,77.0187,4
SIM00132,etf:VWCE,Vanguard FTSE All-World ETF,etf,7.9193,0
SIM00132,fund:KBC_ECO,KBC Eco Fund,funds,503.7804,0
SIM00132,stock:MSFT,Microsoft,stocks,4998.186,0
SIM00132,fund:KBC_ECO,KBC Eco Fund,funds,13.3211,23
SIM00136,stock:ABI,AB InBev,stocks,110.2368,0
SIM00136,fund:KBC_PENSION,KBC Pension Savings Fund,funds,470.7995,0
SIM00136,stock:ASML,ASML Holding,stocks,180.5986,0
SIM00136,etf:IWDA,iShares MSCI World ETF,etf,501.1479,0
SIM00136,bond:OLO_2034,Belgian OLO 2034,bonds,1245.2066,0
SIM00136,fund:KBC_ECO,KBC Eco Fund,funds,277.8717,0
SIM00136,fund:KBC_TECH,KBC Equity Fund Technology,funds,53.1938,13
SIM00137,bond:EU_2030,EU Bond 2030,bonds,240.5946,0
SIM00137,stock:UCB,UCB,stocks,522.2235,0
SIM00137,stock:ABI,AB InBev,stocks,457.1381,0
SIM00137,fund:KBC_PENSION,KBC Pension Savings Fund,funds,23.3277,0
SIM00137,fund:KBC_PENSION,KBC Pension Savings Fund,funds,133.4726,5
SIM00139,fund:KBC_ECO,KBC Eco Fund,funds,22.5289,9
SIM00141,fund:KBC_ECO,KBC Eco Fund,funds,146.5772,0
SIM00141,stock:UCB,UCB,stocks,69.3041,0
SIM00143,etf:VWCE,Vanguard FTSE All-World ETF,etf,8.77,0
SIM00143,fund:KBC_PENSION,KBC Pension Savings Fund,funds,3.1434,0
SIM00143,fund:KBC_TECH,KBC Equity Fund Technology,funds,2.2091,0
SIM00143,bond:EU_2030,EU Bond 2030,bonds,0.7196,0
SIM00143,stock:KBC,KBC Group,stocks,0.7709,0
SIM00145,stock:UCB,UCB,stocks,1.5909,0
SIM00145,stock:MSFT,Microsoft,stocks,79.2948,0
SIM00145,etf:VWCE,Vanguard FTSE All-World ETF,etf,26.754,0
SIM00145,etf:IWDA,iShares MSCI World ETF,etf,129.4405,0
SIM00145,fund:KBC_PENSION,KBC Pension Savings Fund,funds,93.4636,0
SIM00147,fund:KBC_PENSION,KBC Pension Savings Fund,funds,116.8543,7
SIM00148,stock:UCB,UCB,stocks,502.8215,0
SIM00148,fund:KBC_TECH,KBC Equity Fund Technology,funds,1564.7447,0
SIM00148,stock:NVDA,Nvidia,stocks,99.9566,0
SIM00151,stock:MSFT,Microsoft,stocks,1198.975,0
SIM00151,stock:ABI,AB InBev,stocks,664.2982,0
SIM00151,stock:NVDA,Nvidia,stocks,113.6494,0
SIM00151,stock:KBC,KBC Group,stocks,52.3395,0
SIM00151,fund:KBC_ECO,KBC Eco Fund,funds,94.9123,0
SIM00151,stock:ASML,ASML Holding,stocks,37.8682,0
SIM00152,fund:KBC_ECO,KBC Eco Fund,funds,17.8759,3
SIM00156,fund:KBC_TECH,KBC Equity Fund Technology,funds,105.2413,9
SIM00158,etf:IWDA,iShares MSCI World ETF,etf,5190.7512,0
SIM00158,bond:OLO_2034,Belgian OLO 2034,bonds,6681.2212,0
SIM00158,stock:NVDA,Nvidia,stocks,88.2549,0
SIM00159,fund:KBC_ECO,KBC Eco Fund,funds,51.057,10
SIM00161,stock:NVDA,Nvidia,stocks,325.2682,0
SIM00161,stock:AAPL,Apple,stocks,21.968,0
SIM00161,stock:UCB,UCB,stocks,99.1671,0
SIM00161,stock:KBC,KBC Group,stocks,58.6679,0
SIM00161,stock:ASML,ASML Holding,stocks,57.3035,0
SIM00161,fund:KBC_PENSION,KBC Pension Savings Fund,funds,321.176,0
SIM00161,fund:KBC_ECO,KBC Eco Fund,funds,77.0574,12
SIM00162,stock:UCB,UCB,stocks,601.0414,0
SIM00162,etf:IWDA,iShares MSCI World ETF,etf,1366.0023,0
SIM00162,stock:KBC,KBC Group,stocks,1021.606,0
SIM00162,stock:AAPL,Apple,stocks,1388.3565,0
SIM00162,fund:KBC_PENSION,KBC Pension Savings Fund,funds,12.5762,17
SIM00166,fund:KBC_PENSION,KBC Pension Savings Fund,funds,25.8585,3
SIM00167,etf:IWDA,iShares MSCI World ETF,etf,30.617,0
SIM00167,etf:VWCE,Vanguard FTSE All-World ETF,etf,16.1344,0
SIM00167,stock:ABI,AB InBev,stocks,3.6242,0
SIM00167,fund:KBC_TECH,KBC Equity Fund Technology,funds,25.9527,0
SIM00167,stock:UCB,UCB,stocks,0.468,0
SIM00167,stock:ASML,ASML Holding,stocks,0.4658,0
SIM00167,fund:KBC_PENSION,KBC Pension Savings Fund,funds,140.8511,21
SIM00168,fund:KBC_TECH,KBC Equity Fund Technology,funds,1343.2867,0
SIM00168,stock:UCB,UCB,stocks,114.2038,0
SIM00168,etf:VWCE,Vanguard FTSE All-World ETF,etf,256.3301,0
SIM00168,stock:ASML,ASML Holding,stocks,72.6931,0
SIM00168,stock:KBC,KBC Group,stocks,1259.3586,0
SIM00168,fund:KBC_PENSION,KBC Pension Savings Fund,funds,158.586,10
SIM00169,stock:NVDA,Nvidia,stocks,82.0929,0
SIM00169,stock:AAPL,Apple,stocks,72.6425,0
SIM00169,etf:VWCE,Vanguard FTSE All-World ETF,etf,0.4305,0
SIM00174,etf:VWCE,Vanguard FTSE All-World ETF,etf,195.6628,0
SIM00174,etf:IWDA,iShares MSCI World ETF,etf,1248.5762,0
SIM00174,stock:KBC,KBC Group,stocks,356.0939,0
SIM00174,bond:OLO_2034,Belgian OLO 2034,bonds,463.5999,0
SIM00174,stock:MSFT,Microsoft,stocks,649.4955,0
SIM00174,stock:ABI,AB InBev,stocks,225.1205,0
SIM00175,stock:SOLB,Solvay,stocks,84.9104,0
SIM00175,stock:ABI,AB InBev,stocks,30.3409,0
SIM00176,fund:KBC_PENSION,KBC Pension Savings Fund,funds,0.0395,0
SIM00176,etf:IWDA,iShares MSCI World ETF,etf,10.2148,0
SIM00176,fund:KBC_ECO,KBC Eco Fund,funds,0.0708,0
SIM00176,stock:KBC,KBC Group,stocks,10.7207,0
SIM00176,etf:VWCE,Vanguard FTSE All-World ETF,etf,1.7041,0
SIM00176,bond:OLO_2034,Belgian OLO 2034,bonds,6.0197,0
SIM00179,etf:VWCE,Vanguard FTSE All-World ETF,etf,362.45,0
SIM00179,stock:AAPL,Apple,stocks,2426.8144,0
SIM00179,fund:KBC_ECO,KBC Eco Fund,funds,48.2416,11
SIM00181,etf:VWCE,Vanguard FTSE All-World ETF,etf,418.8384,0
SIM00181,stock:ASML,ASML Holding,stocks,156.9126,0
SIM00181,stock:MSFT,Microsoft,stocks,888.8505,0
SIM00182,fund:KBC_ECO,KBC Eco Fund,funds,178.5778,0
SIM00182,stock:AAPL,Apple,stocks,2898.1263,0
SIM00182,fund:KBC_PENSION,KBC Pension Savings Fund,funds,61.001,20
SIM00185,stock:AAPL,Apple,stocks,51.2488,0
SIM00185,stock:NVDA,Nvidia,stocks,60.5137,0
SIM00185,fund:KBC_TECH,KBC Equity Fund Technology,funds,16.691,0
SIM00186,bond:EU_2030,EU Bond 2030,bonds,10.9796,0
SIM00186,stock:KBC,KBC Group,stocks,43.7864,0
SIM00186,stock:AAPL,Apple,stocks,93.2996,0
SIM00186,stock:ASML,ASML Holding,stocks,25.4052,0
SIM00190,fund:KBC_PENSION,KBC Pension Savings Fund,funds,101.5708,0
SIM00190,stock:AAPL,Apple,stocks,143.7532,0
SIM00192,stock:UCB,UCB,stocks,176.8284,0
SIM00192,stock:ABI,AB InBev,stocks,499.2367,0
SIM00192,stock:NVDA,Nvidia,stocks,85.6032,0
SIM00192,stock:KBC,KBC Group,stocks,4194.7216,0
SIM00192,fund:KBC_ECO,KBC Eco Fund,funds,633.1409,0
SIM00193,etf:VWCE,Vanguard FTSE All-World ETF,etf,321.2374,0
SIM00193,stock:AAPL,Apple,stocks,602.1909,0
SIM00193,bond:EU_2030,EU Bond 2030,bonds,427.3859,0
SIM00193,fund:KBC_ECO,KBC Eco Fund,funds,36.9933,0
SIM00193,fund:KBC_PENSION,KBC Pension Savings Fund,funds,26.3654,0
SIM00193,stock:KBC,KBC Group,stocks,2653.6602,0
SIM00194,fund:KBC_TECH,KBC Equity Fund Technology,funds,32.9247,0
SIM00194,bond:OLO_2034,Belgian OLO 2034,bonds,1258.5917,0
SIM00194,stock:UCB,UCB,stocks,720.9799,0
SIM00194,bond:EU_2030,EU Bond 2030,bonds,378.0837,0
SIM00194,stock:MSFT,Microsoft,stocks,1450.1103,0
SIM00194,fund:KBC_PENSION,KBC Pension Savings Fund,funds,104.2105,15
SIM00195,stock:ASML,ASML Holding,stocks,615.1602,0
SIM00195,etf:IWDA,iShares MSCI World ETF,etf,359.0823,0
SIM00195,stock:NVDA,Nvidia,stocks,199.7207,0
SIM00195,stock:SOLB,Solvay,stocks,739.607,0
SIM00195,fund:KBC_PENSION,KBC Pension Savings Fund,funds,49.3439,18
SIM00197,stock:ABI,AB InBev,stocks,16.86,0
SIM00197,stock:AAPL,Apple,stocks,913.6035,0
SIM00197,etf:VWCE,Vanguard FTSE All-World ETF,etf,1617.6937,0
SIM00197,stock:MSFT,Microsoft,stocks,126.6266,0
SIM00197,stock:ASML,ASML Holding,stocks,123.1223,0
SIM00197,bond:EU_2030,EU Bond 2030,bonds,322.6022,0
SIM00197,fund:KBC_ECO,KBC Eco Fund,funds,50.3891,7
SIM00198,fund:KBC_ECO,KBC Eco Fund,funds,505.717,0
SIM00198,bond:EU_2030,EU Bond 2030,bonds,40.1164,0
SIM00198,etf:VWCE,Vanguard FTSE All-World ETF,etf,1643.1205,0
SIM00198,fund:KBC_TECH,KBC Equity Fund Technology,funds,60.891,17
SIM00199,etf:VWCE,Vanguard FTSE All-World ETF,etf,70.8057,0
SIM00199,etf:IWDA,iShares MSCI World ETF,etf,506.8058,0
SIM00199,stock:MSFT,Microsoft,stocks,465.1373,0
SIM00199,stock:SOLB,Solvay,stocks,290.4399,0
SIM00199,fund:KBC_ECO,KBC Eco Fund,funds,22.2787,0
SIM00199,fund:KBC_PENSION,KBC Pension Savings Fund,funds,33.9231,20
SIM00200,stock:NVDA,Nvidia,stocks,1503.4993,0
SIM00200,bond:EU_2030,EU Bond 2030,bonds,1005.1046,0
SIM00201,stock:SOLB,Solvay,stocks,389.0229,0
SIM00201,stock:AAPL,Apple,stocks,5286.9834,0
SIM00201,stock:KBC,KBC Group,stocks,1362.794,0
SIM00203,fund:KBC_TECH,KBC Equity Fund Technology,funds,5.2401,0
SIM00203,stock:NVDA,Nvidia,stocks,0.2066,0
SIM00203,etf:IWDA,iShares MSCI World ETF,etf,88.8018,0
SIM00203,stock:ABI,AB InBev,stocks,0.5943,0
SIM00203,stock:MSFT,Microsoft,stocks,0.4497,0
SIM00204,fund:KBC_PENSION,KBC Pension Savings Fund,funds,141.8061,0
SIM00204,stock:NVDA,Nvidia,stocks,212.0863,0
SIM00204,etf:VWCE,Vanguard FTSE All-World ETF,etf,281.2473,0
SIM00204,stock:ASML,ASML Holding,stocks,19.0227,0
SIM00204,etf:IWDA,iShares MSCI World ETF,etf,1039.0005,0
SIM00204,fund:KBC_ECO,KBC Eco Fund,funds,81.2296,0
SIM00206,fund:KBC_PENSION,KBC Pension Savings Fund,funds,160.5276,9
SIM00212,fund:KBC_ECO,KBC Eco Fund,funds,47.9219,10
SIM00213,stock:ABI,AB InBev,stocks,0.7303,0
SIM00213,fund:KBC_ECO,KBC Eco Fund,funds,20.8051,0
SIM00213,stock:KBC,KBC Group,stocks,4.833,0
SIM00213,bond:EU_2030,EU Bond 2030,bonds,20.3649,0
SIM00213,bond:OLO_2034,Belgian OLO 2034,bonds,132.9541,0
SIM00213,fund:KBC_PENSION,KBC Pension Savings Fund,funds,43.4669,0
SIM00214,stock:MSFT,Microsoft,stocks,652.6853,0
SIM00214,stock:ABI,AB InBev,stocks,857.3059,0
SIM00214,stock:UCB,UCB,stocks,2217.2388,0
SIM00214,etf:VWCE,Vanguard FTSE All-World ETF,etf,36.0224,0
SIM00214,fund:KBC_PENSION,KBC Pension Savings Fund,funds,99.3673,4
SIM00215,fund:KBC_ECO,KBC Eco Fund,funds,82.8921,0
SIM00215,stock:NVDA,Nvidia,stocks,15.7757,0
SIM00215,fund:KBC_TECH,KBC Equity Fund Technology,funds,23.232,0
SIM00216,stock:NVDA,Nvidia,stocks,452.566,0
SIM00216,stock:KBC,KBC Group,stocks,1560.3039,0
SIM00216,etf:IWDA,iShares MSCI World ETF,etf,5819.7064,0
SIM00216,fund:KBC_TECH,KBC Equity Fund Technology,funds,108.149,13
SIM00217,fund:KBC_ECO,KBC Eco Fund,funds,0.7576,0
SIM00217,stock:ASML,ASML Holding,stocks,20.8306,0
SIM00217,stock:SOLB,Solvay,stocks,31.5012,0
SIM00218,stock:MSFT,Microsoft,stocks,479.4937,0
SIM00218,etf:IWDA,iShares MSCI World ETF,etf,1043.4751,0
SIM00218,stock:KBC,KBC Group,stocks,355.1677,0
SIM00218,stock:ABI,AB InBev,stocks,148.4703,0
SIM00218,fund:KBC_ECO,KBC Eco Fund,funds,19.0975,3
SIM00219,stock:UCB,UCB,stocks,744.6939,0
SIM00219,stock:KBC,KBC Group,stocks,3451.0797,0
SIM00219,fund:KBC_ECO,KBC Eco Fund,funds,15.0577,7
SIM00220,bond:OLO_2034,Belgian OLO 2034,bonds,0.3609,0
SIM00220,stock:UCB,UCB,stocks,0.9267,0
SIM00220,stock:SOLB,Solvay,stocks,6.8506,0
SIM00221,stock:NVDA,Nvidia,stocks,21.8848,0
SIM00221,bond:EU_2030,EU Bond 2030,bonds,117.973,0
SIM00221,fund:KBC_TECH,KBC Equity Fund Technology,funds,34.0195,3
SIM00227,fund:KBC_ECO,KBC Eco Fund,funds,792.0517,0
SIM00227,stock:ABI,AB InBev,stocks,23.0798,0
SIM00227,etf:IWDA,iShares MSCI World ETF,etf,1489.7019,0
SIM00227,fund:KBC_TECH,KBC Equity Fund Technology,funds,19.0617,21
SIM00230,stock:KBC,KBC Group,stocks,348.5159,0
SIM00230,stock:NVDA,Nvidia,stocks,835.1007,0
SIM00230,fund:KBC_PENSION,KBC Pension Savings Fund,funds,27.5666,13
SIM00234,stock:UCB,UCB,stocks,255.5901,0
SIM00234,stock:ABI,AB InBev,stocks,800.3874,0
SIM00234,stock:ASML,ASML Holding,stocks,906.7471,0
SIM00234,stock:NVDA,Nvidia,stocks,469.8654,0
SIM00234,bond:EU_2030,EU Bond 2030,bonds,183.8618,0
SIM00235,fund:KBC_PENSION,KBC Pension Savings Fund,funds,40.8369,3
SIM00238,etf:IWDA,iShares MSCI World ETF,etf,10.835,0
SIM00238,stock:AAPL,Apple,stocks,11.6629,0
SIM00238,etf:VWCE,Vanguard FTSE All-World ETF,etf,2.4785,0
SIM00238,fund:KBC_PENSION,KBC Pension Savings Fund,funds,47.4645,0
SIM00238,bond:OLO_2034,Belgian OLO 2034,bonds,5.807,0
SIM00239,etf:IWDA,iShares MSCI World ETF,etf,18.7981,0
SIM00239,fund:KBC_PENSION,KBC Pension Savings Fund,funds,164.6775,0
SIM00239,bond:EU_2030,EU Bond 2030,bonds,1.9008,0
SIM00240,fund:KBC_TECH,KBC Equity Fund Technology,funds,42.5707,3
SIM00242,stock:ABI,AB InBev,stocks,12.1187,0
SIM00242,fund:KBC_ECO,KBC Eco Fund,funds,56.1603,0
SIM00242,etf:IWDA,iShares MSCI World ETF,etf,57.584,0
SIM00243,stock:ABI,AB InBev,stocks,26.0679,0
SIM00243,fund:KBC_ECO,KBC Eco Fund,funds,11.419,0
SIM00243,fund:KBC_PENSION,KBC Pension Savings Fund,funds,64.6832,0
SIM00243,bond:OLO_2034,Belgian OLO 2034,bonds,131.0954,0
SIM00245,stock:SOLB,Solvay,stocks,157.3769,0
SIM00245,bond:OLO_2034,Belgian OLO 2034,bonds,131.1107,0
SIM00245,fund:KBC_PENSION,KBC Pension Savings Fund,funds,664.3836,0
SIM00245,stock:NVDA,Nvidia,stocks,222.9194,0
SIM00245,bond:EU_2030,EU Bond 2030,bonds,339.7308,0
SIM00245,fund:KBC_TECH,KBC Equity Fund Technology,funds,43.4558,12
SIM00247,stock:ABI,AB InBev,stocks,265.7225,0
SIM00247,fund:KBC_ECO,KBC Eco Fund,funds,775.2553,0
SIM00247,fund:KBC_TECH,KBC Equity Fund Technology,funds,384.9775,0
SIM00247,fund:KBC_PENSION,KBC Pension Savings Fund,funds,164.115,6
SIM00248,fund:KBC_PENSION,KBC Pension Savings Fund,funds,18.0743,17
SIM00249,stock:UCB,UCB,stocks,120.0666,0
SIM00249,stock:ABI,AB InBev,stocks,683.0849,0
SIM00249,fund:KBC_ECO,KBC Eco Fund,funds,290.5755,0
SIM00249,fund:KBC_PENSION,KBC Pension Savings Fund,funds,1426.876,0
SIM00250,fund:KBC_PENSION,KBC Pension Savings Fund,funds,4.5357,0
SIM00250,etf:IWDA,iShares MSCI World ETF,etf,48.7975,0
SIM00250,fund:KBC_TECH,KBC Equity Fund Technology,funds,2.433,0
SIM00250,stock:ASML,ASML Holding,stocks,0.0914,0
SIM00250,stock:NVDA,Nvidia,stocks,0.1027,0
SIM00255,etf:VWCE,Vanguard FTSE All-World ETF,etf,32.8839,0
SIM00255,bond:EU_2030,EU Bond 2030,bonds,44.856,0
SIM00255,stock:ASML,ASML Holding,stocks,3.0333,0
SIM00255,etf:IWDA,iShares MSCI World ETF,etf,88.4134,0
SIM00257,fund:KBC_PENSION,KBC Pension Savings Fund,funds,278.6885,0
SIM00257,stock:KBC,KBC Group,stocks,114.3782,0
SIM00257,fund:KBC_ECO,KBC Eco Fund,funds,20.758,0
SIM00257,stock:SOLB,Solvay,stocks,2502.8055,0
SIM00257,etf:VWCE,Vanguard FTSE All-World ETF,etf,223.4962,0
SIM00257,fund:KBC_TECH,KBC Equity Fund Technology,funds,111.2969,13
SIM00259,stock:AAPL,Apple,stocks,8.5111,0
SIM00259,fund:KBC_ECO,KBC Eco Fund,funds,21.8544,0
SIM00259,stock:SOLB,Solvay,stocks,10.3379,0
SIM00259,stock:NVDA,Nvidia,stocks,29.1403,0
SIM00259,fund:KBC_TECH,KBC Equity Fund Technology,funds,88.6429,0
SIM00259,etf:VWCE,Vanguard FTSE All-World ETF,etf,2.2635,0
SIM00260,bond:OLO_2034,Belgian OLO 2034,bonds,504.616,0
SIM00260,fund:KBC_PENSION,KBC Pension Savings Fund,funds,67.7902,0
SIM00260,etf:IWDA,iShares MSCI World ETF,etf,52.4892,0
SIM00260,stock:ASML,ASML Holding,stocks,9.3466,0
SIM00260,stock:KBC,KBC Group,stocks,23.5285,0
SIM00260,stock:SOLB,Solvay,stocks,150.506,0
SIM00261,fund:KBC_TECH,KBC Equity Fund Technology,funds,16.0322,18
SIM00262,stock:NVDA,Nvidia,stocks,37.1699,0
SIM00262,fund:KBC_ECO,KBC Eco Fund,funds,61.981,0
SIM00262,etf:VWCE,Vanguard FTSE All-World ETF,etf,2.6705,0
SIM00263,stock:ABI,AB InBev,stocks,6.923,0
SIM00263,stock:MSFT,Microsoft,stocks,1.7071,0
SIM00263,stock:SOLB,Solvay,stocks,5.4645,0
SIM00263,fund:KBC_TECH,KBC Equity Fund Technology,funds,48.0611,0
SIM00263,stock:KBC,KBC Group,stocks,227.5772,0
SIM00263,fund:KBC_ECO,KBC Eco Fund,funds,20.6911,0
SIM00265,fund:KBC_TECH,KBC Equity Fund Technology,funds,24.669,4
SIM00267,fund:KBC_TECH,KBC Equity Fund Technology,funds,11.5478,0
SIM00267,stock:MSFT,Microsoft,stocks,884.3798,0
SIM00267,stock:NVDA,Nvidia,stocks,307.8699,0
SIM00267,stock:ABI,AB InBev,stocks,340.3405,0
SIM00267,stock:UCB,UCB,stocks,210.2761,0
SIM00267,stock:KBC,KBC Group,stocks,585.0602,0
SIM00267,fund:KBC_TECH,KBC Equity Fund Technology,funds,110.2111,18
SIM00268,fund:KBC_PENSION,KBC Pension Savings Fund,funds,1005.0137,0
SIM00268,stock:ASML,ASML Holding,stocks,114.653,0
SIM00268,bond:EU_2030,EU Bond 2030,bonds,1284.6071,0
SIM00268,fund:KBC_ECO,KBC Eco Fund,funds,23.5659,19
SIM00272,stock:MSFT,Microsoft,stocks,11.5299,0
SIM00272,stock:SOLB,Solvay,stocks,5.025,0
SIM00272,fund:KBC_ECO,KBC Eco Fund,funds,1.7569,0
SIM00272,stock:UCB,UCB,stocks,0.6741,0
SIM00272,stock:ABI,AB InBev,stocks,3.9291,0
SIM00273,bond:EU_2030,EU Bond 2030,bonds,70.5253,0
SIM00273,fund:KBC_ECO,KBC Eco Fund,funds,508.8409,0
SIM00273,stock:UCB,UCB,stocks,331.9137,0
SIM00273,stock:AAPL,Apple,stocks,3063.537,0
SIM00273,stock:ABI,AB InBev,stocks,987.4656,0
SIM00273,fund:KBC_TECH,KBC Equity Fund Technology,funds,23.5265,23
SIM00274,fund:KBC_TECH,KBC Equity Fund Technology,funds,101.716,0
SIM00274,fund:KBC_PENSION,KBC Pension Savings Fund,funds,34.2259,0
SIM00275,stock:AAPL,Apple,stocks,39.6139,0
SIM00275,etf:IWDA,iShares MSCI World ETF,etf,520.4423,0
SIM00275,stock:SOLB,Solvay,stocks,2.1437,0
SIM00275,stock:KBC,KBC Group,stocks,29.4018,0
SIM00275,fund:KBC_TECH,KBC Equity Fund Technology,funds,48.0748,0
SIM00275,bond:OLO_2034,Belgian OLO 2034,bonds,26.7477,0
SIM00277,fund:KBC_PENSION,KBC Pension Savings Fund,funds,53.6594,6
SIM00278,stock:MSFT,Microsoft,stocks,31.6478,0
SIM00278,bond:OLO_2034,Belgian OLO 2034,bonds,140.8066,0
SIM00278,fund:KBC_PENSION,KBC Pension Savings Fund,funds,27.4883,0
SIM00278,bond:EU_2030,EU Bond 2030,bonds,8.4624,0
SIM00278,etf:VWCE,Vanguard FTSE All-World ETF,etf,27.8755,0
SIM00278,fund:KBC_TECH,KBC Equity Fund Technology,funds,18.2096,0
SIM00279,bond:OLO_2034,Belgian OLO 2034,bonds,24.6581,0
SIM00279,stock:ABI,AB InBev,stocks,24.1359,0
SIM00279,fund:KBC_TECH,KBC Equity Fund Technology,funds,24.6758,0
SIM00280,stock:KBC,KBC Group,stocks,245.6058,0
SIM00280,etf:VWCE,Vanguard FTSE All-World ETF,etf,209.1811,0
SIM00280,stock:NVDA,Nvidia,stocks,71.59,0
SIM00280,stock:AAPL,Apple,stocks,338.2015,0
SIM00280,etf:IWDA,iShares MSCI World ETF,etf,2735.1953,0
SIM00280,stock:MSFT,Microsoft,stocks,420.3818,0
SIM00283,fund:KBC_PENSION,KBC Pension Savings Fund,funds,43.3287,20
SIM00286,bond:EU_2030,EU Bond 2030,bonds,1096.0505,0
SIM00286,stock:UCB,UCB,stocks,1278.5791,0
SIM00286,stock:MSFT,Microsoft,stocks,441.1963,0
SIM00286,fund:KBC_PENSION,KBC Pension Savings Fund,funds,46.9523,0
SIM00286,stock:SOLB,Solvay,stocks,298.0108,0
SIM00286,etf:IWDA,iShares MSCI World ETF,etf,2140.9689,0
SIM00287,stock:SOLB,Solvay,stocks,181.3848,0
SIM00287,bond:EU_2030,EU Bond 2030,bonds,1.0107,0
SIM00287,fund:KBC_ECO,KBC Eco Fund,funds,9.1907,12
SIM00288,fund:KBC_ECO,KBC Eco Fund,funds,88.689,0
SIM00288,stock:ABI,AB InBev,stocks,2.424,0
SIM00288,stock:MSFT,Microsoft,stocks,2769.7591,0
SIM00288,stock:AAPL,Apple,stocks,701.7508,0
SIM00289,fund:KBC_TECH,KBC Equity Fund Technology,funds,58.8351,4
SIM00293,fund:KBC_ECO,KBC Eco Fund,funds,153.668,0
SIM00293,stock:ASML,ASML Holding,stocks,179.833,0
SIM00293,stock:MSFT,Microsoft,stocks,591.689,0
SIM00293,bond:OLO_2034,Belgian OLO 2034,bonds,657.5596,0
SIM00293,etf:IWDA,iShares MSCI World ETF,etf,266.9016,0
SIM00293,fund:KBC_PENSION,KBC Pension Savings Fund,funds,98.663,12
SIM00299,fund:KBC_PENSION,KBC Pension Savings Fund,funds,218.7835,0
SIM00299,etf:VWCE,Vanguard FTSE All-World ETF,etf,324.1305,0
SIM00299,etf:IWDA,iShares MSCI World ETF,etf,9633.8709,0
SIM00299,bond:EU_2030,EU Bond 2030,bonds,99.7617,0
SIM00299,fund:KBC_TECH,KBC Equity Fund Technology,funds,1426.4172,0
SIM00299,fund:KBC_ECO,KBC Eco Fund,funds,11.6491,23
SIM00300,stock:ASML,ASML Holding,stocks,1.7022,0
SIM00300,etf:IWDA,iShares MSCI World ETF,etf,27.8078,0
SIM00300,stock:NVDA,Nvidia,stocks,4.713,0
SIM00300,stock:AAPL,Apple,stocks,13.8092,0
SIM00300,bond:OLO_2034,Belgian OLO 2034,bonds,10.1254,0
SIM00300,fund:KBC_TECH,KBC Equity Fund Technology,funds,8.8044,0
SIM00300,fund:KBC_PENSION,KBC Pension Savings Fund,funds,52.5124,15
SIM00303,etf:VWCE,Vanguard FTSE All-World ETF,etf,27.3535,0
SIM00303,stock:ABI,AB InBev,stocks,0.1549,0
SIM00303,stock:NVDA,Nvidia,stocks,6.9618,0
SIM00303,fund:KBC_TECH,KBC Equity Fund Technology,funds,66.6401,0
SIM00303,stock:MSFT,Microsoft,stocks,78.8689,0
SIM00303,stock:KBC,KBC Group,stocks,4.9121,0
SIM00305,stock:KBC,KBC Group,stocks,87.433,0
SIM00305,bond:OLO_2034,Belgian OLO 2034,bonds,81.3586,0
SIM00305,stock:ASML,ASML Holding,stocks,118.0569,0
SIM00305,stock:SOLB,Solvay,stocks,140.1737,0
SIM00305,fund:KBC_TECH,KBC Equity Fund Technology,funds,82.62,0
SIM00306,stock:ASML,ASML Holding,stocks,23.773,0
SIM00306,bond:OLO_2034,Belgian OLO 2034,bonds,54.5271,0
SIM00306,fund:KBC_TECH,KBC Equity Fund Technology,funds,6.7662,0
SIM00306,stock:ABI,AB InBev,stocks,0.5903,0
SIM00308,stock:SOLB,Solvay,stocks,31.9494,0
SIM00308,stock:NVDA,Nvidia,stocks,18.1276,0
SIM00308,etf:VWCE,Vanguard FTSE All-World ETF,etf,26.5489,0
SIM00309,etf:VWCE,Vanguard FTSE All-World ETF,etf,294.9821,0
SIM00309,bond:OLO_2034,Belgian OLO 2034,bonds,1982.3212,0
SIM00309,bond:EU_2030,EU Bond 2030,bonds,14.2086,0
SIM00309,fund:KBC_PENSION,KBC Pension Savings Fund,funds,169.1261,0
SIM00309,fund:KBC_TECH,KBC Equity Fund Technology,funds,78.6755,0
SIM00309,stock:MSFT,Microsoft,stocks,447.834,0
SIM00311,fund:KBC_TECH,KBC Equity Fund Technology,funds,918.137,0
SIM00311,bond:EU_2030,EU Bond 2030,bonds,1009.5548,0
SIM00311,stock:NVDA,Nvidia,stocks,237.3572,0
SIM00311,etf:VWCE,Vanguard FTSE All-World ETF,etf,1794.8978,0
SIM00311,stock:MSFT,Microsoft,stocks,149.3117,0
SIM00311,fund:KBC_ECO,KBC Eco Fund,funds,73.5575,9
SIM00314,fund:KBC_PENSION,KBC Pension Savings Fund,funds,120.5249,22
SIM00315,stock:KBC,KBC Group,stocks,92.7338,0
SIM00315,stock:NVDA,Nvidia,stocks,8.4193,0
SIM00315,stock:MSFT,Microsoft,stocks,34.8981,0
SIM00315,stock:ASML,ASML Holding,stocks,30.5975,0
SIM00315,stock:SOLB,Solvay,stocks,8.7546,0
SIM00315,stock:UCB,UCB,stocks,29.3224,0
SIM00318,etf:IWDA,iShares MSCI World ETF,etf,6.4525,0
SIM00318,stock:NVDA,Nvidia,stocks,3.1745,0
SIM00318,fund:KBC_TECH,KBC Equity Fund Technology,funds,5.7013,0
SIM00320,fund:KBC_PENSION,KBC Pension Savings Fund,funds,77.0904,16
SIM00321,stock:AAPL,Apple,stocks,197.835,0
SIM00321,stock:NVDA,Nvidia,stocks,76.7195,0
SIM00321,stock:ABI,AB InBev,stocks,277.7526,0
SIM00321,fund:KBC_ECO,KBC Eco Fund,funds,118.1747,0
SIM00321,stock:MSFT,Microsoft,stocks,1705.1697,0
SIM00321,etf:VWCE,Vanguard FTSE All-World ETF,etf,37.1495,0
SIM00326,bond:EU_2030,EU Bond 2030,bonds,1.3901,0
SIM00326,stock:NVDA,Nvidia,stocks,80.3959,0
SIM00326,stock:AAPL,Apple,stocks,12.6939,0
SIM00326,stock:SOLB,Solvay,stocks,45.9083,0
SIM00326,fund:KBC_ECO,KBC Eco Fund,funds,18.9739,0
SIM00329,fund:KBC_ECO,KBC Eco Fund,funds,24.7481,22
SIM00330,stock:SOLB,Solvay,stocks,1453.993,0
SIM00330,fund:KBC_ECO,KBC Eco Fund,funds,1614.683,0
SIM00330,etf:VWCE,Vanguard FTSE All-World ETF,etf,955.7417,0
SIM00330,fund:KBC_PENSION,KBC Pension Savings Fund,funds,40.3184,20
SIM00331,stock:UCB,UCB,stocks,147.0253,0
SIM00331,stock:ASML,ASML Holding,stocks,429.7303,0
SIM00331,stock:MSFT,Microsoft,stocks,192.1458,0
SIM00331,stock:NVDA,Nvidia,stocks,247.5329,0
SIM00331,bond:OLO_2034,Belgian OLO 2034,bonds,1078.8204,0
SIM00332,stock:SOLB,Solvay,stocks,9.4032,0
SIM00332,stock:ASML,ASML Holding,stocks,0.7531,0
SIM00332,etf:IWDA,iShares MSCI World ETF,etf,36.8921,0
SIM00332,stock:KBC,KBC Group,stocks,129.9958,0
SIM00332,bond:OLO_2034,Belgian OLO 2034,bonds,124.1513,0
SIM00335,fund:KBC_ECO,KBC Eco Fund,funds,23.6453,21
SIM00337,stock:ASML,ASML Holding,stocks,12.2984,0
SIM00337,stock:AAPL,Apple,stocks,36.3251,0
SIM00337,stock:UCB,UCB,stocks,82.3469,0
SIM00337,fund:KBC_PENSION,KBC Pension Savings Fund,funds,93.4647,14
SIM00338,fund:KBC_TECH,KBC Equity Fund Technology,funds,6.2452,0
SIM00338,stock:UCB,UCB,stocks,93.3281,0
SIM00338,stock:AAPL,Apple,stocks,11.1636,0
SIM00338,bond:OLO_2034,Belgian OLO 2034,bonds,941.4406,0
SIM00339,bond:EU_2030,EU Bond 2030,bonds,291.1425,0
SIM00339,stock:ABI,AB InBev,stocks,721.6673,0
SIM00339,fund:KBC_ECO,KBC Eco Fund,funds,90.051,0
SIM00339,fund:KBC_TECH,KBC Equity Fund Technology,funds,445.7682,0
SIM00340,bond:OLO_2034,Belgian OLO 2034,bonds,1472.6592,0
SIM00340,fund:KBC_PENSION,KBC Pension Savings Fund,funds,744.3648,0
SIM00340,stock:ABI,AB InBev,stocks,452.5428,0
SIM00340,stock:AAPL,Apple,stocks,145.1481,0
SIM00342,fund:KBC_TECH,KBC Equity Fund Technology,funds,8.2414,11
SIM00343,fund:KBC_TECH,KBC Equity Fund Technology,funds,7.4483,19
SIM00344,stock:ASML,ASML Holding,stocks,2.9107,0
SIM00344,bond:EU_2030,EU Bond 2030,bonds,2084.1974,0
SIM00344,etf:IWDA,iShares MSCI World ETF,etf,9734.5049,0
SIM00344,stock:NVDA,Nvidia,stocks,257.1214,0
SIM00344,fund:KBC_ECO,KBC Eco Fund,funds,192.4437,0
SIM00344,fund:KBC_TECH,KBC Equity Fund Technology,funds,108.2239,6
SIM00345,stock:KBC,KBC Group,stocks,690.0479,0
SIM00345,stock:AAPL,Apple,stocks,2159.1814,0
SIM00345,stock:MSFT,Microsoft,stocks,917.6391,0
SIM00345,etf:IWDA,iShares MSCI World ETF,etf,3255.2141,0
SIM00346,fund:KBC_ECO,KBC Eco Fund,funds,25.3921,0
SIM00346,stock:AAPL,Apple,stocks,842.6402,0
SIM00346,stock:ABI,AB InBev,stocks,267.3208,0
SIM00346,stock:KBC,KBC Group,stocks,718.1014,0
SIM00346,etf:VWCE,Vanguard FTSE All-World ETF,etf,1427.0228,0
SIM00346,stock:SOLB,Solvay,stocks,122.5647,0
SIM00346,fund:KBC_PENSION,KBC Pension Savings Fund,funds,137.5645,12
SIM00348,bond:EU_2030,EU Bond 2030,bonds,32.2247,0
SIM00348,stock:KBC,KBC Group,stocks,19.0643,0
SIM00348,fund:KBC_ECO,KBC Eco Fund,funds,11.1137,0
SIM00349,stock:ASML,ASML Holding,stocks,125.6589,0
SIM00349,etf:VWCE,Vanguard FTSE All-World ETF,etf,30.9702,0
SIM00349,stock:NVDA,Nvidia,stocks,13.8968,0
SIM00349,etf:IWDA,iShares MSCI World ETF,etf,22.1882,0
SIM00349,stock:AAPL,Apple,stocks,0.188,0
SIM00352,fund:KBC_TECH,KBC Equity Fund Technology,funds,7.1131,10
SIM00353,etf:IWDA,iShares MSCI World ETF,etf,1792.7405,0
SIM00353,stock:ASML,ASML Holding,stocks,37.4363,0
SIM00353,stock:UCB,UCB,stocks,58.9055,0
SIM00353,stock:ABI,AB InBev,stocks,37.7784,0
SIM00353,fund:KBC_ECO,KBC Eco Fund,funds,688.6774,0
SIM00353,stock:AAPL,Apple,stocks,745.9755,0
SIM00354,etf:IWDA,iShares MSCI World ETF,etf,43.0763,0
SIM00354,stock:ASML,ASML Holding,stocks,4.2488,0
SIM00354,fund:KBC_PENSION,KBC Pension Savings Fund,funds,16.6106,0
SIM00354,fund:KBC_ECO,KBC Eco Fund,funds,25.4296,0
SIM00354,fund:KBC_TECH,KBC Equity Fund Technology,funds,18.39,0
SIM00354,stock:AAPL,Apple,stocks,32.8022,0
SIM00356,bond:OLO_2034,Belgian OLO 2034,bonds,4007.8019,0
SIM00356,fund:KBC_ECO,KBC Eco Fund,funds,1716.2571,0
SIM00356,fund:KBC_ECO,KBC Eco Fund,funds,22.2754,3
SIM00357,stock:ASML,ASML Holding,stocks,999.1526,0
SIM00357,fund:KBC_PENSION,KBC Pension Savings Fund,funds,3520.5121,0
SIM00359,stock:ASML,ASML Holding,stocks,1033.5615,0
SIM00359,bond:EU_2030,EU Bond 2030,bonds,112.5892,0
SIM00359,bond:OLO_2034,Belgian OLO 2034,bonds,4596.4633,0
SIM00359,stock:MSFT,Microsoft,stocks,321.9591,0
SIM00359,stock:AAPL,Apple,stocks,4022.3018,0
SIM00360,etf:IWDA,iShares MSCI World ETF,etf,456.2207,0
SIM00360,stock:MSFT,Microsoft,stocks,48.0002,0
SIM00360,stock:AAPL,Apple,stocks,36.0912,0
SIM00361,stock:NVDA,Nvidia,stocks,23.5131,0
SIM00361,bond:OLO_2034,Belgian OLO 2034,bonds,323.2254,0
SIM00362,fund:KBC_ECO,KBC Eco Fund,funds,3.9584,0
SIM00362,bond:EU_2030,EU Bond 2030,bonds,35.7176,0
SIM00362,stock:SOLB,Solvay,stocks,35.5196,0
SIM00362,stock:NVDA,Nvidia,stocks,14.9466,0
SIM00362,stock:AAPL,Apple,stocks,30.7025,0
SIM00362,etf:VWCE,Vanguard FTSE All-World ETF,etf,127.0177,0
SIM00365,fund:KBC_PENSION,KBC Pension Savings Fund,funds,240.2514,0
SIM00365,stock:ABI,AB InBev,stocks,819.0507,0
SIM00366,stock:ABI,AB InBev,stocks,21.3457,0
SIM00366,fund:KBC_ECO,KBC Eco Fund,funds,0.2247,0
SIM00366,etf:VWCE,Vanguard FTSE All-World ETF,etf,14.6571,0
SIM00366,stock:NVDA,Nvidia,stocks,13.4343,0
SIM00366,stock:UCB,UCB,stocks,2.7749,0
SIM00366,stock:KBC,KBC Group,stocks,68.5343,0
SIM00367,stock:SOLB,Solvay,stocks,163.6102,0
SIM00367,bond:OLO_2034,Belgian OLO 2034,bonds,36.3559,0
SIM00367,stock:KBC,KBC Group,stocks,674.8913,0
SIM00367,stock:UCB,UCB,stocks,1232.3706,0
SIM00367,fund:KBC_ECO,KBC Eco Fund,funds,6.5809,0
SIM00369,stock:ABI,AB InBev,stocks,55.3061,0
SIM00369,stock:ASML,ASML Holding,stocks,26.1968,0
SIM00369,fund:KBC_PENSION,KBC Pension Savings Fund,funds,33.907,0
SIM00369,stock:NVDA,Nvidia,stocks,11.9988,0
SIM00369,fund:KBC_ECO,KBC Eco Fund,funds,63.1732,12
SIM00370,stock:ASML,ASML Holding,stocks,57.2663,0
SIM00370,stock:UCB,UCB,stocks,5.3695,0
SIM00370,bond:OLO_2034,Belgian OLO 2034,bonds,99.7543,0
SIM00370,fund:KBC_TECH,KBC Equity Fund Technology,funds,230.4353,0
SIM00370,fund:KBC_PENSION,KBC Pension Savings Fund,funds,104.5485,0
SIM00376,fund:KBC_PENSION,KBC Pension Savings Fund,funds,41.1206,4
SIM00378,fund:KBC_TECH,KBC Equity Fund Technology,funds,93.4123,17
SIM00379,bond:OLO_2034,Belgian OLO 2034,bonds,1044.5072,0
SIM00379,stock:MSFT,Microsoft,stocks,3877.6842,0
SIM00379,stock:NVDA,Nvidia,stocks,62.5066,0
SIM00379,stock:AAPL,Apple,stocks,1971.2627,0
SIM00379,stock:ABI,AB InBev,stocks,298.6483,0
SIM00379,fund:KBC_TECH,KBC Equity Fund Technology,funds,220.513,0
SIM00379,fund:KBC_TECH,KBC Equity Fund Technology,funds,23.9456,8
SIM00382,stock:SOLB,Solvay,stocks,400.1819,0
SIM00382,stock:UCB,UCB,stocks,388.6639,0
SIM00382,fund:KBC_TECH,KBC Equity Fund Technology,funds,529.535,0
SIM00382,stock:AAPL,Apple,stocks,746.8753,0
SIM00382,fund:KBC_ECO,KBC Eco Fund,funds,21.807,20
SIM00383,stock:ASML,ASML Holding,stocks,39.9036,0
SIM00383,stock:NVDA,Nvidia,stocks,221.6452,0
SIM00383,stock:SOLB,Solvay,stocks,46.9351,0
SIM00383,stock:UCB,UCB,stocks,122.177,0
SIM00383,stock:AAPL,Apple,stocks,833.6591,0
SIM00385,fund:KBC_ECO,KBC Eco Fund,funds,25.9619,16
SIM00386,fund:KBC_TECH,KBC Equity Fund Technology,funds,115.7496,0
SIM00386,stock:UCB,UCB,stocks,43.7857,0
SIM00386,stock:ABI,AB InBev,stocks,32.0431,0
SIM00386,stock:MSFT,Microsoft,stocks,297.5837,0
SIM00386,bond:EU_2030,EU Bond 2030,bonds,58.4685,0
SIM00388,etf:IWDA,iShares MSCI World ETF,etf,1036.1381,0
SIM00388,stock:UCB,UCB,stocks,122.4192,0
SIM00388,stock:KBC,KBC Group,stocks,1071.0244,0
SIM00388,stock:AAPL,Apple,stocks,1695.3016,0
SIM00388,bond:EU_2030,EU Bond 2030,bonds,182.4677,0
SIM00388,etf:VWCE,Vanguard FTSE All-World ETF,etf,541.775,0
SIM00388,fund:KBC_PENSION,KBC Pension Savings Fund,funds,146.7611,5
SIM00390,etf:IWDA,iShares MSCI World ETF,etf,1292.4258,0
SIM00390,stock:KBC,KBC Group,stocks,41.9792,0
SIM00391,fund:KBC_ECO,KBC Eco Fund,funds,1421.5073,0
SIM00391,fund:KBC_TECH,KBC Equity Fund Technology,funds,1650.0002,0
SIM00391,stock:MSFT,Microsoft,stocks,131.6217,0
SIM00391,fund:KBC_PENSION,KBC Pension Savings Fund,funds,290.7503,0
SIM00391,etf:VWCE,Vanguard FTSE All-World ETF,etf,353.0902,0
SIM00391,stock:AAPL,Apple,stocks,789.6172,0
SIM00393,stock:NVDA,Nvidia,stocks,0.8705,0
SIM00393,stock:MSFT,Microsoft,stocks,19.8482,0
SIM00393,etf:IWDA,iShares MSCI World ETF,etf,10.9973,0
SIM00393,stock:AAPL,Apple,stocks,0.7652,0
SIM00393,stock:UCB,UCB,stocks,6.1719,0
SIM00393,fund:KBC_PENSION,KBC Pension Savings Fund,funds,4.0195,0
SIM00394,stock:ASML,ASML Holding,stocks,235.0664,0
SIM00394,stock:MSFT,Microsoft,stocks,1853.438,0
SIM00394,stock:AAPL,Apple,stocks,1072.4844,0
SIM00394,stock:UCB,UCB,stocks,1148.0231,0
SIM00394,fund:KBC_PENSION,KBC Pension Savings Fund,funds,16.2772,3
SIM00396,fund:KBC_TECH,KBC Equity Fund Technology,funds,98.9898,11
SIM00397,stock:ABI,AB InBev,stocks,465.3874,0
SIM00397,stock:ASML,ASML Holding,stocks,86.2476,0
SIM00397,stock:SOLB,Solvay,stocks,100.3391,0
SIM00397,fund:KBC_ECO,KBC Eco Fund,funds,17.0964,18
SIM00400,stock:ABI,AB InBev,stocks,41.7705,0
SIM00400,stock:AAPL,Apple,stocks,29.9809,0
SIM00400,stock:ASML,ASML Holding,stocks,9.8802,0
SIM00400,etf:IWDA,iShares MSCI World ETF,etf,140.1582,0
SIM00400,fund:KBC_TECH,KBC Equity Fund Technology,funds,0.6562,0
SIM00400,stock:MSFT,Microsoft,stocks,5.795,0
SIM00401,stock:MSFT,Microsoft,stocks,1014.3748,0
SIM00401,bond:OLO_2034,Belgian OLO 2034,bonds,9.3833,0
SIM00401,stock:AAPL,Apple,stocks,451.7657,0
SIM00401,bond:EU_2030,EU Bond 2030,bonds,251.0265,0
SIM00401,stock:NVDA,Nvidia,stocks,251.6391,0
SIM00402,bond:EU_2030,EU Bond 2030,bonds,780.1264,0
SIM00402,stock:ASML,ASML Holding,stocks,619.3186,0
SIM00402,stock:AAPL,Apple,stocks,17.2117,0
SIM00402,fund:KBC_PENSION,KBC Pension Savings Fund,funds,143.4594,16
SIM00403,etf:IWDA,iShares MSCI World ETF,etf,8293.0811,0
SIM00403,fund:KBC_PENSION,KBC Pension Savings Fund,funds,3099.4474,0
SIM00403,stock:SOLB,Solvay,stocks,830.3063,0
SIM00403,bond:EU_2030,EU Bond 2030,bonds,81.5959,0
SIM00403,fund:KBC_TECH,KBC Equity Fund Technology,funds,2048.8991,0
SIM00404,etf:VWCE,Vanguard FTSE All-World ETF,etf,561.0936,0
SIM00404,fund:KBC_ECO,KBC Eco Fund,funds,1659.9724,0
SIM00405,stock:SOLB,Solvay,stocks,123.3404,0
SIM00405,stock:KBC,KBC Group,stocks,17.4619,0
SIM00406,fund:KBC_PENSION,KBC Pension Savings Fund,funds,159.1231,11
SIM00409,stock:ABI,AB InBev,stocks,14.9673,0
SIM00409,stock:MSFT,Microsoft,stocks,102.4078,0
SIM00409,etf:IWDA,iShares MSCI World ETF,etf,18.5715,0
SIM00409,bond:OLO_2034,Belgian OLO 2034,bonds,16.1189,0
SIM00409,stock:UCB,UCB,stocks,18.5649,0
SIM00411,fund:KBC_ECO,KBC Eco Fund,funds,374.6263,0
SIM00411,bond:EU_2030,EU Bond 2030,bonds,315.3158,0
SIM00411,stock:AAPL,Apple,stocks,1696.9063,0
SIM00411,fund:KBC_PENSION,KBC Pension Savings Fund,funds,657.8009,0
SIM00411,fund:KBC_ECO,KBC Eco Fund,funds,72.65,9
SIM00419,fund:KBC_PENSION,KBC Pension Savings Fund,funds,2.9978,0
SIM00419,stock:NVDA,Nvidia,stocks,17.1714,0
SIM00419,etf:IWDA,iShares MSCI World ETF,etf,116.4415,0
SIM00419,fund:KBC_ECO,KBC Eco Fund,funds,2.3649,0
SIM00423,stock:SOLB,Solvay,stocks,1675.3462,0
SIM00423,bond:EU_2030,EU Bond 2030,bonds,2071.5314,0
SIM00425,stock:UCB,UCB,stocks,34.2309,0
SIM00425,stock:SOLB,Solvay,stocks,69.8713,0
SIM00429,bond:EU_2030,EU Bond 2030,bonds,23.4989,0
SIM00429,etf:VWCE,Vanguard FTSE All-World ETF,etf,37.1502,0
SIM00430,fund:KBC_PENSION,KBC Pension Savings Fund,funds,1756.8482,0
SIM00430,stock:KBC,KBC Group,stocks,361.541,0
SIM00430,bond:OLO_2034,Belgian OLO 2034,bonds,760.3015,0
SIM00430,fund:KBC_ECO,KBC Eco Fund,funds,204.0661,0
SIM00430,fund:KBC_TECH,KBC Equity Fund Technology,funds,96.4891,0
SIM00430,stock:UCB,UCB,stocks,46.7483,0
SIM00430,fund:KBC_TECH,KBC Equity Fund Technology,funds,53.6623,17
SIM00431,stock:ASML,ASML Holding,stocks,144.7921,0
SIM00431,etf:VWCE,Vanguard FTSE All-World ETF,etf,1850.9947,0
SIM00431,fund:KBC_PENSION,KBC Pension Savings Fund,funds,17.7952,21
SIM00434,fund:KBC_ECO,KBC Eco Fund,funds,17.4942,9
SIM00435,etf:IWDA,iShares MSCI World ETF,etf,1182.7866,0
SIM00435,stock:ASML,ASML Holding,stocks,77.7472,0
SIM00435,stock:AAPL,Apple,stocks,128.2729,0
SIM00435,stock:UCB,UCB,stocks,193.7002,0
SIM00435,bond:EU_2030,EU Bond 2030,bonds,403.1703,0
SIM00435,bond:OLO_2034,Belgian OLO 2034,bonds,2394.3227,0
SIM00436,fund:KBC_ECO,KBC Eco Fund,funds,73.1176,0
SIM00436,stock:AAPL,Apple,stocks,2396.4132,0
SIM00436,bond:OLO_2034,Belgian OLO 2034,bonds,3409.7245,0
SIM00436,fund:KBC_PENSION,KBC Pension Savings Fund,funds,92.1924,6
SIM00437,etf:VWCE,Vanguard FTSE All-World ETF,etf,204.4183,0
SIM00437,stock:KBC,KBC Group,stocks,394.1915,0
SIM00437,stock:ASML,ASML Holding,stocks,108.7844,0
SIM00437,fund:KBC_PENSION,KBC Pension Savings Fund,funds,224.8991,0
SIM00439,fund:KBC_ECO,KBC Eco Fund,funds,992.335,0
SIM00439,etf:VWCE,Vanguard FTSE All-World ETF,etf,353.0696,0
SIM00439,stock:SOLB,Solvay,stocks,155.0602,0
SIM00439,bond:OLO_2034,Belgian OLO 2034,bonds,834.2241,0
SIM00439,stock:MSFT,Microsoft,stocks,1923.5125,0
SIM00440,bond:EU_2030,EU Bond 2030,bonds,3.083,0
SIM00440,stock:AAPL,Apple,stocks,42.3388,0
SIM00440,etf:VWCE,Vanguard FTSE All-World ETF,etf,21.7443,0
SIM00440,stock:KBC,KBC Group,stocks,6.9538,0
SIM00440,fund:KBC_ECO,KBC Eco Fund,funds,16.0779,0
SIM00440,bond:OLO_2034,Belgian OLO 2034,bonds,202.6792,0
SIM00441,etf:VWCE,Vanguard FTSE All-World ETF,etf,2.9404,0
SIM00441,stock:AAPL,Apple,stocks,54.3454,0
SIM00441,etf:IWDA,iShares MSCI World ETF,etf,66.0227,0
SIM00441,bond:EU_2030,EU Bond 2030,bonds,24.4704,0
SIM00441,fund:KBC_PENSION,KBC Pension Savings Fund,funds,1.9484,0
SIM00441,fund:KBC_TECH,KBC Equity Fund Technology,funds,61.011,17
SIM00443,fund:KBC_TECH,KBC Equity Fund Technology,funds,13.1616,0
SIM00443,stock:SOLB,Solvay,stocks,4.903,0
SIM00443,stock:ASML,ASML Holding,stocks,11.8153,0
SIM00443,stock:AAPL,Apple,stocks,2.7791,0
SIM00443,stock:NVDA,Nvidia,stocks,4.7325,0
SIM00443,bond:EU_2030,EU Bond 2030,bonds,109.5045,0
SIM00447,fund:KBC_TECH,KBC Equity Fund Technology,funds,41.1616,0
SIM00447,etf:IWDA,iShares MSCI World ETF,etf,785.9996,0
SIM00447,stock:ABI,AB InBev,stocks,18.4181,0
SIM00447,fund:KBC_PENSION,KBC Pension Savings Fund,funds,125.3099,8
SIM00448,stock:ABI,AB InBev,stocks,27.0485,0
SIM00448,stock:UCB,UCB,stocks,27.5054,0
SIM00448,bond:EU_2030,EU Bond 2030,bonds,53.1649,0
SIM00448,etf:IWDA,iShares MSCI World ETF,etf,4.3954,0
SIM00448,fund:KBC_ECO,KBC Eco Fund,funds,0.0294,0
SIM00448,fund:KBC_TECH,KBC Equity Fund Technology,funds,18.6595,0
SIM00448,fund:KBC_PENSION,KBC Pension Savings Fund,funds,39.9774,12
SIM00449,stock:KBC,KBC Group,stocks,392.626,0
SIM00449,fund:KBC_ECO,KBC Eco Fund,funds,392.755,0
SIM00449,stock:MSFT,Microsoft,stocks,418.501,0
SIM00449,etf:IWDA,iShares MSCI World ETF,etf,2768.699,0
SIM00449,fund:KBC_ECO,KBC Eco Fund,funds,6.2669,7
SIM00450,etf:VWCE,Vanguard FTSE All-World ETF,etf,8.1301,0
SIM00450,fund:KBC_PENSION,KBC Pension Savings Fund,funds,382.9223,0
SIM00450,bond:OLO_2034,Belgian OLO 2034,bonds,81.2976,0
SIM00450,fund:KBC_TECH,KBC Equity Fund Technology,funds,608.9751,0
SIM00451,fund:KBC_TECH,KBC Equity Fund Technology,funds,60.0769,18
SIM00452,stock:ABI,AB InBev,stocks,39.935,0
SIM00452,bond:EU_2030,EU Bond 2030,bonds,231.2588,0
SIM00453,bond:EU_2030,EU Bond 2030,bonds,413.6059,0
SIM00453,stock:SOLB,Solvay,stocks,4396.6367,0
SIM00453,etf:VWCE,Vanguard FTSE All-World ETF,etf,618.9744,0
SIM00453,stock:ASML,ASML Holding,stocks,297.0912,0
SIM00454,fund:KBC_PENSION,KBC Pension Savings Fund,funds,136.5254,17
SIM00456,fund:KBC_TECH,KBC Equity Fund Technology,funds,111.5239,4
SIM00457,bond:OLO_2034,Belgian OLO 2034,bonds,142.804,0
SIM00457,stock:KBC,KBC Group,stocks,453.4429,0
SIM00458,stock:UCB,UCB,stocks,2.5382,0
SIM00458,fund:KBC_PENSION,KBC Pension Savings Fund,funds,13.7142,0
SIM00458,stock:MSFT,Microsoft,stocks,6.16,0
SIM00459,fund:KBC_ECO,KBC Eco Fund,funds,154.9709,0
SIM00459,stock:ABI,AB InBev,stocks,200.2845,0
SIM00459,bond:OLO_2034,Belgian OLO 2034,bonds,1388.4032,0
SIM00460,stock:SOLB,Solvay,stocks,904.1778,0
SIM00460,bond:OLO_2034,Belgian OLO 2034,bonds,2829.9734,0
SIM00460,fund:KBC_PENSION,KBC Pension Savings Fund,funds,35.5617,9
SIM00465,etf:IWDA,iShares MSCI World ETF,etf,22986.9697,0
SIM00465,stock:NVDA,Nvidia,stocks,983.3042,0
SIM00465,fund:KBC_TECH,KBC Equity Fund Technology,funds,49.24,13
SIM00470,stock:MSFT,Microsoft,stocks,95.6582,0
SIM00470,bond:EU_2030,EU Bond 2030,bonds,32.6333,0
SIM00470,fund:KBC_TECH,KBC Equity Fund Technology,funds,3.5544,0
SIM00470,fund:KBC_ECO,KBC Eco Fund,funds,54.1609,0
SIM00470,stock:KBC,KBC Group,stocks,7.415,0
SIM00470,fund:KBC_ECO,KBC Eco Fund,funds,67.6333,22
SIM00471,bond:OLO_2034,Belgian OLO 2034,bonds,6270.4247,0
SIM00471,bond:EU_2030,EU Bond 2030,bonds,203.8346,0
SIM00471,fund:KBC_ECO,KBC Eco Fund,funds,801.3545,0
SIM00474,stock:UCB,UCB,stocks,6.8996,0
SIM00474,stock:SOLB,Solvay,stocks,0.2379,0
SIM00474,stock:ABI,AB InBev,stocks,2.5277,0
SIM00474,bond:OLO_2034,Belgian OLO 2034,bonds,103.9736,0
SIM00475,stock:MSFT,Microsoft,stocks,579.9534,0
SIM00475,stock:ASML,ASML Holding,stocks,14.9743,0
SIM00477,fund:KBC_TECH,KBC Equity Fund Technology,funds,289.4892,0
SIM00477,stock:MSFT,Microsoft,stocks,221.7422,0
SIM00477,bond:OLO_2034,Belgian OLO 2034,bonds,2976.5073,0
SIM00477,stock:ABI,AB InBev,stocks,590.0595,0
SIM00477,fund:KBC_PENSION,KBC Pension Savings Fund,funds,1548.6378,0
SIM00478,fund:KBC_TECH,KBC Equity Fund Technology,funds,815.0675,0
SIM00478,fund:KBC_ECO,KBC Eco Fund,funds,428.964,0
SIM00478,stock:MSFT,Microsoft,stocks,1671.7832,0
SIM00478,stock:SOLB,Solvay,stocks,650.0768,0
SIM00478,fund:KBC_PENSION,KBC Pension Savings Fund,funds,736.797,0
SIM00478,etf:VWCE,Vanguard FTSE All-World ETF,etf,32.5185,0
SIM00480,etf:VWCE,Vanguard FTSE All-World ETF,etf,10.8811,0
SIM00480,etf:IWDA,iShares MSCI World ETF,etf,24.8881,0
SIM00480,stock:AAPL,Apple,stocks,15.0876,0
SIM00480,bond:OLO_2034,Belgian OLO 2034,bonds,8.3877,0
SIM00480,stock:MSFT,Microsoft,stocks,0.5767,0
SIM00480,fund:KBC_ECO,KBC Eco Fund,funds,1.6671,0
SIM00481,fund:KBC_TECH,KBC Equity Fund Technology,funds,2434.1113,0
SIM00481,bond:EU_2030,EU Bond 2030,bonds,121.8512,0
SIM00482,etf:VWCE,Vanguard FTSE All-World ETF,etf,7.7772,0
SIM00482,fund:KBC_PENSION,KBC Pension Savings Fund,funds,7.8953,0
SIM00482,stock:SOLB,Solvay,stocks,34.4343,0
SIM00482,stock:ABI,AB InBev,stocks,25.0812,0
SIM00482,stock:ASML,ASML Holding,stocks,12.533,0
SIM00482,bond:OLO_2034,Belgian OLO 2034,bonds,142.5401,0
SIM00483,fund:KBC_ECO,KBC Eco Fund,funds,49.7054,10
SIM00486,stock:MSFT,Microsoft,stocks,190.1069,0
SIM00486,stock:NVDA,Nvidia,stocks,401.4778,0
SIM00486,fund:KBC_ECO,KBC Eco Fund,funds,2129.7756,0
SIM00486,fund:KBC_TECH,KBC Equity Fund Technology,funds,111.2353,14
SIM00487,stock:AAPL,Apple,stocks,327.4604,0
SIM00487,fund:KBC_ECO,KBC Eco Fund,funds,107.0241,0
SIM00487,etf:IWDA,iShares MSCI World ETF,etf,10938.6001,0
SIM00488,stock:ASML,ASML Holding,stocks,0.5912,0
SIM00488,stock:UCB,UCB,stocks,24.7709,0
SIM00488,etf:VWCE,Vanguard FTSE All-World ETF,etf,54.2421,0
SIM00488,fund:KBC_TECH,KBC Equity Fund Technology,funds,4.8848,0
SIM00488,stock:SOLB,Solvay,stocks,48.0925,0
SIM00490,stock:NVDA,Nvidia,stocks,44.7599,0
SIM00490,stock:MSFT,Microsoft,stocks,124.5707,0
SIM00490,bond:EU_2030,EU Bond 2030,bonds,18.8037,0
SIM00490,etf:VWCE,Vanguard FTSE All-World ETF,etf,132.4502,0
SIM00490,fund:KBC_ECO,KBC Eco Fund,funds,478.3786,0
SIM00490,fund:KBC_PENSION,KBC Pension Savings Fund,funds,155.8618,0
SIM00490,fund:KBC_TECH,KBC Equity Fund Technology,funds,99.8035,9
SIM00491,stock:ABI,AB InBev,stocks,2023.8698,0
SIM00491,stock:AAPL,Apple,stocks,5713.9508,0
SIM00493,bond:EU_2030,EU Bond 2030,bonds,371.3145,0
SIM00493,stock:KBC,KBC Group,stocks,738.8727,0
SIM00493,fund:KBC_TECH,KBC Equity Fund Technology,funds,465.0157,0
SIM00493,stock:ABI,AB InBev,stocks,435.2513,0
SIM00493,fund:KBC_PENSION,KBC Pension Savings Fund,funds,58.3116,9
SIM00495,fund:KBC_ECO,KBC Eco Fund,funds,3.2078,0
SIM00495,fund:KBC_TECH,KBC Equity Fund Technology,funds,43.8957,0
SIM00495,etf:VWCE,Vanguard FTSE All-World ETF,etf,6.5588,0
SIM00499,stock:UCB,UCB,stocks,52.5649,0
SIM00499,stock:KBC,KBC Group,stocks,0.0373,0
SIM00499,fund:KBC_TECH,KBC Equity Fund Technology,funds,90.103,0
SIM00499,stock:ABI,AB InBev,stocks,29.3786,0
SIM00499,stock:SOLB,Solvay,stocks,15.705,0
SIM00500,fund:KBC_PENSION,KBC Pension Savings Fund,funds,83.3489,13
SIM00501,stock:AAPL,Apple,stocks,35.5812,0
SIM00501,stock:NVDA,Nvidia,stocks,115.1473,0
SIM00501,stock:UCB,UCB,stocks,104.0517,0
SIM00501,stock:ABI,AB InBev,stocks,777.4599,0
SIM00501,fund:KBC_ECO,KBC Eco Fund,funds,433.7992,0
SIM00501,bond:OLO_2034,Belgian OLO 2034,bonds,145.1604,0
SIM00503,bond:OLO_2034,Belgian OLO 2034,bonds,75.9374,0
SIM00503,fund:KBC_TECH,KBC Equity Fund Technology,funds,44.3677,0
SIM00503,stock:KBC,KBC Group,stocks,97.5768,0
SIM00506,fund:KBC_TECH,KBC Equity Fund Technology,funds,68.1455,0
SIM00506,stock:AAPL,Apple,stocks,164.8424,0
SIM00506,stock:ASML,ASML Holding,stocks,49.2567,0
SIM00506,etf:IWDA,iShares MSCI World ETF,etf,134.066,0
SIM00507,fund:KBC_ECO,KBC Eco Fund,funds,22.2104,8
SIM00508,stock:SOLB,Solvay,stocks,6.3138,0
SIM00508,stock:NVDA,Nvidia,stocks,0.7636,0
SIM00509,fund:KBC_PENSION,KBC Pension Savings Fund,funds,143.3845,7
SIM00511,fund:KBC_TECH,KBC Equity Fund Technology,funds,744.5607,0
SIM00511,stock:NVDA,Nvidia,stocks,11.4748,0
SIM00511,stock:ASML,ASML Holding,stocks,94.085,0
SIM00511,stock:UCB,UCB,stocks,210.3315,0
SIM00511,fund:KBC_PENSION,KBC Pension Savings Fund,funds,117.171,0
SIM00511,fund:KBC_PENSION,KBC Pension Savings Fund,funds,14.3185,16
SIM00516,stock:AAPL,Apple,stocks,68.4274,0
SIM00516,stock:MSFT,Microsoft,stocks,219.8166,0
SIM00516,stock:ABI,AB InBev,stocks,11.566,0
SIM00516,fund:KBC_ECO,KBC Eco Fund,funds,17.6713,0
SIM00516,etf:IWDA,iShares MSCI World ETF,etf,216.1616,0
SIM00517,bond:OLO_2034,Belgian OLO 2034,bonds,116.9464,0
SIM00517,stock:KBC,KBC Group,stocks,6.3876,0
SIM00517,fund:KBC_TECH,KBC Equity Fund Technology,funds,5.3169,0
SIM00517,etf:VWCE,Vanguard FTSE All-World ETF,etf,17.1158,0
SIM00517,fund:KBC_ECO,KBC Eco Fund,funds,62.5,14
SIM00520,fund:KBC_TECH,KBC Equity Fund Technology,funds,79.932,10
SIM00522,bond:OLO_2034,Belgian OLO 2034,bonds,4.4019,0
SIM00522,fund:KBC_PENSION,KBC Pension Savings Fund,funds,20.1601,0
SIM00522,fund:KBC_ECO,KBC Eco Fund,funds,5.1828,0
SIM00522,bond:EU_2030,EU Bond 2030,bonds,1.9336,0
SIM00522,stock:ABI,AB InBev,stocks,0.2141,0
SIM00523,stock:KBC,KBC Group,stocks,68.8318,0
SIM00523,bond:EU_2030,EU Bond 2030,bonds,1.945,0
SIM00523,stock:AAPL,Apple,stocks,1.0149,0
SIM00523,etf:IWDA,iShares MSCI World ETF,etf,86.6096,0
SIM00523,stock:MSFT,Microsoft,stocks,64.3557,0
SIM00524,stock:ABI,AB InBev,stocks,0.2614,0
SIM00524,stock:SOLB,Solvay,stocks,2.0529,0
SIM00524,bond:EU_2030,EU Bond 2030,bonds,0.2409,0
SIM00524,etf:VWCE,Vanguard FTSE All-World ETF,etf,0.2891,0
SIM00524,bond:OLO_2034,Belgian OLO 2034,bonds,1.16,0
SIM00524,fund:KBC_PENSION,KBC Pension Savings Fund,funds,1.6075,0
SIM00526,fund:KBC_ECO,KBC Eco Fund,funds,62.4236,19
SIM00527,fund:KBC_ECO,KBC Eco Fund,funds,43.0352,22
SIM00529,stock:ASML,ASML Holding,stocks,70.8487,0
SIM00529,stock:AAPL,Apple,stocks,41.1358,0
SIM00529,stock:ABI,AB InBev,stocks,116.776,0
SIM00529,bond:EU_2030,EU Bond 2030,bonds,273.8371,0
SIM00529,stock:SOLB,Solvay,stocks,672.2386,0
SIM00529,fund:KBC_ECO,KBC Eco Fund,funds,39.8257,17
SIM00530,stock:KBC,KBC Group,stocks,2.974,0
SIM00530,fund:KBC_ECO,KBC Eco Fund,funds,116.5348,0
SIM00530,fund:KBC_PENSION,KBC Pension Savings Fund,funds,210.9831,0
SIM00530,bond:EU_2030,EU Bond 2030,bonds,93.8444,0
SIM00530,etf:IWDA,iShares MSCI World ETF,etf,196.7348,0
SIM00531,stock:ASML,ASML Holding,stocks,66.6693,0
SIM00531,fund:KBC_TECH,KBC Equity Fund Technology,funds,62.3783,0
SIM00531,etf:VWCE,Vanguard FTSE All-World ETF,etf,134.807,0
SIM00531,stock:SOLB,Solvay,stocks,11.5936,0
SIM00531,fund:KBC_ECO,KBC Eco Fund,funds,25.4538,0
SIM00536,stock:ASML,ASML Holding,stocks,6.5863,0
SIM00536,stock:UCB,UCB,stocks,20.1719,0
SIM00536,fund:KBC_TECH,KBC Equity Fund Technology,funds,23.9317,0
SIM00537,stock:AAPL,Apple,stocks,21.8075,0
SIM00537,fund:KBC_PENSION,KBC Pension Savings Fund,funds,2067.4197,0
SIM00537,fund:KBC_TECH,KBC Equity Fund Technology,funds,303.775,0
SIM00537,bond:OLO_2034,Belgian OLO 2034,bonds,4822.7078,0
SIM00537,fund:KBC_TECH,KBC Equity Fund Technology,funds,76.792,13
SIM00540,fund:KBC_TECH,KBC Equity Fund Technology,funds,0.2646,0
SIM00540,bond:OLO_2034,Belgian OLO 2034,bonds,22.0594,0
SIM00540,bond:EU_2030,EU Bond 2030,bonds,5.4153,0
SIM00544,stock:ABI,AB InBev,stocks,7.3808,0
SIM00544,bond:OLO_2034,Belgian OLO 2034,bonds,18.7504,0
SIM00544,stock:AAPL,Apple,stocks,42.4969,0
SIM00544,etf:IWDA,iShares MSCI World ETF,etf,29.9768,0
SIM00544,stock:UCB,UCB,stocks,8.2862,0
SIM00546,stock:UCB,UCB,stocks,10.6058,0
SIM00546,stock:ASML,ASML Holding,stocks,67.1092,0
SIM00548,etf:IWDA,iShares MSCI World ETF,etf,4041.0453,0
SIM00548,fund:KBC_TECH,KBC Equity Fund Technology,funds,1905.4707,0
SIM00548,fund:KBC_TECH,KBC Equity Fund Technology,funds,58.3637,9
SIM00551,etf:VWCE,Vanguard FTSE All-World ETF,etf,0.603,0
SIM00551,stock:MSFT,Microsoft,stocks,1.2685,0
SIM00551,stock:SOLB,Solvay,stocks,2.5579,0
SIM00551,stock:NVDA,Nvidia,stocks,0.204,0
SIM00551,etf:IWDA,iShares MSCI World ETF,etf,37.0475,0
SIM00551,stock:ABI,AB InBev,stocks,1.7058,0
SIM00553,etf:IWDA,iShares MSCI World ETF,etf,105.3228,0
SIM00553,stock:UCB,UCB,stocks,22.5227,0
SIM00555,stock:SOLB,Solvay,stocks,3509.2231,0
SIM00555,stock:NVDA,Nvidia,stocks,52.0426,0
SIM00555,fund:KBC_PENSION,KBC Pension Savings Fund,funds,1214.5722,0
SIM00555,fund:KBC_TECH,KBC Equity Fund Technology,funds,34.5956,9
SIM00557,fund:KBC_TECH,KBC Equity Fund Technology,funds,52.821,15
SIM00558,bond:OLO_2034,Belgian OLO 2034,bonds,110.6311,0
SIM00558,stock:ASML,ASML Holding,stocks,24.0705,0
SIM00558,stock:NVDA,Nvidia,stocks,9.2472,0
SIM00558,fund:KBC_TECH,KBC Equity Fund Technology,funds,5.4881,0
SIM00558,fund:KBC_TECH,KBC Equity Fund Technology,funds,36.7779,14
SIM00559,stock:ABI,AB InBev,stocks,169.0195,0
SIM00559,stock:SOLB,Solvay,stocks,1411.0145,0
SIM00559,stock:AAPL,Apple,stocks,3414.5832,0
SIM00559,fund:KBC_ECO,KBC Eco Fund,funds,7.0086,21
SIM00560,fund:KBC_ECO,KBC Eco Fund,funds,18.616,10
SIM00561,fund:KBC_PENSION,KBC Pension Savings Fund,funds,151.1014,12
SIM00562,fund:KBC_PENSION,KBC Pension Savings Fund,funds,104.4858,12
SIM00564,stock:UCB,UCB,stocks,2.356,0
SIM00564,stock:ASML,ASML Holding,stocks,106.5341,0
SIM00564,stock:AAPL,Apple,stocks,2148.0964,0
SIM00564,stock:SOLB,Solvay,stocks,585.2897,0
SIM00564,fund:KBC_TECH,KBC Equity Fund Technology,funds,23.1868,7
SIM00565,stock:AAPL,Apple,stocks,2.4261,0
SIM00565,stock:MSFT,Microsoft,stocks,374.0058,0
SIM00565,fund:KBC_PENSION,KBC Pension Savings Fund,funds,5.6469,0
SIM00565,stock:ABI,AB InBev,stocks,71.6993,0
SIM00565,fund:KBC_TECH,KBC Equity Fund Technology,funds,9.0543,0
SIM00566,etf:VWCE,Vanguard FTSE All-World ETF,etf,614.6444,0
SIM00566,stock:ASML,ASML Holding,stocks,65.8204,0
SIM00566,stock:MSFT,Microsoft,stocks,201.4815,0
SIM00566,etf:IWDA,iShares MSCI World ETF,etf,315.3709,0
SIM00566,bond:EU_2030,EU Bond 2030,bonds,601.2845,0
SIM00566,stock:ABI,AB InBev,stocks,32.8523,0
SIM00566,fund:KBC_TECH,KBC Equity Fund Technology,funds,122.4735,22
SIM00568,etf:IWDA,iShares MSCI World ETF,etf,23.8049,0
SIM00568,stock:ABI,AB InBev,stocks,9.7966,0
SIM00568,stock:MSFT,Microsoft,stocks,3.2732,0
SIM00568,bond:EU_2030,EU Bond 2030,bonds,6.7284,0
SIM00570,fund:KBC_ECO,KBC Eco Fund,funds,11.1763,13
SIM00571,stock:KBC,KBC Group,stocks,10.1757,0
SIM00571,fund:KBC_TECH,KBC Equity Fund Technology,funds,19.3317,0
SIM00571,stock:SOLB,Solvay,stocks,3.2013,0
SIM00571,stock:UCB,UCB,stocks,9.9547,0
SIM00571,stock:AAPL,Apple,stocks,30.4086,0
SIM00571,stock:ASML,ASML Holding,stocks,17.171,0
SIM00572,fund:KBC_PENSION,KBC Pension Savings Fund,funds,45.9952,13
SIM00574,fund:KBC_PENSION,KBC Pension Savings Fund,funds,99.5863,0
SIM00574,fund:KBC_TECH,KBC Equity Fund Technology,funds,112.7217,0
SIM00575,stock:UCB,UCB,stocks,4.2911,0
SIM00575,bond:EU_2030,EU Bond 2030,bonds,0.9527,0
SIM00575,fund:KBC_TECH,KBC Equity Fund Technology,funds,20.2747,0
SIM00576,stock:AAPL,Apple,stocks,4099.6307,0
SIM00576,stock:KBC,KBC Group,stocks,3687.9849,0
SIM00576,fund:KBC_PENSION,KBC Pension Savings Fund,funds,370.5511,0
SIM00576,fund:KBC_TECH,KBC Equity Fund Technology,funds,1230.5679,0
SIM00576,fund:KBC_TECH,KBC Equity Fund Technology,funds,58.5248,12
SIM00577,fund:KBC_ECO,KBC Eco Fund,funds,11.3598,4
SIM00582,etf:VWCE,Vanguard FTSE All-World ETF,etf,24.012,0
SIM00582,fund:KBC_PENSION,KBC Pension Savings Fund,funds,48.829,0
SIM00583,bond:OLO_2034,Belgian OLO 2034,bonds,94.6165,0
SIM00583,stock:SOLB,Solvay,stocks,0.1691,0
SIM00583,fund:KBC_PENSION,KBC Pension Savings Fund,funds,56.2424,0
SIM00583,bond:EU_2030,EU Bond 2030,bonds,3.0057,0
SIM00583,stock:UCB,UCB,stocks,3.2879,0
SIM00583,etf:VWCE,Vanguard FTSE All-World ETF,etf,16.0193,0
SIM00585,stock:NVDA,Nvidia,stocks,195.7157,0
SIM00585,stock:ABI,AB InBev,stocks,86.9038,0
SIM00585,etf:IWDA,iShares MSCI World ETF,etf,788.964,0
SIM00585,etf:VWCE,Vanguard FTSE All-World ETF,etf,394.2093,0
SIM00585,stock:SOLB,Solvay,stocks,514.9606,0
SIM00585,fund:KBC_PENSION,KBC Pension Savings Fund,funds,137.9401,21
SIM00586,etf:VWCE,Vanguard FTSE All-World ETF,etf,72.3676,0
SIM00586,stock:ABI,AB InBev,stocks,51.5121,0
SIM00586,etf:IWDA,iShares MSCI World ETF,etf,8150.0673,0
SIM00586,stock:AAPL,Apple,stocks,188.7367,0
SIM00586,fund:KBC_TECH,KBC Equity Fund Technology,funds,56.6465,0
SIM00586,bond:OLO_2034,Belgian OLO 2034,bonds,422.5108,0
SIM00586,fund:KBC_PENSION,KBC Pension Savings Fund,funds,146.2287,20
SIM00588,stock:SOLB,Solvay,stocks,1196.1832,0
SIM00588,stock:MSFT,Microsoft,stocks,4076.8343,0
SIM00588,fund:KBC_PENSION,KBC Pension Savings Fund,funds,108.8403,19
SIM00591,stock:AAPL,Apple,stocks,26.8936,0
SIM00591,stock:UCB,UCB,stocks,7.221,0
SIM00591,stock:ABI,AB InBev,stocks,60.3155,0
SIM00591,etf:VWCE,Vanguard FTSE All-World ETF,etf,98.2843,0
SIM00592,stock:KBC,KBC Group,stocks,119.1992,0
SIM00592,stock:SOLB,Solvay,stocks,116.1266,0
SIM00592,fund:KBC_ECO,KBC Eco Fund,funds,13.7711,0
SIM00593,fund:KBC_TECH,KBC Equity Fund Technology,funds,121.1714,15
SIM00595,bond:EU_2030,EU Bond 2030,bonds,6.9014,0
SIM00595,stock:UCB,UCB,stocks,25.1642,0
SIM00595,stock:KBC,KBC Group,stocks,1.3413,0
SIM00595,stock:NVDA,Nvidia,stocks,6.4044,0
SIM00596,stock:ABI,AB InBev,stocks,8.7842,0
SIM00596,fund:KBC_ECO,KBC Eco Fund,funds,12.6799,0
SIM00596,bond:EU_2030,EU Bond 2030,bonds,23.6496,0
SIM00596,stock:KBC,KBC Group,stocks,120.3148,0
SIM00597,stock:KBC,KBC Group,stocks,76.1461,0
SIM00597,fund:KBC_TECH,KBC Equity Fund Technology,funds,6.948,0
SIM00597,stock:MSFT,Microsoft,stocks,9.4986,0
SIM00597,stock:AAPL,Apple,stocks,485.5559,0
SIM00597,stock:SOLB,Solvay,stocks,130.492,0
SIM00597,fund:KBC_ECO,KBC Eco Fund,funds,23.8382,0
SIM00598,stock:MSFT,Microsoft,stocks,441.3439,0
SIM00598,stock:ABI,AB InBev,stocks,369.9006,0
SIM00598,bond:OLO_2034,Belgian OLO 2034,bonds,9375.9486,0
SIM00600,stock:ASML,ASML Holding,stocks,0.5539,0
SIM00600,bond:EU_2030,EU Bond 2030,bonds,0.2732,0
SIM00600,etf:VWCE,Vanguard FTSE All-World ETF,etf,2.1782,0
SIM00600,stock:KBC,KBC Group,stocks,1.233,0
SIM00600,bond:OLO_2034,Belgian OLO 2034,bonds,3.4202,0
SIM00600,stock:ABI,AB InBev,stocks,0.6979,0
SIM00601,stock:SOLB,Solvay,stocks,362.9288,0
SIM00601,bond:EU_2030,EU Bond 2030,bonds,306.9341,0
SIM00601,fund:KBC_TECH,KBC Equity Fund Technology,funds,297.5292,0
SIM00601,fund:KBC_PENSION,KBC Pension Savings Fund,funds,17.1663,13
SIM00606,stock:NVDA,Nvidia,stocks,316.5769,0
SIM00606,fund:KBC_PENSION,KBC Pension Savings Fund,funds,2955.6441,0
SIM00606,fund:KBC_ECO,KBC Eco Fund,funds,17.6978,23
SIM00607,fund:KBC_PENSION,KBC Pension Savings Fund,funds,94.7063,20
SIM00610,fund:KBC_TECH,KBC Equity Fund Technology,funds,28.9458,12
SIM00613,stock:KBC,KBC Group,stocks,26.334,0
SIM00613,stock:MSFT,Microsoft,stocks,89.6085,0
SIM00613,fund:KBC_TECH,KBC Equity Fund Technology,funds,33.6065,0
SIM00614,fund:KBC_PENSION,KBC Pension Savings Fund,funds,846.8322,0
SIM00614,etf:VWCE,Vanguard FTSE All-World ETF,etf,139.5912,0
SIM00614,stock:KBC,KBC Group,stocks,2721.0613,0
SIM00614,stock:ABI,AB InBev,stocks,135.0944,0
SIM00614,stock:AAPL,Apple,stocks,199.5855,0
SIM00614,stock:NVDA,Nvidia,stocks,354.3348,0
SIM00614,fund:KBC_PENSION,KBC Pension Savings Fund,funds,20.0069,23
SIM00615,stock:MSFT,Microsoft,stocks,64.1762,0
SIM00615,stock:ASML,ASML Holding,stocks,200.4537,0
SIM00615,stock:UCB,UCB,stocks,121.3483,0
SIM00615,etf:VWCE,Vanguard FTSE All-World ETF,etf,33.0602,0
SIM00617,fund:KBC_ECO,KBC Eco Fund,funds,57.719,4
SIM00618,stock:UCB,UCB,stocks,144.6204,0
SIM00618,stock:NVDA,Nvidia,stocks,391.728,0
SIM00618,stock:KBC,KBC Group,stocks,395.3186,0
SIM00619,fund:KBC_TECH,KBC Equity Fund Technology,funds,35.124,0
SIM00619,stock:UCB,UCB,stocks,29.6371,0
SIM00619,etf:VWCE,Vanguard FTSE All-World ETF,etf,28.4705,0
SIM00621,stock:SOLB,Solvay,stocks,33.554,0
SIM00621,fund:KBC_PENSION,KBC Pension Savings Fund,funds,126.6885,0
SIM00621,bond:OLO_2034,Belgian OLO 2034,bonds,176.7533,0
SIM00622,fund:KBC_TECH,KBC Equity Fund Technology,funds,23.9635,6
SIM00623,stock:NVDA,Nvidia,stocks,29.8169,0
SIM00623,bond:OLO_2034,Belgian OLO 2034,bonds,9.7996,0
SIM00624,stock:AAPL,Apple,stocks,2.3227,0
SIM00624,bond:EU_2030,EU Bond 2030,bonds,20.467,0
SIM00624,stock:MSFT,Microsoft,stocks,55.0162,0
SIM00624,stock:ABI,AB InBev,stocks,2.4482,0
SIM00624,stock:SOLB,Solvay,stocks,22.5055,0
SIM00624,stock:UCB,UCB,stocks,4.9341,0
SIM00625,bond:OLO_2034,Belgian OLO 2034,bonds,21.905,0
SIM00625,stock:NVDA,Nvidia,stocks,1.6585,0
SIM00625,stock:KBC,KBC Group,stocks,186.7253,0
SIM00625,etf:IWDA,iShares MSCI World ETF,etf,654.2285,0
SIM00625,etf:VWCE,Vanguard FTSE All-World ETF,etf,81.7466,0
SIM00625,stock:SOLB,Solvay,stocks,29.3252,0
SIM00625,fund:KBC_TECH,KBC Equity Fund Technology,funds,107.9164,19
SIM00627,fund:KBC_PENSION,KBC Pension Savings Fund,funds,103.7686,19
SIM00628,fund:KBC_ECO,KBC Eco Fund,funds,75.872,13
SIM00629,fund:KBC_ECO,KBC Eco Fund,funds,7.2647,20
SIM00630,stock:AAPL,Apple,stocks,961.5021,0
SIM00630,stock:MSFT,Microsoft,stocks,7066.5012,0
SIM00631,fund:KBC_ECO,KBC Eco Fund,funds,58.0707,7
SIM00632,stock:NVDA,Nvidia,stocks,154.8933,0
SIM00632,stock:ABI,AB InBev,stocks,124.3044,0
SIM00632,stock:MSFT,Microsoft,stocks,465.2922,0
SIM00632,stock:KBC,KBC Group,stocks,1405.4928,0
SIM00632,fund:KBC_PENSION,KBC Pension Savings Fund,funds,151.6084,0
SIM00633,fund:KBC_TECH,KBC Equity Fund Technology,funds,892.7702,0
SIM00633,fund:KBC_ECO,KBC Eco Fund,funds,1256.9048,0
SIM00633,fund:KBC_TECH,KBC Equity Fund Technology,funds,58.0459,19
SIM00636,stock:UCB,UCB,stocks,29.8265,0
SIM00636,stock:MSFT,Microsoft,stocks,5857.7,0
SIM00636,fund:KBC_TECH,KBC Equity Fund Technology,funds,1122.4466,0
SIM00636,fund:KBC_ECO,KBC Eco Fund,funds,156.404,0
SIM00636,bond:EU_2030,EU Bond 2030,bonds,212.2304,0
SIM00636,etf:VWCE,Vanguard FTSE All-World ETF,etf,80.6736,0
SIM00639,fund:KBC_ECO,KBC Eco Fund,funds,6.278,0
SIM00639,stock:ABI,AB InBev,stocks,9.1742,0
SIM00639,etf:VWCE,Vanguard FTSE All-World ETF,etf,7.489,0
SIM00639,stock:ASML,ASML Holding,stocks,2.2703,0
SIM00639,stock:KBC,KBC Group,stocks,38.4046,0
SIM00640,stock:KBC,KBC Group,stocks,32.8089,0
SIM00640,etf:IWDA,iShares MSCI World ETF,etf,97.0329,0
SIM00640,bond:EU_2030,EU Bond 2030,bonds,24.44,0
SIM00640,stock:NVDA,Nvidia,stocks,6.0173,0
SIM00640,stock:ABI,AB InBev,stocks,4.6967,0
SIM00640,stock:AAPL,Apple,stocks,149.9521,0
SIM00644,stock:UCB,UCB,stocks,183.9603,0
SIM00644,stock:MSFT,Microsoft,stocks,1987.2083,0
SIM00645,stock:ASML,ASML Holding,stocks,427.3934,0
SIM00645,bond:EU_2030,EU Bond 2030,bonds,242.4603,0
SIM00645,stock:NVDA,Nvidia,stocks,404.026,0
SIM00647,fund:KBC_TECH,KBC Equity Fund Technology,funds,659.2647,0
SIM00647,stock:AAPL,Apple,stocks,2289.9071,0
SIM00647,stock:KBC,KBC Group,stocks,331.876,0
SIM00647,fund:KBC_PENSION,KBC Pension Savings Fund,funds,97.0385,5
SIM00649,stock:NVDA,Nvidia,stocks,9.1773,0
SIM00649,bond:OLO_2034,Belgian OLO 2034,bonds,213.0248,0
SIM00649,stock:AAPL,Apple,stocks,32.7505,0
SIM00649,fund:KBC_TECH,KBC Equity Fund Technology,funds,29.7927,0
SIM00652,etf:VWCE,Vanguard FTSE All-World ETF,etf,771.8132,0
SIM00652,stock:UCB,UCB,stocks,188.3731,0
SIM00652,stock:MSFT,Microsoft,stocks,1567.4974,0
SIM00652,stock:ASML,ASML Holding,stocks,163.6224,0
SIM00652,fund:KBC_PENSION,KBC Pension Savings Fund,funds,145.8656,7
SIM00653,stock:NVDA,Nvidia,stocks,15.5298,0
SIM00653,stock:ABI,AB InBev,stocks,9.4937,0
SIM00653,bond:OLO_2034,Belgian OLO 2034,bonds,261.3814,0
SIM00653,stock:UCB,UCB,stocks,24.9697,0
SIM00653,fund:KBC_TECH,KBC Equity Fund Technology,funds,6.8117,0
SIM00653,stock:SOLB,Solvay,stocks,129.5607,0
SIM00654,stock:SOLB,Solvay,stocks,208.2938,0
SIM00654,bond:EU_2030,EU Bond 2030,bonds,6.7784,0
SIM00654,stock:NVDA,Nvidia,stocks,36.5088,0
SIM00654,stock:AAPL,Apple,stocks,168.8084,0
SIM00654,fund:KBC_PENSION,KBC Pension Savings Fund,funds,13.4068,0
SIM00654,fund:KBC_ECO,KBC Eco Fund,funds,51.2152,0
SIM00655,stock:SOLB,Solvay,stocks,2332.3418,0
SIM00655,stock:NVDA,Nvidia,stocks,82.7901,0
SIM00655,fund:KBC_ECO,KBC Eco Fund,funds,111.5074,0
SIM00655,stock:AAPL,Apple,stocks,2034.3721,0
SIM00655,fund:KBC_TECH,KBC Equity Fund Technology,funds,19.0216,6
SIM00656,stock:NVDA,Nvidia,stocks,16.9899,0
SIM00656,stock:SOLB,Solvay,stocks,42.7239,0
SIM00656,etf:IWDA,iShares MSCI World ETF,etf,178.0152,0
SIM00657,stock:MSFT,Microsoft,stocks,94.7342,0
SIM00657,stock:SOLB,Solvay,stocks,38.4235,0
SIM00659,fund:KBC_ECO,KBC Eco Fund,funds,7.5755,0
SIM00659,stock:UCB,UCB,stocks,10.2495,0
SIM00659,fund:KBC_TECH,KBC Equity Fund Technology,funds,11.8607,0
SIM00659,etf:IWDA,iShares MSCI World ETF,etf,212.0978,0
SIM00659,fund:KBC_ECO,KBC Eco Fund,funds,36.2549,7
SIM00661,stock:KBC,KBC Group,stocks,2391.7633,0
SIM00661,fund:KBC_TECH,KBC Equity Fund Technology,funds,595.665,0
SIM00661,fund:KBC_ECO,KBC Eco Fund,funds,1269.0031,0
SIM00661,fund:KBC_TECH,KBC Equity Fund Technology,funds,30.2925,4
SIM00664,stock:NVDA,Nvidia,stocks,323.3021,0
SIM00664,stock:KBC,KBC Group,stocks,428.8327,0
SIM00664,fund:KBC_ECO,KBC Eco Fund,funds,320.8798,0
SIM00664,fund:KBC_PENSION,KBC Pension Savings Fund,funds,358.1068,0
SIM00664,fund:KBC_TECH,KBC Equity Fund Technology,funds,573.9031,0
SIM00664,stock:SOLB,Solvay,stocks,222.6356,0
SIM00664,fund:KBC_TECH,KBC Equity Fund Technology,funds,90.7299,5
SIM00666,stock:KBC,KBC Group,stocks,345.6557,0
SIM00666,bond:OLO_2034,Belgian OLO 2034,bonds,432.5591,0
SIM00666,stock:AAPL,Apple,stocks,322.3006,0
SIM00666,stock:SOLB,Solvay,stocks,236.9574,0
SIM00666,stock:ASML,ASML Holding,stocks,286.3128,0
SIM00666,etf:VWCE,Vanguard FTSE All-World ETF,etf,29.7019,0
SIM00667,fund:KBC_ECO,KBC Eco Fund,funds,68.8694,11
SIM00674,stock:AAPL,Apple,stocks,42.3799,0
SIM00674,fund:KBC_TECH,KBC Equity Fund Technology,funds,4.8225,0
SIM00674,bond:OLO_2034,Belgian OLO 2034,bonds,693.4264,0
SIM00674,fund:KBC_PENSION,KBC Pension Savings Fund,funds,29.9894,0
SIM00674,stock:SOLB,Solvay,stocks,662.0544,0
SIM00674,stock:NVDA,Nvidia,stocks,174.2757,0
SIM00674,fund:KBC_ECO,KBC Eco Fund,funds,52.8256,19
SIM00676,bond:OLO_2034,Belgian OLO 2034,bonds,10478.4053,0
SIM00676,fund:KBC_TECH,KBC Equity Fund Technology,funds,522.0236,0
SIM00676,fund:KBC_TECH,KBC Equity Fund Technology,funds,95.3543,14
SIM00678,fund:KBC_ECO,KBC Eco Fund,funds,59.3872,5
SIM00680,fund:KBC_PENSION,KBC Pension Savings Fund,funds,1563.9546,0
SIM00680,stock:SOLB,Solvay,stocks,2197.6903,0
SIM00680,stock:NVDA,Nvidia,stocks,425.0112,0
SIM00680,fund:KBC_TECH,KBC Equity Fund Technology,funds,113.7664,20
SIM00681,stock:KBC,KBC Group,stocks,60.7163,0
SIM00681,fund:KBC_TECH,KBC Equity Fund Technology,funds,71.3622,0
SIM00681,stock:MSFT,Microsoft,stocks,5.2661,0
SIM00681,fund:KBC_PENSION,KBC Pension Savings Fund,funds,53.8864,12
SIM00682,bond:OLO_2034,Belgian OLO 2034,bonds,124.9413,0
SIM00682,fund:KBC_PENSION,KBC Pension Savings Fund,funds,38.4806,0
SIM00682,fund:KBC_TECH,KBC Equity Fund Technology,funds,21.2024,0
SIM00682,fund:KBC_ECO,KBC Eco Fund,funds,25.0764,0
SIM00683,stock:KBC,KBC Group,stocks,1024.0762,0
SIM00683,fund:KBC_TECH,KBC Equity Fund Technology,funds,3807.369,0
SIM00683,fund:KBC_ECO,KBC Eco Fund,funds,34.5183,11
SIM00684,stock:AAPL,Apple,stocks,42.9023,0
SIM00684,stock:ASML,ASML Holding,stocks,10.4992,0
SIM00684,fund:KBC_PENSION,KBC Pension Savings Fund,funds,81.4849,0
SIM00684,stock:KBC,KBC Group,stocks,35.0314,0
SIM00687,etf:VWCE,Vanguard FTSE All-World ETF,etf,40.7163,0
SIM00687,fund:KBC_TECH,KBC Equity Fund Technology,funds,28.947,0
SIM00688,stock:ASML,ASML Holding,stocks,47.4559,0
SIM00688,etf:IWDA,iShares MSCI World ETF,etf,165.0118,0
SIM00688,stock:KBC,KBC Group,stocks,19.8614,0
SIM00692,fund:KBC_ECO,KBC Eco Fund,funds,891.1724,0
SIM00692,stock:UCB,UCB,stocks,9.1759,0
SIM00692,stock:ASML,ASML Holding,stocks,118.7404,0
SIM00692,fund:KBC_ECO,KBC Eco Fund,funds,22.9112,5
SIM00694,fund:KBC_ECO,KBC Eco Fund,funds,234.5168,0
SIM00694,stock:SOLB,Solvay,stocks,720.2413,0
SIM00694,stock:UCB,UCB,stocks,412.4904,0
SIM00694,stock:KBC,KBC Group,stocks,944.1907,0
SIM00694,fund:KBC_PENSION,KBC Pension Savings Fund,funds,109.7166,12
SIM00695,etf:IWDA,iShares MSCI World ETF,etf,425.3492,0
SIM00695,fund:KBC_ECO,KBC Eco Fund,funds,11.9962,0
SIM00695,stock:ASML,ASML Holding,stocks,14.2522,0
SIM00701,bond:OLO_2034,Belgian OLO 2034,bonds,19.597,0
SIM00701,stock:NVDA,Nvidia,stocks,1.797,0
SIM00701,stock:MSFT,Microsoft,stocks,55.8942,0
SIM00701,stock:KBC,KBC Group,stocks,11.4195,0
SIM00703,stock:NVDA,Nvidia,stocks,6.7107,0
SIM00703,etf:VWCE,Vanguard FTSE All-World ETF,etf,193.3863,0
SIM00703,bond:OLO_2034,Belgian OLO 2034,bonds,1066.1435,0
SIM00703,stock:SOLB,Solvay,stocks,134.9324,0
SIM00703,etf:IWDA,iShares MSCI World ETF,etf,1528.015,0
SIM00703,stock:AAPL,Apple,stocks,1229.2419,0
SIM00704,fund:KBC_TECH,KBC Equity Fund Technology,funds,101.8379,20
SIM00705,stock:ABI,AB InBev,stocks,732.3931,0
SIM00705,fund:KBC_PENSION,KBC Pension Savings Fund,funds,1130.3158,0
SIM00705,fund:KBC_ECO,KBC Eco Fund,funds,810.3222,0
SIM00705,fund:KBC_TECH,KBC Equity Fund Technology,funds,75.887,17
SIM00706,stock:ASML,ASML Holding,stocks,4.3836,0
SIM00706,etf:IWDA,iShares MSCI World ETF,etf,81.1298,0
SIM00706,bond:EU_2030,EU Bond 2030,bonds,4.7357,0
SIM00706,bond:OLO_2034,Belgian OLO 2034,bonds,4.8208,0
SIM00706,stock:MSFT,Microsoft,stocks,38.752,0
SIM00708,bond:EU_2030,EU Bond 2030,bonds,359.3459,0
SIM00708,fund:KBC_PENSION,KBC Pension Savings Fund,funds,131.8531,0
SIM00708,stock:KBC,KBC Group,stocks,311.9761,0
SIM00708,etf:IWDA,iShares MSCI World ETF,etf,1864.7481,0
SIM00708,stock:MSFT,Microsoft,stocks,821.3274,0
SIM00708,fund:KBC_ECO,KBC Eco Fund,funds,71.4382,0
SIM00709,fund:KBC_PENSION,KBC Pension Savings Fund,funds,136.0083,0
SIM00709,etf:IWDA,iShares MSCI World ETF,etf,124.1633,0
SIM00710,stock:SOLB,Solvay,stocks,118.7017,0
SIM00710,stock:AAPL,Apple,stocks,72.0268,0
SIM00710,bond:OLO_2034,Belgian OLO 2034,bonds,356.6552,0
SIM00710,bond:EU_2030,EU Bond 2030,bonds,21.8799,0
SIM00710,etf:VWCE,Vanguard FTSE All-World ETF,etf,8.489,0
SIM00710,fund:KBC_PENSION,KBC Pension Savings Fund,funds,70.4546,0
SIM00711,etf:IWDA,iShares MSCI World ETF,etf,1277.8728,0
SIM00711,bond:EU_2030,EU Bond 2030,bonds,192.4401,0
SIM00711,stock:ASML,ASML Holding,stocks,341.0313,0
SIM00711,fund:KBC_TECH,KBC Equity Fund Technology,funds,132.0569,0
SIM00711,fund:KBC_PENSION,KBC Pension Savings Fund,funds,9.9353,5
SIM00713,stock:UCB,UCB,stocks,69.7534,0
SIM00713,stock:KBC,KBC Group,stocks,30.0108,0
SIM00713,bond:OLO_2034,Belgian OLO 2034,bonds,582.8389,0
SIM00714,fund:KBC_TECH,KBC Equity Fund Technology,funds,95.0771,23
SIM00717,stock:NVDA,Nvidia,stocks,118.039,0
SIM00717,stock:UCB,UCB,stocks,493.0637,0
SIM00717,stock:ASML,ASML Holding,stocks,468.6103,0
SIM00717,fund:KBC_ECO,KBC Eco Fund,funds,64.592,7
SIM00718,fund:KBC_TECH,KBC Equity Fund Technology,funds,17.1832,8
SIM00719,fund:KBC_PENSION,KBC Pension Savings Fund,funds,71.6759,17
SIM00720,stock:KBC,KBC Group,stocks,52.9771,0
SIM00720,fund:KBC_TECH,KBC Equity Fund Technology,funds,18.9968,0
SIM00720,etf:IWDA,iShares MSCI World ETF,etf,84.0211,0
SIM00720,stock:ASML,ASML Holding,stocks,6.2121,0
SIM00721,stock:AAPL,Apple,stocks,1743.0134,0
SIM00721,fund:KBC_ECO,KBC Eco Fund,funds,592.7705,0
SIM00721,stock:KBC,KBC Group,stocks,1347.8661,0
SIM00721,bond:OLO_2034,Belgian OLO 2034,bonds,6012.4353,0
SIM00722,fund:KBC_PENSION,KBC Pension Savings Fund,funds,1054.6221,0
SIM00722,stock:NVDA,Nvidia,stocks,232.2909,0
SIM00722,stock:UCB,UCB,stocks,50.4108,0
SIM00722,stock:ABI,AB InBev,stocks,854.1747,0
SIM00722,etf:VWCE,Vanguard FTSE All-World ETF,etf,509.787,0
SIM00722,fund:KBC_TECH,KBC Equity Fund Technology,funds,103.5768,3
SIM00723,bond:OLO_2034,Belgian OLO 2034,bonds,699.5648,0
SIM00723,fund:KBC_ECO,KBC Eco Fund,funds,2596.7256,0
SIM00723,fund:KBC_PENSION,KBC Pension Savings Fund,funds,128.6737,8
SIM00724,fund:KBC_TECH,KBC Equity Fund Technology,funds,9.5513,0
SIM00724,stock:UCB,UCB,stocks,0.6413,0
SIM00728,stock:ASML,ASML Holding,stocks,619.3455,0
SIM00728,stock:SOLB,Solvay,stocks,1522.1777,0
SIM00728,etf:VWCE,Vanguard FTSE All-World ETF,etf,170.5007,0
SIM00730,stock:MSFT,Microsoft,stocks,52.2951,0
SIM00730,fund:KBC_PENSION,KBC Pension Savings Fund,funds,34.7902,0
SIM00730,etf:VWCE,Vanguard FTSE All-World ETF,etf,190.676,0
SIM00732,stock:AAPL,Apple,stocks,33.0857,0
SIM00732,stock:SOLB,Solvay,stocks,14.4341,0
SIM00732,stock:UCB,UCB,stocks,33.1213,0
SIM00732,fund:KBC_ECO,KBC Eco Fund,funds,41.5573,0
SIM00733,bond:OLO_2034,Belgian OLO 2034,bonds,9.8507,0
SIM00733,fund:KBC_PENSION,KBC Pension Savings Fund,funds,45.9942,0
SIM00733,stock:ABI,AB InBev,stocks,93.6698,0
SIM00733,stock:ASML,ASML Holding,stocks,2.4788,0
SIM00737,stock:AAPL,Apple,stocks,46.2224,0
SIM00737,fund:KBC_ECO,KBC Eco Fund,funds,1.9635,0
SIM00737,fund:KBC_TECH,KBC Equity Fund Technology,funds,82.4277,0
SIM00738,fund:KBC_ECO,KBC Eco Fund,funds,9.9322,21
SIM00739,etf:IWDA,iShares MSCI World ETF,etf,2539.5995,0
SIM00739,stock:UCB,UCB,stocks,78.949,0
SIM00740,stock:ABI,AB InBev,stocks,3.0339,0
SIM00740,stock:AAPL,Apple,stocks,57.2293,0
SIM00740,bond:EU_2030,EU Bond 2030,bonds,91.3277,0
SIM00740,stock:SOLB,Solvay,stocks,0.4757,0
SIM00740,fund:KBC_ECO,KBC Eco Fund,funds,60.3497,16
SIM00744,stock:ABI,AB InBev,stocks,370.1521,0
SIM00744,stock:UCB,UCB,stocks,69.6612,0
SIM00744,stock:NVDA,Nvidia,stocks,748.6765,0
SIM00744,fund:KBC_TECH,KBC Equity Fund Technology,funds,1826.4835,0
SIM00744,fund:KBC_PENSION,KBC Pension Savings Fund,funds,157.4574,0
SIM00744,bond:EU_2030,EU Bond 2030,bonds,160.6093,0
SIM00744,fund:KBC_TECH,KBC Equity Fund Technology,funds,73.2197,4
SIM00746,fund:KBC_PENSION,KBC Pension Savings Fund,funds,112.8486,3
SIM00748,fund:KBC_PENSION,KBC Pension Savings Fund,funds,25.9818,0
SIM00748,bond:OLO_2034,Belgian OLO 2034,bonds,112.9091,0
SIM00748,stock:SOLB,Solvay,stocks,17.9231,0
SIM00748,stock:ABI,AB InBev,stocks,13.5813,0
SIM00748,fund:KBC_ECO,KBC Eco Fund,funds,9.4461,16
SIM00749,stock:AAPL,Apple,stocks,527.8868,0
SIM00749,stock:KBC,KBC Group,stocks,73.2092,0
SIM00749,etf:VWCE,Vanguard FTSE All-World ETF,etf,145.041,0
SIM00749,stock:SOLB,Solvay,stocks,496.0621,0
SIM00749,fund:KBC_ECO,KBC Eco Fund,funds,98.5584,0
SIM00749,bond:EU_2030,EU Bond 2030,bonds,285.6019,0
SIM00750,stock:SOLB,Solvay,stocks,866.4192,0
SIM00750,fund:KBC_PENSION,KBC Pension Savings Fund,funds,10.136,0
SIM00750,etf:VWCE,Vanguard FTSE All-World ETF,etf,705.5177,0
SIM00750,etf:IWDA,iShares MSCI World ETF,etf,9996.3031,0
SIM00752,etf:VWCE,Vanguard FTSE All-World ETF,etf,10.5345,0
SIM00752,stock:SOLB,Solvay,stocks,38.5303,0
SIM00752,stock:MSFT,Microsoft,stocks,19.1593,0
SIM00752,stock:ASML,ASML Holding,stocks,3.1426,0
SIM00752,stock:NVDA,Nvidia,stocks,5.4561,0
SIM00752,etf:IWDA,iShares MSCI World ETF,etf,462.2653,0
SIM00753,etf:IWDA,iShares MSCI World ETF,etf,18.5266,0
SIM00753,fund:KBC_PENSION,KBC Pension Savings Fund,funds,69.3405,0
SIM00753,stock:AAPL,Apple,stocks,213.2279,0
SIM00754,stock:AAPL,Apple,stocks,1758.3714,0
SIM00754,fund:KBC_PENSION,KBC Pension Savings Fund,funds,608.6018,0
SIM00754,stock:ASML,ASML Holding,stocks,885.7069,0
SIM00754,bond:OLO_2034,Belgian OLO 2034,bonds,109.8742,0
SIM00754,fund:KBC_TECH,KBC Equity Fund Technology,funds,50.3799,3
SIM00755,fund:KBC_PENSION,KBC Pension Savings Fund,funds,366.4906,0
SIM00755,etf:VWCE,Vanguard FTSE All-World ETF,etf,413.202,0
SIM00755,stock:UCB,UCB,stocks,621.0675,0
SIM00755,bond:EU_2030,EU Bond 2030,bonds,149.9139,0
SIM00755,fund:KBC_TECH,KBC Equity Fund Technology,funds,509.5818,0
SIM00755,stock:SOLB,Solvay,stocks,1216.4428,0
SIM00755,fund:KBC_ECO,KBC Eco Fund,funds,21.1761,14
SIM00756,etf:IWDA,iShares MSCI World ETF,etf,80.6896,0
SIM00756,bond:EU_2030,EU Bond 2030,bonds,15.4527,0
SIM00756,stock:AAPL,Apple,stocks,60.1942,0
SIM00757,fund:KBC_ECO,KBC Eco Fund,funds,31.0836,20
SIM00758,stock:NVDA,Nvidia,stocks,81.1429,0
SIM00758,fund:KBC_PENSION,KBC Pension Savings Fund,funds,908.2401,0
SIM00758,bond:EU_2030,EU Bond 2030,bonds,272.5624,0
SIM00758,etf:IWDA,iShares MSCI World ETF,etf,6691.8951,0
SIM00758,fund:KBC_ECO,KBC Eco Fund,funds,258.8515,0
SIM00758,fund:KBC_TECH,KBC Equity Fund Technology,funds,1351.4078,0
SIM00759,stock:SOLB,Solvay,stocks,1.7884,0
SIM00759,fund:KBC_PENSION,KBC Pension Savings Fund,funds,25.5694,0
SIM00759,etf:VWCE,Vanguard FTSE All-World ETF,etf,290.4875,0
SIM00760,fund:KBC_PENSION,KBC Pension Savings Fund,funds,4696.3069,0
SIM00760,stock:KBC,KBC Group,stocks,588.6389,0
SIM00760,fund:KBC_ECO,KBC Eco Fund,funds,1648.5786,0
SIM00760,fund:KBC_ECO,KBC Eco Fund,funds,18.4628,5
SIM00761,stock:ASML,ASML Holding,stocks,184.6044,0
SIM00761,stock:KBC,KBC Group,stocks,320.5663,0
SIM00761,fund:KBC_PENSION,KBC Pension Savings Fund,funds,92.3008,0
SIM00761,stock:NVDA,Nvidia,stocks,46.2361,0
SIM00761,stock:AAPL,Apple,stocks,492.9134,0
SIM00762,etf:VWCE,Vanguard FTSE All-World ETF,etf,206.4424,0
SIM00762,fund:KBC_PENSION,KBC Pension Savings Fund,funds,19.0793,0
SIM00762,etf:IWDA,iShares MSCI World ETF,etf,540.326,0
SIM00762,stock:KBC,KBC Group,stocks,85.6845,0
SIM00762,stock:MSFT,Microsoft,stocks,37.5968,0
SIM00762,stock:ASML,ASML Holding,stocks,10.3321,0
SIM00768,etf:IWDA,iShares MSCI World ETF,etf,5366.8332,0
SIM00768,stock:UCB,UCB,stocks,860.4154,0
SIM00768,fund:KBC_PENSION,KBC Pension Savings Fund,funds,133.5103,5
SIM00771,stock:KBC,KBC Group,stocks,35.7297,0
SIM00771,fund:KBC_TECH,KBC Equity Fund Technology,funds,27.8666,0
SIM00771,bond:EU_2030,EU Bond 2030,bonds,16.5528,0
SIM00771,stock:SOLB,Solvay,stocks,17.9105,0
SIM00773,stock:SOLB,Solvay,stocks,146.0974,0
SIM00773,stock:NVDA,Nvidia,stocks,128.8248,0
SIM00773,fund:KBC_PENSION,KBC Pension Savings Fund,funds,113.1434,0
SIM00773,etf:IWDA,iShares MSCI World ETF,etf,1976.3945,0
SIM00773,stock:KBC,KBC Group,stocks,172.8668,0
SIM00773,bond:EU_2030,EU Bond 2030,bonds,172.5316,0
SIM00774,fund:KBC_TECH,KBC Equity Fund Technology,funds,237.1542,0
SIM00774,stock:NVDA,Nvidia,stocks,168.7848,0
SIM00774,fund:KBC_TECH,KBC Equity Fund Technology,funds,101.0562,19
SIM00775,fund:KBC_ECO,KBC Eco Fund,funds,397.6463,0
SIM00775,stock:AAPL,Apple,stocks,146.879,0
SIM00775,stock:UCB,UCB,stocks,104.595,0
SIM00775,fund:KBC_PENSION,KBC Pension Savings Fund,funds,95.3404,0
SIM00775,stock:KBC,KBC Group,stocks,438.0762,0
SIM00775,stock:SOLB,Solvay,stocks,88.2175,0
SIM00776,fund:KBC_TECH,KBC Equity Fund Technology,funds,78.9195,3
SIM00777,stock:MSFT,Microsoft,stocks,600.5297,0
SIM00777,stock:NVDA,Nvidia,stocks,281.1671,0
SIM00777,stock:KBC,KBC Group,stocks,789.4088,0
SIM00777,etf:IWDA,iShares MSCI World ETF,etf,3615.8669,0
SIM00777,etf:VWCE,Vanguard FTSE All-World ETF,etf,667.1017,0
SIM00777,stock:AAPL,Apple,stocks,264.5307,0
SIM00777,fund:KBC_ECO,KBC Eco Fund,funds,14.4031,9
SIM00779,stock:ABI,AB InBev,stocks,160.729,0
SIM00779,fund:KBC_PENSION,KBC Pension Savings Fund,funds,151.7569,0
SIM00779,bond:OLO_2034,Belgian OLO 2034,bonds,4824.9572,0
SIM00779,etf:IWDA,iShares MSCI World ETF,etf,2180.82,0
SIM00779,stock:NVDA,Nvidia,stocks,76.2978,0
SIM00779,stock:AAPL,Apple,stocks,69.5799,0
SIM00779,fund:KBC_TECH,KBC Equity Fund Technology,funds,119.1627,12
SIM00782,fund:KBC_PENSION,KBC Pension Savings Fund,funds,58.2354,9
SIM00783,stock:ABI,AB InBev,stocks,0.0512,0
SIM00783,stock:AAPL,Apple,stocks,5.1511,0
SIM00783,bond:OLO_2034,Belgian OLO 2034,bonds,8.1136,0
SIM00783,fund:KBC_ECO,KBC Eco Fund,funds,2.691,0
SIM00783,fund:KBC_PENSION,KBC Pension Savings Fund,funds,3.9619,0
SIM00783,stock:ASML,ASML Holding,stocks,1.5427,0
SIM00785,stock:ABI,AB InBev,stocks,1169.7149,0
SIM00785,stock:NVDA,Nvidia,stocks,45.6067,0
SIM00785,fund:KBC_PENSION,KBC Pension Savings Fund,funds,110.1446,9
SIM00786,fund:KBC_PENSION,KBC Pension Savings Fund,funds,102.6539,8
SIM00787,stock:AAPL,Apple,stocks,1601.1633,0
SIM00787,bond:OLO_2034,Belgian OLO 2034,bonds,494.8865,0
SIM00789,stock:ASML,ASML Holding,stocks,0.2862,0
SIM00789,fund:KBC_TECH,KBC Equity Fund Technology,funds,7.5786,0
SIM00789,etf:VWCE,Vanguard FTSE All-World ETF,etf,87.9306,0
SIM00789,stock:MSFT,Microsoft,stocks,74.38,0
SIM00791,fund:KBC_ECO,KBC Eco Fund,funds,4.5219,14
SIM00793,stock:ABI,AB InBev,stocks,487.8719,0
SIM00793,etf:IWDA,iShares MSCI World ETF,etf,1587.9241,0
SIM00793,stock:SOLB,Solvay,stocks,1183.4472,0
SIM00793,stock:NVDA,Nvidia,stocks,125.2629,0
SIM00793,stock:UCB,UCB,stocks,362.7401,0
SIM00793,stock:AAPL,Apple,stocks,3245.094,0
SIM00793,fund:KBC_PENSION,KBC Pension Savings Fund,funds,35.7123,4
SIM00795,fund:KBC_PENSION,KBC Pension Savings Fund,funds,0.6555,0
SIM00795,etf:VWCE,Vanguard FTSE All-World ETF,etf,1.0109,0
SIM00795,stock:MSFT,Microsoft,stocks,6.7009,0
SIM00797,fund:KBC_ECO,KBC Eco Fund,funds,80.4346,0
SIM00797,fund:KBC_PENSION,KBC Pension Savings Fund,funds,65.4319,0
SIM00797,fund:KBC_PENSION,KBC Pension Savings Fund,funds,17.6377,18
SIM00799,stock:MSFT,Microsoft,stocks,83.6043,0
SIM00799,stock:UCB,UCB,stocks,18.1001,0
SIM00799,stock:KBC,KBC Group,stocks,86.2318,0
SIM00799,fund:KBC_TECH,KBC Equity Fund Technology,funds,7.8777,0
SIM00799,etf:VWCE,Vanguard FTSE All-World ETF,etf,17.5862,0
SIM00799,stock:AAPL,Apple,stocks,16.6193,0
SIM00800,stock:UCB,UCB,stocks,0.3307,0
SIM00800,etf:IWDA,iShares MSCI World ETF,etf,410.6578,0
SIM00803,stock:KBC,KBC Group,stocks,0.9168,0
SIM00803,bond:OLO_2034,Belgian OLO 2034,bonds,3.6409,0
SIM00803,stock:ASML,ASML Holding,stocks,3.0932,0
SIM00803,stock:SOLB,Solvay,stocks,1.0265,0
SIM00803,bond:EU_2030,EU Bond 2030,bonds,22.1027,0
SIM00804,stock:NVDA,Nvidia,stocks,775.5397,0
SIM00804,bond:EU_2030,EU Bond 2030,bonds,348.0562,0
SIM00804,fund:KBC_ECO,KBC Eco Fund,funds,327.6672,0
SIM00804,etf:IWDA,iShares MSCI World ETF,etf,3444.8405,0
SIM00804,stock:ABI,AB InBev,stocks,174.8886,0
SIM00804,fund:KBC_TECH,KBC Equity Fund Technology,funds,37.9666,23
SIM00806,bond:OLO_2034,Belgian OLO 2034,bonds,673.0263,0
SIM00806,stock:NVDA,Nvidia,stocks,516.9834,0
SIM00806,fund:KBC_PENSION,KBC Pension Savings Fund,funds,553.7426,0
SIM00806,etf:IWDA,iShares MSCI World ETF,etf,1465.7407,0
SIM00806,stock:ABI,AB InBev,stocks,686.8847,0
SIM00806,etf:VWCE,Vanguard FTSE All-World ETF,etf,299.1233,0
SIM00807,stock:UCB,UCB,stocks,20.5931,0
SIM00807,fund:KBC_PENSION,KBC Pension Savings Fund,funds,23.6968,0
SIM00807,stock:ABI,AB InBev,stocks,20.6887,0
SIM00808,stock:UCB,UCB,stocks,29.5191,0
SIM00808,stock:ABI,AB InBev,stocks,1.5309,0
SIM00808,stock:NVDA,Nvidia,stocks,352.8328,0
SIM00808,stock:MSFT,Microsoft,stocks,675.5593,0
SIM00811,stock:KBC,KBC Group,stocks,259.0363,0
SIM00811,fund:KBC_PENSION,KBC Pension Savings Fund,funds,18.8709,0
SIM00811,stock:NVDA,Nvidia,stocks,46.1165,0
SIM00811,stock:UCB,UCB,stocks,67.5318,0
SIM00811,stock:ASML,ASML Holding,stocks,10.7196,0
SIM00811,fund:KBC_TECH,KBC Equity Fund Technology,funds,59.7574,11
SIM00813,fund:KBC_ECO,KBC Eco Fund,funds,9.7387,0
SIM00813,stock:SOLB,Solvay,stocks,29.0916,0
SIM00813,etf:VWCE,Vanguard FTSE All-World ETF,etf,51.5283,0
SIM00813,stock:KBC,KBC Group,stocks,63.5078,0
SIM00814,stock:UCB,UCB,stocks,1008.6681,0
SIM00814,stock:MSFT,Microsoft,stocks,4156.3177,0
SIM00816,fund:KBC_ECO,KBC Eco Fund,funds,276.4195,0
SIM00816,stock:ABI,AB InBev,stocks,92.8629,0
SIM00816,fund:KBC_PENSION,KBC Pension Savings Fund,funds,790.8367,0
SIM00816,stock:MSFT,Microsoft,stocks,502.0293,0
SIM00816,stock:AAPL,Apple,stocks,838.7906,0
SIM00816,etf:VWCE,Vanguard FTSE All-World ETF,etf,883.5092,0
SIM00816,fund:KBC_ECO,KBC Eco Fund,funds,58.1479,5
SIM00817,stock:MSFT,Microsoft,stocks,122.1611,0
SIM00817,etf:VWCE,Vanguard FTSE All-World ETF,etf,737.3608,0
SIM00817,fund:KBC_ECO,KBC Eco Fund,funds,62.2769,17
SIM00819,bond:OLO_2034,Belgian OLO 2034,bonds,14.2075,0
SIM00819,stock:UCB,UCB,stocks,13.2514,0
SIM00819,stock:ASML,ASML Holding,stocks,32.8416,0
SIM00819,stock:MSFT,Microsoft,stocks,5.1057,0
SIM00819,fund:KBC_PENSION,KBC Pension Savings Fund,funds,6.4078,0
SIM00819,etf:IWDA,iShares MSCI World ETF,etf,68.1634,0
SIM00823,stock:NVDA,Nvidia,stocks,22.5201,0
SIM00823,fund:KBC_TECH,KBC Equity Fund Technology,funds,112.8309,0
SIM00825,bond:OLO_2034,Belgian OLO 2034,bonds,254.6497,0
SIM00825,stock:ABI,AB InBev,stocks,175.9996,0
SIM00825,fund:KBC_TECH,KBC Equity Fund Technology,funds,11.899,0
SIM00825,fund:KBC_ECO,KBC Eco Fund,funds,220.2973,0
SIM00825,stock:KBC,KBC Group,stocks,755.3943,0
SIM00825,fund:KBC_ECO,KBC Eco Fund,funds,12.0033,22
SIM00827,bond:OLO_2034,Belgian OLO 2034,bonds,8238.0006,0
SIM00827,stock:ABI,AB InBev,stocks,265.278,0
SIM00827,stock:MSFT,Microsoft,stocks,455.6995,0
SIM00827,etf:IWDA,iShares MSCI World ETF,etf,6695.6653,0
SIM00827,fund:KBC_PENSION,KBC Pension Savings Fund,funds,37.229,5
SIM00830,stock:ABI,AB InBev,stocks,887.535,0
SIM00830,bond:OLO_2034,Belgian OLO 2034,bonds,893.8443,0
SIM00830,bond:EU_2030,EU Bond 2030,bonds,1139.9148,0
SIM00834,bond:OLO_2034,Belgian OLO 2034,bonds,126.9961,0
SIM00834,etf:IWDA,iShares MSCI World ETF,etf,140.2388,0
SIM00834,stock:ASML,ASML Holding,stocks,1.1545,0
SIM00834,fund:KBC_ECO,KBC Eco Fund,funds,15.9854,0
SIM00834,etf:VWCE,Vanguard FTSE All-World ETF,etf,3.6219,0
SIM00834,fund:KBC_TECH,KBC Equity Fund Technology,funds,26.1259,10
SIM00838,fund:KBC_TECH,KBC Equity Fund Technology,funds,1383.1317,0
SIM00838,stock:ASML,ASML Holding,stocks,0.001,0
SIM00838,bond:OLO_2034,Belgian OLO 2034,bonds,3679.5058,0
SIM00838,stock:NVDA,Nvidia,stocks,148.8259,0
SIM00840,bond:EU_2030,EU Bond 2030,bonds,384.7813,0
SIM00840,stock:ABI,AB InBev,stocks,373.2593,0
SIM00840,stock:ASML,ASML Holding,stocks,10.5832,0
SIM00840,etf:IWDA,iShares MSCI World ETF,etf,6125.6562,0
SIM00840,etf:VWCE,Vanguard FTSE All-World ETF,etf,1633.378,0
SIM00840,fund:KBC_ECO,KBC Eco Fund,funds,502.4547,0
SIM00840,fund:KBC_PENSION,KBC Pension Savings Fund,funds,26.5363,13
SIM00843,stock:ASML,ASML Holding,stocks,4.7624,0
SIM00843,etf:IWDA,iShares MSCI World ETF,etf,145.1385,0
SIM00843,stock:ABI,AB InBev,stocks,2.6992,0
SIM00843,bond:OLO_2034,Belgian OLO 2034,bonds,34.5672,0
SIM00844,fund:KBC_TECH,KBC Equity Fund Technology,funds,218.1982,0
SIM00844,bond:EU_2030,EU Bond 2030,bonds,1358.3513,0
SIM00844,stock:NVDA,Nvidia,stocks,379.794,0
SIM00844,fund:KBC_ECO,KBC Eco Fund,funds,49.6592,9
SIM00846,fund:KBC_TECH,KBC Equity Fund Technology,funds,4.4738,0
SIM00846,stock:MSFT,Microsoft,stocks,10.1404,0
SIM00852,stock:UCB,UCB,stocks,96.2038,0
SIM00852,stock:NVDA,Nvidia,stocks,231.5961,0
SIM00852,bond:EU_2030,EU Bond 2030,bonds,132.087,0
SIM00852,stock:ABI,AB InBev,stocks,157.1373,0
SIM00852,stock:ASML,ASML Holding,stocks,89.3093,0
SIM00852,fund:KBC_TECH,KBC Equity Fund Technology,funds,275.0262,0
SIM00853,bond:EU_2030,EU Bond 2030,bonds,32.7746,0
SIM00853,stock:ABI,AB InBev,stocks,0.2134,0
SIM00853,stock:AAPL,Apple,stocks,50.5793,0
SIM00853,stock:SOLB,Solvay,stocks,92.728,0
SIM00853,fund:KBC_ECO,KBC Eco Fund,funds,10.0135,0
SIM00859,stock:UCB,UCB,stocks,4.2166,0
SIM00859,bond:EU_2030,EU Bond 2030,bonds,75.7604,0
SIM00859,stock:AAPL,Apple,stocks,35.9519,0
SIM00859,fund:KBC_ECO,KBC Eco Fund,funds,21.89,0
SIM00860,stock:KBC,KBC Group,stocks,197.6164,0
SIM00860,stock:UCB,UCB,stocks,1.2439,0
SIM00860,fund:KBC_ECO,KBC Eco Fund,funds,351.0205,0
SIM00860,etf:IWDA,iShares MSCI World ETF,etf,3371.5472,0
SIM00860,fund:KBC_PENSION,KBC Pension Savings Fund,funds,125.4752,13
SIM00862,stock:SOLB,Solvay,stocks,127.2908,0
SIM00862,etf:VWCE,Vanguard FTSE All-World ETF,etf,707.7667,0
SIM00862,fund:KBC_PENSION,KBC Pension Savings Fund,funds,501.3309,0
SIM00862,stock:MSFT,Microsoft,stocks,363.7415,0
SIM00862,fund:KBC_ECO,KBC Eco Fund,funds,748.2374,0
SIM00864,stock:SOLB,Solvay,stocks,792.7314,0
SIM00864,fund:KBC_TECH,KBC Equity Fund Technology,funds,3685.5977,0
SIM00864,stock:UCB,UCB,stocks,100.8974,0
SIM00864,stock:MSFT,Microsoft,stocks,927.9746,0
SIM00864,fund:KBC_ECO,KBC Eco Fund,funds,37.2815,11
SIM00866,fund:KBC_TECH,KBC Equity Fund Technology,funds,10.1443,0
SIM00866,stock:NVDA,Nvidia,stocks,9.8767,0
SIM00866,stock:ABI,AB InBev,stocks,46.9076,0
SIM00868,stock:ABI,AB InBev,stocks,99.9962,0
SIM00868,stock:KBC,KBC Group,stocks,143.7422,0
SIM00868,stock:SOLB,Solvay,stocks,570.5419,0
SIM00868,fund:KBC_ECO,KBC Eco Fund,funds,183.8405,0
SIM00868,stock:NVDA,Nvidia,stocks,270.7058,0
SIM00868,fund:KBC_TECH,KBC Equity Fund Technology,funds,21.4097,7
SIM00870,stock:SOLB,Solvay,stocks,432.466,0
SIM00870,bond:EU_2030,EU Bond 2030,bonds,99.5,0
SIM00870,etf:IWDA,iShares MSCI World ETF,etf,1545.7082,0
SIM00870,fund:KBC_PENSION,KBC Pension Savings Fund,funds,333.2946,0
SIM00871,etf:VWCE,Vanguard FTSE All-World ETF,etf,1895.5364,0
SIM00871,stock:ABI,AB InBev,stocks,2423.3972,0
SIM00871,fund:KBC_PENSION,KBC Pension Savings Fund,funds,135.2486,19
SIM00873,stock:AAPL,Apple,stocks,839.7107,0
SIM00873,fund:KBC_ECO,KBC Eco Fund,funds,7.6922,0
SIM00874,fund:KBC_ECO,KBC Eco Fund,funds,48.5117,20
SIM00877,stock:NVDA,Nvidia,stocks,156.7742,0
SIM00877,stock:ASML,ASML Holding,stocks,421.2383,0
SIM00877,stock:KBC,KBC Group,stocks,1672.5052,0
SIM00877,bond:OLO_2034,Belgian OLO 2034,bonds,466.9623,0
SIM00877,stock:ABI,AB InBev,stocks,171.3647,0
SIM00877,stock:UCB,UCB,stocks,58.9361,0
SIM00877,fund:KBC_PENSION,KBC Pension Savings Fund,funds,92.0118,14
SIM00878,fund:KBC_TECH,KBC Equity Fund Technology,funds,20.7508,0
SIM00878,stock:UCB,UCB,stocks,24.8122,0
SIM00878,stock:ASML,ASML Holding,stocks,4.738,0
SIM00878,fund:KBC_ECO,KBC Eco Fund,funds,9.3841,0
SIM00879,fund:KBC_ECO,KBC Eco Fund,funds,611.9327,0
SIM00879,bond:OLO_2034,Belgian OLO 2034,bonds,2800.6528,0
SIM00879,fund:KBC_PENSION,KBC Pension Savings Fund,funds,102.2061,0
SIM00879,stock:AAPL,Apple,stocks,649.5362,0
SIM00879,etf:VWCE,Vanguard FTSE All-World ETF,etf,36.1878,0
SIM00879,stock:KBC,KBC Group,stocks,340.9291,0
SIM00884,fund:KBC_ECO,KBC Eco Fund,funds,10.5084,20
SIM00885,stock:MSFT,Microsoft,stocks,193.0049,0
SIM00885,bond:OLO_2034,Belgian OLO 2034,bonds,149.9283,0
SIM00885,stock:ASML,ASML Holding,stocks,49.3881,0
SIM00886,fund:KBC_PENSION,KBC Pension Savings Fund,funds,79.7607,0
SIM00886,stock:MSFT,Microsoft,stocks,369.4992,0
SIM00887,fund:KBC_PENSION,KBC Pension Savings Fund,funds,566.9202,0
SIM00887,etf:IWDA,iShares MSCI World ETF,etf,226.853,0
SIM00888,bond:OLO_2034,Belgian OLO 2034,bonds,73.2806,0
SIM00888,stock:MSFT,Microsoft,stocks,59.7124,0
SIM00888,stock:NVDA,Nvidia,stocks,11.1205,0
SIM00888,fund:KBC_PENSION,KBC Pension Savings Fund,funds,4.4207,0
SIM00888,stock:ABI,AB InBev,stocks,6.1605,0
SIM00889,bond:OLO_2034,Belgian OLO 2034,bonds,977.5856,0
SIM00889,etf:VWCE,Vanguard FTSE All-World ETF,etf,19.8505,0
SIM00890,stock:ASML,ASML Holding,stocks,28.4867,0
SIM00890,stock:UCB,UCB,stocks,44.3827,0
SIM00890,stock:MSFT,Microsoft,stocks,508.6916,0
SIM00890,stock:AAPL,Apple,stocks,393.4291,0
SIM00890,fund:KBC_TECH,KBC Equity Fund Technology,funds,723.2588,0
SIM00890,stock:NVDA,Nvidia,stocks,93.9646,0
SIM00890,fund:KBC_ECO,KBC Eco Fund,funds,46.847,18
SIM00891,stock:NVDA,Nvidia,stocks,1.4155,0
SIM00891,etf:VWCE,Vanguard FTSE All-World ETF,etf,1.2474,0
SIM00891,etf:IWDA,iShares MSCI World ETF,etf,1.3275,0
SIM00891,stock:SOLB,Solvay,stocks,10.5495,0
SIM00891,stock:KBC,KBC Group,stocks,1.4713,0
SIM00894,stock:AAPL,Apple,stocks,1194.7618,0
SIM00894,stock:ABI,AB InBev,stocks,493.6514,0
SIM00894,fund:KBC_ECO,KBC Eco Fund,funds,488.6908,0
SIM00894,stock:UCB,UCB,stocks,155.2314,0
SIM00894,fund:KBC_ECO,KBC Eco Fund,funds,23.6724,12
SIM00896,etf:IWDA,iShares MSCI World ETF,etf,86.2364,0
SIM00896,stock:SOLB,Solvay,stocks,116.8627,0
SIM00896,stock:KBC,KBC Group,stocks,57.1068,0
SIM00896,stock:NVDA,Nvidia,stocks,23.2367,0
SIM00896,stock:ABI,AB InBev,stocks,12.0323,0
SIM00896,stock:MSFT,Microsoft,stocks,201.3298,0
SIM00897,stock:ASML,ASML Holding,stocks,98.8734,0
SIM00897,etf:VWCE,Vanguard FTSE All-World ETF,etf,34.1174,0
SIM00897,stock:UCB,UCB,stocks,344.1361,0
SIM00897,etf:IWDA,iShares MSCI World ETF,etf,7435.7829,0
SIM00898,bond:OLO_2034,Belgian OLO 2034,bonds,59.6137,0
SIM00898,stock:ASML,ASML Holding,stocks,25.7075,0
SIM00899,bond:OLO_2034,Belgian OLO 2034,bonds,65.1946,0
SIM00899,stock:ABI,AB InBev,stocks,12.7601,0
SIM00899,stock:ASML,ASML Holding,stocks,18.4994,0
SIM00899,fund:KBC_ECO,KBC Eco Fund,funds,25.7349,0
SIM00900,stock:KBC,KBC Group,stocks,477.5482,0
SIM00900,stock:AAPL,Apple,stocks,1828.3465,0
SIM00900,fund:KBC_PENSION,KBC Pension Savings Fund,funds,160.1833,0
SIM00900,etf:IWDA,iShares MSCI World ETF,etf,1.1254,0
SIM00900,bond:OLO_2034,Belgian OLO 2034,bonds,62.2746,0
SIM00901,stock:AAPL,Apple,stocks,2.8014,0
SIM00901,stock:ASML,ASML Holding,stocks,0.8741,0
SIM00901,bond:EU_2030,EU Bond 2030,bonds,1.3749,0
SIM00901,fund:KBC_TECH,KBC Equity Fund Technology,funds,1.4089,0
SIM00901,stock:SOLB,Solvay,stocks,0.9818,0
SIM00901,stock:KBC,KBC Group,stocks,6.857,0
SIM00902,bond:OLO_2034,Belgian OLO 2034,bonds,2.4782,0
SIM00902,etf:IWDA,iShares MSCI World ETF,etf,91.7298,0
SIM00902,stock:NVDA,Nvidia,stocks,39.8813,0
SIM00902,stock:ABI,AB InBev,stocks,7.1016,0
SIM00902,stock:KBC,KBC Group,stocks,2.7951,0
SIM00902,fund:KBC_PENSION,KBC Pension Savings Fund,funds,78.0348,22
SIM00903,stock:AAPL,Apple,stocks,1082.4748,0
SIM00903,stock:NVDA,Nvidia,stocks,287.9251,0
SIM00903,stock:KBC,KBC Group,stocks,1421.2119,0
SIM00903,etf:IWDA,iShares MSCI World ETF,etf,5428.443,0
SIM00903,fund:KBC_PENSION,KBC Pension Savings Fund,funds,1049.5537,0
SIM00904,bond:OLO_2034,Belgian OLO 2034,bonds,408.8154,0
SIM00904,fund:KBC_PENSION,KBC Pension Savings Fund,funds,40.4728,0
SIM00904,stock:MSFT,Microsoft,stocks,9.731,0
SIM00906,bond:EU_2030,EU Bond 2030,bonds,21.2344,0
SIM00906,etf:IWDA,iShares MSCI World ETF,etf,451.3029,0
SIM00907,fund:KBC_ECO,KBC Eco Fund,funds,100.5907,0
SIM00907,fund:KBC_TECH,KBC Equity Fund Technology,funds,10.2825,0
SIM00907,stock:KBC,KBC Group,stocks,15.6562,0
SIM00908,fund:KBC_TECH,KBC Equity Fund Technology,funds,22.7094,13
SIM00909,bond:OLO_2034,Belgian OLO 2034,bonds,241.8497,0
SIM00909,etf:VWCE,Vanguard FTSE All-World ETF,etf,13.2038,0
SIM00909,stock:UCB,UCB,stocks,12.2109,0
SIM00909,fund:KBC_TECH,KBC Equity Fund Technology,funds,43.4408,0
SIM00909,stock:NVDA,Nvidia,stocks,10.8043,0
SIM00911,etf:VWCE,Vanguard FTSE All-World ETF,etf,112.489,0
SIM00911,stock:NVDA,Nvidia,stocks,92.1458,0
SIM00911,stock:ASML,ASML Holding,stocks,25.3399,0
SIM00913,fund:KBC_ECO,KBC Eco Fund,funds,36.2429,6
SIM00915,fund:KBC_TECH,KBC Equity Fund Technology,funds,107.4444,14
SIM00916,fund:KBC_TECH,KBC Equity Fund Technology,funds,71.0141,0
SIM00916,stock:KBC,KBC Group,stocks,43.4054,0
SIM00916,bond:OLO_2034,Belgian OLO 2034,bonds,181.1171,0
SIM00916,fund:KBC_ECO,KBC Eco Fund,funds,14.3549,0
SIM00916,stock:NVDA,Nvidia,stocks,27.6868,0
SIM00916,stock:ABI,AB InBev,stocks,20.2083,0
SIM00916,fund:KBC_PENSION,KBC Pension Savings Fund,funds,15.303,4
SIM00917,stock:ABI,AB InBev,stocks,35.9713,0
SIM00917,stock:UCB,UCB,stocks,53.1234,0
SIM00917,etf:VWCE,Vanguard FTSE All-World ETF,etf,17.514,0
SIM00917,stock:ASML,ASML Holding,stocks,2.4048,0
SIM00917,bond:OLO_2034,Belgian OLO 2034,bonds,109.4488,0
SIM00920,bond:EU_2030,EU Bond 2030,bonds,70.9921,0
SIM00920,stock:AAPL,Apple,stocks,688.3338,0
SIM00920,stock:ABI,AB InBev,stocks,542.6037,0
SIM00920,fund:KBC_TECH,KBC Equity Fund Technology,funds,198.388,0
SIM00920,stock:MSFT,Microsoft,stocks,635.6407,0
SIM00920,fund:KBC_TECH,KBC Equity Fund Technology,funds,38.4473,11
SIM00921,fund:KBC_TECH,KBC Equity Fund Technology,funds,96.3603,12
SIM00923,stock:UCB,UCB,stocks,72.5851,0
SIM00923,stock:NVDA,Nvidia,stocks,101.8467,0
SIM00923,stock:ABI,AB InBev,stocks,248.955,0
SIM00923,fund:KBC_TECH,KBC Equity Fund Technology,funds,54.9661,0
SIM00923,stock:SOLB,Solvay,stocks,194.4866,0
SIM00923,fund:KBC_TECH,KBC Equity Fund Technology,funds,55.9943,6
SIM00924,stock:ASML,ASML Holding,stocks,1092.7017,0
SIM00924,stock:KBC,KBC Group,stocks,686.8607,0
SIM00928,stock:AAPL,Apple,stocks,320.7989,0
SIM00928,bond:EU_2030,EU Bond 2030,bonds,811.1007,0
SIM00928,fund:KBC_ECO,KBC Eco Fund,funds,589.8868,0
SIM00928,stock:UCB,UCB,stocks,283.8435,0
SIM00928,stock:NVDA,Nvidia,stocks,12.7163,0
SIM00928,fund:KBC_TECH,KBC Equity Fund Technology,funds,17.1849,7
SIM00929,stock:KBC,KBC Group,stocks,172.9028,0
SIM00929,stock:MSFT,Microsoft,stocks,6010.3138,0
SIM00929,stock:NVDA,Nvidia,stocks,159.1029,0
SIM00929,fund:KBC_PENSION,KBC Pension Savings Fund,funds,783.9156,0
SIM00929,bond:OLO_2034,Belgian OLO 2034,bonds,5986.1268,0
SIM00929,fund:KBC_TECH,KBC Equity Fund Technology,funds,102.973,8
SIM00932,fund:KBC_ECO,KBC Eco Fund,funds,23.2963,0
SIM00932,stock:MSFT,Microsoft,stocks,18.1272,0
SIM00932,bond:OLO_2034,Belgian OLO 2034,bonds,60.8976,0
SIM00932,stock:ASML,ASML Holding,stocks,1.5657,0
SIM00932,fund:KBC_PENSION,KBC Pension Savings Fund,funds,69.665,0
SIM00932,fund:KBC_ECO,KBC Eco Fund,funds,22.3893,6
SIM00933,fund:KBC_PENSION,KBC Pension Savings Fund,funds,207.8716,0
SIM00933,stock:SOLB,Solvay,stocks,378.4991,0
SIM00933,stock:MSFT,Microsoft,stocks,4.1259,0
SIM00933,stock:ASML,ASML Holding,stocks,70.7641,0
SIM00933,fund:KBC_TECH,KBC Equity Fund Technology,funds,138.4399,0
SIM00933,fund:KBC_PENSION,KBC Pension Savings Fund,funds,103.3108,17
SIM00934,bond:OLO_2034,Belgian OLO 2034,bonds,1408.0687,0
SIM00934,stock:SOLB,Solvay,stocks,688.502,0
SIM00934,stock:KBC,KBC Group,stocks,1634.7465,0
SIM00934,fund:KBC_ECO,KBC Eco Fund,funds,727.7083,0
SIM00934,stock:NVDA,Nvidia,stocks,60.8244,0
SIM00936,fund:KBC_PENSION,KBC Pension Savings Fund,funds,22.3986,21
SIM00937,stock:MSFT,Microsoft,stocks,184.5312,0
SIM00937,fund:KBC_PENSION,KBC Pension Savings Fund,funds,99.6654,0
SIM00942,stock:ABI,AB InBev,stocks,43.7456,0
SIM00942,fund:KBC_PENSION,KBC Pension Savings Fund,funds,200.0353,0
SIM00942,stock:SOLB,Solvay,stocks,81.7204,0
SIM00942,etf:IWDA,iShares MSCI World ETF,etf,463.022,0
SIM00942,stock:UCB,UCB,stocks,19.2433,0
SIM00943,etf:VWCE,Vanguard FTSE All-World ETF,etf,694.1558,0
SIM00943,etf:IWDA,iShares MSCI World ETF,etf,257.2652,0
SIM00943,fund:KBC_ECO,KBC Eco Fund,funds,864.5874,0
SIM00943,fund:KBC_PENSION,KBC Pension Savings Fund,funds,296.4411,0
SIM00944,fund:KBC_PENSION,KBC Pension Savings Fund,funds,381.5943,0
SIM00944,stock:SOLB,Solvay,stocks,63.1134,0
SIM00945,stock:SOLB,Solvay,stocks,50.0859,0
SIM00945,stock:UCB,UCB,stocks,7.2704,0
SIM00945,etf:IWDA,iShares MSCI World ETF,etf,251.3039,0
SIM00945,bond:EU_2030,EU Bond 2030,bonds,23.9483,0
SIM00945,stock:ASML,ASML Holding,stocks,32.4896,0
SIM00945,bond:OLO_2034,Belgian OLO 2034,bonds,408.4143,0
SIM00947,stock:UCB,UCB,stocks,34.2516,0
SIM00947,etf:VWCE,Vanguard FTSE All-World ETF,etf,1.5561,0
SIM00947,bond:EU_2030,EU Bond 2030,bonds,66.4902,0
SIM00949,fund:KBC_TECH,KBC Equity Fund Technology,funds,1908.9536,0
SIM00949,etf:IWDA,iShares MSCI World ETF,etf,802.7843,0
SIM00949,stock:KBC,KBC Group,stocks,2370.1331,0
SIM00949,fund:KBC_ECO,KBC Eco Fund,funds,63.36,6
SIM00950,stock:UCB,UCB,stocks,286.3507,0
SIM00950,bond:EU_2030,EU Bond 2030,bonds,168.9473,0
SIM00950,stock:MSFT,Microsoft,stocks,174.0844,0
SIM00950,fund:KBC_PENSION,KBC Pension Savings Fund,funds,838.2283,0
SIM00951,fund:KBC_PENSION,KBC Pension Savings Fund,funds,2.6176,0
SIM00951,etf:VWCE,Vanguard FTSE All-World ETF,etf,5.1046,0
SIM00953,fund:KBC_TECH,KBC Equity Fund Technology,funds,253.1951,0
SIM00953,stock:NVDA,Nvidia,stocks,345.5976,0
SIM00954,bond:OLO_2034,Belgian OLO 2034,bonds,630.6454,0
SIM00954,stock:SOLB,Solvay,stocks,198.0523,0
SIM00954,fund:KBC_PENSION,KBC Pension Savings Fund,funds,2004.892,0
SIM00954,stock:KBC,KBC Group,stocks,926.7561,0
SIM00954,fund:KBC_ECO,KBC Eco Fund,funds,324.8993,0
SIM00954,stock:UCB,UCB,stocks,298.9039,0
SIM00955,bond:EU_2030,EU Bond 2030,bonds,31.5321,0
SIM00955,fund:KBC_PENSION,KBC Pension Savings Fund,funds,115.1605,0
SIM00955,stock:KBC,KBC Group,stocks,3.4904,0
SIM00955,fund:KBC_TECH,KBC Equity Fund Technology,funds,5.6599,0
SIM00960,fund:KBC_TECH,KBC Equity Fund Technology,funds,11.5478,0
SIM00960,fund:KBC_PENSION,KBC Pension Savings Fund,funds,55.8653,0
SIM00960,etf:IWDA,iShares MSCI World ETF,etf,83.594,0
SIM00960,fund:KBC_ECO,KBC Eco Fund,funds,18.6341,0
SIM00961,fund:KBC_ECO,KBC Eco Fund,funds,446.18,0
SIM00961,stock:NVDA,Nvidia,stocks,278.6474,0
SIM00963,etf:IWDA,iShares MSCI World ETF,etf,73.4017,0
SIM00963,fund:KBC_TECH,KBC Equity Fund Technology,funds,11.2136,0
SIM00963,stock:NVDA,Nvidia,stocks,1.191,0
SIM00963,stock:ASML,ASML Holding,stocks,8.6951,0
SIM00968,fund:KBC_TECH,KBC Equity Fund Technology,funds,102.4844,13
SIM00969,fund:KBC_PENSION,KBC Pension Savings Fund,funds,95.195,0
SIM00969,stock:UCB,UCB,stocks,18.1979,0
SIM00969,etf:IWDA,iShares MSCI World ETF,etf,12.6638,0
SIM00969,fund:KBC_TECH,KBC Equity Fund Technology,funds,26.6463,9
SIM00970,etf:IWDA,iShares MSCI World ETF,etf,143.5053,0
SIM00970,stock:NVDA,Nvidia,stocks,29.9459,0
SIM00970,stock:KBC,KBC Group,stocks,178.601,0
SIM00970,fund:KBC_TECH,KBC Equity Fund Technology,funds,37.7305,11
SIM00976,fund:KBC_PENSION,KBC Pension Savings Fund,funds,121.8907,17
SIM00978,etf:VWCE,Vanguard FTSE All-World ETF,etf,684.5398,0
SIM00978,fund:KBC_ECO,KBC Eco Fund,funds,200.9483,0
SIM00978,bond:OLO_2034,Belgian OLO 2034,bonds,1476.428,0
SIM00978,stock:MSFT,Microsoft,stocks,986.0457,0
SIM00978,stock:SOLB,Solvay,stocks,24.9468,0
SIM00978,stock:AAPL,Apple,stocks,187.0647,0
SIM00978,fund:KBC_PENSION,KBC Pension Savings Fund,funds,133.2252,22
SIM00979,stock:MSFT,Microsoft,stocks,79.6251,0
SIM00979,fund:KBC_PENSION,KBC Pension Savings Fund,funds,12.6977,0
SIM00979,stock:UCB,UCB,stocks,7.3102,0
SIM00979,bond:OLO_2034,Belgian OLO 2034,bonds,123.3304,0
SIM00979,stock:AAPL,Apple,stocks,130.9591,0
SIM00980,fund:KBC_PENSION,KBC Pension Savings Fund,funds,684.0849,0
SIM00980,stock:KBC,KBC Group,stocks,495.5509,0
SIM00980,etf:VWCE,Vanguard FTSE All-World ETF,etf,633.8543,0
SIM00980,stock:UCB,UCB,stocks,167.6695,0
SIM00980,bond:OLO_2034,Belgian OLO 2034,bonds,5635.428,0
SIM00980,bond:EU_2030,EU Bond 2030,bonds,92.1192,0
SIM00980,fund:KBC_PENSION,KBC Pension Savings Fund,funds,30.7319,3
SIM00982,bond:EU_2030,EU Bond 2030,bonds,2.2119,0
SIM00982,etf:VWCE,Vanguard FTSE All-World ETF,etf,6.6312,0
SIM00982,etf:IWDA,iShares MSCI World ETF,etf,55.3647,0
SIM00982,stock:ASML,ASML Holding,stocks,2.8657,0
SIM00983,stock:ASML,ASML Holding,stocks,15.4085,0
SIM00983,bond:EU_2030,EU Bond 2030,bonds,2.1109,0
SIM00983,stock:AAPL,Apple,stocks,4.4176,0
SIM00983,stock:MSFT,Microsoft,stocks,89.5742,0
SIM00983,stock:KBC,KBC Group,stocks,62.753,0
SIM00983,fund:KBC_ECO,KBC Eco Fund,funds,54.207,22
SIM00984,bond:OLO_2034,Belgian OLO 2034,bonds,1948.4971,0
SIM00984,stock:KBC,KBC Group,stocks,100.9855,0
SIM00984,fund:KBC_TECH,KBC Equity Fund Technology,funds,814.6733,0
SIM00984,stock:NVDA,Nvidia,stocks,276.4921,0
SIM00984,etf:VWCE,Vanguard FTSE All-World ETF,etf,859.5288,0
SIM00984,fund:KBC_PENSION,KBC Pension Savings Fund,funds,128.6535,22
SIM00986,etf:VWCE,Vanguard FTSE All-World ETF,etf,25.6587,0
SIM00986,bond:EU_2030,EU Bond 2030,bonds,26.3373,0
SIM00986,bond:OLO_2034,Belgian OLO 2034,bonds,83.9242,0
SIM00986,stock:KBC,KBC Group,stocks,3.7516,0
SIM00986,stock:ASML,ASML Holding,stocks,0.1673,0
SIM00986,fund:KBC_ECO,KBC Eco Fund,funds,9.0997,0
SIM00990,stock:UCB,UCB,stocks,5.9412,0
SIM00990,stock:KBC,KBC Group,stocks,19.2562,0
SIM00990,bond:EU_2030,EU Bond 2030,bonds,19.804,0
SIM00990,etf:IWDA,iShares MSCI World ETF,etf,179.6412,0
SIM00990,stock:ASML,ASML Holding,stocks,10.9002,0
SIM00990,bond:OLO_2034,Belgian OLO 2034,bonds,7.4765,0
SIM00992,stock:AAPL,Apple,stocks,98.5537,0
SIM00992,stock:SOLB,Solvay,stocks,262.6553,0
SIM00992,stock:KBC,KBC Group,stocks,64.7408,0
SIM00995,etf:IWDA,iShares MSCI World ETF,etf,3449.5199,0
SIM00995,bond:EU_2030,EU Bond 2030,bonds,21.5779,0
SIM00995,stock:ASML,ASML Holding,stocks,365.657,0
SIM00995,stock:AAPL,Apple,stocks,471.5184,0
SIM00995,etf:VWCE,Vanguard FTSE All-World ETF,etf,424.0793,0
SIM00995,fund:KBC_ECO,KBC Eco Fund,funds,60.4159,15
SIM01003,stock:ABI,AB InBev,stocks,1265.362,0
SIM01003,stock:AAPL,Apple,stocks,194.7325,0
SIM01003,fund:KBC_ECO,KBC Eco Fund,funds,39.3154,10
SIM01006,stock:SOLB,Solvay,stocks,1229.1438,0
SIM01006,stock:ASML,ASML Holding,stocks,281.8775,0
SIM01006,bond:OLO_2034,Belgian OLO 2034,bonds,2885.4569,0
SIM01006,stock:NVDA,Nvidia,stocks,21.6036,0
SIM01007,etf:IWDA,iShares MSCI World ETF,etf,15513.0277,0
SIM01007,stock:AAPL,Apple,stocks,4675.1253,0
SIM01009,fund:KBC_PENSION,KBC Pension Savings Fund,funds,225.9466,0
SIM01009,stock:MSFT,Microsoft,stocks,186.2328,0
SIM01009,stock:ASML,ASML Holding,stocks,28.451,0
SIM01011,stock:UCB,UCB,stocks,88.6924,0
SIM01011,stock:NVDA,Nvidia,stocks,462.2762,0
SIM01011,fund:KBC_TECH,KBC Equity Fund Technology,funds,923.8298,0
SIM01011,etf:IWDA,iShares MSCI World ETF,etf,1226.8614,0
SIM01011,fund:KBC_PENSION,KBC Pension Savings Fund,funds,64.6778,17
SIM01015,fund:KBC_PENSION,KBC Pension Savings Fund,funds,38.7109,16
SIM01016,fund:KBC_TECH,KBC Equity Fund Technology,funds,43.4602,14
SIM01019,etf:IWDA,iShares MSCI World ETF,etf,1918.9474,0
SIM01019,stock:MSFT,Microsoft,stocks,1259.1691,0
SIM01019,fund:KBC_PENSION,KBC Pension Savings Fund,funds,353.65,0
SIM01019,fund:KBC_TECH,KBC Equity Fund Technology,funds,198.8097,0
SIM01019,etf:VWCE,Vanguard FTSE All-World ETF,etf,200.4294,0
SIM01019,fund:KBC_ECO,KBC Eco Fund,funds,386.467,0
SIM01019,fund:KBC_PENSION,KBC Pension Savings Fund,funds,125.053,9
SIM01020,fund:KBC_TECH,KBC Equity Fund Technology,funds,58.2526,13
SIM01024,bond:EU_2030,EU Bond 2030,bonds,108.7418,0
SIM01024,fund:KBC_ECO,KBC Eco Fund,funds,300.5398,0
SIM01024,stock:UCB,UCB,stocks,5.3223,0
SIM01024,stock:KBC,KBC Group,stocks,602.6319,0
SIM01024,etf:IWDA,iShares MSCI World ETF,etf,6313.3655,0
SIM01028,bond:EU_2030,EU Bond 2030,bonds,338.9911,0
SIM01028,fund:KBC_TECH,KBC Equity Fund Technology,funds,525.8088,0
SIM01028,stock:ABI,AB InBev,stocks,0.0463,0
SIM01028,bond:OLO_2034,Belgian OLO 2034,bonds,7606.968,0
SIM01028,fund:KBC_TECH,KBC Equity Fund Technology,funds,56.3605,4
SIM01032,stock:SOLB,Solvay,stocks,75.4239,0
SIM01032,stock:NVDA,Nvidia,stocks,63.276,0
SIM01032,fund:KBC_ECO,KBC Eco Fund,funds,40.4759,5
SIM01038,fund:KBC_TECH,KBC Equity Fund Technology,funds,80.749,0
SIM01038,etf:IWDA,iShares MSCI World ETF,etf,135.117,0
SIM01039,stock:NVDA,Nvidia,stocks,44.5008,0
SIM01039,bond:EU_2030,EU Bond 2030,bonds,434.8856,0
SIM01039,stock:KBC,KBC Group,stocks,1021.2584,0
SIM01039,stock:MSFT,Microsoft,stocks,388.1312,0
SIM01039,etf:VWCE,Vanguard FTSE All-World ETF,etf,88.6539,0
SIM01039,fund:KBC_ECO,KBC Eco Fund,funds,43.5465,5
SIM01043,etf:VWCE,Vanguard FTSE All-World ETF,etf,237.7005,0
SIM01043,fund:KBC_ECO,KBC Eco Fund,funds,461.2932,0
SIM01043,etf:IWDA,iShares MSCI World ETF,etf,1519.3838,0
SIM01043,stock:UCB,UCB,stocks,296.9923,0
SIM01043,fund:KBC_ECO,KBC Eco Fund,funds,9.7852,17
SIM01044,etf:IWDA,iShares MSCI World ETF,etf,11561.1627,0
SIM01044,stock:ASML,ASML Holding,stocks,781.4667,0
SIM01047,fund:KBC_ECO,KBC Eco Fund,funds,635.6725,0
SIM01047,stock:KBC,KBC Group,stocks,2606.1898,0
SIM01047,bond:OLO_2034,Belgian OLO 2034,bonds,1240.5223,0
SIM01047,stock:MSFT,Microsoft,stocks,565.2804,0
SIM01048,fund:KBC_ECO,KBC Eco Fund,funds,23.0617,0
SIM01048,stock:UCB,UCB,stocks,6.6455,0
SIM01051,fund:KBC_ECO,KBC Eco Fund,funds,31.7432,14
SIM01053,fund:KBC_ECO,KBC Eco Fund,funds,365.2663,0
SIM01053,stock:MSFT,Microsoft,stocks,1631.4663,0
SIM01053,fund:KBC_PENSION,KBC Pension Savings Fund,funds,507.1511,0
SIM01055,etf:VWCE,Vanguard FTSE All-World ETF,etf,810.3611,0
SIM01055,stock:MSFT,Microsoft,stocks,1765.8676,0
SIM01055,bond:OLO_2034,Belgian OLO 2034,bonds,5598.7746,0
SIM01055,fund:KBC_ECO,KBC Eco Fund,funds,31.2492,17
SIM01056,stock:AAPL,Apple,stocks,21.6197,0
SIM01056,fund:KBC_ECO,KBC Eco Fund,funds,21.7307,0
SIM01056,stock:MSFT,Microsoft,stocks,42.8573,0
SIM01057,stock:KBC,KBC Group,stocks,26.8767,0
SIM01057,fund:KBC_PENSION,KBC Pension Savings Fund,funds,18.8459,0
SIM01057,fund:KBC_TECH,KBC Equity Fund Technology,funds,50.0099,0
SIM01057,bond:OLO_2034,Belgian OLO 2034,bonds,207.1747,0
SIM01057,stock:ASML,ASML Holding,stocks,4.3495,0
SIM01057,fund:KBC_PENSION,KBC Pension Savings Fund,funds,147.3787,15
SIM01059,stock:AAPL,Apple,stocks,1924.2404,0
SIM01059,bond:EU_2030,EU Bond 2030,bonds,536.8853,0
SIM01059,fund:KBC_ECO,KBC Eco Fund,funds,419.6824,0
SIM01059,stock:NVDA,Nvidia,stocks,74.3651,0
SIM01061,bond:EU_2030,EU Bond 2030,bonds,12.2912,0
SIM01061,stock:SOLB,Solvay,stocks,631.7756,0
SIM01061,fund:KBC_PENSION,KBC Pension Savings Fund,funds,1124.864,0
SIM01061,stock:ABI,AB InBev,stocks,44.2586,0
SIM01062,etf:VWCE,Vanguard FTSE All-World ETF,etf,9.644,0
SIM01062,stock:MSFT,Microsoft,stocks,107.3647,0
SIM01062,stock:NVDA,Nvidia,stocks,72.706,0
SIM01063,fund:KBC_PENSION,KBC Pension Savings Fund,funds,64.6424,3
SIM01064,fund:KBC_ECO,KBC Eco Fund,funds,114.7236,0
SIM01064,stock:KBC,KBC Group,stocks,2.953,0
SIM01065,etf:IWDA,iShares MSCI World ETF,etf,40.55,0
SIM01065,stock:NVDA,Nvidia,stocks,0.6976,0
SIM01065,bond:OLO_2034,Belgian OLO 2034,bonds,29.8582,0
SIM01065,stock:AAPL,Apple,stocks,8.661,0
SIM01065,stock:SOLB,Solvay,stocks,57.5139,0
SIM01065,bond:EU_2030,EU Bond 2030,bonds,9.8268,0
SIM01066,etf:VWCE,Vanguard FTSE All-World ETF,etf,22.3764,0
SIM01066,stock:UCB,UCB,stocks,6.9328,0
SIM01066,stock:AAPL,Apple,stocks,4.1452,0
SIM01066,fund:KBC_TECH,KBC Equity Fund Technology,funds,11.1589,0
SIM01066,stock:KBC,KBC Group,stocks,2.1041,0
SIM01066,etf:IWDA,iShares MSCI World ETF,etf,37.8486,0
SIM01068,fund:KBC_ECO,KBC Eco Fund,funds,1203.4197,0
SIM01068,bond:EU_2030,EU Bond 2030,bonds,467.4695,0
SIM01068,stock:KBC,KBC Group,stocks,1546.8412,0
SIM01068,etf:IWDA,iShares MSCI World ETF,etf,8595.1537,0
SIM01070,stock:MSFT,Microsoft,stocks,53.1824,0
SIM01070,bond:EU_2030,EU Bond 2030,bonds,21.1234,0
SIM01070,etf:IWDA,iShares MSCI World ETF,etf,46.6793,0
SIM01070,fund:KBC_ECO,KBC Eco Fund,funds,1.9332,0
SIM01070,etf:VWCE,Vanguard FTSE All-World ETF,etf,1.2966,0
SIM01070,bond:OLO_2034,Belgian OLO 2034,bonds,50.8712,0
SIM01070,fund:KBC_ECO,KBC Eco Fund,funds,37.6343,17
SIM01071,bond:OLO_2034,Belgian OLO 2034,bonds,15.2974,0
SIM01071,stock:AAPL,Apple,stocks,326.0976,0
SIM01072,stock:KBC,KBC Group,stocks,307.567,0
SIM01072,fund:KBC_TECH,KBC Equity Fund Technology,funds,832.3201,0
SIM01072,stock:MSFT,Microsoft,stocks,652.6054,0
SIM01072,bond:EU_2030,EU Bond 2030,bonds,75.6845,0
SIM01072,bond:OLO_2034,Belgian OLO 2034,bonds,177.277,0
SIM01072,stock:SOLB,Solvay,stocks,324.4629,0
SIM01075,fund:KBC_PENSION,KBC Pension Savings Fund,funds,172.1388,9
SIM01079,fund:KBC_PENSION,KBC Pension Savings Fund,funds,87.0461,0
SIM01079,bond:EU_2030,EU Bond 2030,bonds,13.9195,0
SIM01079,stock:ASML,ASML Holding,stocks,0.836,0
SIM01079,stock:MSFT,Microsoft,stocks,17.1348,0
SIM01079,stock:NVDA,Nvidia,stocks,19.4832,0
SIM01079,fund:KBC_TECH,KBC Equity Fund Technology,funds,34.6612,0
SIM01079,fund:KBC_ECO,KBC Eco Fund,funds,26.3887,10
SIM01080,bond:EU_2030,EU Bond 2030,bonds,70.0937,0
SIM01080,stock:SOLB,Solvay,stocks,5622.1004,0
SIM01080,stock:NVDA,Nvidia,stocks,492.0316,0
SIM01080,fund:KBC_ECO,KBC Eco Fund,funds,30.617,6
SIM01081,stock:MSFT,Microsoft,stocks,62.3998,0
SIM01081,stock:NVDA,Nvidia,stocks,46.7179,0
SIM01081,bond:EU_2030,EU Bond 2030,bonds,14.4258,0
SIM01083,fund:KBC_ECO,KBC Eco Fund,funds,40.7117,13
SIM01087,etf:IWDA,iShares MSCI World ETF,etf,65.5227,0
SIM01087,etf:VWCE,Vanguard FTSE All-World ETF,etf,149.5236,0
SIM01089,fund:KBC_TECH,KBC Equity Fund Technology,funds,102.6121,15
SIM01090,stock:ABI,AB InBev,stocks,9.5518,0
SIM01090,bond:EU_2030,EU Bond 2030,bonds,17.1495,0
SIM01090,stock:AAPL,Apple,stocks,318.1884,0
SIM01090,fund:KBC_TECH,KBC Equity Fund Technology,funds,84.8902,0
SIM01090,fund:KBC_TECH,KBC Equity Fund Technology,funds,71.0601,5
SIM01091,fund:KBC_PENSION,KBC Pension Savings Fund,funds,63.9685,0
SIM01091,stock:UCB,UCB,stocks,13.4241,0
SIM01091,fund:KBC_ECO,KBC Eco Fund,funds,39.4696,0
SIM01096,stock:UCB,UCB,stocks,7.8282,0
SIM01096,bond:OLO_2034,Belgian OLO 2034,bonds,54.8759,0
SIM01096,fund:KBC_TECH,KBC Equity Fund Technology,funds,72.8124,0
SIM01102,stock:UCB,UCB,stocks,54.9241,0
SIM01102,stock:ASML,ASML Holding,stocks,19.7879,0
SIM01102,stock:ABI,AB InBev,stocks,53.8919,0
SIM01102,fund:KBC_PENSION,KBC Pension Savings Fund,funds,86.4515,0
SIM01102,fund:KBC_TECH,KBC Equity Fund Technology,funds,67.245,0
SIM01109,stock:MSFT,Microsoft,stocks,36.0213,0
SIM01109,stock:UCB,UCB,stocks,7.5556,0
SIM01109,stock:AAPL,Apple,stocks,63.0241,0
SIM01109,bond:OLO_2034,Belgian OLO 2034,bonds,61.4498,0
SIM01111,stock:MSFT,Microsoft,stocks,18.7973,0
SIM01111,bond:EU_2030,EU Bond 2030,bonds,15.4136,0
SIM01111,stock:NVDA,Nvidia,stocks,32.5973,0
SIM01111,stock:KBC,KBC Group,stocks,120.9892,0
SIM01111,stock:ASML,ASML Holding,stocks,29.4076,0
SIM01111,fund:KBC_TECH,KBC Equity Fund Technology,funds,14.5965,0
SIM01112,fund:KBC_TECH,KBC Equity Fund Technology,funds,63.8749,0
SIM01112,etf:IWDA,iShares MSCI World ETF,etf,41.4638,0
SIM01112,stock:KBC,KBC Group,stocks,1.432,0
SIM01112,stock:AAPL,Apple,stocks,143.3392,0
SIM01112,stock:SOLB,Solvay,stocks,8.4765,0
SIM01113,fund:KBC_PENSION,KBC Pension Savings Fund,funds,103.1954,9
SIM01114,fund:KBC_TECH,KBC Equity Fund Technology,funds,24.8719,8
SIM01115,stock:SOLB,Solvay,stocks,403.4469,0
SIM01115,etf:VWCE,Vanguard FTSE All-World ETF,etf,552.0745,0
SIM01115,stock:ASML,ASML Holding,stocks,239.0723,0
SIM01115,stock:ABI,AB InBev,stocks,20.1516,0
SIM01115,stock:NVDA,Nvidia,stocks,119.6893,0
SIM01115,stock:AAPL,Apple,stocks,435.3742,0
SIM01116,fund:KBC_ECO,KBC Eco Fund,funds,46.0839,3
SIM01117,fund:KBC_PENSION,KBC Pension Savings Fund,funds,213.2872,0
SIM01117,stock:SOLB,Solvay,stocks,12.7489,0
SIM01117,stock:AAPL,Apple,stocks,498.1182,0
SIM01122,bond:OLO_2034,Belgian OLO 2034,bonds,4298.458,0
SIM01122,stock:ASML,ASML Holding,stocks,90.5794,0
SIM01122,stock:SOLB,Solvay,stocks,479.834,0
SIM01122,etf:IWDA,iShares MSCI World ETF,etf,1398.8083,0
SIM01122,fund:KBC_PENSION,KBC Pension Savings Fund,funds,116.4558,3
SIM01123,fund:KBC_TECH,KBC Equity Fund Technology,funds,4.5438,0
SIM01123,etf:VWCE,Vanguard FTSE All-World ETF,etf,18.9647,0
SIM01123,stock:ASML,ASML Holding,stocks,59.5538,0
SIM01125,fund:KBC_PENSION,KBC Pension Savings Fund,funds,336.973,0
SIM01125,stock:KBC,KBC Group,stocks,169.9151,0
SIM01126,stock:ABI,AB InBev,stocks,0.52,0
SIM01126,bond:EU_2030,EU Bond 2030,bonds,7.4937,0
SIM01126,stock:MSFT,Microsoft,stocks,29.1451,0
SIM01126,stock:UCB,UCB,stocks,7.4925,0
SIM01126,fund:KBC_TECH,KBC Equity Fund Technology,funds,10.2757,0
SIM01126,bond:OLO_2034,Belgian OLO 2034,bonds,25.5843,0
SIM01126,fund:KBC_ECO,KBC Eco Fund,funds,7.6858,3
SIM01127,stock:MSFT,Microsoft,stocks,33.545,0
SIM01127,stock:ASML,ASML Holding,stocks,15.7391,0
SIM01127,stock:AAPL,Apple,stocks,21.4516,0
SIM01127,stock:NVDA,Nvidia,stocks,5.8683,0
SIM01129,stock:AAPL,Apple,stocks,431.5212,0
SIM01129,stock:SOLB,Solvay,stocks,445.0426,0
SIM01129,stock:ASML,ASML Holding,stocks,50.1864,0
SIM01129,bond:OLO_2034,Belgian OLO 2034,bonds,1323.2893,0
SIM01129,fund:KBC_TECH,KBC Equity Fund Technology,funds,67.5901,11
SIM01130,fund:KBC_PENSION,KBC Pension Savings Fund,funds,67.68,0
SIM01130,stock:MSFT,Microsoft,stocks,94.9654,0
SIM01130,etf:VWCE,Vanguard FTSE All-World ETF,etf,250.2741,0
SIM01130,bond:OLO_2034,Belgian OLO 2034,bonds,471.4311,0
SIM01130,stock:SOLB,Solvay,stocks,1388.4045,0
SIM01130,fund:KBC_TECH,KBC Equity Fund Technology,funds,107.4568,15
SIM01133,fund:KBC_ECO,KBC Eco Fund,funds,47.4314,9
SIM01134,stock:ASML,ASML Holding,stocks,64.0549,0
SIM01134,stock:UCB,UCB,stocks,36.3123,0
SIM01134,bond:EU_2030,EU Bond 2030,bonds,65.4141,0
SIM01138,stock:ASML,ASML Holding,stocks,2.0399,0
SIM01138,stock:AAPL,Apple,stocks,0.1192,0
SIM01139,stock:MSFT,Microsoft,stocks,6294.1983,0
SIM01139,fund:KBC_ECO,KBC Eco Fund,funds,1585.2791,0
SIM01139,stock:UCB,UCB,stocks,53.8262,0
SIM01139,stock:NVDA,Nvidia,stocks,182.768,0
SIM01140,stock:KBC,KBC Group,stocks,459.3838,0
SIM01140,etf:IWDA,iShares MSCI World ETF,etf,5318.5328,0
SIM01140,bond:EU_2030,EU Bond 2030,bonds,63.723,0
SIM01140,etf:VWCE,Vanguard FTSE All-World ETF,etf,886.0463,0
SIM01143,stock:UCB,UCB,stocks,269.3284,0
SIM01143,stock:ABI,AB InBev,stocks,19.3647,0
SIM01143,fund:KBC_TECH,KBC Equity Fund Technology,funds,591.3029,0
SIM01143,stock:SOLB,Solvay,stocks,58.7464,0
SIM01143,fund:KBC_PENSION,KBC Pension Savings Fund,funds,25.7235,19
SIM01144,stock:SOLB,Solvay,stocks,232.2916,0
SIM01144,stock:MSFT,Microsoft,stocks,352.4057,0
SIM01144,stock:UCB,UCB,stocks,119.7812,0
SIM01145,stock:NVDA,Nvidia,stocks,3.9419,0
SIM01145,fund:KBC_ECO,KBC Eco Fund,funds,108.3087,0
SIM01145,stock:AAPL,Apple,stocks,183.0771,0
SIM01145,bond:EU_2030,EU Bond 2030,bonds,194.0323,0
SIM01145,fund:KBC_TECH,KBC Equity Fund Technology,funds,10.6466,14
SIM01147,fund:KBC_ECO,KBC Eco Fund,funds,11.501,0
SIM01147,fund:KBC_TECH,KBC Equity Fund Technology,funds,3.6462,0
SIM01147,stock:AAPL,Apple,stocks,346.9991,0
SIM01147,stock:UCB,UCB,stocks,7.0898,0
SIM01147,stock:KBC,KBC Group,stocks,26.2639,0
SIM01149,stock:MSFT,Microsoft,stocks,3510.1355,0
SIM01149,etf:VWCE,Vanguard FTSE All-World ETF,etf,584.6929,0
SIM01149,stock:NVDA,Nvidia,stocks,675.9079,0
SIM01149,bond:OLO_2034,Belgian OLO 2034,bonds,1455.5467,0
SIM01149,fund:KBC_ECO,KBC Eco Fund,funds,1093.2733,0
SIM01149,fund:KBC_TECH,KBC Equity Fund Technology,funds,76.1618,21
SIM01155,etf:IWDA,iShares MSCI World ETF,etf,2602.8783,0
SIM01155,stock:MSFT,Microsoft,stocks,2795.1728,0
SIM01155,fund:KBC_TECH,KBC Equity Fund Technology,funds,146.5095,0
SIM01155,stock:KBC,KBC Group,stocks,310.4237,0
SIM01160,etf:VWCE,Vanguard FTSE All-World ETF,etf,313.2985,0
SIM01160,etf:IWDA,iShares MSCI World ETF,etf,639.6811,0
SIM01160,bond:EU_2030,EU Bond 2030,bonds,752.3905,0
SIM01160,fund:KBC_PENSION,KBC Pension Savings Fund,funds,179.3304,0
SIM01160,stock:UCB,UCB,stocks,42.6751,0
SIM01160,fund:KBC_ECO,KBC Eco Fund,funds,4.6868,4
SIM01161,fund:KBC_ECO,KBC Eco Fund,funds,19.1285,0
SIM01161,bond:EU_2030,EU Bond 2030,bonds,29.5654,0
SIM01162,stock:MSFT,Microsoft,stocks,748.171,0
SIM01162,bond:EU_2030,EU Bond 2030,bonds,105.7908,0
SIM01162,fund:KBC_PENSION,KBC Pension Savings Fund,funds,337.8378,0
SIM01162,etf:VWCE,Vanguard FTSE All-World ETF,etf,551.8474,0
SIM01162,fund:KBC_TECH,KBC Equity Fund Technology,funds,304.7598,0
SIM01162,stock:ASML,ASML Holding,stocks,87.1205,0
SIM01165,stock:NVDA,Nvidia,stocks,56.9685,0
SIM01165,fund:KBC_TECH,KBC Equity Fund Technology,funds,132.1335,0
SIM01166,fund:KBC_PENSION,KBC Pension Savings Fund,funds,30.4362,0
SIM01166,stock:ASML,ASML Holding,stocks,21.2653,0
SIM01166,stock:ABI,AB InBev,stocks,4.6921,0
SIM01167,stock:AAPL,Apple,stocks,1871.4069,0
SIM01167,stock:ABI,AB InBev,stocks,896.4093,0
SIM01167,bond:EU_2030,EU Bond 2030,bonds,319.372,0
SIM01167,bond:OLO_2034,Belgian OLO 2034,bonds,2084.9117,0
SIM01167,stock:SOLB,Solvay,stocks,523.1425,0
SIM01167,stock:MSFT,Microsoft,stocks,157.4231,0
SIM01168,fund:KBC_ECO,KBC Eco Fund,funds,793.5319,0
SIM01168,stock:UCB,UCB,stocks,185.3932,0
SIM01168,bond:EU_2030,EU Bond 2030,bonds,405.8641,0
SIM01168,fund:KBC_ECO,KBC Eco Fund,funds,73.7726,9
SIM01171,stock:MSFT,Microsoft,stocks,5171.0244,0
SIM01171,fund:KBC_TECH,KBC Equity Fund Technology,funds,613.5743,0
SIM01173,fund:KBC_ECO,KBC Eco Fund,funds,48.6856,6
SIM01175,fund:KBC_PENSION,KBC Pension Savings Fund,funds,103.809,0
SIM01175,stock:ABI,AB InBev,stocks,51.6086,0
SIM01175,stock:UCB,UCB,stocks,14.1315,0
SIM01175,stock:ASML,ASML Holding,stocks,1.2622,0
SIM01175,etf:IWDA,iShares MSCI World ETF,etf,66.587,0
SIM01178,stock:MSFT,Microsoft,stocks,149.7021,0
SIM01178,stock:NVDA,Nvidia,stocks,3.4664,0
SIM01178,stock:UCB,UCB,stocks,18.399,0
SIM01178,stock:KBC,KBC Group,stocks,35.5482,0
SIM01178,etf:VWCE,Vanguard FTSE All-World ETF,etf,13.7665,0
SIM01179,stock:AAPL,Apple,stocks,863.0589,0
SIM01179,fund:KBC_TECH,KBC Equity Fund Technology,funds,282.7831,0
SIM01179,fund:KBC_ECO,KBC Eco Fund,funds,168.3544,0
SIM01179,bond:OLO_2034,Belgian OLO 2034,bonds,2515.843,0
SIM01179,stock:ASML,ASML Holding,stocks,244.499,0
SIM01179,fund:KBC_TECH,KBC Equity Fund Technology,funds,12.9637,3
SIM01181,etf:VWCE,Vanguard FTSE All-World ETF,etf,1060.1937,0
SIM01181,bond:OLO_2034,Belgian OLO 2034,bonds,635.2951,0
SIM01181,stock:AAPL,Apple,stocks,2861.1895,0
SIM01181,stock:ABI,AB InBev,stocks,44.0042,0
SIM01181,stock:ASML,ASML Holding,stocks,927.9996,0
SIM01181,fund:KBC_ECO,KBC Eco Fund,funds,718.8558,0
SIM01181,fund:KBC_TECH,KBC Equity Fund Technology,funds,60.4638,17
SIM01182,stock:AAPL,Apple,stocks,3425.3569,0
SIM01182,stock:UCB,UCB,stocks,431.9697,0
SIM01182,etf:IWDA,iShares MSCI World ETF,etf,943.0844,0
SIM01184,fund:KBC_ECO,KBC Eco Fund,funds,85.7746,0
SIM01184,bond:EU_2030,EU Bond 2030,bonds,400.139,0
SIM01184,etf:IWDA,iShares MSCI World ETF,etf,21633.8171,0
SIM01185,bond:EU_2030,EU Bond 2030,bonds,54.9194,0
SIM01185,fund:KBC_PENSION,KBC Pension Savings Fund,funds,820.1953,0
SIM01185,stock:UCB,UCB,stocks,9.3994,0
SIM01185,stock:ASML,ASML Holding,stocks,1232.6851,0
SIM01187,bond:EU_2030,EU Bond 2030,bonds,267.1841,0
SIM01187,etf:VWCE,Vanguard FTSE All-World ETF,etf,392.055,0
SIM01187,stock:MSFT,Microsoft,stocks,4182.2406,0
SIM01187,fund:KBC_ECO,KBC Eco Fund,funds,61.0215,0
SIM01187,stock:SOLB,Solvay,stocks,600.6516,0
SIM01188,fund:KBC_TECH,KBC Equity Fund Technology,funds,142.6723,23
SIM01189,fund:KBC_PENSION,KBC Pension Savings Fund,funds,123.6673,19
SIM01191,bond:OLO_2034,Belgian OLO 2034,bonds,17.0929,0
SIM01191,etf:IWDA,iShares MSCI World ETF,etf,28.1837,0
SIM01191,stock:KBC,KBC Group,stocks,4.5586,0
SIM01191,stock:UCB,UCB,stocks,7.3927,0
SIM01192,etf:VWCE,Vanguard FTSE All-World ETF,etf,11.5013,0
SIM01192,stock:ABI,AB InBev,stocks,9.8336,0
SIM01192,stock:AAPL,Apple,stocks,41.0253,0
SIM01193,bond:EU_2030,EU Bond 2030,bonds,958.4655,0
SIM01193,stock:KBC,KBC Group,stocks,388.7817,0
SIM01195,etf:VWCE,Vanguard FTSE All-World ETF,etf,311.0723,0
SIM01195,stock:ABI,AB InBev,stocks,167.1334,0
SIM01196,etf:IWDA,iShares MSCI World ETF,etf,3476.1888,0
SIM01196,stock:AAPL,Apple,stocks,679.0339,0
SIM01196,stock:KBC,KBC Group,stocks,1107.6813,0
SIM01196,stock:SOLB,Solvay,stocks,1709.0928,0
SIM01196,fund:KBC_PENSION,KBC Pension Savings Fund,funds,199.4768,0
SIM01200,fund:KBC_ECO,KBC Eco Fund,funds,383.0823,0
SIM01200,fund:KBC_PENSION,KBC Pension Savings Fund,funds,2355.8081,0
SIM01200,bond:EU_2030,EU Bond 2030,bonds,1704.531,0
SIM01200,fund:KBC_ECO,KBC Eco Fund,funds,20.3978,22
SIM01201,bond:EU_2030,EU Bond 2030,bonds,1448.5135,0
SIM01201,fund:KBC_TECH,KBC Equity Fund Technology,funds,1428.036,0
SIM01201,fund:KBC_TECH,KBC Equity Fund Technology,funds,68.0746,11
SIM01202,etf:VWCE,Vanguard FTSE All-World ETF,etf,685.1387,0
SIM01202,stock:ABI,AB InBev,stocks,501.8824,0
SIM01205,fund:KBC_ECO,KBC Eco Fund,funds,10.3226,0
SIM01205,etf:IWDA,iShares MSCI World ETF,etf,596.3243,0
SIM01206,bond:OLO_2034,Belgian OLO 2034,bonds,3422.1764,0
SIM01206,stock:SOLB,Solvay,stocks,4867.7359,0
SIM01206,bond:EU_2030,EU Bond 2030,bonds,301.4702,0
SIM01212,stock:MSFT,Microsoft,stocks,404.9728,0
SIM01212,etf:VWCE,Vanguard FTSE All-World ETF,etf,46.4458,0
SIM01212,fund:KBC_TECH,KBC Equity Fund Technology,funds,123.3448,0
SIM01213,stock:KBC,KBC Group,stocks,10.0483,0
SIM01213,fund:KBC_PENSION,KBC Pension Savings Fund,funds,6.2021,0
SIM01213,bond:EU_2030,EU Bond 2030,bonds,13.7296,0
SIM01213,stock:ABI,AB InBev,stocks,43.3665,0
SIM01213,stock:UCB,UCB,stocks,22.7207,0
SIM01213,fund:KBC_TECH,KBC Equity Fund Technology,funds,41.9625,20
SIM01216,stock:AAPL,Apple,stocks,12.7272,0
SIM01216,stock:MSFT,Microsoft,stocks,30.1516,0
SIM01216,bond:OLO_2034,Belgian OLO 2034,bonds,95.3398,0
SIM01219,stock:AAPL,Apple,stocks,3114.8263,0
SIM01219,stock:SOLB,Solvay,stocks,629.7447,0
SIM01219,stock:MSFT,Microsoft,stocks,414.9798,0
SIM01219,bond:OLO_2034,Belgian OLO 2034,bonds,3434.4415,0
SIM01219,fund:KBC_PENSION,KBC Pension Savings Fund,funds,34.0271,10
SIM01220,stock:AAPL,Apple,stocks,273.7199,0
SIM01220,stock:NVDA,Nvidia,stocks,188.3679,0
SIM01220,bond:EU_2030,EU Bond 2030,bonds,110.7979,0
SIM01220,stock:MSFT,Microsoft,stocks,259.8564,0
SIM01220,stock:KBC,KBC Group,stocks,173.5514,0
SIM01220,etf:IWDA,iShares MSCI World ETF,etf,2220.3826,0
SIM01221,fund:KBC_TECH,KBC Equity Fund Technology,funds,105.6221,16
SIM01222,bond:OLO_2034,Belgian OLO 2034,bonds,721.723,0
SIM01222,stock:MSFT,Microsoft,stocks,617.7677,0
SIM01222,fund:KBC_TECH,KBC Equity Fund Technology,funds,837.2165,0
SIM01222,fund:KBC_PENSION,KBC Pension Savings Fund,funds,52.8018,8
SIM01224,fund:KBC_PENSION,KBC Pension Savings Fund,funds,208.4016,0
SIM01224,fund:KBC_TECH,KBC Equity Fund Technology,funds,27.6534,0
SIM01224,stock:MSFT,Microsoft,stocks,51.5397,0
SIM01224,etf:IWDA,iShares MSCI World ETF,etf,2903.36,0
SIM01224,fund:KBC_ECO,KBC Eco Fund,funds,56.9175,0
SIM01224,fund:KBC_PENSION,KBC Pension Savings Fund,funds,62.8484,15
SIM01226,bond:OLO_2034,Belgian OLO 2034,bonds,1800.2248,0
SIM01226,stock:SOLB,Solvay,stocks,168.8229,0
SIM01226,stock:ASML,ASML Holding,stocks,235.4142,0
SIM01226,fund:KBC_PENSION,KBC Pension Savings Fund,funds,36.1482,13
SIM01230,stock:UCB,UCB,stocks,101.521,0
SIM01230,etf:IWDA,iShares MSCI World ETF,etf,1099.1044,0
SIM01230,fund:KBC_ECO,KBC Eco Fund,funds,41.472,0
SIM01230,stock:ABI,AB InBev,stocks,45.7184,0
SIM01230,bond:OLO_2034,Belgian OLO 2034,bonds,1414.9388,0
SIM01231,stock:MSFT,Microsoft,stocks,776.7287,0
SIM01231,stock:ASML,ASML Holding,stocks,144.0927,0
SIM01231,fund:KBC_TECH,KBC Equity Fund Technology,funds,94.8035,0
SIM01231,etf:IWDA,iShares MSCI World ETF,etf,4889.7006,0
SIM01231,bond:EU_2030,EU Bond 2030,bonds,145.1817,0
SIM01231,stock:UCB,UCB,stocks,289.5626,0
SIM01232,fund:KBC_ECO,KBC Eco Fund,funds,15.2746,7
SIM01233,stock:UCB,UCB,stocks,177.515,0
SIM01233,bond:EU_2030,EU Bond 2030,bonds,560.6916,0
SIM01233,stock:KBC,KBC Group,stocks,2984.7353,0
SIM01233,etf:VWCE,Vanguard FTSE All-World ETF,etf,1734.1299,0
SIM01233,fund:KBC_ECO,KBC Eco Fund,funds,482.9652,0
SIM01233,fund:KBC_TECH,KBC Equity Fund Technology,funds,16.6816,3
SIM01235,stock:UCB,UCB,stocks,12.8821,0
SIM01235,fund:KBC_ECO,KBC Eco Fund,funds,18.6606,0
SIM01235,etf:VWCE,Vanguard FTSE All-World ETF,etf,62.6176,0
SIM01235,stock:SOLB,Solvay,stocks,178.1968,0
SIM01236,fund:KBC_ECO,KBC Eco Fund,funds,306.5195,0
SIM01236,stock:AAPL,Apple,stocks,315.8225,0
SIM01236,etf:IWDA,iShares MSCI World ETF,etf,9609.415,0
SIM01236,bond:OLO_2034,Belgian OLO 2034,bonds,1755.8607,0
SIM01236,fund:KBC_ECO,KBC Eco Fund,funds,5.0427,4
SIM01239,fund:KBC_PENSION,KBC Pension Savings Fund,funds,111.0088,13
SIM01241,bond:EU_2030,EU Bond 2030,bonds,20.5984,0
SIM01241,stock:KBC,KBC Group,stocks,87.426,0
SIM01242,stock:AAPL,Apple,stocks,325.8256,0
SIM01242,stock:KBC,KBC Group,stocks,1800.1575,0
SIM01242,bond:OLO_2034,Belgian OLO 2034,bonds,13461.5143,0
SIM01242,bond:EU_2030,EU Bond 2030,bonds,22.5147,0
SIM01242,fund:KBC_PENSION,KBC Pension Savings Fund,funds,48.9995,19
SIM01243,etf:IWDA,iShares MSCI World ETF,etf,2314.636,0
SIM01243,stock:UCB,UCB,stocks,39.434,0
SIM01243,etf:VWCE,Vanguard FTSE All-World ETF,etf,32.4579,0
SIM01243,bond:EU_2030,EU Bond 2030,bonds,130.524,0
SIM01243,stock:ABI,AB InBev,stocks,82.0302,0
SIM01243,stock:KBC,KBC Group,stocks,1967.3408,0
SIM01243,fund:KBC_ECO,KBC Eco Fund,funds,33.0812,10
SIM01244,fund:KBC_TECH,KBC Equity Fund Technology,funds,98.711,16
SIM01245,etf:IWDA,iShares MSCI World ETF,etf,59.178,0
SIM01245,stock:KBC,KBC Group,stocks,88.3321,0
SIM01245,stock:ABI,AB InBev,stocks,35.2838,0
SIM01245,bond:EU_2030,EU Bond 2030,bonds,0.3175,0
SIM01246,bond:EU_2030,EU Bond 2030,bonds,62.5338,0
SIM01246,stock:NVDA,Nvidia,stocks,10.375,0
SIM01246,fund:KBC_ECO,KBC Eco Fund,funds,6.8944,0
SIM01246,fund:KBC_TECH,KBC Equity Fund Technology,funds,60.1262,21
SIM01249,fund:KBC_PENSION,KBC Pension Savings Fund,funds,66.8541,5
SIM01250,fund:KBC_TECH,KBC Equity Fund Technology,funds,51.2925,17
SIM01251,fund:KBC_PENSION,KBC Pension Savings Fund,funds,11.7139,0
SIM01251,etf:IWDA,iShares MSCI World ETF,etf,725.9767,0
SIM01251,bond:OLO_2034,Belgian OLO 2034,bonds,300.2579,0
SIM01251,etf:VWCE,Vanguard FTSE All-World ETF,etf,178.1643,0
SIM01253,etf:VWCE,Vanguard FTSE All-World ETF,etf,0.299,0
SIM01253,stock:NVDA,Nvidia,stocks,6.1589,0
SIM01253,stock:ABI,AB InBev,stocks,0.1992,0
SIM01253,bond:OLO_2034,Belgian OLO 2034,bonds,1.1989,0
SIM01253,stock:MSFT,Microsoft,stocks,9.4825,0
SIM01254,stock:AAPL,Apple,stocks,317.1239,0
SIM01254,stock:ABI,AB InBev,stocks,654.3384,0
SIM01254,fund:KBC_TECH,KBC Equity Fund Technology,funds,197.8003,0
SIM01254,fund:KBC_PENSION,KBC Pension Savings Fund,funds,1112.2405,0
SIM01254,fund:KBC_ECO,KBC Eco Fund,funds,123.2687,0
SIM01254,stock:KBC,KBC Group,stocks,528.1778,0
SIM01254,fund:KBC_ECO,KBC Eco Fund,funds,24.6903,14
SIM01256,stock:AAPL,Apple,stocks,12.3708,0
SIM01256,stock:SOLB,Solvay,stocks,81.9544,0
SIM01256,stock:NVDA,Nvidia,stocks,9.3566,0
SIM01256,etf:VWCE,Vanguard FTSE All-World ETF,etf,32.2551,0
SIM01256,bond:OLO_2034,Belgian OLO 2034,bonds,7.767,0
SIM01258,bond:OLO_2034,Belgian OLO 2034,bonds,33.2961,0
SIM01258,etf:IWDA,iShares MSCI World ETF,etf,1372.4096,0
SIM01258,stock:ABI,AB InBev,stocks,224.9965,0
SIM01260,etf:IWDA,iShares MSCI World ETF,etf,247.9386,0
SIM01260,etf:VWCE,Vanguard FTSE All-World ETF,etf,214.665,0
SIM01260,fund:KBC_TECH,KBC Equity Fund Technology,funds,601.1685,0
SIM01260,stock:KBC,KBC Group,stocks,1093.1725,0
SIM01260,stock:ASML,ASML Holding,stocks,11.8543,0
SIM01260,fund:KBC_TECH,KBC Equity Fund Technology,funds,59.8137,9
SIM01262,bond:EU_2030,EU Bond 2030,bonds,11.2309,0
SIM01262,fund:KBC_TECH,KBC Equity Fund Technology,funds,7.9645,0
SIM01262,stock:MSFT,Microsoft,stocks,45.4184,0
SIM01262,fund:KBC_ECO,KBC Eco Fund,funds,32.8098,0
SIM01262,stock:ASML,ASML Holding,stocks,14.2651,0
SIM01265,stock:ABI,AB InBev,stocks,90.1362,0
SIM01265,stock:AAPL,Apple,stocks,659.9946,0
SIM01265,stock:ASML,ASML Holding,stocks,43.7539,0
SIM01265,stock:UCB,UCB,stocks,583.4655,0
SIM01265,fund:KBC_TECH,KBC Equity Fund Technology,funds,490.4436,0
SIM01265,etf:VWCE,Vanguard FTSE All-World ETF,etf,801.6575,0
SIM01265,fund:KBC_PENSION,KBC Pension Savings Fund,funds,36.622,9
SIM01266,fund:KBC_ECO,KBC Eco Fund,funds,3.5049,0
SIM01266,stock:ABI,AB InBev,stocks,10.301,0
SIM01266,bond:OLO_2034,Belgian OLO 2034,bonds,4.4892,0
SIM01266,bond:EU_2030,EU Bond 2030,bonds,1.0058,0
SIM01267,stock:SOLB,Solvay,stocks,684.784,0
SIM01267,stock:UCB,UCB,stocks,1268.8907,0
SIM01267,fund:KBC_ECO,KBC Eco Fund,funds,134.2514,0
SIM01267,stock:ASML,ASML Holding,stocks,547.5213,0
SIM01267,fund:KBC_PENSION,KBC Pension Savings Fund,funds,34.9062,9
SIM01269,etf:IWDA,iShares MSCI World ETF,etf,4143.0384,0
SIM01269,stock:AAPL,Apple,stocks,1411.2447,0
SIM01269,stock:SOLB,Solvay,stocks,264.7156,0
SIM01269,etf:VWCE,Vanguard FTSE All-World ETF,etf,311.8208,0
SIM01269,fund:KBC_TECH,KBC Equity Fund Technology,funds,242.0895,0
SIM01269,stock:KBC,KBC Group,stocks,793.8653,0
SIM01269,fund:KBC_PENSION,KBC Pension Savings Fund,funds,146.0486,13
SIM01273,stock:ABI,AB InBev,stocks,171.4942,0
SIM01273,etf:IWDA,iShares MSCI World ETF,etf,8454.3607,0
SIM01273,fund:KBC_PENSION,KBC Pension Savings Fund,funds,140.8818,21
SIM01274,fund:KBC_PENSION,KBC Pension Savings Fund,funds,155.897,3
SIM01275,stock:KBC,KBC Group,stocks,182.9971,0
SIM01275,stock:SOLB,Solvay,stocks,742.1676,0
SIM01275,etf:VWCE,Vanguard FTSE All-World ETF,etf,83.8845,0
SIM01275,stock:NVDA,Nvidia,stocks,151.002,0
SIM01275,stock:AAPL,Apple,stocks,78.1857,0
SIM01275,bond:EU_2030,EU Bond 2030,bonds,81.1636,0
SIM01275,fund:KBC_TECH,KBC Equity Fund Technology,funds,26.8237,23
SIM01276,stock:SOLB,Solvay,stocks,43.7104,0
SIM01276,bond:OLO_2034,Belgian OLO 2034,bonds,37.7,0
SIM01276,fund:KBC_ECO,KBC Eco Fund,funds,6.6763,22
SIM01277,stock:MSFT,Microsoft,stocks,10321.2116,0
SIM01277,stock:AAPL,Apple,stocks,858.8636,0
SIM01277,etf:IWDA,iShares MSCI World ETF,etf,4798.158,0
SIM01277,fund:KBC_ECO,KBC Eco Fund,funds,58.1263,23
SIM01278,stock:NVDA,Nvidia,stocks,908.7593,0
SIM01278,stock:MSFT,Microsoft,stocks,814.027,0
SIM01278,fund:KBC_PENSION,KBC Pension Savings Fund,funds,3145.4067,0
SIM01280,stock:ABI,AB InBev,stocks,10.6226,0
SIM01280,fund:KBC_PENSION,KBC Pension Savings Fund,funds,36.8595,0
SIM01280,bond:OLO_2034,Belgian OLO 2034,bonds,13.032,0
SIM01281,etf:IWDA,iShares MSCI World ETF,etf,519.1849,0
SIM01281,bond:EU_2030,EU Bond 2030,bonds,8.3746,0
SIM01281,stock:MSFT,Microsoft,stocks,8.5434,0
SIM01282,stock:NVDA,Nvidia,stocks,323.6185,0
SIM01282,fund:KBC_ECO,KBC Eco Fund,funds,1616.8298,0
SIM01285,stock:AAPL,Apple,stocks,1669.4759,0
SIM01285,stock:NVDA,Nvidia,stocks,525.4162,0
SIM01285,stock:ABI,AB InBev,stocks,960.8271,0
SIM01285,fund:KBC_PENSION,KBC Pension Savings Fund,funds,122.1716,6
SIM01286,stock:MSFT,Microsoft,stocks,646.4509,0
SIM01286,etf:VWCE,Vanguard FTSE All-World ETF,etf,3351.8058,0
SIM01286,bond:EU_2030,EU Bond 2030,bonds,234.0643,0
SIM01286,stock:NVDA,Nvidia,stocks,341.6355,0
SIM01287,stock:ASML,ASML Holding,stocks,124.8857,0
SIM01287,etf:IWDA,iShares MSCI World ETF,etf,3813.848,0
SIM01287,stock:SOLB,Solvay,stocks,655.1709,0
SIM01287,stock:MSFT,Microsoft,stocks,605.4159,0
SIM01287,fund:KBC_TECH,KBC Equity Fund Technology,funds,704.7657,0
SIM01289,stock:UCB,UCB,stocks,60.0365,0
SIM01289,stock:AAPL,Apple,stocks,160.8183,0
SIM01289,fund:KBC_PENSION,KBC Pension Savings Fund,funds,141.4057,0
SIM01289,stock:NVDA,Nvidia,stocks,7.9754,0
SIM01289,etf:VWCE,Vanguard FTSE All-World ETF,etf,138.5234,0
SIM01289,bond:EU_2030,EU Bond 2030,bonds,4.8751,0
SIM01292,stock:ASML,ASML Holding,stocks,46.1848,0
SIM01292,bond:OLO_2034,Belgian OLO 2034,bonds,69.8151,0
SIM01292,stock:NVDA,Nvidia,stocks,8.4914,0
SIM01299,etf:VWCE,Vanguard FTSE All-World ETF,etf,74.2839,0
SIM01299,stock:UCB,UCB,stocks,51.7568,0
SIM01299,etf:IWDA,iShares MSCI World ETF,etf,2.6418,0
SIM01299,fund:KBC_ECO,KBC Eco Fund,funds,13.0553,0
SIM01302,stock:ASML,ASML Holding,stocks,34.0757,0
SIM01302,stock:MSFT,Microsoft,stocks,1126.4805,0
SIM01302,stock:ABI,AB InBev,stocks,12.1374,0
SIM01307,stock:ASML,ASML Holding,stocks,98.9707,0
SIM01307,fund:KBC_PENSION,KBC Pension Savings Fund,funds,40.4823,0
SIM01307,stock:ABI,AB InBev,stocks,307.3574,0
SIM01307,bond:OLO_2034,Belgian OLO 2034,bonds,338.2326,0
SIM01307,etf:IWDA,iShares MSCI World ETF,etf,4646.1048,0
SIM01308,stock:KBC,KBC Group,stocks,17.9738,0
SIM01308,stock:UCB,UCB,stocks,9.0027,0
SIM01308,bond:EU_2030,EU Bond 2030,bonds,14.9175,0
SIM01308,etf:VWCE,Vanguard FTSE All-World ETF,etf,2.0723,0
SIM01309,stock:KBC,KBC Group,stocks,1041.2692,0
SIM01309,stock:MSFT,Microsoft,stocks,7951.4571,0
SIM01311,bond:OLO_2034,Belgian OLO 2034,bonds,308.5652,0
SIM01311,etf:VWCE,Vanguard FTSE All-World ETF,etf,51.45,0
SIM01312,stock:ABI,AB InBev,stocks,1129.5601,0
SIM01312,bond:EU_2030,EU Bond 2030,bonds,256.1068,0
SIM01316,stock:AAPL,Apple,stocks,33.9255,0
SIM01316,stock:UCB,UCB,stocks,2.0099,0
SIM01316,bond:EU_2030,EU Bond 2030,bonds,5.8311,0
SIM01316,fund:KBC_TECH,KBC Equity Fund Technology,funds,14.0747,0
SIM01317,etf:VWCE,Vanguard FTSE All-World ETF,etf,159.0792,0
SIM01317,stock:AAPL,Apple,stocks,355.7551,0
SIM01317,stock:KBC,KBC Group,stocks,2131.3262,0
SIM01317,fund:KBC_TECH,KBC Equity Fund Technology,funds,60.8372,0
SIM01317,fund:KBC_PENSION,KBC Pension Savings Fund,funds,191.9725,0
SIM01318,fund:KBC_PENSION,KBC Pension Savings Fund,funds,125.4336,9
SIM01320,stock:UCB,UCB,stocks,11.2577,0
SIM01320,stock:AAPL,Apple,stocks,11.8282,0
SIM01320,fund:KBC_TECH,KBC Equity Fund Technology,funds,21.4222,0
SIM01320,stock:ABI,AB InBev,stocks,42.4051,0
SIM01321,bond:OLO_2034,Belgian OLO 2034,bonds,18.9607,0
SIM01321,etf:VWCE,Vanguard FTSE All-World ETF,etf,13.8448,0
SIM01321,fund:KBC_PENSION,KBC Pension Savings Fund,funds,8.7023,0
SIM01321,stock:UCB,UCB,stocks,5.1264,0
SIM01321,fund:KBC_TECH,KBC Equity Fund Technology,funds,9.9967,0
SIM01321,bond:EU_2030,EU Bond 2030,bonds,14.8682,0
SIM01323,fund:KBC_TECH,KBC Equity Fund Technology,funds,829.3617,0
SIM01323,stock:ASML,ASML Holding,stocks,106.4171,0
SIM01323,stock:KBC,KBC Group,stocks,788.9393,0
SIM01323,fund:KBC_PENSION,KBC Pension Savings Fund,funds,97.3372,12
SIM01324,bond:OLO_2034,Belgian OLO 2034,bonds,40.3668,0
SIM01324,fund:KBC_ECO,KBC Eco Fund,funds,8.6966,0
SIM01324,stock:KBC,KBC Group,stocks,109.9585,0
SIM01324,stock:UCB,UCB,stocks,12.9188,0
SIM01326,bond:OLO_2034,Belgian OLO 2034,bonds,3639.9616,0
SIM01326,etf:IWDA,iShares MSCI World ETF,etf,479.0136,0
SIM01326,stock:NVDA,Nvidia,stocks,271.7465,0
SIM01326,stock:UCB,UCB,stocks,168.7319,0
SIM01326,fund:KBC_ECO,KBC Eco Fund,funds,46.5642,0
SIM01326,stock:MSFT,Microsoft,stocks,2160.2267,0
SIM01326,fund:KBC_PENSION,KBC Pension Savings Fund,funds,93.5303,18
SIM01327,etf:VWCE,Vanguard FTSE All-World ETF,etf,62.1517,0
SIM01327,stock:AAPL,Apple,stocks,155.0354,0
SIM01327,fund:KBC_PENSION,KBC Pension Savings Fund,funds,1920.7426,0
SIM01327,bond:EU_2030,EU Bond 2030,bonds,351.6365,0
SIM01327,etf:IWDA,iShares MSCI World ETF,etf,311.4074,0
SIM01327,fund:KBC_TECH,KBC Equity Fund Technology,funds,126.2609,22
SIM01328,stock:KBC,KBC Group,stocks,556.0038,0
SIM01328,stock:UCB,UCB,stocks,114.7891,0
SIM01328,stock:ABI,AB InBev,stocks,165.5606,0
SIM01328,bond:OLO_2034,Belgian OLO 2034,bonds,218.5018,0
SIM01328,fund:KBC_TECH,KBC Equity Fund Technology,funds,175.6216,0
SIM01328,etf:VWCE,Vanguard FTSE All-World ETF,etf,11.3502,0
SIM01328,fund:KBC_TECH,KBC Equity Fund Technology,funds,83.3434,10
SIM01330,stock:NVDA,Nvidia,stocks,118.655,0
SIM01330,etf:IWDA,iShares MSCI World ETF,etf,3736.8749,0
SIM01330,stock:MSFT,Microsoft,stocks,1915.9789,0
SIM01330,etf:VWCE,Vanguard FTSE All-World ETF,etf,728.0086,0
SIM01330,stock:ASML,ASML Holding,stocks,407.0696,0
SIM01330,fund:KBC_ECO,KBC Eco Fund,funds,20.7248,3
SIM01333,stock:ASML,ASML Holding,stocks,556.977,0
SIM01333,fund:KBC_PENSION,KBC Pension Savings Fund,funds,81.6155,0
SIM01333,fund:KBC_ECO,KBC Eco Fund,funds,719.5772,0
SIM01333,fund:KBC_PENSION,KBC Pension Savings Fund,funds,120.8555,14
SIM01335,fund:KBC_ECO,KBC Eco Fund,funds,17.9566,5
SIM01338,fund:KBC_ECO,KBC Eco Fund,funds,542.0725,0
SIM01338,stock:UCB,UCB,stocks,421.9793,0
SIM01338,stock:NVDA,Nvidia,stocks,218.0833,0
SIM01338,bond:OLO_2034,Belgian OLO 2034,bonds,1091.626,0
SIM01338,etf:VWCE,Vanguard FTSE All-World ETF,etf,1671.9797,0
SIM01341,etf:VWCE,Vanguard FTSE All-World ETF,etf,2146.4477,0
SIM01341,stock:AAPL,Apple,stocks,3058.3273,0
SIM01341,stock:SOLB,Solvay,stocks,3302.4219,0
SIM01341,fund:KBC_PENSION,KBC Pension Savings Fund,funds,54.2222,15
SIM01342,stock:UCB,UCB,stocks,61.0759,0
SIM01342,fund:KBC_PENSION,KBC Pension Savings Fund,funds,344.7482,0
SIM01342,etf:VWCE,Vanguard FTSE All-World ETF,etf,368.4164,0
SIM01342,bond:EU_2030,EU Bond 2030,bonds,252.429,0
SIM01342,fund:KBC_ECO,KBC Eco Fund,funds,770.3571,0
SIM01342,bond:OLO_2034,Belgian OLO 2034,bonds,628.0762,0
SIM01343,stock:MSFT,Microsoft,stocks,2179.0192,0
SIM01343,stock:KBC,KBC Group,stocks,129.0074,0
SIM01343,fund:KBC_TECH,KBC Equity Fund Technology,funds,69.8215,0
SIM01343,etf:VWCE,Vanguard FTSE All-World ETF,etf,252.7091,0
SIM01343,stock:UCB,UCB,stocks,969.9663,0
SIM01343,fund:KBC_TECH,KBC Equity Fund Technology,funds,12.3536,4
SIM01344,fund:KBC_PENSION,KBC Pension Savings Fund,funds,55.3171,5
SIM01345,fund:KBC_TECH,KBC Equity Fund Technology,funds,40.9314,0
SIM01345,stock:AAPL,Apple,stocks,72.0741,0
SIM01345,stock:NVDA,Nvidia,stocks,72.7208,0
SIM01345,fund:KBC_ECO,KBC Eco Fund,funds,23.0055,0
SIM01345,stock:MSFT,Microsoft,stocks,165.7456,0
SIM01345,etf:IWDA,iShares MSCI World ETF,etf,8.653,0
SIM01346,stock:UCB,UCB,stocks,1262.275,0
SIM01346,stock:SOLB,Solvay,stocks,720.9409,0
SIM01348,bond:OLO_2034,Belgian OLO 2034,bonds,1385.3507,0
SIM01348,stock:ABI,AB InBev,stocks,1091.6864,0
SIM01349,fund:KBC_ECO,KBC Eco Fund,funds,58.0795,22
SIM01350,fund:KBC_PENSION,KBC Pension Savings Fund,funds,44.5374,0
SIM01350,stock:MSFT,Microsoft,stocks,10.4722,0
SIM01350,fund:KBC_TECH,KBC Equity Fund Technology,funds,11.1976,0
SIM01350,etf:IWDA,iShares MSCI World ETF,etf,368.4275,0
SIM01352,etf:IWDA,iShares MSCI World ETF,etf,1066.0563,0
SIM01352,stock:SOLB,Solvay,stocks,16.6319,0
SIM01352,stock:UCB,UCB,stocks,40.2686,0
SIM01352,etf:VWCE,Vanguard FTSE All-World ETF,etf,104.9473,0
SIM01353,fund:KBC_PENSION,KBC Pension Savings Fund,funds,15.9956,0
SIM01353,bond:EU_2030,EU Bond 2030,bonds,0.2708,0
SIM01353,stock:AAPL,Apple,stocks,5.9507,0
SIM01353,fund:KBC_TECH,KBC Equity Fund Technology,funds,6.8635,0
SIM01353,bond:OLO_2034,Belgian OLO 2034,bonds,5.6866,0
SIM01354,stock:ABI,AB InBev,stocks,38.6105,0
SIM01354,etf:IWDA,iShares MSCI World ETF,etf,47.6025,0
SIM01354,stock:ASML,ASML Holding,stocks,32.4251,0
SIM01354,fund:KBC_TECH,KBC Equity Fund Technology,funds,63.462,0
SIM01355,etf:VWCE,Vanguard FTSE All-World ETF,etf,431.73,0
SIM01355,fund:KBC_TECH,KBC Equity Fund Technology,funds,1663.6007,0
SIM01355,stock:ABI,AB InBev,stocks,73.175,0
SIM01355,fund:KBC_ECO,KBC Eco Fund,funds,22.9587,0
SIM01355,stock:NVDA,Nvidia,stocks,80.6071,0
SIM01355,stock:UCB,UCB,stocks,24.0965,0
SIM01355,fund:KBC_TECH,KBC Equity Fund Technology,funds,14.11,7
SIM01359,fund:KBC_PENSION,KBC Pension Savings Fund,funds,56.1969,12
SIM01362,stock:NVDA,Nvidia,stocks,225.5565,0
SIM01362,fund:KBC_PENSION,KBC Pension Savings Fund,funds,596.9269,0
SIM01362,stock:KBC,KBC Group,stocks,322.233,0
SIM01362,stock:AAPL,Apple,stocks,827.5988,0
SIM01362,etf:IWDA,iShares MSCI World ETF,etf,3292.3745,0
SIM01362,fund:KBC_TECH,KBC Equity Fund Technology,funds,102.3549,19
SIM01363,fund:KBC_TECH,KBC Equity Fund Technology,funds,262.5237,0
SIM01363,etf:VWCE,Vanguard FTSE All-World ETF,etf,33.5133,0
SIM01364,stock:ABI,AB InBev,stocks,1883.8063,0
SIM01364,etf:VWCE,Vanguard FTSE All-World ETF,etf,2635.1811,0
SIM01364,fund:KBC_PENSION,KBC Pension Savings Fund,funds,127.5488,0
SIM01364,fund:KBC_PENSION,KBC Pension Savings Fund,funds,54.8821,19
SIM01368,fund:KBC_PENSION,KBC Pension Savings Fund,funds,148.5291,19
SIM01375,stock:UCB,UCB,stocks,992.9945,0
SIM01375,etf:VWCE,Vanguard FTSE All-World ETF,etf,781.5299,0
SIM01375,stock:SOLB,Solvay,stocks,349.2177,0
SIM01375,stock:KBC,KBC Group,stocks,858.2856,0
SIM01375,fund:KBC_PENSION,KBC Pension Savings Fund,funds,1924.3931,0
SIM01375,fund:KBC_ECO,KBC Eco Fund,funds,91.5928,0
SIM01375,fund:KBC_ECO,KBC Eco Fund,funds,47.0362,10
SIM01376,fund:KBC_PENSION,KBC Pension Savings Fund,funds,11.5024,0
SIM01376,etf:VWCE,Vanguard FTSE All-World ETF,etf,9.9069,0
SIM01376,etf:IWDA,iShares MSCI World ETF,etf,227.7035,0
SIM01377,stock:ABI,AB InBev,stocks,662.7391,0
SIM01377,stock:UCB,UCB,stocks,8.0793,0
SIM01377,fund:KBC_ECO,KBC Eco Fund,funds,46.0884,5
SIM01378,fund:KBC_ECO,KBC Eco Fund,funds,27.5357,21
SIM01379,stock:ASML,ASML Holding,stocks,118.3679,0
SIM01379,stock:SOLB,Solvay,stocks,74.6893,0
SIM01379,bond:OLO_2034,Belgian OLO 2034,bonds,1.478,0
SIM01379,stock:NVDA,Nvidia,stocks,1.4438,0
SIM01380,fund:KBC_ECO,KBC Eco Fund,funds,7.7325,0
SIM01380,stock:MSFT,Microsoft,stocks,168.4439,0
SIM01380,stock:UCB,UCB,stocks,62.3951,0
SIM01380,bond:OLO_2034,Belgian OLO 2034,bonds,68.9486,0
SIM01381,bond:EU_2030,EU Bond 2030,bonds,53.4681,0
SIM01381,fund:KBC_TECH,KBC Equity Fund Technology,funds,129.8453,0
SIM01381,bond:OLO_2034,Belgian OLO 2034,bonds,307.0143,0
SIM01381,stock:UCB,UCB,stocks,30.1559,0
SIM01383,stock:ASML,ASML Holding,stocks,1224.4533,0
SIM01383,bond:OLO_2034,Belgian OLO 2034,bonds,1864.1975,0
SIM01383,stock:KBC,KBC Group,stocks,1917.8214,0
SIM01383,stock:NVDA,Nvidia,stocks,627.4641,0
SIM01383,fund:KBC_TECH,KBC Equity Fund Technology,funds,105.8639,4
SIM01385,stock:ABI,AB InBev,stocks,14.3902,0
SIM01385,bond:EU_2030,EU Bond 2030,bonds,18.4132,0
SIM01386,stock:ASML,ASML Holding,stocks,1.2745,0
SIM01386,stock:NVDA,Nvidia,stocks,11.7923,0
SIM01388,stock:SOLB,Solvay,stocks,73.5833,0
SIM01388,stock:UCB,UCB,stocks,35.9921,0
SIM01388,stock:KBC,KBC Group,stocks,39.8903,0
SIM01388,fund:KBC_TECH,KBC Equity Fund Technology,funds,120.0571,0
SIM01388,bond:OLO_2034,Belgian OLO 2034,bonds,126.3017,0
SIM01389,fund:KBC_PENSION,KBC Pension Savings Fund,funds,774.6554,0
SIM01389,etf:IWDA,iShares MSCI World ETF,etf,8688.0264,0
SIM01389,fund:KBC_TECH,KBC Equity Fund Technology,funds,267.7381,0
SIM01389,stock:UCB,UCB,stocks,727.8362,0
SIM01389,stock:ASML,ASML Holding,stocks,108.635,0
SIM01389,bond:OLO_2034,Belgian OLO 2034,bonds,3365.1282,0
SIM01389,fund:KBC_PENSION,KBC Pension Savings Fund,funds,10.4296,20
SIM01390,stock:MSFT,Microsoft,stocks,787.2069,0
SIM01390,fund:KBC_ECO,KBC Eco Fund,funds,95.3249,0
SIM01390,etf:IWDA,iShares MSCI World ETF,etf,1609.498,0
SIM01390,stock:AAPL,Apple,stocks,161.1376,0
SIM01390,bond:EU_2030,EU Bond 2030,bonds,29.8909,0
SIM01390,fund:KBC_ECO,KBC Eco Fund,funds,50.9142,21
SIM01392,etf:VWCE,Vanguard FTSE All-World ETF,etf,96.2651,0
SIM01392,etf:IWDA,iShares MSCI World ETF,etf,504.2108,0
SIM01392,stock:AAPL,Apple,stocks,59.1765,0
SIM01393,fund:KBC_TECH,KBC Equity Fund Technology,funds,47.8634,0
SIM01393,stock:NVDA,Nvidia,stocks,13.0938,0
SIM01393,bond:OLO_2034,Belgian OLO 2034,bonds,235.5445,0
SIM01395,fund:KBC_TECH,KBC Equity Fund Technology,funds,764.4275,0
SIM01395,stock:ASML,ASML Holding,stocks,1084.8895,0
SIM01395,stock:AAPL,Apple,stocks,1482.773,0
SIM01396,fund:KBC_PENSION,KBC Pension Savings Fund,funds,2269.6691,0
SIM01396,etf:VWCE,Vanguard FTSE All-World ETF,etf,687.968,0
SIM01396,fund:KBC_ECO,KBC Eco Fund,funds,256.9952,0
SIM01396,stock:MSFT,Microsoft,stocks,1070.3896,0
SIM01396,etf:IWDA,iShares MSCI World ETF,etf,298.5444,0
SIM01396,fund:KBC_PENSION,KBC Pension Savings Fund,funds,88.1594,7
SIM01401,stock:ABI,AB InBev,stocks,2861.8726,0
SIM01401,stock:MSFT,Microsoft,stocks,148.5125,0
SIM01401,bond:EU_2030,EU Bond 2030,bonds,280.629,0
SIM01402,stock:ASML,ASML Holding,stocks,329.9662,0
SIM01402,stock:KBC,KBC Group,stocks,1423.6325,0
SIM01402,fund:KBC_TECH,KBC Equity Fund Technology,funds,232.5618,0
SIM01402,etf:VWCE,Vanguard FTSE All-World ETF,etf,270.6172,0
SIM01402,bond:EU_2030,EU Bond 2030,bonds,360.1079,0
SIM01402,stock:NVDA,Nvidia,stocks,406.8188,0
SIM01403,fund:KBC_PENSION,KBC Pension Savings Fund,funds,47.7444,12
SIM01404,fund:KBC_ECO,KBC Eco Fund,funds,28.6484,20
SIM01406,stock:AAPL,Apple,stocks,1120.3045,0
SIM01406,fund:KBC_ECO,KBC Eco Fund,funds,1881.2827,0
SIM01406,fund:KBC_ECO,KBC Eco Fund,funds,49.7137,13
SIM01411,stock:ASML,ASML Holding,stocks,208.9624,0
SIM01411,stock:NVDA,Nvidia,stocks,347.0278,0
SIM01411,stock:ABI,AB InBev,stocks,1474.6567,0
SIM01411,bond:OLO_2034,Belgian OLO 2034,bonds,2645.2509,0
SIM01411,stock:MSFT,Microsoft,stocks,1197.4138,0
SIM01411,fund:KBC_TECH,KBC Equity Fund Technology,funds,114.3389,19
SIM01416,stock:SOLB,Solvay,stocks,87.0651,0
SIM01416,stock:ASML,ASML Holding,stocks,5.7158,0
SIM01416,stock:UCB,UCB,stocks,1.2301,0
SIM01416,etf:IWDA,iShares MSCI World ETF,etf,79.8579,0
SIM01416,fund:KBC_PENSION,KBC Pension Savings Fund,funds,34.5203,0
SIM01416,fund:KBC_PENSION,KBC Pension Savings Fund,funds,76.8984,8
SIM01421,fund:KBC_PENSION,KBC Pension Savings Fund,funds,3954.4163,0
SIM01421,etf:IWDA,iShares MSCI World ETF,etf,924.8722,0
SIM01422,fund:KBC_TECH,KBC Equity Fund Technology,funds,31.4192,7
SIM01427,fund:KBC_PENSION,KBC Pension Savings Fund,funds,157.9616,7
SIM01428,stock:UCB,UCB,stocks,378.975,0
SIM01428,etf:IWDA,iShares MSCI World ETF,etf,19528.2442,0
SIM01428,stock:ASML,ASML Holding,stocks,217.6998,0
SIM01428,fund:KBC_PENSION,KBC Pension Savings Fund,funds,126.2541,17
SIM01432,stock:ASML,ASML Holding,stocks,22.1652,0
SIM01432,stock:SOLB,Solvay,stocks,33.3582,0
SIM01432,fund:KBC_PENSION,KBC Pension Savings Fund,funds,13.7247,0
SIM01432,etf:VWCE,Vanguard FTSE All-World ETF,etf,49.1085,0
SIM01432,stock:KBC,KBC Group,stocks,5.7906,0
SIM01433,etf:IWDA,iShares MSCI World ETF,etf,6498.7978,0
SIM01433,fund:KBC_PENSION,KBC Pension Savings Fund,funds,17.3289,0
SIM01433,fund:KBC_ECO,KBC Eco Fund,funds,481.8285,0
SIM01433,stock:SOLB,Solvay,stocks,79.2973,0
SIM01433,fund:KBC_TECH,KBC Equity Fund Technology,funds,845.866,0
SIM01439,stock:KBC,KBC Group,stocks,3343.8582,0
SIM01439,stock:AAPL,Apple,stocks,1460.0729,0
SIM01439,etf:VWCE,Vanguard FTSE All-World ETF,etf,162.1593,0
SIM01439,stock:MSFT,Microsoft,stocks,1764.1872,0
SIM01439,etf:IWDA,iShares MSCI World ETF,etf,828.8143,0
SIM01439,fund:KBC_ECO,KBC Eco Fund,funds,33.2281,9
SIM01440,fund:KBC_TECH,KBC Equity Fund Technology,funds,29.8298,15
SIM01441,stock:ASML,ASML Holding,stocks,24.3074,0
SIM01441,stock:SOLB,Solvay,stocks,190.5948,0
SIM01441,stock:KBC,KBC Group,stocks,307.8789,0
SIM01443,stock:NVDA,Nvidia,stocks,28.663,0
SIM01443,fund:KBC_TECH,KBC Equity Fund Technology,funds,19.0639,0
SIM01445,fund:KBC_PENSION,KBC Pension Savings Fund,funds,2751.4265,0
SIM01445,fund:KBC_ECO,KBC Eco Fund,funds,1600.335,0
SIM01446,stock:NVDA,Nvidia,stocks,131.4409,0
SIM01446,bond:OLO_2034,Belgian OLO 2034,bonds,1529.0441,0
SIM01446,etf:VWCE,Vanguard FTSE All-World ETF,etf,82.3541,0
SIM01446,bond:EU_2030,EU Bond 2030,bonds,182.9464,0
SIM01446,stock:UCB,UCB,stocks,37.6488,0
SIM01447,stock:KBC,KBC Group,stocks,14.5264,0
SIM01447,stock:MSFT,Microsoft,stocks,104.3649,0
SIM01449,stock:MSFT,Microsoft,stocks,711.9711,0
SIM01449,fund:KBC_PENSION,KBC Pension Savings Fund,funds,14.3219,0
SIM01451,etf:VWCE,Vanguard FTSE All-World ETF,etf,167.9387,0
SIM01451,stock:SOLB,Solvay,stocks,86.3363,0
SIM01451,bond:EU_2030,EU Bond 2030,bonds,73.5507,0
SIM01451,fund:KBC_ECO,KBC Eco Fund,funds,40.897,0
SIM01452,stock:KBC,KBC Group,stocks,2149.5859,0
SIM01452,etf:VWCE,Vanguard FTSE All-World ETF,etf,52.3538,0
SIM01452,stock:MSFT,Microsoft,stocks,5403.608,0
SIM01452,fund:KBC_ECO,KBC Eco Fund,funds,68.0314,5
SIM01453,bond:EU_2030,EU Bond 2030,bonds,26.8878,0
SIM01453,stock:AAPL,Apple,stocks,34.3254,0
SIM01455,fund:KBC_PENSION,KBC Pension Savings Fund,funds,2.6063,0
SIM01455,stock:KBC,KBC Group,stocks,9.8522,0
SIM01455,bond:EU_2030,EU Bond 2030,bonds,1.3659,0
SIM01455,stock:AAPL,Apple,stocks,34.762,0
SIM01455,stock:NVDA,Nvidia,stocks,4.7596,0
SIM01455,etf:IWDA,iShares MSCI World ETF,etf,139.4569,0
SIM01456,stock:UCB,UCB,stocks,8.5472,0
SIM01456,fund:KBC_TECH,KBC Equity Fund Technology,funds,39.2611,0
SIM01456,stock:NVDA,Nvidia,stocks,12.2343,0
SIM01456,bond:EU_2030,EU Bond 2030,bonds,23.862,0
SIM01456,stock:ABI,AB InBev,stocks,5.0648,0
SIM01456,stock:MSFT,Microsoft,stocks,46.7634,0
SIM01457,bond:OLO_2034,Belgian OLO 2034,bonds,10.0803,0
SIM01457,fund:KBC_PENSION,KBC Pension Savings Fund,funds,10.1939,0
SIM01457,etf:IWDA,iShares MSCI World ETF,etf,135.0892,0
SIM01457,stock:SOLB,Solvay,stocks,9.933,0
SIM01459,stock:NVDA,Nvidia,stocks,197.153,0
SIM01459,fund:KBC_TECH,KBC Equity Fund Technology,funds,378.136,0
SIM01459,fund:KBC_PENSION,KBC Pension Savings Fund,funds,393.6901,0
SIM01459,etf:IWDA,iShares MSCI World ETF,etf,1889.0106,0
SIM01459,stock:SOLB,Solvay,stocks,105.3418,0
SIM01459,fund:KBC_PENSION,KBC Pension Savings Fund,funds,10.566,13
SIM01461,etf:IWDA,iShares MSCI World ETF,etf,72.6355,0
SIM01461,stock:MSFT,Microsoft,stocks,23.6423,0
SIM01461,etf:VWCE,Vanguard FTSE All-World ETF,etf,19.7799,0
SIM01461,stock:AAPL,Apple,stocks,6.8219,0
SIM01461,stock:ASML,ASML Holding,stocks,11.125,0
SIM01462,stock:AAPL,Apple,stocks,134.6653,0
SIM01462,bond:OLO_2034,Belgian OLO 2034,bonds,243.8503,0
SIM01462,stock:ABI,AB InBev,stocks,69.645,0
SIM01462,stock:NVDA,Nvidia,stocks,9.703,0
SIM01462,stock:MSFT,Microsoft,stocks,56.8946,0
SIM01463,stock:SOLB,Solvay,stocks,27.6302,0
SIM01463,stock:AAPL,Apple,stocks,44.7989,0
SIM01463,stock:UCB,UCB,stocks,14.9802,0
SIM01463,stock:KBC,KBC Group,stocks,67.3866,0
SIM01464,fund:KBC_ECO,KBC Eco Fund,funds,52.4795,17
SIM01469,stock:ABI,AB InBev,stocks,74.0937,0
SIM01469,stock:MSFT,Microsoft,stocks,270.0977,0
SIM01473,stock:KBC,KBC Group,stocks,111.4496,0
SIM01473,bond:OLO_2034,Belgian OLO 2034,bonds,86.7888,0
SIM01474,bond:EU_2030,EU Bond 2030,bonds,113.6182,0
SIM01474,stock:SOLB,Solvay,stocks,111.2127,0
SIM01474,fund:KBC_PENSION,KBC Pension Savings Fund,funds,276.7915,0
SIM01474,fund:KBC_TECH,KBC Equity Fund Technology,funds,51.9067,0
SIM01474,etf:VWCE,Vanguard FTSE All-World ETF,etf,528.7741,0
SIM01474,bond:OLO_2034,Belgian OLO 2034,bonds,370.7903,0
SIM01478,fund:KBC_PENSION,KBC Pension Savings Fund,funds,1464.0056,0
SIM01478,stock:NVDA,Nvidia,stocks,32.5451,0
SIM01478,fund:KBC_ECO,KBC Eco Fund,funds,166.0052,0
SIM01478,fund:KBC_PENSION,KBC Pension Savings Fund,funds,54.201,16
SIM01482,stock:AAPL,Apple,stocks,706.4271,0
SIM01482,stock:ASML,ASML Holding,stocks,46.8595,0
SIM01482,stock:SOLB,Solvay,stocks,1488.8273,0
SIM01482,stock:KBC,KBC Group,stocks,686.5976,0
SIM01482,bond:OLO_2034,Belgian OLO 2034,bonds,4455.1032,0
SIM01482,fund:KBC_TECH,KBC Equity Fund Technology,funds,9.1978,8
SIM01483,etf:VWCE,Vanguard FTSE All-World ETF,etf,0.7707,0
SIM01483,stock:ABI,AB InBev,stocks,0.5252,0
SIM01483,stock:ASML,ASML Holding,stocks,2.7039,0
SIM01483,stock:KBC,KBC Group,stocks,4.1113,0
SIM01485,stock:KBC,KBC Group,stocks,278.6325,0
SIM01485,stock:ABI,AB InBev,stocks,109.4471,0
SIM01485,fund:KBC_TECH,KBC Equity Fund Technology,funds,32.7513,0
SIM01485,fund:KBC_PENSION,KBC Pension Savings Fund,funds,91.5578,0
SIM01485,fund:KBC_ECO,KBC Eco Fund,funds,0.495,0
SIM01485,etf:IWDA,iShares MSCI World ETF,etf,0.1269,0
SIM01485,fund:KBC_TECH,KBC Equity Fund Technology,funds,40.0004,5
SIM01486,stock:KBC,KBC Group,stocks,29.8901,0
SIM01486,stock:ASML,ASML Holding,stocks,17.2608,0
SIM01486,bond:OLO_2034,Belgian OLO 2034,bonds,84.9145,0
SIM01486,stock:SOLB,Solvay,stocks,22.1354,0
SIM01487,fund:KBC_ECO,KBC Eco Fund,funds,442.8976,0
SIM01487,stock:AAPL,Apple,stocks,2175.9276,0
SIM01487,etf:VWCE,Vanguard FTSE All-World ETF,etf,1567.3303,0
SIM01487,stock:NVDA,Nvidia,stocks,155.8583,0
SIM01491,stock:SOLB,Solvay,stocks,112.4047,0
SIM01491,etf:IWDA,iShares MSCI World ETF,etf,74.6003,0
SIM01491,stock:AAPL,Apple,stocks,87.121,0
SIM01492,stock:UCB,UCB,stocks,35.8052,0
SIM01492,stock:ASML,ASML Holding,stocks,42.3004,0
SIM01492,fund:KBC_PENSION,KBC Pension Savings Fund,funds,4375.6291,0
SIM01493,stock:UCB,UCB,stocks,207.8158,0
SIM01493,stock:ASML,ASML Holding,stocks,81.3848,0
SIM01493,bond:EU_2030,EU Bond 2030,bonds,110.0987,0
SIM01493,stock:SOLB,Solvay,stocks,436.5446,0
SIM01493,stock:MSFT,Microsoft,stocks,193.1467,0
SIM01493,fund:KBC_ECO,KBC Eco Fund,funds,21.5519,17
SIM01495,stock:SOLB,Solvay,stocks,31.5849,0
SIM01495,bond:EU_2030,EU Bond 2030,bonds,20.4329,0
SIM01495,etf:IWDA,iShares MSCI World ETF,etf,212.4823,0
SIM01495,fund:KBC_PENSION,KBC Pension Savings Fund,funds,122.7185,0
SIM01495,etf:VWCE,Vanguard FTSE All-World ETF,etf,49.2134,0
SIM01495,bond:OLO_2034,Belgian OLO 2034,bonds,146.2922,0
SIM01495,fund:KBC_ECO,KBC Eco Fund,funds,55.2939,6
SIM01496,stock:AAPL,Apple,stocks,15.5929,0
SIM01496,stock:ABI,AB InBev,stocks,1.7124,0
SIM01496,etf:VWCE,Vanguard FTSE All-World ETF,etf,0.9362,0
SIM01497,etf:IWDA,iShares MSCI World ETF,etf,20.6181,0
SIM01497,stock:MSFT,Microsoft,stocks,40.9603,0
SIM01497,etf:VWCE,Vanguard FTSE All-World ETF,etf,0.4888,0
SIM01497,fund:KBC_ECO,KBC Eco Fund,funds,10.036,0
SIM01497,stock:UCB,UCB,stocks,26.5983,0
SIM01498,etf:IWDA,iShares MSCI World ETF,etf,229.3398,0
SIM01498,stock:NVDA,Nvidia,stocks,3.4411,0
SIM01498,stock:KBC,KBC Group,stocks,13.1402,0
SIM01498,fund:KBC_PENSION,KBC Pension Savings Fund,funds,34.4545,0
SIM01498,fund:KBC_TECH,KBC Equity Fund Technology,funds,55.8546,0
SIM01498,bond:EU_2030,EU Bond 2030,bonds,58.3427,0
SIM01503,bond:OLO_2034,Belgian OLO 2034,bonds,19.9772,0
SIM01503,stock:KBC,KBC Group,stocks,31.7655,0
SIM01503,stock:ABI,AB InBev,stocks,30.9337,0
SIM01503,stock:MSFT,Microsoft,stocks,157.0949,0
SIM01503,stock:UCB,UCB,stocks,21.5775,0
SIM01504,fund:KBC_PENSION,KBC Pension Savings Fund,funds,270.1982,0
SIM01504,stock:UCB,UCB,stocks,745.9942,0
SIM01504,etf:IWDA,iShares MSCI World ETF,etf,10020.2678,0
SIM01504,fund:KBC_TECH,KBC Equity Fund Technology,funds,43.3431,11
SIM01506,bond:EU_2030,EU Bond 2030,bonds,190.9094,0
SIM01506,stock:ABI,AB InBev,stocks,15.2996,0
SIM01506,stock:KBC,KBC Group,stocks,84.7826,0
SIM01506,fund:KBC_PENSION,KBC Pension Savings Fund,funds,147.6799,21
SIM01509,stock:ABI,AB InBev,stocks,32.0184,0
SIM01509,stock:ASML,ASML Holding,stocks,13.708,0
SIM01509,bond:EU_2030,EU Bond 2030,bonds,353.1584,0
SIM01509,stock:AAPL,Apple,stocks,1413.942,0
SIM01509,fund:KBC_TECH,KBC Equity Fund Technology,funds,416.1472,0
SIM01509,fund:KBC_PENSION,KBC Pension Savings Fund,funds,2429.2631,0
SIM01510,stock:SOLB,Solvay,stocks,284.3019,0
SIM01510,etf:VWCE,Vanguard FTSE All-World ETF,etf,315.7022,0
SIM01510,stock:AAPL,Apple,stocks,115.3817,0
SIM01510,fund:KBC_ECO,KBC Eco Fund,funds,539.7303,0
SIM01512,stock:ASML,ASML Holding,stocks,3.786,0
SIM01512,stock:KBC,KBC Group,stocks,0.8354,0
SIM01512,fund:KBC_PENSION,KBC Pension Savings Fund,funds,121.8293,0
SIM01513,stock:UCB,UCB,stocks,685.9806,0
SIM01513,stock:NVDA,Nvidia,stocks,104.2928,0
SIM01513,bond:EU_2030,EU Bond 2030,bonds,206.3099,0
SIM01513,stock:SOLB,Solvay,stocks,1558.9599,0
SIM01513,stock:MSFT,Microsoft,stocks,1778.1087,0
SIM01514,stock:UCB,UCB,stocks,71.933,0
SIM01514,stock:AAPL,Apple,stocks,615.4993,0
SIM01514,stock:ABI,AB InBev,stocks,1094.7622,0
SIM01514,stock:MSFT,Microsoft,stocks,60.7338,0
SIM01514,stock:ASML,ASML Holding,stocks,77.7384,0
SIM01514,bond:OLO_2034,Belgian OLO 2034,bonds,857.2582,0
SIM01514,fund:KBC_ECO,KBC Eco Fund,funds,57.7724,17
SIM01516,fund:KBC_ECO,KBC Eco Fund,funds,80.4581,0
SIM01516,stock:MSFT,Microsoft,stocks,238.1328,0
SIM01516,stock:UCB,UCB,stocks,80.6915,0
SIM01516,fund:KBC_PENSION,KBC Pension Savings Fund,funds,425.8967,0
SIM01516,stock:SOLB,Solvay,stocks,197.6935,0
SIM01516,fund:KBC_PENSION,KBC Pension Savings Fund,funds,35.8335,6
SIM01517,etf:VWCE,Vanguard FTSE All-World ETF,etf,72.524,0
SIM01517,bond:EU_2030,EU Bond 2030,bonds,28.5078,0
SIM01518,stock:SOLB,Solvay,stocks,115.5271,0
SIM01518,bond:OLO_2034,Belgian OLO 2034,bonds,2.1331,0
SIM01518,etf:VWCE,Vanguard FTSE All-World ETF,etf,22.0579,0
SIM01518,fund:KBC_ECO,KBC Eco Fund,funds,0.8335,0
SIM01519,fund:KBC_TECH,KBC Equity Fund Technology,funds,1700.3681,0
SIM01519,bond:OLO_2034,Belgian OLO 2034,bonds,7242.1781,0
SIM01520,etf:VWCE,Vanguard FTSE All-World ETF,etf,662.3663,0
SIM01520,stock:KBC,KBC Group,stocks,314.5225,0
SIM01520,stock:UCB,UCB,stocks,47.8349,0
SIM01520,stock:NVDA,Nvidia,stocks,69.1181,0
SIM01520,fund:KBC_PENSION,KBC Pension Savings Fund,funds,186.4686,7
SIM01521,fund:KBC_ECO,KBC Eco Fund,funds,301.1595,0
SIM01521,stock:MSFT,Microsoft,stocks,477.8181,0
SIM01521,etf:VWCE,Vanguard FTSE All-World ETF,etf,484.0849,0
SIM01521,stock:ASML,ASML Holding,stocks,205.7044,0
SIM01521,stock:AAPL,Apple,stocks,1411.2674,0
SIM01521,bond:EU_2030,EU Bond 2030,bonds,869.2469,0
SIM01521,fund:KBC_PENSION,KBC Pension Savings Fund,funds,52.1117,9
SIM01523,etf:VWCE,Vanguard FTSE All-World ETF,etf,15.0015,0
SIM01523,bond:EU_2030,EU Bond 2030,bonds,25.4096,0
SIM01523,stock:ABI,AB InBev,stocks,28.2767,0
SIM01523,bond:OLO_2034,Belgian OLO 2034,bonds,60.5464,0
SIM01523,fund:KBC_TECH,KBC Equity Fund Technology,funds,60.2514,0
SIM01523,fund:KBC_ECO,KBC Eco Fund,funds,46.0829,14
SIM01526,fund:KBC_TECH,KBC Equity Fund Technology,funds,55.9547,22
SIM01527,stock:KBC,KBC Group,stocks,2709.7684,0
SIM01527,stock:NVDA,Nvidia,stocks,43.818,0
SIM01527,stock:SOLB,Solvay,stocks,123.774,0
SIM01527,bond:EU_2030,EU Bond 2030,bonds,179.4116,0
SIM01528,stock:ASML,ASML Holding,stocks,6.9585,0
SIM01528,stock:MSFT,Microsoft,stocks,10.8718,0
SIM01528,fund:KBC_TECH,KBC Equity Fund Technology,funds,1.6181,0
SIM01528,stock:ABI,AB InBev,stocks,3.9077,0
SIM01528,stock:UCB,UCB,stocks,7.2446,0
SIM01528,etf:VWCE,Vanguard FTSE All-World ETF,etf,10.9958,0
SIM01529,bond:EU_2030,EU Bond 2030,bonds,70.6722,0
SIM01529,stock:SOLB,Solvay,stocks,36.9512,0
SIM01529,fund:KBC_PENSION,KBC Pension Savings Fund,funds,15.8325,0
SIM01529,fund:KBC_ECO,KBC Eco Fund,funds,36.083,0
SIM01529,bond:OLO_2034,Belgian OLO 2034,bonds,116.576,0
SIM01529,stock:UCB,UCB,stocks,63.0826,0
SIM01532,stock:SOLB,Solvay,stocks,460.8655,0
SIM01532,stock:KBC,KBC Group,stocks,3346.6142,0
SIM01532,fund:KBC_TECH,KBC Equity Fund Technology,funds,606.0876,0
SIM01532,stock:ASML,ASML Holding,stocks,383.052,0
SIM01532,etf:VWCE,Vanguard FTSE All-World ETF,etf,145.9454,0
SIM01532,fund:KBC_ECO,KBC Eco Fund,funds,56.8359,13
SIM01534,stock:UCB,UCB,stocks,129.3869,0
SIM01534,stock:ABI,AB InBev,stocks,84.8984,0
SIM01534,stock:SOLB,Solvay,stocks,190.3241,0
SIM01534,bond:OLO_2034,Belgian OLO 2034,bonds,989.126,0
SIM01534,stock:AAPL,Apple,stocks,901.3874,0
SIM01534,stock:ASML,ASML Holding,stocks,214.7356,0
SIM01536,stock:ASML,ASML Holding,stocks,23.9051,0
SIM01536,stock:UCB,UCB,stocks,151.0401,0
SIM01536,stock:KBC,KBC Group,stocks,1631.1869,0
SIM01536,fund:KBC_TECH,KBC Equity Fund Technology,funds,55.9263,22
SIM01537,stock:KBC,KBC Group,stocks,43.4759,0
SIM01537,bond:EU_2030,EU Bond 2030,bonds,18.2121,0
SIM01537,stock:MSFT,Microsoft,stocks,39.6745,0
SIM01537,fund:KBC_ECO,KBC Eco Fund,funds,24.8049,0
SIM01537,stock:NVDA,Nvidia,stocks,17.4815,0
SIM01538,stock:ASML,ASML Holding,stocks,1.4193,0
SIM01538,stock:AAPL,Apple,stocks,7.8451,0
SIM01538,fund:KBC_PENSION,KBC Pension Savings Fund,funds,9.569,0
SIM01538,stock:NVDA,Nvidia,stocks,5.2462,0
SIM01538,stock:SOLB,Solvay,stocks,6.4297,0
SIM01540,stock:NVDA,Nvidia,stocks,36.4809,0
SIM01540,stock:UCB,UCB,stocks,91.5163,0
SIM01540,fund:KBC_TECH,KBC Equity Fund Technology,funds,7.9926,0
SIM01540,fund:KBC_PENSION,KBC Pension Savings Fund,funds,141.6407,6
SIM01541,etf:IWDA,iShares MSCI World ETF,etf,1.5368,0
SIM01541,stock:NVDA,Nvidia,stocks,29.3706,0
SIM01541,fund:KBC_PENSION,KBC Pension Savings Fund,funds,315.5964,0
SIM01541,fund:KBC_ECO,KBC Eco Fund,funds,16.4608,0
SIM01542,stock:KBC,KBC Group,stocks,102.5273,0
SIM01542,fund:KBC_TECH,KBC Equity Fund Technology,funds,44.8435,0
SIM01545,fund:KBC_ECO,KBC Eco Fund,funds,70.9899,0
SIM01545,fund:KBC_TECH,KBC Equity Fund Technology,funds,159.016,0
SIM01545,stock:KBC,KBC Group,stocks,1565.7482,0
SIM01545,stock:ASML,ASML Holding,stocks,14.0864,0
SIM01545,stock:UCB,UCB,stocks,2.065,0
SIM01545,bond:OLO_2034,Belgian OLO 2034,bonds,521.2608,0
SIM01545,fund:KBC_ECO,KBC Eco Fund,funds,11.9566,17
SIM01548,stock:KBC,KBC Group,stocks,367.2311,0
SIM01548,fund:KBC_TECH,KBC Equity Fund Technology,funds,782.5832,0
SIM01548,etf:IWDA,iShares MSCI World ETF,etf,6269.0904,0
SIM01548,stock:AAPL,Apple,stocks,493.9069,0
SIM01548,stock:ASML,ASML Holding,stocks,86.1881,0
SIM01548,stock:MSFT,Microsoft,stocks,655.305,0
SIM01551,stock:ABI,AB InBev,stocks,150.9847,0
SIM01551,fund:KBC_ECO,KBC Eco Fund,funds,416.5701,0
SIM01551,stock:ASML,ASML Holding,stocks,662.7231,0
SIM01552,stock:ASML,ASML Holding,stocks,52.6638,0
SIM01552,stock:SOLB,Solvay,stocks,1286.1479,0
SIM01552,bond:OLO_2034,Belgian OLO 2034,bonds,9134.3569,0
SIM01555,fund:KBC_PENSION,KBC Pension Savings Fund,funds,23.6411,0
SIM01555,stock:SOLB,Solvay,stocks,1.5036,0
SIM01555,fund:KBC_ECO,KBC Eco Fund,funds,0.0094,0
SIM01555,stock:KBC,KBC Group,stocks,52.5474,0
SIM01556,fund:KBC_PENSION,KBC Pension Savings Fund,funds,437.1461,0
SIM01556,stock:ASML,ASML Holding,stocks,441.1553,0
SIM01556,stock:UCB,UCB,stocks,2.1903,0
SIM01556,etf:IWDA,iShares MSCI World ETF,etf,2997.4133,0
SIM01556,bond:EU_2030,EU Bond 2030,bonds,1264.1731,0
SIM01557,fund:KBC_PENSION,KBC Pension Savings Fund,funds,145.6209,19
SIM01558,fund:KBC_PENSION,KBC Pension Savings Fund,funds,22.9799,11
SIM01559,fund:KBC_ECO,KBC Eco Fund,funds,60.101,0
SIM01559,etf:VWCE,Vanguard FTSE All-World ETF,etf,793.6575,0
SIM01562,stock:ABI,AB InBev,stocks,1803.3477,0
SIM01562,stock:ASML,ASML Holding,stocks,600.5935,0
SIM01562,fund:KBC_ECO,KBC Eco Fund,funds,525.2217,0
SIM01562,fund:KBC_PENSION,KBC Pension Savings Fund,funds,105.6397,7
SIM01565,fund:KBC_TECH,KBC Equity Fund Technology,funds,551.9321,0
SIM01565,stock:AAPL,Apple,stocks,1354.6792,0
SIM01565,stock:UCB,UCB,stocks,69.3266,0
SIM01565,stock:ASML,ASML Holding,stocks,651.7652,0
SIM01565,bond:EU_2030,EU Bond 2030,bonds,1430.9299,0
SIM01565,fund:KBC_PENSION,KBC Pension Savings Fund,funds,64.2586,15
SIM01566,stock:KBC,KBC Group,stocks,351.4641,0
SIM01566,stock:SOLB,Solvay,stocks,3431.2355,0
SIM01566,fund:KBC_TECH,KBC Equity Fund Technology,funds,2851.2067,0
SIM01566,fund:KBC_PENSION,KBC Pension Savings Fund,funds,74.608,4
SIM01567,stock:AAPL,Apple,stocks,1832.2745,0
SIM01567,stock:UCB,UCB,stocks,235.0291,0
SIM01567,bond:OLO_2034,Belgian OLO 2034,bonds,217.7831,0
SIM01567,fund:KBC_PENSION,KBC Pension Savings Fund,funds,253.0475,0
SIM01568,stock:SOLB,Solvay,stocks,14.7525,0
SIM01568,etf:IWDA,iShares MSCI World ETF,etf,35.0291,0
SIM01568,stock:ASML,ASML Holding,stocks,49.4358,0
SIM01568,stock:AAPL,Apple,stocks,72.6679,0
SIM01568,etf:VWCE,Vanguard FTSE All-World ETF,etf,35.5638,0
SIM01568,stock:ABI,AB InBev,stocks,22.3879,0
SIM01569,bond:EU_2030,EU Bond 2030,bonds,60.613,0
SIM01569,stock:MSFT,Microsoft,stocks,53.3324,0
SIM01570,fund:KBC_PENSION,KBC Pension Savings Fund,funds,13.9762,0
SIM01570,stock:ABI,AB InBev,stocks,29.0568,0
SIM01570,stock:KBC,KBC Group,stocks,99.3365,0
SIM01570,stock:MSFT,Microsoft,stocks,2.7382,0
SIM01570,stock:NVDA,Nvidia,stocks,1.6402,0
SIM01571,bond:EU_2030,EU Bond 2030,bonds,24.061,0
SIM01571,stock:NVDA,Nvidia,stocks,10.4645,0
SIM01571,bond:OLO_2034,Belgian OLO 2034,bonds,18.8345,0
SIM01571,fund:KBC_TECH,KBC Equity Fund Technology,funds,19.9005,0
SIM01571,stock:SOLB,Solvay,stocks,50.2688,0
SIM01571,stock:ABI,AB InBev,stocks,7.4287,0
SIM01572,stock:UCB,UCB,stocks,57.403,0
SIM01572,etf:VWCE,Vanguard FTSE All-World ETF,etf,75.3348,0
SIM01573,etf:VWCE,Vanguard FTSE All-World ETF,etf,3.9913,0
SIM01573,bond:OLO_2034,Belgian OLO 2034,bonds,11.9481,0
SIM01573,fund:KBC_ECO,KBC Eco Fund,funds,7.6921,0
SIM01573,stock:ASML,ASML Holding,stocks,17.0031,0
SIM01573,bond:EU_2030,EU Bond 2030,bonds,1.1747,0
SIM01573,stock:NVDA,Nvidia,stocks,2.6877,0
SIM01576,stock:MSFT,Microsoft,stocks,921.2426,0
SIM01576,stock:KBC,KBC Group,stocks,858.8211,0
SIM01576,fund:KBC_TECH,KBC Equity Fund Technology,funds,569.8023,0
SIM01577,fund:KBC_PENSION,KBC Pension Savings Fund,funds,36.4259,10
SIM01578,stock:SOLB,Solvay,stocks,73.0496,0
SIM01578,stock:MSFT,Microsoft,stocks,72.7876,0
SIM01578,etf:IWDA,iShares MSCI World ETF,etf,281.1074,0
SIM01578,fund:KBC_PENSION,KBC Pension Savings Fund,funds,64.6243,7
SIM01579,stock:UCB,UCB,stocks,8.5145,0
SIM01579,fund:KBC_TECH,KBC Equity Fund Technology,funds,1178.9946,0
SIM01579,etf:IWDA,iShares MSCI World ETF,etf,4556.6739,0
SIM01581,etf:VWCE,Vanguard FTSE All-World ETF,etf,85.194,0
SIM01581,stock:ASML,ASML Holding,stocks,172.5295,0
SIM01585,stock:ABI,AB InBev,stocks,457.309,0
SIM01585,stock:ASML,ASML Holding,stocks,200.6719,0
SIM01585,fund:KBC_TECH,KBC Equity Fund Technology,funds,527.1031,0
SIM01585,etf:IWDA,iShares MSCI World ETF,etf,5278.0751,0
SIM01585,stock:SOLB,Solvay,stocks,139.6619,0
SIM01586,fund:KBC_PENSION,KBC Pension Savings Fund,funds,359.6095,0
SIM01586,fund:KBC_TECH,KBC Equity Fund Technology,funds,919.8033,0
SIM01587,stock:KBC,KBC Group,stocks,58.66,0
SIM01587,bond:OLO_2034,Belgian OLO 2034,bonds,486.3419,0
SIM01587,fund:KBC_ECO,KBC Eco Fund,funds,52.36,4
SIM01588,fund:KBC_PENSION,KBC Pension Savings Fund,funds,149.1296,0
SIM01588,bond:EU_2030,EU Bond 2030,bonds,23.1319,0
SIM01588,fund:KBC_ECO,KBC Eco Fund,funds,84.7116,0
SIM01588,bond:OLO_2034,Belgian OLO 2034,bonds,76.6108,0
SIM01588,stock:ABI,AB InBev,stocks,28.7524,0
SIM01588,stock:MSFT,Microsoft,stocks,74.7283,0
SIM01590,stock:NVDA,Nvidia,stocks,47.2783,0
SIM01590,bond:EU_2030,EU Bond 2030,bonds,49.7922,0
SIM01590,etf:IWDA,iShares MSCI World ETF,etf,97.0294,0
SIM01590,stock:ABI,AB InBev,stocks,47.2041,0
SIM01590,etf:VWCE,Vanguard FTSE All-World ETF,etf,30.407,0
SIM01590,fund:KBC_TECH,KBC Equity Fund Technology,funds,127.4586,18
SIM01591,etf:VWCE,Vanguard FTSE All-World ETF,etf,127.5725,0
SIM01591,stock:UCB,UCB,stocks,302.3368,0
SIM01591,fund:KBC_TECH,KBC Equity Fund Technology,funds,459.9794,0
SIM01591,stock:KBC,KBC Group,stocks,803.4968,0
SIM01591,bond:OLO_2034,Belgian OLO 2034,bonds,224.7292,0
SIM01591,fund:KBC_ECO,KBC Eco Fund,funds,43.5184,23
SIM01595,stock:AAPL,Apple,stocks,9.8121,0
SIM01595,fund:KBC_PENSION,KBC Pension Savings Fund,funds,49.0431,0
SIM01595,bond:EU_2030,EU Bond 2030,bonds,0.1357,0
SIM01596,fund:KBC_PENSION,KBC Pension Savings Fund,funds,49.9639,17
SIM01597,fund:KBC_TECH,KBC Equity Fund Technology,funds,24.7925,15
SIM01599,bond:OLO_2034,Belgian OLO 2034,bonds,84.5563,0
SIM01599,fund:KBC_PENSION,KBC Pension Savings Fund,funds,59.4106,0
SIM01599,stock:UCB,UCB,stocks,18.8195,0
SIM01599,fund:KBC_TECH,KBC Equity Fund Technology,funds,52.7867,0
SIM01599,stock:SOLB,Solvay,stocks,44.2851,0
SIM01603,stock:SOLB,Solvay,stocks,80.2336,0
SIM01603,stock:MSFT,Microsoft,stocks,75.2396,0
SIM01603,stock:UCB,UCB,stocks,8.845,0
SIM01603,stock:KBC,KBC Group,stocks,2.381,0
SIM01604,fund:KBC_ECO,KBC Eco Fund,funds,3.6289,21
SIM01605,stock:SOLB,Solvay,stocks,514.2635,0
SIM01605,stock:ABI,AB InBev,stocks,20.8779,0
SIM01605,fund:KBC_ECO,KBC Eco Fund,funds,64.5093,19
SIM01606,bond:OLO_2034,Belgian OLO 2034,bonds,2.8493,0
SIM01606,bond:EU_2030,EU Bond 2030,bonds,5.1467,0
SIM01606,stock:ASML,ASML Holding,stocks,7.1205,0
SIM01606,stock:SOLB,Solvay,stocks,1.2093,0
SIM01607,etf:IWDA,iShares MSCI World ETF,etf,13527.617,0
SIM01607,stock:NVDA,Nvidia,stocks,24.2441,0
SIM01607,stock:KBC,KBC Group,stocks,401.5657,0
SIM01608,stock:KBC,KBC Group,stocks,209.8844,0
SIM01608,stock:SOLB,Solvay,stocks,60.4389,0
SIM01611,fund:KBC_TECH,KBC Equity Fund Technology,funds,6.9591,21
SIM01617,stock:KBC,KBC Group,stocks,71.92,0
SIM01617,stock:ABI,AB InBev,stocks,63.3344,0
SIM01619,fund:KBC_PENSION,KBC Pension Savings Fund,funds,142.5658,16
SIM01623,stock:ABI,AB InBev,stocks,27.287,0
SIM01623,bond:OLO_2034,Belgian OLO 2034,bonds,4377.191,0
SIM01623,fund:KBC_ECO,KBC Eco Fund,funds,730.442,0
SIM01623,fund:KBC_PENSION,KBC Pension Savings Fund,funds,43.8877,21
SIM01624,stock:ASML,ASML Holding,stocks,14.8094,0
SIM01624,bond:OLO_2034,Belgian OLO 2034,bonds,166.5017,0
SIM01624,stock:SOLB,Solvay,stocks,1046.3822,0
SIM01624,stock:MSFT,Microsoft,stocks,297.806,0
SIM01624,stock:UCB,UCB,stocks,15.2429,0
SIM01624,stock:KBC,KBC Group,stocks,493.3945,0
SIM01624,fund:KBC_PENSION,KBC Pension Savings Fund,funds,15.2374,9
SIM01627,fund:KBC_PENSION,KBC Pension Savings Fund,funds,19.1707,0
SIM01627,stock:SOLB,Solvay,stocks,44.6719,0
SIM01630,stock:KBC,KBC Group,stocks,657.4837,0
SIM01630,stock:AAPL,Apple,stocks,663.0185,0
SIM01630,stock:MSFT,Microsoft,stocks,5611.5774,0
SIM01630,fund:KBC_PENSION,KBC Pension Savings Fund,funds,137.5214,0
SIM01631,fund:KBC_TECH,KBC Equity Fund Technology,funds,5.0632,0
SIM01631,stock:ABI,AB InBev,stocks,1.373,0
SIM01631,bond:EU_2030,EU Bond 2030,bonds,3.491,0
SIM01631,bond:OLO_2034,Belgian OLO 2034,bonds,7.0839,0
SIM01633,fund:KBC_TECH,KBC Equity Fund Technology,funds,78.481,9
SIM01634,fund:KBC_TECH,KBC Equity Fund Technology,funds,1844.8983,0
SIM01634,fund:KBC_PENSION,KBC Pension Savings Fund,funds,817.0638,0
SIM01639,bond:OLO_2034,Belgian OLO 2034,bonds,162.4329,0
SIM01639,stock:KBC,KBC Group,stocks,598.4399,0
SIM01639,bond:EU_2030,EU Bond 2030,bonds,143.4982,0
SIM01639,etf:VWCE,Vanguard FTSE All-World ETF,etf,60.7631,0
SIM01639,etf:IWDA,iShares MSCI World ETF,etf,158.0625,0
SIM01639,fund:KBC_ECO,KBC Eco Fund,funds,39.5763,8
SIM01641,stock:UCB,UCB,stocks,221.6937,0
SIM01641,etf:IWDA,iShares MSCI World ETF,etf,8528.9553,0
SIM01641,stock:MSFT,Microsoft,stocks,504.814,0
SIM01641,stock:KBC,KBC Group,stocks,659.1293,0
SIM01641,fund:KBC_ECO,KBC Eco Fund,funds,151.3635,0
SIM01641,stock:SOLB,Solvay,stocks,71.0459,0
SIM01646,etf:VWCE,Vanguard FTSE All-World ETF,etf,642.7611,0
SIM01646,etf:IWDA,iShares MSCI World ETF,etf,5414.9476,0
SIM01646,stock:SOLB,Solvay,stocks,793.5794,0
SIM01646,bond:EU_2030,EU Bond 2030,bonds,1675.4272,0
SIM01646,fund:KBC_PENSION,KBC Pension Savings Fund,funds,24.4544,14
SIM01649,stock:AAPL,Apple,stocks,65.0538,0
SIM01649,stock:KBC,KBC Group,stocks,136.9542,0
SIM01649,etf:VWCE,Vanguard FTSE All-World ETF,etf,16.8823,0
SIM01651,fund:KBC_PENSION,KBC Pension Savings Fund,funds,5.2748,0
SIM01651,fund:KBC_ECO,KBC Eco Fund,funds,11.6327,0
SIM01651,etf:IWDA,iShares MSCI World ETF,etf,124.3975,0
SIM01652,stock:KBC,KBC Group,stocks,1.0856,0
SIM01652,fund:KBC_ECO,KBC Eco Fund,funds,1.3268,0
SIM01652,etf:VWCE,Vanguard FTSE All-World ETF,etf,1.3349,0
SIM01652,bond:EU_2030,EU Bond 2030,bonds,1.697,0
SIM01652,stock:SOLB,Solvay,stocks,1.9331,0
SIM01653,stock:ASML,ASML Holding,stocks,450.9296,0
SIM01653,stock:AAPL,Apple,stocks,845.3701,0
SIM01653,stock:ABI,AB InBev,stocks,72.9808,0
SIM01653,bond:EU_2030,EU Bond 2030,bonds,803.6397,0
SIM01654,fund:KBC_ECO,KBC Eco Fund,funds,1066.4729,0
SIM01654,etf:IWDA,iShares MSCI World ETF,etf,1552.7498,0
SIM01654,bond:EU_2030,EU Bond 2030,bonds,690.8298,0
SIM01656,stock:NVDA,Nvidia,stocks,26.1156,0
SIM01656,fund:KBC_ECO,KBC Eco Fund,funds,33.2355,0
SIM01661,stock:UCB,UCB,stocks,49.0153,0
SIM01661,bond:EU_2030,EU Bond 2030,bonds,7.6557,0
SIM01661,bond:OLO_2034,Belgian OLO 2034,bonds,75.6652,0
SIM01664,stock:AAPL,Apple,stocks,1565.1375,0
SIM01664,stock:NVDA,Nvidia,stocks,129.2776,0
SIM01664,fund:KBC_ECO,KBC Eco Fund,funds,13.1481,0
SIM01664,bond:OLO_2034,Belgian OLO 2034,bonds,1603.5104,0
SIM01665,stock:AAPL,Apple,stocks,77.6698,0
SIM01665,fund:KBC_PENSION,KBC Pension Savings Fund,funds,963.1229,0
SIM01665,stock:ASML,ASML Holding,stocks,394.8831,0
SIM01665,stock:ABI,AB InBev,stocks,60.0336,0
SIM01665,stock:MSFT,Microsoft,stocks,17.5748,0
SIM01665,stock:NVDA,Nvidia,stocks,3.6163,0
SIM01665,fund:KBC_PENSION,KBC Pension Savings Fund,funds,17.1967,13
SIM01667,fund:KBC_TECH,KBC Equity Fund Technology,funds,23.9132,0
SIM01667,stock:ASML,ASML Holding,stocks,358.5687,0
SIM01667,bond:EU_2030,EU Bond 2030,bonds,290.9338,0
SIM01667,stock:AAPL,Apple,stocks,2402.8117,0
SIM01667,fund:KBC_PENSION,KBC Pension Savings Fund,funds,135.0404,8
SIM01669,stock:MSFT,Microsoft,stocks,3970.4579,0
SIM01669,stock:UCB,UCB,stocks,102.8474,0
SIM01669,fund:KBC_TECH,KBC Equity Fund Technology,funds,1182.3251,0
SIM01669,fund:KBC_TECH,KBC Equity Fund Technology,funds,56.206,23
SIM01672,fund:KBC_PENSION,KBC Pension Savings Fund,funds,113.0406,9
SIM01674,fund:KBC_PENSION,KBC Pension Savings Fund,funds,78.6319,3
SIM01676,fund:KBC_TECH,KBC Equity Fund Technology,funds,32.2871,0
SIM01676,stock:SOLB,Solvay,stocks,6.8555,0
SIM01676,stock:AAPL,Apple,stocks,85.9928,0
SIM01676,stock:KBC,KBC Group,stocks,55.4191,0
SIM01677,bond:OLO_2034,Belgian OLO 2034,bonds,1927.2405,0
SIM01677,etf:VWCE,Vanguard FTSE All-World ETF,etf,2460.8971,0
SIM01677,stock:AAPL,Apple,stocks,132.6127,0
SIM01677,fund:KBC_ECO,KBC Eco Fund,funds,40.7279,17
SIM01679,etf:IWDA,iShares MSCI World ETF,etf,24109.9302,0
SIM01679,fund:KBC_ECO,KBC Eco Fund,funds,158.5319,0
SIM01679,fund:KBC_TECH,KBC Equity Fund Technology,funds,185.6297,0
SIM01681,stock:SOLB,Solvay,stocks,37.1055,0
SIM01681,stock:KBC,KBC Group,stocks,286.877,0
SIM01681,stock:AAPL,Apple,stocks,997.6555,0
SIM01681,stock:ASML,ASML Holding,stocks,14.9187,0
SIM01681,bond:EU_2030,EU Bond 2030,bonds,82.8849,0
SIM01681,stock:NVDA,Nvidia,stocks,234.3678,0
SIM01683,fund:KBC_TECH,KBC Equity Fund Technology,funds,9.394,0
SIM01683,stock:ABI,AB InBev,stocks,1.1614,0
SIM01683,stock:AAPL,Apple,stocks,8.884,0
SIM01683,etf:VWCE,Vanguard FTSE All-World ETF,etf,0.9488,0
SIM01684,etf:IWDA,iShares MSCI World ETF,etf,2103.2391,0
SIM01684,stock:NVDA,Nvidia,stocks,247.0949,0
SIM01684,stock:ABI,AB InBev,stocks,59.155,0
SIM01684,fund:KBC_PENSION,KBC Pension Savings Fund,funds,71.7377,16
SIM01685,stock:UCB,UCB,stocks,0.247,0
SIM01685,etf:IWDA,iShares MSCI World ETF,etf,5.4197,0
SIM01685,fund:KBC_ECO,KBC Eco Fund,funds,3.2566,0
SIM01685,fund:KBC_PENSION,KBC Pension Savings Fund,funds,16.4294,0
SIM01685,stock:ABI,AB InBev,stocks,6.4606,0
SIM01685,stock:MSFT,Microsoft,stocks,5.7153,0
SIM01686,stock:NVDA,Nvidia,stocks,64.9325,0
SIM01686,fund:KBC_TECH,KBC Equity Fund Technology,funds,36.4379,0
SIM01686,fund:KBC_PENSION,KBC Pension Savings Fund,funds,78.351,0
SIM01686,stock:ASML,ASML Holding,stocks,26.4229,0
SIM01687,bond:OLO_2034,Belgian OLO 2034,bonds,4.3278,0
SIM01687,bond:EU_2030,EU Bond 2030,bonds,0.1947,0
SIM01687,stock:SOLB,Solvay,stocks,1.7255,0
SIM01687,stock:AAPL,Apple,stocks,6.9519,0
SIM01687,fund:KBC_PENSION,KBC Pension Savings Fund,funds,1.5958,0
SIM01687,stock:NVDA,Nvidia,stocks,0.7909,0
SIM01688,stock:AAPL,Apple,stocks,0.4621,0
SIM01688,etf:VWCE,Vanguard FTSE All-World ETF,etf,0.554,0
SIM01688,stock:MSFT,Microsoft,stocks,0.0922,0
SIM01688,fund:KBC_TECH,KBC Equity Fund Technology,funds,1.8779,0
SIM01688,fund:KBC_ECO,KBC Eco Fund,funds,1.9012,0
SIM01688,stock:NVDA,Nvidia,stocks,1.4364,0
SIM01689,fund:KBC_ECO,KBC Eco Fund,funds,22.0578,20
SIM01690,fund:KBC_PENSION,KBC Pension Savings Fund,funds,758.7679,0
SIM01690,bond:OLO_2034,Belgian OLO 2034,bonds,13328.3797,0
SIM01693,stock:ABI,AB InBev,stocks,92.1015,0
SIM01693,stock:AAPL,Apple,stocks,501.8455,0
SIM01696,fund:KBC_TECH,KBC Equity Fund Technology,funds,5.2402,0
SIM01696,stock:MSFT,Microsoft,stocks,30.4027,0
SIM01697,stock:ASML,ASML Holding,stocks,401.9064,0
SIM01697,stock:SOLB,Solvay,stocks,276.6866,0
SIM01697,fund:KBC_ECO,KBC Eco Fund,funds,209.6436,0
SIM01697,stock:AAPL,Apple,stocks,293.4406,0
SIM01697,stock:KBC,KBC Group,stocks,713.7329,0
SIM01697,stock:MSFT,Microsoft,stocks,1744.9597,0
SIM01698,fund:KBC_TECH,KBC Equity Fund Technology,funds,17.1559,23
SIM01702,fund:KBC_TECH,KBC Equity Fund Technology,funds,85.1839,0
SIM01702,stock:AAPL,Apple,stocks,77.3966,0
SIM01702,stock:NVDA,Nvidia,stocks,17.7768,0
SIM01702,bond:EU_2030,EU Bond 2030,bonds,11.4129,0
SIM01704,stock:UCB,UCB,stocks,5.63,0
SIM01704,stock:SOLB,Solvay,stocks,54.8892,0
SIM01704,stock:AAPL,Apple,stocks,32.3649,0
SIM01704,stock:MSFT,Microsoft,stocks,58.9485,0
SIM01704,stock:NVDA,Nvidia,stocks,13.3027,0
SIM01704,stock:KBC,KBC Group,stocks,45.8686,0
SIM01705,stock:ABI,AB InBev,stocks,186.4302,0
SIM01705,etf:VWCE,Vanguard FTSE All-World ETF,etf,1053.7802,0
SIM01705,stock:KBC,KBC Group,stocks,369.9649,0
SIM01705,fund:KBC_TECH,KBC Equity Fund Technology,funds,167.4771,0
SIM01705,bond:OLO_2034,Belgian OLO 2034,bonds,3827.8165,0
SIM01705,fund:KBC_ECO,KBC Eco Fund,funds,319.1776,0
SIM01705,fund:KBC_PENSION,KBC Pension Savings Fund,funds,114.5769,19
SIM01706,bond:EU_2030,EU Bond 2030,bonds,61.6646,0
SIM01706,etf:VWCE,Vanguard FTSE All-World ETF,etf,22.381,0
SIM01706,fund:KBC_TECH,KBC Equity Fund Technology,funds,10.3062,6
SIM01709,fund:KBC_TECH,KBC Equity Fund Technology,funds,34.1922,0
SIM01709,fund:KBC_ECO,KBC Eco Fund,funds,98.6067,0
SIM01711,fund:KBC_TECH,KBC Equity Fund Technology,funds,94.9995,14
SIM01712,fund:KBC_TECH,KBC Equity Fund Technology,funds,35.1345,16
SIM01713,stock:ABI,AB InBev,stocks,6.7916,0
SIM01713,stock:KBC,KBC Group,stocks,48.5919,0
SIM01713,stock:NVDA,Nvidia,stocks,6.1416,0
SIM01713,stock:ASML,ASML Holding,stocks,0.2442,0
SIM01713,fund:KBC_PENSION,KBC Pension Savings Fund,funds,5.7253,0
SIM01714,stock:UCB,UCB,stocks,34.271,0
SIM01714,fund:KBC_ECO,KBC Eco Fund,funds,8.9333,0
SIM01716,fund:KBC_PENSION,KBC Pension Savings Fund,funds,145.1568,0
SIM01716,bond:EU_2030,EU Bond 2030,bonds,2055.6918,0
SIM01718,stock:ASML,ASML Holding,stocks,294.5657,0
SIM01718,stock:KBC,KBC Group,stocks,450.7711,0
SIM01718,stock:NVDA,Nvidia,stocks,176.1373,0
SIM01718,fund:KBC_ECO,KBC Eco Fund,funds,313.8269,0
SIM01718,fund:KBC_ECO,KBC Eco Fund,funds,53.2984,23
SIM01720,stock:ABI,AB InBev,stocks,839.998,0
SIM01720,bond:EU_2030,EU Bond 2030,bonds,943.8531,0
SIM01720,stock:AAPL,Apple,stocks,1305.9455,0
SIM01720,fund:KBC_PENSION,KBC Pension Savings Fund,funds,69.3571,17
SIM01722,stock:NVDA,Nvidia,stocks,34.172,0
SIM01722,stock:MSFT,Microsoft,stocks,164.6795,0
SIM01723,stock:KBC,KBC Group,stocks,422.6805,0
SIM01723,stock:NVDA,Nvidia,stocks,137.4574,0
SIM01723,stock:ABI,AB InBev,stocks,355.185,0
SIM01723,fund:KBC_PENSION,KBC Pension Savings Fund,funds,3238.6615,0
SIM01723,bond:OLO_2034,Belgian OLO 2034,bonds,1371.2076,0
SIM01723,fund:KBC_ECO,KBC Eco Fund,funds,34.9006,5
SIM01724,stock:ASML,ASML Holding,stocks,0.8731,0
SIM01724,stock:NVDA,Nvidia,stocks,5.6211,0
SIM01724,bond:EU_2030,EU Bond 2030,bonds,2.0322,0
SIM01724,stock:SOLB,Solvay,stocks,4.7509,0
SIM01724,fund:KBC_PENSION,KBC Pension Savings Fund,funds,86.2326,12
SIM01725,fund:KBC_TECH,KBC Equity Fund Technology,funds,93.1436,18
SIM01727,bond:OLO_2034,Belgian OLO 2034,bonds,2776.1335,0
SIM01727,stock:AAPL,Apple,stocks,388.554,0
SIM01727,fund:KBC_ECO,KBC Eco Fund,funds,19.4802,17
SIM01728,stock:NVDA,Nvidia,stocks,18.1195,0
SIM01728,bond:EU_2030,EU Bond 2030,bonds,10.6519,0
SIM01728,stock:AAPL,Apple,stocks,3.9126,0
SIM01728,etf:VWCE,Vanguard FTSE All-World ETF,etf,30.7396,0
SIM01728,fund:KBC_TECH,KBC Equity Fund Technology,funds,43.609,0
SIM01728,fund:KBC_PENSION,KBC Pension Savings Fund,funds,40.3731,5
SIM01733,stock:AAPL,Apple,stocks,4.9842,0
SIM01733,stock:KBC,KBC Group,stocks,2.7627,0
SIM01733,stock:SOLB,Solvay,stocks,10.1032,0
SIM01733,fund:KBC_PENSION,KBC Pension Savings Fund,funds,7.6674,0
SIM01733,bond:OLO_2034,Belgian OLO 2034,bonds,18.0302,0
SIM01733,stock:UCB,UCB,stocks,1.1145,0
SIM01734,stock:ABI,AB InBev,stocks,713.1683,0
SIM01734,stock:NVDA,Nvidia,stocks,34.5613,0
SIM01734,bond:EU_2030,EU Bond 2030,bonds,255.1534,0
SIM01734,fund:KBC_ECO,KBC Eco Fund,funds,336.3319,0
SIM01734,fund:KBC_PENSION,KBC Pension Savings Fund,funds,148.0908,19
SIM01738,stock:KBC,KBC Group,stocks,147.3743,0
SIM01738,stock:UCB,UCB,stocks,145.7514,0
SIM01738,fund:KBC_PENSION,KBC Pension Savings Fund,funds,2336.4169,0
SIM01738,stock:SOLB,Solvay,stocks,166.1138,0
SIM01738,fund:KBC_TECH,KBC Equity Fund Technology,funds,741.9159,0
SIM01739,bond:EU_2030,EU Bond 2030,bonds,6.0052,0
SIM01739,stock:ABI,AB InBev,stocks,7.2385,0
SIM01739,stock:AAPL,Apple,stocks,20.2316,0
SIM01739,stock:NVDA,Nvidia,stocks,6.0145,0
SIM01739,fund:KBC_TECH,KBC Equity Fund Technology,funds,7.3336,0
SIM01739,stock:MSFT,Microsoft,stocks,2.7626,0
SIM01739,fund:KBC_PENSION,KBC Pension Savings Fund,funds,110.3256,7
SIM01743,fund:KBC_TECH,KBC Equity Fund Technology,funds,70.5202,15
SIM01744,stock:KBC,KBC Group,stocks,8.6548,0
SIM01744,fund:KBC_ECO,KBC Eco Fund,funds,2.8697,0
SIM01744,etf:VWCE,Vanguard FTSE All-World ETF,etf,16.2468,0
SIM01746,stock:ASML,ASML Holding,stocks,16.7406,0
SIM01746,stock:AAPL,Apple,stocks,28.5595,0
SIM01746,bond:OLO_2034,Belgian OLO 2034,bonds,41.481,0
SIM01746,stock:MSFT,Microsoft,stocks,53.4528,0
SIM01746,fund:KBC_ECO,KBC Eco Fund,funds,2.0065,0
SIM01746,stock:KBC,KBC Group,stocks,19.7421,0
SIM01747,stock:SOLB,Solvay,stocks,634.574,0
SIM01747,stock:ASML,ASML Holding,stocks,303.527,0
SIM01747,stock:ABI,AB InBev,stocks,293.1689,0
SIM01747,bond:EU_2030,EU Bond 2030,bonds,307.7467,0
SIM01747,stock:NVDA,Nvidia,stocks,464.2881,0
SIM01747,bond:OLO_2034,Belgian OLO 2034,bonds,6315.8903,0
SIM01747,fund:KBC_TECH,KBC Equity Fund Technology,funds,74.6369,18
SIM01749,etf:IWDA,iShares MSCI World ETF,etf,385.0141,0
SIM01749,stock:ABI,AB InBev,stocks,1.7554,0
SIM01749,fund:KBC_TECH,KBC Equity Fund Technology,funds,209.7721,0
SIM01749,stock:SOLB,Solvay,stocks,9.6014,0
SIM01749,stock:ASML,ASML Holding,stocks,9.0958,0
SIM01750,stock:ASML,ASML Holding,stocks,2.6082,0
SIM01750,etf:VWCE,Vanguard FTSE All-World ETF,etf,4.355,0
SIM01750,stock:AAPL,Apple,stocks,13.6665,0
SIM01751,fund:KBC_TECH,KBC Equity Fund Technology,funds,1718.2567,0
SIM01751,stock:SOLB,Solvay,stocks,670.5394,0
SIM01751,stock:KBC,KBC Group,stocks,1008.0419,0
SIM01751,fund:KBC_PENSION,KBC Pension Savings Fund,funds,902.1516,0
SIM01751,stock:ASML,ASML Holding,stocks,25.8415,0
SIM01751,stock:UCB,UCB,stocks,25.9968,0
SIM01751,fund:KBC_PENSION,KBC Pension Savings Fund,funds,90.4075,21
SIM01752,fund:KBC_ECO,KBC Eco Fund,funds,30.0591,8
SIM01757,stock:ASML,ASML Holding,stocks,23.3535,0
SIM01757,stock:SOLB,Solvay,stocks,115.3122,0
SIM01757,stock:AAPL,Apple,stocks,769.1633,0
SIM01759,stock:SOLB,Solvay,stocks,9.6166,0
SIM01759,bond:OLO_2034,Belgian OLO 2034,bonds,95.5112,0
SIM01759,stock:UCB,UCB,stocks,9.9196,0
SIM01759,stock:NVDA,Nvidia,stocks,9.6744,0
SIM01759,stock:MSFT,Microsoft,stocks,65.3452,0
SIM01759,stock:AAPL,Apple,stocks,42.5758,0
SIM01762,stock:ASML,ASML Holding,stocks,36.3814,0
SIM01762,stock:UCB,UCB,stocks,0.1894,0
SIM01762,stock:KBC,KBC Group,stocks,7.1885,0
SIM01762,bond:EU_2030,EU Bond 2030,bonds,25.3696,0
SIM01762,fund:KBC_TECH,KBC Equity Fund Technology,funds,185.7392,0
SIM01763,etf:VWCE,Vanguard FTSE All-World ETF,etf,10.8783,0
SIM01763,stock:MSFT,Microsoft,stocks,70.6534,0
SIM01765,fund:KBC_ECO,KBC Eco Fund,funds,115.613,0
SIM01765,fund:KBC_TECH,KBC Equity Fund Technology,funds,2.5357,0
SIM01765,bond:EU_2030,EU Bond 2030,bonds,125.3344,0
SIM01765,stock:AAPL,Apple,stocks,1624.9212,0
SIM01765,fund:KBC_PENSION,KBC Pension Savings Fund,funds,41.5286,0
SIM01765,stock:ABI,AB InBev,stocks,678.9795,0
SIM01766,stock:AAPL,Apple,stocks,38.916,0
SIM01766,etf:VWCE,Vanguard FTSE All-World ETF,etf,49.7309,0
SIM01766,fund:KBC_TECH,KBC Equity Fund Technology,funds,170.5125,0
SIM01766,stock:ASML,ASML Holding,stocks,3.7465,0
SIM01767,stock:AAPL,Apple,stocks,2084.1703,0
SIM01767,stock:ABI,AB InBev,stocks,363.0998,0
SIM01767,bond:OLO_2034,Belgian OLO 2034,bonds,5933.3917,0
SIM01772,stock:SOLB,Solvay,stocks,176.3907,0
SIM01772,fund:KBC_TECH,KBC Equity Fund Technology,funds,1358.8127,0
SIM01772,stock:KBC,KBC Group,stocks,1853.5131,0
SIM01772,bond:OLO_2034,Belgian OLO 2034,bonds,453.4073,0
SIM01773,fund:KBC_TECH,KBC Equity Fund Technology,funds,131.5468,23
SIM01775,fund:KBC_ECO,KBC Eco Fund,funds,30.4941,0
SIM01775,stock:ASML,ASML Holding,stocks,2100.9354,0
SIM01776,fund:KBC_TECH,KBC Equity Fund Technology,funds,95.6059,12
SIM01781,fund:KBC_PENSION,KBC Pension Savings Fund,funds,2693.7792,0
SIM01781,bond:OLO_2034,Belgian OLO 2034,bonds,194.5137,0
SIM01781,fund:KBC_PENSION,KBC Pension Savings Fund,funds,122.2741,12
SIM01783,etf:IWDA,iShares MSCI World ETF,etf,920.8966,0
SIM01783,bond:EU_2030,EU Bond 2030,bonds,845.2296,0
SIM01783,stock:SOLB,Solvay,stocks,401.1725,0
SIM01783,fund:KBC_PENSION,KBC Pension Savings Fund,funds,166.3893,9
SIM01784,bond:OLO_2034,Belgian OLO 2034,bonds,81.9264,0
SIM01784,fund:KBC_PENSION,KBC Pension Savings Fund,funds,34.0022,0
SIM01784,stock:MSFT,Microsoft,stocks,86.8652,0
SIM01784,stock:AAPL,Apple,stocks,44.1358,0
SIM01785,stock:UCB,UCB,stocks,5.0338,0
SIM01785,stock:SOLB,Solvay,stocks,5.9014,0
SIM01785,stock:ABI,AB InBev,stocks,0.6837,0
SIM01785,etf:IWDA,iShares MSCI World ETF,etf,16.6263,0
SIM01788,stock:MSFT,Microsoft,stocks,959.6749,0
SIM01788,stock:SOLB,Solvay,stocks,84.4499,0
SIM01788,bond:OLO_2034,Belgian OLO 2034,bonds,228.8299,0
SIM01788,stock:UCB,UCB,stocks,109.5865,0
SIM01788,fund:KBC_TECH,KBC Equity Fund Technology,funds,282.1096,0
SIM01788,etf:IWDA,iShares MSCI World ETF,etf,2785.2745,0
SIM01789,bond:EU_2030,EU Bond 2030,bonds,155.2162,0
SIM01789,stock:UCB,UCB,stocks,22.4902,0
SIM01789,stock:ASML,ASML Holding,stocks,10.8027,0
SIM01789,stock:AAPL,Apple,stocks,44.0562,0
SIM01789,stock:SOLB,Solvay,stocks,68.433,0
SIM01790,stock:SOLB,Solvay,stocks,15.2057,0
SIM01790,stock:UCB,UCB,stocks,0.66,0
SIM01790,stock:ABI,AB InBev,stocks,4.1475,0
SIM01790,etf:VWCE,Vanguard FTSE All-World ETF,etf,2.2274,0
SIM01790,stock:NVDA,Nvidia,stocks,1.0686,0
SIM01790,stock:KBC,KBC Group,stocks,8.9348,0
SIM01791,stock:ABI,AB InBev,stocks,89.2149,0
SIM01791,bond:EU_2030,EU Bond 2030,bonds,265.8555,0
SIM01791,etf:IWDA,iShares MSCI World ETF,etf,6067.6725,0
SIM01791,fund:KBC_ECO,KBC Eco Fund,funds,353.3472,0
SIM01791,stock:ASML,ASML Holding,stocks,40.0769,0
SIM01793,bond:OLO_2034,Belgian OLO 2034,bonds,155.0036,0
SIM01793,stock:KBC,KBC Group,stocks,405.3507,0
SIM01793,bond:EU_2030,EU Bond 2030,bonds,637.7414,0
SIM01793,fund:KBC_ECO,KBC Eco Fund,funds,141.9908,0
SIM01793,stock:NVDA,Nvidia,stocks,94.6979,0
SIM01793,etf:IWDA,iShares MSCI World ETF,etf,3160.5975,0
SIM01795,fund:KBC_PENSION,KBC Pension Savings Fund,funds,738.7112,0
SIM01795,fund:KBC_ECO,KBC Eco Fund,funds,20.9554,0
SIM01795,etf:VWCE,Vanguard FTSE All-World ETF,etf,973.1362,0
SIM01795,stock:ABI,AB InBev,stocks,763.7596,0
SIM01795,fund:KBC_TECH,KBC Equity Fund Technology,funds,34.8848,6
SIM01796,etf:VWCE,Vanguard FTSE All-World ETF,etf,1598.2299,0
SIM01796,stock:ASML,ASML Holding,stocks,673.2684,0
SIM01797,stock:UCB,UCB,stocks,854.433,0
SIM01797,stock:NVDA,Nvidia,stocks,224.1346,0
SIM01797,fund:KBC_PENSION,KBC Pension Savings Fund,funds,69.9681,3
SIM01798,etf:VWCE,Vanguard FTSE All-World ETF,etf,337.9758,0
SIM01798,bond:OLO_2034,Belgian OLO 2034,bonds,1049.71,0
SIM01798,bond:EU_2030,EU Bond 2030,bonds,263.8336,0
SIM01798,fund:KBC_PENSION,KBC Pension Savings Fund,funds,147.072,3
SIM01801,stock:MSFT,Microsoft,stocks,2193.789,0
SIM01801,stock:KBC,KBC Group,stocks,124.5271,0
SIM01801,stock:SOLB,Solvay,stocks,116.3249,0
SIM01801,stock:ABI,AB InBev,stocks,108.1498,0
SIM01801,bond:EU_2030,EU Bond 2030,bonds,67.3445,0
SIM01801,bond:OLO_2034,Belgian OLO 2034,bonds,555.2099,0
SIM01802,fund:KBC_PENSION,KBC Pension Savings Fund,funds,579.3184,0
SIM01802,stock:NVDA,Nvidia,stocks,80.446,0
SIM01802,stock:KBC,KBC Group,stocks,176.1532,0
SIM01802,stock:UCB,UCB,stocks,44.1486,0
SIM01802,fund:KBC_TECH,KBC Equity Fund Technology,funds,263.45,0
SIM01802,stock:SOLB,Solvay,stocks,1244.2665,0
SIM01805,fund:KBC_ECO,KBC Eco Fund,funds,1946.6861,0
SIM01805,stock:ASML,ASML Holding,stocks,929.3621,0
SIM01807,fund:KBC_TECH,KBC Equity Fund Technology,funds,19.2274,0
SIM01807,etf:VWCE,Vanguard FTSE All-World ETF,etf,2.1128,0
SIM01807,stock:ABI,AB InBev,stocks,0.915,0
SIM01807,etf:IWDA,iShares MSCI World ETF,etf,3.2599,0
SIM01807,stock:UCB,UCB,stocks,0.4793,0
SIM01808,fund:KBC_PENSION,KBC Pension Savings Fund,funds,158.0362,0
SIM01808,stock:ASML,ASML Holding,stocks,23.0972,0
SIM01808,stock:MSFT,Microsoft,stocks,53.1372,0
SIM01808,stock:KBC,KBC Group,stocks,34.7483,0
SIM01808,bond:EU_2030,EU Bond 2030,bonds,526.1338,0
SIM01808,etf:IWDA,iShares MSCI World ETF,etf,6844.3977,0
SIM01808,fund:KBC_ECO,KBC Eco Fund,funds,74.5587,13
SIM01811,stock:SOLB,Solvay,stocks,214.1801,0
SIM01811,stock:NVDA,Nvidia,stocks,0.0758,0
SIM01811,bond:OLO_2034,Belgian OLO 2034,bonds,367.5322,0
SIM01811,etf:IWDA,iShares MSCI World ETF,etf,504.0507,0
SIM01812,bond:OLO_2034,Belgian OLO 2034,bonds,549.5329,0
SIM01812,stock:AAPL,Apple,stocks,1350.0124,0
SIM01812,stock:NVDA,Nvidia,stocks,525.2252,0
SIM01812,fund:KBC_ECO,KBC Eco Fund,funds,40.4812,16
SIM01817,stock:SOLB,Solvay,stocks,597.0434,0
SIM01817,stock:ASML,ASML Holding,stocks,147.1166,0
SIM01817,fund:KBC_PENSION,KBC Pension Savings Fund,funds,424.3385,0
SIM01817,etf:VWCE,Vanguard FTSE All-World ETF,etf,747.4133,0
SIM01817,fund:KBC_ECO,KBC Eco Fund,funds,1340.0462,0
SIM01818,stock:ABI,AB InBev,stocks,23.1695,0
SIM01818,fund:KBC_ECO,KBC Eco Fund,funds,90.4948,0
SIM01818,stock:SOLB,Solvay,stocks,0.456,0
SIM01818,fund:KBC_PENSION,KBC Pension Savings Fund,funds,28.9828,0
SIM01819,fund:KBC_TECH,KBC Equity Fund Technology,funds,2510.0382,0
SIM01819,stock:ASML,ASML Holding,stocks,1174.5442,0
SIM01819,fund:KBC_PENSION,KBC Pension Savings Fund,funds,78.351,8
SIM01820,etf:IWDA,iShares MSCI World ETF,etf,6620.4868,0
SIM01820,bond:EU_2030,EU Bond 2030,bonds,50.5683,0
SIM01820,bond:OLO_2034,Belgian OLO 2034,bonds,2349.5668,0
SIM01820,stock:KBC,KBC Group,stocks,164.7704,0
SIM01820,stock:ABI,AB InBev,stocks,5.6872,0
SIM01820,fund:KBC_ECO,KBC Eco Fund,funds,50.7173,16
SIM01821,fund:KBC_TECH,KBC Equity Fund Technology,funds,38.3486,15
SIM01822,stock:NVDA,Nvidia,stocks,15.1523,0
SIM01822,bond:EU_2030,EU Bond 2030,bonds,40.5569,0
SIM01822,stock:UCB,UCB,stocks,0.4767,0
SIM01822,stock:MSFT,Microsoft,stocks,39.6815,0
SIM01822,stock:KBC,KBC Group,stocks,5.34,0
SIM01822,bond:OLO_2034,Belgian OLO 2034,bonds,7.8979,0
SIM01823,bond:OLO_2034,Belgian OLO 2034,bonds,2427.4013,0
SIM01823,etf:VWCE,Vanguard FTSE All-World ETF,etf,717.8504,0
SIM01823,fund:KBC_PENSION,KBC Pension Savings Fund,funds,149.368,3
SIM01824,stock:ASML,ASML Holding,stocks,0.419,0
SIM01824,etf:IWDA,iShares MSCI World ETF,etf,80.0201,0
SIM01824,fund:KBC_ECO,KBC Eco Fund,funds,31.0753,0
SIM01824,stock:ABI,AB InBev,stocks,64.6641,0
SIM01826,fund:KBC_PENSION,KBC Pension Savings Fund,funds,2.2602,0
SIM01826,stock:SOLB,Solvay,stocks,15.8929,0
SIM01826,stock:ASML,ASML Holding,stocks,1.7435,0
SIM01826,etf:VWCE,Vanguard FTSE All-World ETF,etf,2.1074,0
SIM01826,bond:OLO_2034,Belgian OLO 2034,bonds,26.1451,0
SIM01828,etf:IWDA,iShares MSCI World ETF,etf,131.158,0
SIM01828,stock:NVDA,Nvidia,stocks,504.0993,0
SIM01828,fund:KBC_PENSION,KBC Pension Savings Fund,funds,1463.1513,0
SIM01828,fund:KBC_TECH,KBC Equity Fund Technology,funds,117.5444,10
SIM01829,bond:EU_2030,EU Bond 2030,bonds,25.0981,0
SIM01829,stock:UCB,UCB,stocks,15.0159,0
SIM01829,bond:OLO_2034,Belgian OLO 2034,bonds,133.2501,0
SIM01829,stock:MSFT,Microsoft,stocks,184.9278,0
SIM01829,stock:ABI,AB InBev,stocks,8.5111,0
SIM01830,fund:KBC_ECO,KBC Eco Fund,funds,52.6002,0
SIM01830,etf:IWDA,iShares MSCI World ETF,etf,9780.0321,0
SIM01833,stock:SOLB,Solvay,stocks,0.9078,0
SIM01833,stock:MSFT,Microsoft,stocks,7.11,0
SIM01833,stock:AAPL,Apple,stocks,2.3091,0
SIM01833,stock:UCB,UCB,stocks,1.7101,0
SIM01835,stock:KBC,KBC Group,stocks,619.6653,0
SIM01835,stock:NVDA,Nvidia,stocks,6.1349,0
SIM01835,fund:KBC_PENSION,KBC Pension Savings Fund,funds,82.3422,0
SIM01835,bond:OLO_2034,Belgian OLO 2034,bonds,1753.8745,0
SIM01835,etf:IWDA,iShares MSCI World ETF,etf,721.376,0
SIM01835,bond:EU_2030,EU Bond 2030,bonds,124.3524,0
SIM01839,fund:KBC_ECO,KBC Eco Fund,funds,39.9004,16
SIM01840,stock:NVDA,Nvidia,stocks,0.7239,0
SIM01840,etf:VWCE,Vanguard FTSE All-World ETF,etf,1.4663,0
SIM01840,bond:OLO_2034,Belgian OLO 2034,bonds,97.998,0
SIM01840,fund:KBC_ECO,KBC Eco Fund,funds,16.136,0
SIM01840,stock:ABI,AB InBev,stocks,17.4372,0
SIM01840,stock:SOLB,Solvay,stocks,33.0706,0
SIM01841,stock:UCB,UCB,stocks,9.4679,0
SIM01841,stock:ASML,ASML Holding,stocks,2.7217,0
SIM01841,fund:KBC_ECO,KBC Eco Fund,funds,34.301,0
SIM01842,stock:SOLB,Solvay,stocks,39.6563,0
SIM01842,bond:EU_2030,EU Bond 2030,bonds,28.5074,0
SIM01842,fund:KBC_TECH,KBC Equity Fund Technology,funds,59.6605,0
SIM01842,stock:ASML,ASML Holding,stocks,118.9764,0
SIM01844,stock:NVDA,Nvidia,stocks,13.5911,0
SIM01844,stock:SOLB,Solvay,stocks,1200.2223,0
SIM01844,fund:KBC_PENSION,KBC Pension Savings Fund,funds,647.1306,0
SIM01844,stock:UCB,UCB,stocks,76.3917,0
SIM01844,fund:KBC_ECO,KBC Eco Fund,funds,42.8749,5
SIM01846,stock:UCB,UCB,stocks,58.8845,0
SIM01846,stock:ASML,ASML Holding,stocks,5.8894,0
SIM01846,bond:EU_2030,EU Bond 2030,bonds,10.6706,0
SIM01846,fund:KBC_PENSION,KBC Pension Savings Fund,funds,12.9654,13
SIM01848,stock:ASML,ASML Holding,stocks,410.8608,0
SIM01848,bond:EU_2030,EU Bond 2030,bonds,363.8401,0
SIM01848,fund:KBC_ECO,KBC Eco Fund,funds,34.3739,15
SIM01850,fund:KBC_PENSION,KBC Pension Savings Fund,funds,52.2448,19
SIM01851,fund:KBC_ECO,KBC Eco Fund,funds,34.9829,0
SIM01851,etf:IWDA,iShares MSCI World ETF,etf,2256.1619,0
SIM01851,stock:AAPL,Apple,stocks,262.6971,0
SIM01851,fund:KBC_PENSION,KBC Pension Savings Fund,funds,745.797,0
SIM01851,fund:KBC_ECO,KBC Eco Fund,funds,55.6706,20
SIM01852,stock:ASML,ASML Holding,stocks,480.456,0
SIM01852,stock:UCB,UCB,stocks,626.5788,0
SIM01853,stock:ABI,AB InBev,stocks,0.5294,0
SIM01853,stock:SOLB,Solvay,stocks,114.354,0
SIM01853,etf:IWDA,iShares MSCI World ETF,etf,1.6932,0
SIM01853,stock:ASML,ASML Holding,stocks,0.1204,0
SIM01853,stock:UCB,UCB,stocks,14.6736,0
SIM01857,stock:MSFT,Microsoft,stocks,913.9602,0
SIM01857,stock:ASML,ASML Holding,stocks,194.5189,0
SIM01857,stock:KBC,KBC Group,stocks,5240.4664,0
SIM01857,fund:KBC_TECH,KBC Equity Fund Technology,funds,61.2941,22
SIM01860,etf:IWDA,iShares MSCI World ETF,etf,537.6859,0
SIM01860,fund:KBC_TECH,KBC Equity Fund Technology,funds,185.6382,0
SIM01860,bond:EU_2030,EU Bond 2030,bonds,69.242,0
SIM01860,bond:OLO_2034,Belgian OLO 2034,bonds,101.0692,0
SIM01860,stock:ASML,ASML Holding,stocks,44.8649,0
SIM01860,stock:ABI,AB InBev,stocks,17.8759,0
SIM01861,stock:SOLB,Solvay,stocks,11.5706,0
SIM01861,stock:UCB,UCB,stocks,20.0134,0
SIM01861,stock:NVDA,Nvidia,stocks,0.3346,0
SIM01861,fund:KBC_ECO,KBC Eco Fund,funds,7.5883,0
SIM01861,stock:ASML,ASML Holding,stocks,13.575,0
SIM01862,fund:KBC_ECO,KBC Eco Fund,funds,9.9754,0
SIM01862,etf:VWCE,Vanguard FTSE All-World ETF,etf,24.6685,0
SIM01862,stock:AAPL,Apple,stocks,157.2806,0
SIM01862,stock:ABI,AB InBev,stocks,23.5719,0
SIM01864,bond:OLO_2034,Belgian OLO 2034,bonds,5946.096,0
SIM01864,stock:SOLB,Solvay,stocks,421.4409,0
SIM01864,fund:KBC_ECO,KBC Eco Fund,funds,370.8389,0
SIM01865,stock:ABI,AB InBev,stocks,2.499,0
SIM01865,bond:EU_2030,EU Bond 2030,bonds,1.3158,0
SIM01865,stock:ASML,ASML Holding,stocks,1.5286,0
SIM01866,stock:KBC,KBC Group,stocks,346.6265,0
SIM01866,stock:MSFT,Microsoft,stocks,580.8329,0
SIM01866,etf:IWDA,iShares MSCI World ETF,etf,132.0704,0
SIM01867,stock:AAPL,Apple,stocks,12.0623,0
SIM01867,etf:IWDA,iShares MSCI World ETF,etf,93.0794,0
SIM01867,stock:SOLB,Solvay,stocks,2.6087,0
SIM01867,bond:EU_2030,EU Bond 2030,bonds,29.8728,0
SIM01867,fund:KBC_TECH,KBC Equity Fund Technology,funds,3.6669,0
SIM01867,stock:UCB,UCB,stocks,3.3096,0
SIM01868,fund:KBC_PENSION,KBC Pension Savings Fund,funds,52.8409,23
SIM01870,fund:KBC_ECO,KBC Eco Fund,funds,44.1781,11
SIM01871,etf:VWCE,Vanguard FTSE All-World ETF,etf,639.818,0
SIM01871,stock:ASML,ASML Holding,stocks,316.0124,0
SIM01871,stock:NVDA,Nvidia,stocks,701.3993,0
SIM01873,etf:VWCE,Vanguard FTSE All-World ETF,etf,96.0153,0
SIM01873,fund:KBC_PENSION,KBC Pension Savings Fund,funds,58.132,0
SIM01875,fund:KBC_TECH,KBC Equity Fund Technology,funds,16.5254,4
SIM01876,stock:MSFT,Microsoft,stocks,236.132,0
SIM01876,stock:SOLB,Solvay,stocks,876.8341,0
SIM01876,fund:KBC_ECO,KBC Eco Fund,funds,286.0652,0
SIM01876,stock:UCB,UCB,stocks,6.6587,0
SIM01877,bond:OLO_2034,Belgian OLO 2034,bonds,233.1351,0
SIM01877,fund:KBC_PENSION,KBC Pension Savings Fund,funds,0.7327,0
SIM01877,stock:NVDA,Nvidia,stocks,17.4447,0
SIM01877,fund:KBC_PENSION,KBC Pension Savings Fund,funds,29.7216,15
SIM01879,fund:KBC_PENSION,KBC Pension Savings Fund,funds,95.2661,20
SIM01880,fund:KBC_TECH,KBC Equity Fund Technology,funds,75.1869,0
SIM01880,bond:EU_2030,EU Bond 2030,bonds,396.5024,0
SIM01880,bond:OLO_2034,Belgian OLO 2034,bonds,587.8287,0
SIM01880,stock:NVDA,Nvidia,stocks,5.4476,0
SIM01880,fund:KBC_PENSION,KBC Pension Savings Fund,funds,79.5278,23
SIM01885,fund:KBC_ECO,KBC Eco Fund,funds,32.8829,0
SIM01885,etf:VWCE,Vanguard FTSE All-World ETF,etf,2.4447,0
SIM01885,stock:KBC,KBC Group,stocks,55.3582,0
SIM01887,stock:SOLB,Solvay,stocks,10.8222,0
SIM01887,stock:NVDA,Nvidia,stocks,0.8361,0
SIM01887,stock:UCB,UCB,stocks,3.9206,0
SIM01888,stock:AAPL,Apple,stocks,861.4269,0
SIM01888,stock:MSFT,Microsoft,stocks,3661.101,0
SIM01888,bond:OLO_2034,Belgian OLO 2034,bonds,2374.657,0
SIM01888,stock:UCB,UCB,stocks,48.9548,0
SIM01889,etf:VWCE,Vanguard FTSE All-World ETF,etf,301.9899,0
SIM01889,stock:UCB,UCB,stocks,398.5342,0
SIM01889,fund:KBC_TECH,KBC Equity Fund Technology,funds,46.3408,3
SIM01890,fund:KBC_PENSION,KBC Pension Savings Fund,funds,100.6165,19
SIM01892,stock:AAPL,Apple,stocks,829.6346,0
SIM01892,stock:ASML,ASML Holding,stocks,39.944,0
SIM01892,stock:MSFT,Microsoft,stocks,142.6914,0
SIM01892,fund:KBC_ECO,KBC Eco Fund,funds,84.7513,0
SIM01892,stock:NVDA,Nvidia,stocks,441.7055,0
SIM01893,stock:SOLB,Solvay,stocks,3758.5365,0
SIM01893,bond:OLO_2034,Belgian OLO 2034,bonds,2123.0933,0
SIM01894,stock:MSFT,Microsoft,stocks,988.8331,0
SIM01894,stock:ABI,AB InBev,stocks,470.7108,0
SIM01894,bond:OLO_2034,Belgian OLO 2034,bonds,3691.0773,0
SIM01894,stock:AAPL,Apple,stocks,5.3745,0
SIM01894,stock:NVDA,Nvidia,stocks,260.2361,0
SIM01894,stock:KBC,KBC Group,stocks,1189.8388,0
SIM01895,stock:KBC,KBC Group,stocks,3376.5742,0
SIM01895,fund:KBC_PENSION,KBC Pension Savings Fund,funds,584.1418,0
SIM01896,etf:VWCE,Vanguard FTSE All-World ETF,etf,2762.1642,0
SIM01896,stock:SOLB,Solvay,stocks,3357.0137,0
SIM01896,fund:KBC_ECO,KBC Eco Fund,funds,59.3242,14
SIM01900,stock:AAPL,Apple,stocks,5945.8915,0
SIM01900,stock:NVDA,Nvidia,stocks,682.9798,0
SIM01900,fund:KBC_PENSION,KBC Pension Savings Fund,funds,138.8043,0
SIM01901,etf:VWCE,Vanguard FTSE All-World ETF,etf,3.0244,0
SIM01901,stock:SOLB,Solvay,stocks,24.7224,0
SIM01901,fund:KBC_TECH,KBC Equity Fund Technology,funds,2.4069,0
SIM01902,fund:KBC_TECH,KBC Equity Fund Technology,funds,189.1564,0
SIM01902,etf:VWCE,Vanguard FTSE All-World ETF,etf,895.6748,0
SIM01902,fund:KBC_ECO,KBC Eco Fund,funds,742.5359,0
SIM01902,bond:EU_2030,EU Bond 2030,bonds,34.0655,0
SIM01902,fund:KBC_TECH,KBC Equity Fund Technology,funds,100.6222,3
SIM01904,stock:NVDA,Nvidia,stocks,8.0841,0
SIM01904,fund:KBC_PENSION,KBC Pension Savings Fund,funds,23.4661,0
SIM01904,fund:KBC_TECH,KBC Equity Fund Technology,funds,22.2764,0
SIM01904,stock:UCB,UCB,stocks,22.571,0
SIM01904,bond:EU_2030,EU Bond 2030,bonds,6.1265,0
SIM01904,fund:KBC_ECO,KBC Eco Fund,funds,28.1913,0
SIM01905,bond:OLO_2034,Belgian OLO 2034,bonds,83.7674,0
SIM01905,bond:EU_2030,EU Bond 2030,bonds,196.0912,0
SIM01905,stock:UCB,UCB,stocks,18.0719,0
SIM01905,fund:KBC_TECH,KBC Equity Fund Technology,funds,84.4069,11
SIM01908,stock:KBC,KBC Group,stocks,232.4982,0
SIM01908,fund:KBC_ECO,KBC Eco Fund,funds,601.9269,0
SIM01908,bond:EU_2030,EU Bond 2030,bonds,38.431,0
SIM01908,fund:KBC_TECH,KBC Equity Fund Technology,funds,1219.491,0
SIM01909,stock:UCB,UCB,stocks,154.8204,0
SIM01909,stock:AAPL,Apple,stocks,931.704,0
SIM01909,etf:IWDA,iShares MSCI World ETF,etf,2394.4434,0
SIM01912,bond:EU_2030,EU Bond 2030,bonds,47.3342,0
SIM01912,etf:IWDA,iShares MSCI World ETF,etf,352.9041,0
SIM01912,etf:VWCE,Vanguard FTSE All-World ETF,etf,2.8326,0
SIM01912,fund:KBC_ECO,KBC Eco Fund,funds,61.6694,22
SIM01915,stock:MSFT,Microsoft,stocks,6.0976,0
SIM01915,stock:KBC,KBC Group,stocks,67.0387,0
SIM01915,bond:OLO_2034,Belgian OLO 2034,bonds,382.2253,0
SIM01916,stock:KBC,KBC Group,stocks,9.5005,0
SIM01916,bond:EU_2030,EU Bond 2030,bonds,18.8766,0
SIM01916,etf:IWDA,iShares MSCI World ETF,etf,84.1919,0
SIM01916,stock:UCB,UCB,stocks,35.9357,0
SIM01916,fund:KBC_PENSION,KBC Pension Savings Fund,funds,3.2516,0
SIM01916,stock:SOLB,Solvay,stocks,18.5517,0
SIM01917,stock:KBC,KBC Group,stocks,49.3364,0
SIM01917,bond:EU_2030,EU Bond 2030,bonds,12.9657,0
SIM01917,stock:ABI,AB InBev,stocks,3.4779,0
SIM01917,stock:UCB,UCB,stocks,66.1783,0
SIM01917,stock:NVDA,Nvidia,stocks,26.6793,0
SIM01917,fund:KBC_ECO,KBC Eco Fund,funds,51.177,0
SIM01921,fund:KBC_ECO,KBC Eco Fund,funds,566.4611,0
SIM01921,etf:VWCE,Vanguard FTSE All-World ETF,etf,90.0465,0
SIM01921,fund:KBC_TECH,KBC Equity Fund Technology,funds,1635.9049,0
SIM01922,fund:KBC_PENSION,KBC Pension Savings Fund,funds,495.3673,0
SIM01922,stock:ASML,ASML Holding,stocks,84.0234,0
SIM01925,fund:KBC_PENSION,KBC Pension Savings Fund,funds,933.3559,0
SIM01925,bond:OLO_2034,Belgian OLO 2034,bonds,1807.9591,0
SIM01925,stock:KBC,KBC Group,stocks,1738.0822,0
SIM01926,fund:KBC_ECO,KBC Eco Fund,funds,262.2697,0
SIM01926,stock:NVDA,Nvidia,stocks,313.9637,0
SIM01926,stock:SOLB,Solvay,stocks,17.5381,0
SIM01926,stock:ASML,ASML Holding,stocks,139.6813,0
SIM01926,stock:UCB,UCB,stocks,446.5323,0
SIM01926,fund:KBC_TECH,KBC Equity Fund Technology,funds,1406.5554,0
SIM01929,stock:AAPL,Apple,stocks,26.1328,0
SIM01929,bond:OLO_2034,Belgian OLO 2034,bonds,2.1438,0
SIM01929,stock:UCB,UCB,stocks,9.4122,0
SIM01929,stock:ASML,ASML Holding,stocks,7.5382,0
SIM01930,stock:ABI,AB InBev,stocks,97.8987,0
SIM01930,stock:AAPL,Apple,stocks,246.7689,0
SIM01930,fund:KBC_TECH,KBC Equity Fund Technology,funds,262.2135,0
SIM01930,bond:EU_2030,EU Bond 2030,bonds,131.2343,0
SIM01930,etf:IWDA,iShares MSCI World ETF,etf,361.5663,0
SIM01930,stock:NVDA,Nvidia,stocks,231.6323,0
SIM01932,bond:EU_2030,EU Bond 2030,bonds,23.5943,0
SIM01932,bond:OLO_2034,Belgian OLO 2034,bonds,210.3225,0
SIM01932,stock:ASML,ASML Holding,stocks,10.1398,0
SIM01932,etf:IWDA,iShares MSCI World ETF,etf,59.5079,0
SIM01932,stock:ABI,AB InBev,stocks,85.8238,0
SIM01932,stock:MSFT,Microsoft,stocks,556.6279,0
SIM01934,etf:IWDA,iShares MSCI World ETF,etf,1512.819,0
SIM01934,stock:AAPL,Apple,stocks,322.2079,0
SIM01934,stock:UCB,UCB,stocks,1098.1749,0
SIM01936,stock:AAPL,Apple,stocks,2803.9981,0
SIM01936,fund:KBC_ECO,KBC Eco Fund,funds,293.3517,0
SIM01936,etf:IWDA,iShares MSCI World ETF,etf,1403.0067,0
SIM01936,stock:ABI,AB InBev,stocks,376.0716,0
SIM01936,fund:KBC_TECH,KBC Equity Fund Technology,funds,53.4951,10
SIM01937,etf:VWCE,Vanguard FTSE All-World ETF,etf,550.4731,0
SIM01937,bond:OLO_2034,Belgian OLO 2034,bonds,1291.3438,0
SIM01938,fund:KBC_TECH,KBC Equity Fund Technology,funds,118.2734,21
SIM01943,stock:ASML,ASML Holding,stocks,987.809,0
SIM01943,stock:UCB,UCB,stocks,103.8185,0
SIM01943,stock:AAPL,Apple,stocks,309.6538,0
SIM01943,bond:EU_2030,EU Bond 2030,bonds,321.9563,0
SIM01943,bond:OLO_2034,Belgian OLO 2034,bonds,3852.4617,0
SIM01943,fund:KBC_PENSION,KBC Pension Savings Fund,funds,898.2437,0
SIM01944,stock:ABI,AB InBev,stocks,221.9333,0
SIM01944,stock:SOLB,Solvay,stocks,2323.4483,0
SIM01944,stock:AAPL,Apple,stocks,66.9628,0
SIM01945,stock:SOLB,Solvay,stocks,6211.1389,0
SIM01945,stock:ASML,ASML Holding,stocks,64.4103,0
SIM01945,fund:KBC_PENSION,KBC Pension Savings Fund,funds,128.1137,23
SIM01946,fund:KBC_ECO,KBC Eco Fund,funds,9.7805,0
SIM01946,etf:IWDA,iShares MSCI World ETF,etf,84.2837,0
SIM01946,stock:ASML,ASML Holding,stocks,13.1284,0
SIM01946,bond:OLO_2034,Belgian OLO 2034,bonds,116.2206,0
SIM01946,stock:KBC,KBC Group,stocks,46.6766,0
SIM01946,stock:NVDA,Nvidia,stocks,1.3813,0
SIM01947,stock:ASML,ASML Holding,stocks,355.354,0
SIM01947,fund:KBC_PENSION,KBC Pension Savings Fund,funds,1033.5554,0
SIM01947,fund:KBC_ECO,KBC Eco Fund,funds,410.8003,0
SIM01947,fund:KBC_PENSION,KBC Pension Savings Fund,funds,182.1686,7
SIM01950,fund:KBC_PENSION,KBC Pension Savings Fund,funds,2903.8789,0
SIM01950,stock:UCB,UCB,stocks,1172.4572,0
SIM01950,fund:KBC_ECO,KBC Eco Fund,funds,37.1467,10
SIM01953,fund:KBC_TECH,KBC Equity Fund Technology,funds,1495.3165,0
SIM01953,stock:ABI,AB InBev,stocks,336.3217,0
SIM01953,bond:EU_2030,EU Bond 2030,bonds,820.2636,0
SIM01953,fund:KBC_ECO,KBC Eco Fund,funds,47.3238,16
SIM01954,bond:OLO_2034,Belgian OLO 2034,bonds,105.5338,0
SIM01954,stock:AAPL,Apple,stocks,58.0883,0
SIM01954,fund:KBC_ECO,KBC Eco Fund,funds,6.7072,0
SIM01954,fund:KBC_PENSION,KBC Pension Savings Fund,funds,0.0805,0
SIM01954,stock:SOLB,Solvay,stocks,0.1233,0
SIM01955,bond:OLO_2034,Belgian OLO 2034,bonds,27.3892,0
SIM01955,stock:KBC,KBC Group,stocks,47.3011,0
SIM01955,stock:MSFT,Microsoft,stocks,6.1179,0
SIM01955,fund:KBC_TECH,KBC Equity Fund Technology,funds,119.3984,6
SIM01956,stock:AAPL,Apple,stocks,5013.6797,0
SIM01956,stock:NVDA,Nvidia,stocks,203.2537,0
SIM01956,fund:KBC_TECH,KBC Equity Fund Technology,funds,1841.9859,0
SIM01956,stock:MSFT,Microsoft,stocks,381.904,0
SIM01956,etf:IWDA,iShares MSCI World ETF,etf,2588.9595,0
SIM01956,fund:KBC_PENSION,KBC Pension Savings Fund,funds,90.8892,16
SIM01963,fund:KBC_ECO,KBC Eco Fund,funds,7.5873,13
SIM01964,bond:EU_2030,EU Bond 2030,bonds,0.1856,0
SIM01964,fund:KBC_PENSION,KBC Pension Savings Fund,funds,545.5819,0
SIM01964,bond:OLO_2034,Belgian OLO 2034,bonds,69.1199,0
SIM01970,stock:UCB,UCB,stocks,6.4477,0
SIM01970,fund:KBC_PENSION,KBC Pension Savings Fund,funds,14.1112,0
SIM01970,stock:MSFT,Microsoft,stocks,15.5248,0
SIM01970,etf:VWCE,Vanguard FTSE All-World ETF,etf,59.5067,0
SIM01970,stock:SOLB,Solvay,stocks,101.1533,0
SIM01970,stock:AAPL,Apple,stocks,9.1534,0
SIM01971,stock:NVDA,Nvidia,stocks,14.2429,0
SIM01971,bond:OLO_2034,Belgian OLO 2034,bonds,773.0922,0
SIM01971,stock:UCB,UCB,stocks,835.8037,0
SIM01971,fund:KBC_PENSION,KBC Pension Savings Fund,funds,286.0204,0
SIM01971,stock:ASML,ASML Holding,stocks,236.5011,0
SIM01971,stock:KBC,KBC Group,stocks,328.7222,0
SIM01976,fund:KBC_PENSION,KBC Pension Savings Fund,funds,43.1749,9
SIM01977,bond:EU_2030,EU Bond 2030,bonds,188.1376,0
SIM01977,fund:KBC_PENSION,KBC Pension Savings Fund,funds,3384.7335,0
SIM01977,etf:VWCE,Vanguard FTSE All-World ETF,etf,97.2217,0
SIM01977,fund:KBC_ECO,KBC Eco Fund,funds,77.4575,10
SIM01981,fund:KBC_TECH,KBC Equity Fund Technology,funds,112.1952,0
SIM01981,bond:EU_2030,EU Bond 2030,bonds,12.3486,0
SIM01981,bond:OLO_2034,Belgian OLO 2034,bonds,318.8042,0
SIM01981,stock:KBC,KBC Group,stocks,14.2586,0
SIM01981,stock:AAPL,Apple,stocks,17.4483,0
SIM01983,fund:KBC_TECH,KBC Equity Fund Technology,funds,2045.2657,0
SIM01983,etf:VWCE,Vanguard FTSE All-World ETF,etf,90.9771,0
SIM01983,stock:SOLB,Solvay,stocks,844.187,0
SIM01983,stock:ABI,AB InBev,stocks,428.5296,0
SIM01983,stock:UCB,UCB,stocks,47.5727,0
SIM01988,stock:NVDA,Nvidia,stocks,5.1993,0
SIM01988,stock:MSFT,Microsoft,stocks,49.7498,0
SIM01988,stock:ASML,ASML Holding,stocks,12.5334,0
SIM01988,stock:KBC,KBC Group,stocks,1.6559,0
SIM01988,fund:KBC_PENSION,KBC Pension Savings Fund,funds,18.9706,0
SIM01988,stock:SOLB,Solvay,stocks,18.8118,0
SIM01992,stock:SOLB,Solvay,stocks,75.0864,0
SIM01992,stock:KBC,KBC Group,stocks,1917.142,0
SIM01992,stock:UCB,UCB,stocks,414.2918,0
SIM01992,stock:ABI,AB InBev,stocks,222.9166,0
SIM01992,etf:IWDA,iShares MSCI World ETF,etf,604.0928,0
SIM01992,fund:KBC_PENSION,KBC Pension Savings Fund,funds,16.323,21
SIM01995,bond:EU_2030,EU Bond 2030,bonds,15.4294,0
SIM01995,stock:ABI,AB InBev,stocks,14.6395,0
SIM01995,stock:NVDA,Nvidia,stocks,3.6089,0
SIM01995,stock:KBC,KBC Group,stocks,73.4719,0
SIM01995,etf:VWCE,Vanguard FTSE All-World ETF,etf,26.2598,0
SIM01995,stock:UCB,UCB,stocks,7.3916,0
SIM01997,bond:EU_2030,EU Bond 2030,bonds,310.0869,0
SIM01997,stock:UCB,UCB,stocks,199.8132,0
SIM01997,bond:OLO_2034,Belgian OLO 2034,bonds,1124.4217,0
SIM01997,stock:SOLB,Solvay,stocks,43.304,0
SIM01997,fund:KBC_ECO,KBC Eco Fund,funds,72.9808,3
SIM02000,stock:KBC,KBC Group,stocks,2126.7048,0
SIM02000,stock:SOLB,Solvay,stocks,2596.4035,0
SIM02001,stock:AAPL,Apple,stocks,688.2405,0
SIM02001,etf:VWCE,Vanguard FTSE All-World ETF,etf,251.2271,0
SIM02001,fund:KBC_TECH,KBC Equity Fund Technology,funds,2175.5383,0
SIM02001,stock:ASML,ASML Holding,stocks,488.8383,0
SIM02001,fund:KBC_ECO,KBC Eco Fund,funds,969.843,0
SIM02001,fund:KBC_PENSION,KBC Pension Savings Fund,funds,18.6168,9
SIM02002,stock:AAPL,Apple,stocks,3.6943,0
SIM02002,stock:NVDA,Nvidia,stocks,8.1662,0
SIM02002,stock:ABI,AB InBev,stocks,5.0347,0
SIM02002,etf:VWCE,Vanguard FTSE All-World ETF,etf,47.0441,0
SIM02002,bond:EU_2030,EU Bond 2030,bonds,10.2908,0
SIM02002,etf:IWDA,iShares MSCI World ETF,etf,142.1763,0
SIM02005,fund:KBC_TECH,KBC Equity Fund Technology,funds,83.5642,3
SIM02007,fund:KBC_ECO,KBC Eco Fund,funds,24.9149,9
SIM02008,etf:VWCE,Vanguard FTSE All-World ETF,etf,448.1661,0
SIM02008,stock:NVDA,Nvidia,stocks,977.2883,0
SIM02008,fund:KBC_PENSION,KBC Pension Savings Fund,funds,89.3313,8
SIM02009,fund:KBC_ECO,KBC Eco Fund,funds,18.7086,4
SIM02011,fund:KBC_ECO,KBC Eco Fund,funds,350.193,0
SIM02011,bond:OLO_2034,Belgian OLO 2034,bonds,366.5077,0
SIM02011,stock:KBC,KBC Group,stocks,951.5036,0
SIM02011,stock:UCB,UCB,stocks,302.6109,0
SIM02011,fund:KBC_PENSION,KBC Pension Savings Fund,funds,1711.2867,0
SIM02012,bond:EU_2030,EU Bond 2030,bonds,49.1737,0
SIM02012,stock:ASML,ASML Holding,stocks,14.4154,0
SIM02012,stock:KBC,KBC Group,stocks,39.4327,0
SIM02012,bond:OLO_2034,Belgian OLO 2034,bonds,93.8543,0
SIM02012,etf:IWDA,iShares MSCI World ETF,etf,998.7055,0
SIM02012,stock:ABI,AB InBev,stocks,61.4512,0
SIM02013,fund:KBC_PENSION,KBC Pension Savings Fund,funds,0.3853,0
SIM02013,fund:KBC_ECO,KBC Eco Fund,funds,2.0331,0
SIM02013,fund:KBC_TECH,KBC Equity Fund Technology,funds,10.3285,0
SIM02013,stock:ABI,AB InBev,stocks,0.9919,0
SIM02013,bond:OLO_2034,Belgian OLO 2034,bonds,3.1069,0
SIM02013,stock:MSFT,Microsoft,stocks,1.4313,0
SIM02015,fund:KBC_PENSION,KBC Pension Savings Fund,funds,157.3295,10
SIM02016,stock:UCB,UCB,stocks,28.0069,0
SIM02016,stock:MSFT,Microsoft,stocks,130.9182,0
SIM02016,bond:OLO_2034,Belgian OLO 2034,bonds,1986.5876,0
SIM02016,fund:KBC_PENSION,KBC Pension Savings Fund,funds,21.7097,0
SIM02016,stock:ASML,ASML Holding,stocks,653.7201,0
SIM02016,fund:KBC_ECO,KBC Eco Fund,funds,5.0767,5
SIM02017,stock:ABI,AB InBev,stocks,96.3517,0
SIM02017,bond:EU_2030,EU Bond 2030,bonds,124.6652,0
SIM02017,etf:IWDA,iShares MSCI World ETF,etf,7746.8585,0
SIM02017,stock:ASML,ASML Holding,stocks,275.5138,0
SIM02020,stock:NVDA,Nvidia,stocks,12.8454,0
SIM02020,fund:KBC_ECO,KBC Eco Fund,funds,2.2667,0
SIM02020,stock:AAPL,Apple,stocks,32.1298,0
SIM02021,stock:ASML,ASML Holding,stocks,78.1513,0
SIM02021,stock:UCB,UCB,stocks,40.1084,0
SIM02021,etf:VWCE,Vanguard FTSE All-World ETF,etf,501.4844,0
SIM02021,stock:NVDA,Nvidia,stocks,30.0577,0
SIM02021,fund:KBC_ECO,KBC Eco Fund,funds,50.3956,19
SIM02022,fund:KBC_TECH,KBC Equity Fund Technology,funds,74.9801,0
SIM02022,etf:IWDA,iShares MSCI World ETF,etf,569.2916,0
SIM02022,stock:SOLB,Solvay,stocks,116.6212,0
SIM02022,stock:NVDA,Nvidia,stocks,12.6556,0
SIM02023,fund:KBC_ECO,KBC Eco Fund,funds,26.064,0
SIM02023,stock:NVDA,Nvidia,stocks,10.5316,0
SIM02023,fund:KBC_TECH,KBC Equity Fund Technology,funds,213.8023,0
SIM02023,fund:KBC_PENSION,KBC Pension Savings Fund,funds,146.3297,19
SIM02025,fund:KBC_ECO,KBC Eco Fund,funds,65.434,17
SIM02026,stock:AAPL,Apple,stocks,133.2701,0
SIM02026,stock:KBC,KBC Group,stocks,36.5238,0
SIM02026,stock:SOLB,Solvay,stocks,270.1783,0
SIM02026,etf:IWDA,iShares MSCI World ETF,etf,64.8594,0
SIM02026,stock:ASML,ASML Holding,stocks,43.985,0
SIM02028,etf:IWDA,iShares MSCI World ETF,etf,1041.8215,0
SIM02028,bond:EU_2030,EU Bond 2030,bonds,682.9482,0
SIM02028,fund:KBC_TECH,KBC Equity Fund Technology,funds,17.1393,22
SIM02029,stock:ASML,ASML Holding,stocks,913.5968,0
SIM02029,etf:VWCE,Vanguard FTSE All-World ETF,etf,16.5108,0
SIM02029,fund:KBC_ECO,KBC Eco Fund,funds,66.7714,18
SIM02032,etf:IWDA,iShares MSCI World ETF,etf,955.6525,0
SIM02032,stock:MSFT,Microsoft,stocks,1666.1556,0
SIM02032,bond:EU_2030,EU Bond 2030,bonds,348.2816,0
SIM02032,fund:KBC_PENSION,KBC Pension Savings Fund,funds,1113.3498,0
SIM02032,fund:KBC_ECO,KBC Eco Fund,funds,42.6544,15
SIM02033,fund:KBC_PENSION,KBC Pension Savings Fund,funds,67.7837,6
SIM02034,fund:KBC_ECO,KBC Eco Fund,funds,72.7627,8
SIM02035,fund:KBC_TECH,KBC Equity Fund Technology,funds,705.5412,0
SIM02035,bond:EU_2030,EU Bond 2030,bonds,243.4962,0
SIM02036,bond:EU_2030,EU Bond 2030,bonds,923.6034,0
SIM02036,stock:MSFT,Microsoft,stocks,2976.2191,0
SIM02036,bond:OLO_2034,Belgian OLO 2034,bonds,938.9944,0
SIM02036,stock:KBC,KBC Group,stocks,372.2282,0
SIM02036,fund:KBC_TECH,KBC Equity Fund Technology,funds,93.8867,18
SIM02037,etf:VWCE,Vanguard FTSE All-World ETF,etf,163.4915,0
SIM02037,fund:KBC_ECO,KBC Eco Fund,funds,128.1378,0
SIM02041,bond:OLO_2034,Belgian OLO 2034,bonds,334.6187,0
SIM02041,fund:KBC_ECO,KBC Eco Fund,funds,21.5375,0
SIM02041,stock:MSFT,Microsoft,stocks,99.7555,0
SIM02041,etf:VWCE,Vanguard FTSE All-World ETF,etf,16.6036,0
SIM02042,stock:NVDA,Nvidia,stocks,0.4391,0
SIM02042,etf:IWDA,iShares MSCI World ETF,etf,208.8526,0
SIM02042,bond:EU_2030,EU Bond 2030,bonds,51.517,0
SIM02042,fund:KBC_ECO,KBC Eco Fund,funds,53.1423,0
SIM02042,stock:KBC,KBC Group,stocks,26.091,0
SIM02042,bond:OLO_2034,Belgian OLO 2034,bonds,13.5483,0
SIM02045,stock:MSFT,Microsoft,stocks,7.5221,0
SIM02045,stock:UCB,UCB,stocks,0.3762,0
SIM02045,stock:ASML,ASML Holding,stocks,2.9727,0
SIM02046,stock:MSFT,Microsoft,stocks,13.3145,0
SIM02046,stock:ASML,ASML Holding,stocks,3.5402,0
SIM02046,stock:ABI,AB InBev,stocks,0.7446,0
SIM02046,bond:OLO_2034,Belgian OLO 2034,bonds,10.2044,0
SIM02046,bond:EU_2030,EU Bond 2030,bonds,0.7383,0
SIM02046,etf:VWCE,Vanguard FTSE All-World ETF,etf,3.9289,0
SIM02048,fund:KBC_PENSION,KBC Pension Savings Fund,funds,75.4302,0
SIM02048,fund:KBC_ECO,KBC Eco Fund,funds,2.8469,0
SIM02053,bond:EU_2030,EU Bond 2030,bonds,110.9314,0
SIM02053,stock:KBC,KBC Group,stocks,460.5881,0
SIM02053,stock:SOLB,Solvay,stocks,349.3884,0
SIM02053,fund:KBC_ECO,KBC Eco Fund,funds,100.3179,0
SIM02053,fund:KBC_TECH,KBC Equity Fund Technology,funds,110.7597,6
SIM02054,stock:ABI,AB InBev,stocks,1.5237,0
SIM02054,stock:UCB,UCB,stocks,53.1929,0
SIM02055,stock:KBC,KBC Group,stocks,2730.9049,0
SIM02055,stock:ABI,AB InBev,stocks,1415.531,0
SIM02055,fund:KBC_PENSION,KBC Pension Savings Fund,funds,113.9477,18
SIM02056,bond:OLO_2034,Belgian OLO 2034,bonds,134.5318,0
SIM02056,etf:IWDA,iShares MSCI World ETF,etf,588.9054,0
SIM02056,stock:UCB,UCB,stocks,17.5148,0
SIM02056,stock:SOLB,Solvay,stocks,54.9611,0
SIM02056,stock:ABI,AB InBev,stocks,23.5199,0
SIM02056,fund:KBC_PENSION,KBC Pension Savings Fund,funds,155.1571,0
SIM02057,stock:KBC,KBC Group,stocks,67.5443,0
SIM02057,fund:KBC_TECH,KBC Equity Fund Technology,funds,30.6874,0
SIM02057,fund:KBC_ECO,KBC Eco Fund,funds,1.3365,0
SIM02057,stock:MSFT,Microsoft,stocks,134.0029,0
SIM02058,stock:NVDA,Nvidia,stocks,254.2975,0
SIM02058,bond:OLO_2034,Belgian OLO 2034,bonds,789.1986,0
SIM02058,stock:SOLB,Solvay,stocks,173.9649,0
SIM02058,bond:EU_2030,EU Bond 2030,bonds,13.3401,0
SIM02059,stock:SOLB,Solvay,stocks,2174.7982,0
SIM02059,bond:OLO_2034,Belgian OLO 2034,bonds,2391.5034,0
SIM02059,fund:KBC_ECO,KBC Eco Fund,funds,36.7299,18
SIM02061,stock:UCB,UCB,stocks,5.9801,0
SIM02061,fund:KBC_TECH,KBC Equity Fund Technology,funds,70.1563,0
SIM02061,stock:AAPL,Apple,stocks,170.0444,0
SIM02061,fund:KBC_ECO,KBC Eco Fund,funds,9.1426,0
SIM02061,stock:SOLB,Solvay,stocks,12.3027,0
SIM02061,stock:MSFT,Microsoft,stocks,10.3228,0
SIM02063,fund:KBC_TECH,KBC Equity Fund Technology,funds,1007.1744,0
SIM02063,bond:OLO_2034,Belgian OLO 2034,bonds,6442.563,0
SIM02063,fund:KBC_TECH,KBC Equity Fund Technology,funds,39.3469,9
SIM02065,stock:SOLB,Solvay,stocks,155.0097,0
SIM02065,etf:VWCE,Vanguard FTSE All-World ETF,etf,1227.9192,0
SIM02065,bond:OLO_2034,Belgian OLO 2034,bonds,349.2161,0
SIM02065,stock:KBC,KBC Group,stocks,1770.7828,0
SIM02065,fund:KBC_PENSION,KBC Pension Savings Fund,funds,20.9858,11
SIM02066,bond:OLO_2034,Belgian OLO 2034,bonds,4116.9009,0
SIM02066,stock:KBC,KBC Group,stocks,81.7366,0
SIM02066,stock:AAPL,Apple,stocks,2472.2969,0
SIM02067,bond:OLO_2034,Belgian OLO 2034,bonds,6109.5896,0
SIM02067,fund:KBC_ECO,KBC Eco Fund,funds,748.6091,0
SIM02067,stock:KBC,KBC Group,stocks,497.5232,0
SIM02067,etf:VWCE,Vanguard FTSE All-World ETF,etf,340.1933,0
SIM02067,fund:KBC_PENSION,KBC Pension Savings Fund,funds,116.0055,9
SIM02068,stock:ABI,AB InBev,stocks,1414.1096,0
SIM02068,stock:ASML,ASML Holding,stocks,101.5521,0
SIM02068,fund:KBC_TECH,KBC Equity Fund Technology,funds,932.3625,0
SIM02068,stock:AAPL,Apple,stocks,3347.198,0
SIM02069,bond:EU_2030,EU Bond 2030,bonds,17.8521,0
SIM02069,stock:AAPL,Apple,stocks,206.8983,0
SIM02069,fund:KBC_ECO,KBC Eco Fund,funds,62.0231,13
SIM02071,etf:VWCE,Vanguard FTSE All-World ETF,etf,30.8214,0
SIM02071,stock:SOLB,Solvay,stocks,32.4176,0
SIM02071,stock:NVDA,Nvidia,stocks,11.3551,0
SIM02071,stock:KBC,KBC Group,stocks,54.5468,0
SIM02071,fund:KBC_PENSION,KBC Pension Savings Fund,funds,246.9549,0
SIM02074,stock:ABI,AB InBev,stocks,89.4964,0
SIM02074,fund:KBC_ECO,KBC Eco Fund,funds,547.3779,0
SIM02074,stock:ASML,ASML Holding,stocks,345.1342,0
SIM02074,fund:KBC_PENSION,KBC Pension Savings Fund,funds,1780.9539,0
SIM02074,fund:KBC_ECO,KBC Eco Fund,funds,50.2209,5
SIM02076,stock:AAPL,Apple,stocks,2917.2151,0
SIM02076,stock:UCB,UCB,stocks,734.4554,0
SIM02076,fund:KBC_PENSION,KBC Pension Savings Fund,funds,43.42,4
SIM02077,stock:KBC,KBC Group,stocks,1076.5532,0
SIM02077,etf:VWCE,Vanguard FTSE All-World ETF,etf,206.1324,0
SIM02077,bond:EU_2030,EU Bond 2030,bonds,164.1856,0
SIM02077,etf:IWDA,iShares MSCI World ETF,etf,3556.0266,0
SIM02077,bond:OLO_2034,Belgian OLO 2034,bonds,1843.6325,0
SIM02077,fund:KBC_TECH,KBC Equity Fund Technology,funds,682.0453,0
SIM02078,fund:KBC_TECH,KBC Equity Fund Technology,funds,1127.3361,0
SIM02078,etf:IWDA,iShares MSCI World ETF,etf,2746.7099,0
SIM02078,etf:VWCE,Vanguard FTSE All-World ETF,etf,1053.2461,0
SIM02078,stock:UCB,UCB,stocks,56.4206,0
SIM02078,bond:OLO_2034,Belgian OLO 2034,bonds,540.6371,0
SIM02080,etf:IWDA,iShares MSCI World ETF,etf,226.506,0
SIM02080,stock:NVDA,Nvidia,stocks,21.6006,0
SIM02081,stock:AAPL,Apple,stocks,6373.2129,0
SIM02081,fund:KBC_PENSION,KBC Pension Savings Fund,funds,987.1424,0
SIM02081,stock:MSFT,Microsoft,stocks,3268.6018,0
SIM02081,fund:KBC_PENSION,KBC Pension Savings Fund,funds,23.7698,13
SIM02082,stock:ASML,ASML Holding,stocks,8.0149,0
SIM02082,fund:KBC_TECH,KBC Equity Fund Technology,funds,0.0657,0
SIM02082,stock:UCB,UCB,stocks,1.1756,0
SIM02082,stock:KBC,KBC Group,stocks,50.1234,0
SIM02082,fund:KBC_PENSION,KBC Pension Savings Fund,funds,4.0193,0
SIM02083,etf:VWCE,Vanguard FTSE All-World ETF,etf,77.3316,0
SIM02083,stock:AAPL,Apple,stocks,35.9057,0
SIM02083,stock:ABI,AB InBev,stocks,26.4166,0
SIM02083,stock:ASML,ASML Holding,stocks,10.6958,0
SIM02083,fund:KBC_PENSION,KBC Pension Savings Fund,funds,91.7052,0
SIM02083,fund:KBC_ECO,KBC Eco Fund,funds,25.603,0
SIM02086,fund:KBC_ECO,KBC Eco Fund,funds,23.7866,0
SIM02086,etf:VWCE,Vanguard FTSE All-World ETF,etf,107.8031,0
SIM02086,fund:KBC_TECH,KBC Equity Fund Technology,funds,12.7079,0
SIM02086,stock:ABI,AB InBev,stocks,56.9424,0
SIM02089,stock:AAPL,Apple,stocks,3466.3447,0
SIM02089,stock:NVDA,Nvidia,stocks,37.3414,0
SIM02089,stock:MSFT,Microsoft,stocks,500.7263,0
SIM02089,fund:KBC_ECO,KBC Eco Fund,funds,48.8185,7
SIM02090,etf:VWCE,Vanguard FTSE All-World ETF,etf,6.8059,0
SIM02090,stock:ASML,ASML Holding,stocks,14.3953,0
SIM02090,stock:ABI,AB InBev,stocks,21.6638,0
SIM02090,fund:KBC_TECH,KBC Equity Fund Technology,funds,54.1431,0
SIM02090,stock:SOLB,Solvay,stocks,69.0069,0
SIM02090,fund:KBC_ECO,KBC Eco Fund,funds,2.877,0
SIM02091,stock:ASML,ASML Holding,stocks,174.8762,0
SIM02091,stock:UCB,UCB,stocks,239.3578,0
SIM02091,fund:KBC_TECH,KBC Equity Fund Technology,funds,19.8198,13
SIM02093,etf:VWCE,Vanguard FTSE All-World ETF,etf,60.9524,0
SIM02093,stock:ABI,AB InBev,stocks,31.4001,0
SIM02093,stock:ASML,ASML Holding,stocks,4.2735,0
SIM02093,fund:KBC_PENSION,KBC Pension Savings Fund,funds,118.0362,20
SIM02095,stock:ABI,AB InBev,stocks,22.145,0
SIM02095,bond:EU_2030,EU Bond 2030,bonds,147.1461,0
SIM02095,fund:KBC_ECO,KBC Eco Fund,funds,242.7845,0
SIM02095,stock:MSFT,Microsoft,stocks,3125.0083,0
SIM02095,etf:IWDA,iShares MSCI World ETF,etf,761.9325,0
SIM02097,bond:EU_2030,EU Bond 2030,bonds,29.1358,0
SIM02097,bond:OLO_2034,Belgian OLO 2034,bonds,127.2462,0
SIM02097,fund:KBC_ECO,KBC Eco Fund,funds,74.6035,0
SIM02098,etf:IWDA,iShares MSCI World ETF,etf,96.9417,0
SIM02098,etf:VWCE,Vanguard FTSE All-World ETF,etf,4.2808,0
SIM02099,fund:KBC_TECH,KBC Equity Fund Technology,funds,38.2149,6
SIM02104,fund:KBC_TECH,KBC Equity Fund Technology,funds,1239.3038,0
SIM02104,etf:IWDA,iShares MSCI World ETF,etf,9835.7545,0
SIM02104,stock:MSFT,Microsoft,stocks,209.059,0
SIM02104,stock:SOLB,Solvay,stocks,2675.8215,0
SIM02104,stock:ABI,AB InBev,stocks,290.2691,0
SIM02104,fund:KBC_ECO,KBC Eco Fund,funds,66.3512,14
SIM02106,etf:VWCE,Vanguard FTSE All-World ETF,etf,40.6057,0
SIM02106,stock:UCB,UCB,stocks,5.6567,0
SIM02106,fund:KBC_ECO,KBC Eco Fund,funds,2.0302,0
SIM02106,etf:IWDA,iShares MSCI World ETF,etf,62.577,0
SIM02107,stock:UCB,UCB,stocks,2.5445,0
SIM02107,stock:SOLB,Solvay,stocks,44.6881,0
SIM02107,etf:IWDA,iShares MSCI World ETF,etf,214.8233,0
SIM02107,stock:NVDA,Nvidia,stocks,40.1516,0
SIM02108,fund:KBC_ECO,KBC Eco Fund,funds,33.0278,9
SIM02109,stock:MSFT,Microsoft,stocks,34.0938,0
SIM02109,fund:KBC_TECH,KBC Equity Fund Technology,funds,151.1469,0
SIM02109,fund:KBC_ECO,KBC Eco Fund,funds,134.197,0
SIM02112,fund:KBC_ECO,KBC Eco Fund,funds,51.4474,6
SIM02113,fund:KBC_PENSION,KBC Pension Savings Fund,funds,221.0314,0
SIM02113,stock:AAPL,Apple,stocks,35.3817,0
SIM02113,stock:UCB,UCB,stocks,14.8756,0
SIM02115,fund:KBC_PENSION,KBC Pension Savings Fund,funds,45.5545,20
SIM02118,fund:KBC_PENSION,KBC Pension Savings Fund,funds,2844.6014,0
SIM02118,bond:OLO_2034,Belgian OLO 2034,bonds,2915.2083,0
SIM02118,stock:NVDA,Nvidia,stocks,101.3709,0
SIM02118,fund:KBC_TECH,KBC Equity Fund Technology,funds,442.224,0
SIM02118,etf:IWDA,iShares MSCI World ETF,etf,9710.2049,0
SIM02118,fund:KBC_PENSION,KBC Pension Savings Fund,funds,16.0357,12
SIM02120,etf:IWDA,iShares MSCI World ETF,etf,85.5496,0
SIM02120,stock:MSFT,Microsoft,stocks,34.4556,0
SIM02120,stock:NVDA,Nvidia,stocks,46.4904,0
SIM02121,stock:MSFT,Microsoft,stocks,200.6767,0
SIM02121,fund:KBC_TECH,KBC Equity Fund Technology,funds,1038.298,0
SIM02121,stock:AAPL,Apple,stocks,312.8293,0
SIM02121,fund:KBC_ECO,KBC Eco Fund,funds,31.2832,16
SIM02123,stock:NVDA,Nvidia,stocks,44.5928,0
SIM02123,fund:KBC_PENSION,KBC Pension Savings Fund,funds,274.0258,0
SIM02123,bond:EU_2030,EU Bond 2030,bonds,149.8295,0
SIM02123,etf:VWCE,Vanguard FTSE All-World ETF,etf,596.8253,0
SIM02123,fund:KBC_ECO,KBC Eco Fund,funds,27.4292,20
SIM02124,stock:UCB,UCB,stocks,1.1145,0
SIM02124,fund:KBC_ECO,KBC Eco Fund,funds,1.4814,0
SIM02124,etf:IWDA,iShares MSCI World ETF,etf,47.5747,0
SIM02124,stock:AAPL,Apple,stocks,3.0028,0
SIM02124,stock:MSFT,Microsoft,stocks,0.7847,0
SIM02125,etf:IWDA,iShares MSCI World ETF,etf,3.2686,0
SIM02125,stock:SOLB,Solvay,stocks,29.08,0
SIM02125,fund:KBC_ECO,KBC Eco Fund,funds,10.3908,0
SIM02125,stock:ASML,ASML Holding,stocks,34.3625,0
SIM02126,etf:IWDA,iShares MSCI World ETF,etf,32.5085,0
SIM02126,fund:KBC_ECO,KBC Eco Fund,funds,22.1207,0
SIM02126,etf:VWCE,Vanguard FTSE All-World ETF,etf,4.586,0
SIM02127,stock:MSFT,Microsoft,stocks,117.535,0
SIM02127,fund:KBC_PENSION,KBC Pension Savings Fund,funds,26.838,0
SIM02127,stock:UCB,UCB,stocks,3.04,0
SIM02127,stock:AAPL,Apple,stocks,94.968,0
SIM02127,stock:ASML,ASML Holding,stocks,22.9863,0
SIM02130,fund:KBC_TECH,KBC Equity Fund Technology,funds,109.9997,20
SIM02131,stock:SOLB,Solvay,stocks,14.8856,0
SIM02131,etf:IWDA,iShares MSCI World ETF,etf,284.7977,0
SIM02131,fund:KBC_PENSION,KBC Pension Savings Fund,funds,28.5098,0
SIM02131,fund:KBC_TECH,KBC Equity Fund Technology,funds,87.0257,3
SIM02133,stock:UCB,UCB,stocks,6.4642,0
SIM02133,bond:OLO_2034,Belgian OLO 2034,bonds,5.3628,0
SIM02134,stock:AAPL,Apple,stocks,4.6752,0
SIM02134,stock:MSFT,Microsoft,stocks,21.4274,0
SIM02134,bond:EU_2030,EU Bond 2030,bonds,1.6428,0
SIM02138,fund:KBC_TECH,KBC Equity Fund Technology,funds,344.5056,0
SIM02138,fund:KBC_ECO,KBC Eco Fund,funds,1100.0538,0
SIM02138,fund:KBC_ECO,KBC Eco Fund,funds,10.6033,23
SIM02140,fund:KBC_TECH,KBC Equity Fund Technology,funds,223.662,0
SIM02140,fund:KBC_ECO,KBC Eco Fund,funds,23.2979,0
SIM02143,stock:ABI,AB InBev,stocks,16.4754,0
SIM02143,stock:SOLB,Solvay,stocks,28.1581,0
SIM02143,stock:NVDA,Nvidia,stocks,0.3695,0
SIM02143,etf:VWCE,Vanguard FTSE All-World ETF,etf,55.5271,0
SIM02143,stock:UCB,UCB,stocks,11.3949,0
SIM02143,fund:KBC_ECO,KBC Eco Fund,funds,13.7916,0
SIM02145,bond:EU_2030,EU Bond 2030,bonds,3.3767,0
SIM02145,fund:KBC_PENSION,KBC Pension Savings Fund,funds,67.2583,0
SIM02145,stock:MSFT,Microsoft,stocks,106.9327,0
SIM02148,fund:KBC_PENSION,KBC Pension Savings Fund,funds,85.9498,9
SIM02149,stock:NVDA,Nvidia,stocks,569.2475,0
SIM02149,stock:ABI,AB InBev,stocks,368.6751,0
SIM02149,fund:KBC_ECO,KBC Eco Fund,funds,1499.067,0
SIM02150,stock:NVDA,Nvidia,stocks,191.155,0
SIM02150,fund:KBC_PENSION,KBC Pension Savings Fund,funds,486.4885,0
SIM02150,stock:UCB,UCB,stocks,23.7063,0
SIM02150,etf:IWDA,iShares MSCI World ETF,etf,2903.549,0
SIM02150,stock:ABI,AB InBev,stocks,195.7081,0
SIM02150,fund:KBC_ECO,KBC Eco Fund,funds,747.4952,0
SIM02151,fund:KBC_ECO,KBC Eco Fund,funds,419.6993,0
SIM02151,fund:KBC_PENSION,KBC Pension Savings Fund,funds,3396.5672,0
SIM02151,stock:KBC,KBC Group,stocks,192.1223,0
SIM02151,stock:ASML,ASML Holding,stocks,131.9425,0
SIM02151,bond:EU_2030,EU Bond 2030,bonds,303.2262,0
SIM02151,bond:OLO_2034,Belgian OLO 2034,bonds,1808.7512,0
SIM02151,fund:KBC_PENSION,KBC Pension Savings Fund,funds,48.4271,12
SIM02154,stock:KBC,KBC Group,stocks,27.0766,0
SIM02154,etf:IWDA,iShares MSCI World ETF,etf,60.1539,0
SIM02154,stock:AAPL,Apple,stocks,35.474,0
SIM02154,stock:MSFT,Microsoft,stocks,125.637,0
SIM02154,stock:ASML,ASML Holding,stocks,20.332,0
SIM02154,fund:KBC_PENSION,KBC Pension Savings Fund,funds,1.9159,0
SIM02154,fund:KBC_PENSION,KBC Pension Savings Fund,funds,26.8161,5
SIM02155,etf:IWDA,iShares MSCI World ETF,etf,3459.5258,0
SIM02155,stock:ABI,AB InBev,stocks,31.6748,0
SIM02155,fund:KBC_TECH,KBC Equity Fund Technology,funds,110.7344,0
SIM02155,fund:KBC_PENSION,KBC Pension Savings Fund,funds,38.0281,23
SIM02156,stock:MSFT,Microsoft,stocks,1840.6727,0
SIM02156,fund:KBC_TECH,KBC Equity Fund Technology,funds,2055.5964,0
SIM02156,stock:UCB,UCB,stocks,97.1006,0
SIM02157,bond:OLO_2034,Belgian OLO 2034,bonds,1215.8439,0
SIM02157,fund:KBC_ECO,KBC Eco Fund,funds,138.7466,0
SIM02157,stock:UCB,UCB,stocks,4.2874,0
SIM02157,etf:IWDA,iShares MSCI World ETF,etf,1128.9169,0
SIM02157,stock:KBC,KBC Group,stocks,4.7803,0
SIM02157,fund:KBC_PENSION,KBC Pension Savings Fund,funds,131.7997,0
SIM02157,fund:KBC_TECH,KBC Equity Fund Technology,funds,82.9472,22
SIM02158,stock:NVDA,Nvidia,stocks,0.4773,0
SIM02158,bond:EU_2030,EU Bond 2030,bonds,1.8494,0
SIM02158,fund:KBC_ECO,KBC Eco Fund,funds,8.1446,0
SIM02158,bond:OLO_2034,Belgian OLO 2034,bonds,9.896,0
SIM02158,etf:IWDA,iShares MSCI World ETF,etf,25.6469,0
SIM02158,etf:VWCE,Vanguard FTSE All-World ETF,etf,28.8827,0
SIM02158,fund:KBC_PENSION,KBC Pension Savings Fund,funds,16.5199,10
SIM02161,stock:ABI,AB InBev,stocks,72.4481,0
SIM02161,fund:KBC_ECO,KBC Eco Fund,funds,1374.5876,0
SIM02161,stock:NVDA,Nvidia,stocks,372.4516,0
SIM02161,stock:MSFT,Microsoft,stocks,95.1534,0
SIM02161,etf:IWDA,iShares MSCI World ETF,etf,7236.5421,0
SIM02162,etf:VWCE,Vanguard FTSE All-World ETF,etf,22.0958,0
SIM02162,bond:EU_2030,EU Bond 2030,bonds,8.2146,0
SIM02162,stock:AAPL,Apple,stocks,67.5267,0
SIM02162,bond:OLO_2034,Belgian OLO 2034,bonds,6.4514,0
SIM02162,etf:IWDA,iShares MSCI World ETF,etf,336.5757,0
SIM02165,etf:IWDA,iShares MSCI World ETF,etf,328.3355,0
SIM02165,fund:KBC_ECO,KBC Eco Fund,funds,41.6777,0
SIM02165,fund:KBC_TECH,KBC Equity Fund Technology,funds,74.0373,0
SIM02165,stock:KBC,KBC Group,stocks,29.6337,0
SIM02165,stock:ABI,AB InBev,stocks,47.9583,0
SIM02165,bond:EU_2030,EU Bond 2030,bonds,43.1781,0
SIM02166,stock:ABI,AB InBev,stocks,14.9739,0
SIM02166,fund:KBC_PENSION,KBC Pension Savings Fund,funds,26.7738,0
SIM02166,stock:AAPL,Apple,stocks,153.25,0
SIM02167,bond:EU_2030,EU Bond 2030,bonds,139.4869,0
SIM02167,fund:KBC_TECH,KBC Equity Fund Technology,funds,439.4136,0
SIM02167,fund:KBC_PENSION,KBC Pension Savings Fund,funds,2663.4507,0
SIM02167,stock:SOLB,Solvay,stocks,93.6623,0
SIM02167,stock:KBC,KBC Group,stocks,507.9222,0
SIM02168,fund:KBC_PENSION,KBC Pension Savings Fund,funds,77.9894,6
SIM02170,stock:AAPL,Apple,stocks,125.4789,0
SIM02170,fund:KBC_TECH,KBC Equity Fund Technology,funds,2.7622,0
SIM02170,stock:ASML,ASML Holding,stocks,11.8548,0
SIM02170,stock:NVDA,Nvidia,stocks,7.334,0
SIM02170,fund:KBC_PENSION,KBC Pension Savings Fund,funds,89.8692,3
SIM02172,etf:VWCE,Vanguard FTSE All-World ETF,etf,0.1884,0
SIM02172,fund:KBC_ECO,KBC Eco Fund,funds,82.7601,0
SIM02172,stock:ABI,AB InBev,stocks,9.2301,0
SIM02172,stock:KBC,KBC Group,stocks,121.0064,0
SIM02173,bond:EU_2030,EU Bond 2030,bonds,78.8721,0
SIM02173,stock:ASML,ASML Holding,stocks,1.3592,0
SIM02173,stock:KBC,KBC Group,stocks,90.989,0
SIM02173,fund:KBC_ECO,KBC Eco Fund,funds,24.1549,0
SIM02173,etf:VWCE,Vanguard FTSE All-World ETF,etf,9.4017,0
SIM02173,fund:KBC_PENSION,KBC Pension Savings Fund,funds,5.1274,0
SIM02174,stock:AAPL,Apple,stocks,4.4476,0
SIM02174,etf:IWDA,iShares MSCI World ETF,etf,123.4635,0
SIM02174,bond:EU_2030,EU Bond 2030,bonds,2.9188,0
SIM02174,stock:SOLB,Solvay,stocks,1.2647,0
SIM02174,bond:OLO_2034,Belgian OLO 2034,bonds,15.4497,0
SIM02175,stock:KBC,KBC Group,stocks,1078.0171,0
SIM02175,bond:OLO_2034,Belgian OLO 2034,bonds,2452.3174,0
SIM02175,fund:KBC_ECO,KBC Eco Fund,funds,46.665,13
SIM02178,stock:NVDA,Nvidia,stocks,1098.1025,0
SIM02178,fund:KBC_PENSION,KBC Pension Savings Fund,funds,2710.0331,0
SIM02178,stock:MSFT,Microsoft,stocks,13.5368,0
SIM02178,fund:KBC_PENSION,KBC Pension Savings Fund,funds,20.7011,15
SIM02179,stock:ASML,ASML Holding,stocks,147.1264,0
SIM02179,stock:AAPL,Apple,stocks,571.9234,0
SIM02179,stock:SOLB,Solvay,stocks,1316.0421,0
SIM02179,stock:NVDA,Nvidia,stocks,56.1156,0
SIM02179,stock:MSFT,Microsoft,stocks,98.8718,0
SIM02179,fund:KBC_TECH,KBC Equity Fund Technology,funds,193.9895,0
SIM02180,etf:IWDA,iShares MSCI World ETF,etf,5421.4817,0
SIM02180,stock:SOLB,Solvay,stocks,147.9866,0
SIM02180,stock:MSFT,Microsoft,stocks,288.2803,0
SIM02180,stock:ABI,AB InBev,stocks,32.3747,0
SIM02180,bond:OLO_2034,Belgian OLO 2034,bonds,329.7604,0
SIM02181,stock:ASML,ASML Holding,stocks,29.2034,0
SIM02181,etf:VWCE,Vanguard FTSE All-World ETF,etf,1263.3164,0
SIM02181,fund:KBC_PENSION,KBC Pension Savings Fund,funds,22.1352,5
SIM02183,stock:ABI,AB InBev,stocks,26.0896,0
SIM02183,etf:IWDA,iShares MSCI World ETF,etf,1525.1239,0
SIM02183,stock:UCB,UCB,stocks,168.8306,0
SIM02183,fund:KBC_PENSION,KBC Pension Savings Fund,funds,919.4924,0
SIM02183,etf:VWCE,Vanguard FTSE All-World ETF,etf,295.841,0
SIM02183,fund:KBC_ECO,KBC Eco Fund,funds,33.7924,18
SIM02184,stock:SOLB,Solvay,stocks,1294.5495,0
SIM02184,fund:KBC_ECO,KBC Eco Fund,funds,486.0214,0
SIM02184,fund:KBC_TECH,KBC Equity Fund Technology,funds,1824.3116,0
SIM02184,fund:KBC_ECO,KBC Eco Fund,funds,40.0425,12
SIM02187,stock:NVDA,Nvidia,stocks,222.4726,0
SIM02187,etf:VWCE,Vanguard FTSE All-World ETF,etf,892.9719,0
SIM02188,bond:EU_2030,EU Bond 2030,bonds,351.6571,0
SIM02188,fund:KBC_TECH,KBC Equity Fund Technology,funds,386.8797,0
SIM02189,fund:KBC_PENSION,KBC Pension Savings Fund,funds,95.6043,0
SIM02189,stock:NVDA,Nvidia,stocks,5.1697,0
SIM02190,bond:OLO_2034,Belgian OLO 2034,bonds,3900.1358,0
SIM02190,stock:ASML,ASML Holding,stocks,270.4829,0
SIM02190,stock:MSFT,Microsoft,stocks,116.5851,0
SIM02190,stock:ABI,AB InBev,stocks,827.5504,0
SIM02190,etf:VWCE,Vanguard FTSE All-World ETF,etf,78.4962,0
SIM02190,fund:KBC_ECO,KBC Eco Fund,funds,4.2507,3
SIM02192,etf:IWDA,iShares MSCI World ETF,etf,255.3558,0
SIM02192,stock:MSFT,Microsoft,stocks,36.4446,0
SIM02192,fund:KBC_TECH,KBC Equity Fund Technology,funds,0.8531,0
SIM02192,bond:EU_2030,EU Bond 2030,bonds,74.3428,0
SIM02192,fund:KBC_PENSION,KBC Pension Savings Fund,funds,47.7277,15
SIM02194,fund:KBC_TECH,KBC Equity Fund Technology,funds,50.4563,0
SIM02194,stock:ABI,AB InBev,stocks,113.1939,0
SIM02194,stock:SOLB,Solvay,stocks,141.1888,0
SIM02195,stock:ASML,ASML Holding,stocks,187.2505,0
SIM02195,bond:OLO_2034,Belgian OLO 2034,bonds,2969.9766,0
SIM02195,stock:ABI,AB InBev,stocks,74.7702,0
SIM02195,stock:KBC,KBC Group,stocks,2288.6021,0
SIM02195,stock:MSFT,Microsoft,stocks,50.5256,0
SIM02196,stock:ASML,ASML Holding,stocks,41.0106,0
SIM02196,stock:UCB,UCB,stocks,1.638,0
SIM02196,stock:AAPL,Apple,stocks,17.0702,0
SIM02196,fund:KBC_PENSION,KBC Pension Savings Fund,funds,73.2016,0
SIM02202,stock:SOLB,Solvay,stocks,139.3286,0
SIM02202,fund:KBC_TECH,KBC Equity Fund Technology,funds,736.9531,0
SIM02202,stock:UCB,UCB,stocks,269.995,0
SIM02202,fund:KBC_TECH,KBC Equity Fund Technology,funds,109.1487,4
SIM02203,fund:KBC_TECH,KBC Equity Fund Technology,funds,66.4175,4
SIM02209,stock:UCB,UCB,stocks,16.948,0
SIM02209,etf:VWCE,Vanguard FTSE All-World ETF,etf,17.2701,0
SIM02209,fund:KBC_PENSION,KBC Pension Savings Fund,funds,24.7927,5
SIM02215,fund:KBC_ECO,KBC Eco Fund,funds,27.4493,0
SIM02215,bond:OLO_2034,Belgian OLO 2034,bonds,1179.2277,0
SIM02215,stock:ABI,AB InBev,stocks,818.5274,0
SIM02215,stock:UCB,UCB,stocks,68.6959,0
SIM02215,fund:KBC_PENSION,KBC Pension Savings Fund,funds,511.4377,0
SIM02216,stock:ASML,ASML Holding,stocks,767.2572,0
SIM02216,etf:IWDA,iShares MSCI World ETF,etf,5300.4018,0
SIM02219,bond:EU_2030,EU Bond 2030,bonds,2062.7274,0
SIM02219,stock:SOLB,Solvay,stocks,1082.5164,0
SIM02219,etf:IWDA,iShares MSCI World ETF,etf,620.3129,0
SIM02220,fund:KBC_ECO,KBC Eco Fund,funds,17.8839,21
SIM02223,fund:KBC_PENSION,KBC Pension Savings Fund,funds,111.0968,12
SIM02225,stock:ABI,AB InBev,stocks,350.3362,0
SIM02225,stock:KBC,KBC Group,stocks,2625.0319,0
SIM02225,fund:KBC_PENSION,KBC Pension Savings Fund,funds,440.0768,0
SIM02225,stock:AAPL,Apple,stocks,1131.4332,0
SIM02225,stock:MSFT,Microsoft,stocks,591.6723,0
SIM02225,fund:KBC_PENSION,KBC Pension Savings Fund,funds,101.6796,4
SIM02228,stock:NVDA,Nvidia,stocks,110.583,0
SIM02228,stock:ASML,ASML Holding,stocks,444.9853,0
SIM02228,stock:ABI,AB InBev,stocks,303.7533,0
SIM02228,fund:KBC_PENSION,KBC Pension Savings Fund,funds,175.1864,0
SIM02228,etf:IWDA,iShares MSCI World ETF,etf,4183.3682,0
SIM02229,stock:NVDA,Nvidia,stocks,690.1091,0
SIM02229,bond:EU_2030,EU Bond 2030,bonds,243.8742,0
SIM02231,fund:KBC_PENSION,KBC Pension Savings Fund,funds,16.5628,0
SIM02231,bond:EU_2030,EU Bond 2030,bonds,87.1944,0
SIM02231,fund:KBC_TECH,KBC Equity Fund Technology,funds,55.9829,0
SIM02231,etf:IWDA,iShares MSCI World ETF,etf,68.0086,0
SIM02231,fund:KBC_ECO,KBC Eco Fund,funds,4.321,19
SIM02232,bond:EU_2030,EU Bond 2030,bonds,1970.524,0
SIM02232,bond:OLO_2034,Belgian OLO 2034,bonds,123.7515,0
SIM02234,stock:AAPL,Apple,stocks,37.2492,0
SIM02234,stock:KBC,KBC Group,stocks,73.3769,0
SIM02234,etf:IWDA,iShares MSCI World ETF,etf,18.8011,0
SIM02238,stock:NVDA,Nvidia,stocks,4.5306,0
SIM02238,bond:OLO_2034,Belgian OLO 2034,bonds,22.4607,0
SIM02238,stock:AAPL,Apple,stocks,28.7596,0
SIM02239,stock:AAPL,Apple,stocks,5329.6936,0
SIM02239,etf:VWCE,Vanguard FTSE All-World ETF,etf,61.0887,0
SIM02239,fund:KBC_TECH,KBC Equity Fund Technology,funds,66.4153,11
SIM02241,etf:VWCE,Vanguard FTSE All-World ETF,etf,151.7782,0
SIM02241,stock:UCB,UCB,stocks,455.0633,0
SIM02241,etf:IWDA,iShares MSCI World ETF,etf,6747.2913,0
SIM02241,stock:ASML,ASML Holding,stocks,121.6444,0
SIM02241,fund:KBC_PENSION,KBC Pension Savings Fund,funds,1541.6511,0
SIM02245,fund:KBC_TECH,KBC Equity Fund Technology,funds,104.381,0
SIM02245,fund:KBC_PENSION,KBC Pension Savings Fund,funds,284.9243,0
SIM02245,stock:ABI,AB InBev,stocks,47.6838,0
SIM02245,stock:AAPL,Apple,stocks,12.78,0
SIM02245,stock:NVDA,Nvidia,stocks,19.7933,0
SIM02245,fund:KBC_PENSION,KBC Pension Savings Fund,funds,98.8204,22
SIM02247,stock:AAPL,Apple,stocks,9.6391,0
SIM02247,stock:ASML,ASML Holding,stocks,0.0379,0
SIM02247,fund:KBC_PENSION,KBC Pension Savings Fund,funds,0.0552,0
SIM02247,etf:IWDA,iShares MSCI World ETF,etf,27.5742,0
SIM02247,stock:UCB,UCB,stocks,0.1569,0
SIM02248,bond:EU_2030,EU Bond 2030,bonds,446.1743,0
SIM02248,stock:UCB,UCB,stocks,248.3904,0
SIM02248,fund:KBC_TECH,KBC Equity Fund Technology,funds,1198.636,0
SIM02248,stock:NVDA,Nvidia,stocks,30.1942,0
SIM02248,fund:KBC_TECH,KBC Equity Fund Technology,funds,85.9328,13
SIM02250,fund:KBC_TECH,KBC Equity Fund Technology,funds,104.0539,20
SIM02252,fund:KBC_TECH,KBC Equity Fund Technology,funds,125.594,0
SIM02252,bond:OLO_2034,Belgian OLO 2034,bonds,15742.0196,0
SIM02252,fund:KBC_TECH,KBC Equity Fund Technology,funds,61.549,17
SIM02256,fund:KBC_ECO,KBC Eco Fund,funds,24.6471,0
SIM02256,stock:ASML,ASML Holding,stocks,55.8939,0
SIM02256,stock:NVDA,Nvidia,stocks,97.3721,0
SIM02258,fund:KBC_ECO,KBC Eco Fund,funds,17.5628,4
SIM02260,stock:KBC,KBC Group,stocks,583.466,0
SIM02260,stock:SOLB,Solvay,stocks,1175.3657,0
SIM02260,fund:KBC_ECO,KBC Eco Fund,funds,612.2548,0
SIM02260,stock:UCB,UCB,stocks,877.2143,0
SIM02260,stock:NVDA,Nvidia,stocks,230.9558,0
SIM02260,fund:KBC_TECH,KBC Equity Fund Technology,funds,78.4012,13
SIM02265,fund:KBC_PENSION,KBC Pension Savings Fund,funds,1206.4925,0
SIM02265,bond:OLO_2034,Belgian OLO 2034,bonds,148.8954,0
SIM02265,bond:EU_2030,EU Bond 2030,bonds,1198.8382,0
SIM02265,stock:ABI,AB InBev,stocks,378.1364,0
SIM02265,fund:KBC_ECO,KBC Eco Fund,funds,87.9925,0
SIM02265,fund:KBC_TECH,KBC Equity Fund Technology,funds,35.6239,4
SIM02268,stock:NVDA,Nvidia,stocks,2.2856,0
SIM02268,stock:ABI,AB InBev,stocks,4.2713,0
SIM02268,etf:VWCE,Vanguard FTSE All-World ETF,etf,6.1449,0
SIM02269,stock:KBC,KBC Group,stocks,14.9721,0
SIM02269,stock:UCB,UCB,stocks,2.5772,0
SIM02269,stock:AAPL,Apple,stocks,174.8338,0
SIM02269,stock:ABI,AB InBev,stocks,23.7195,0
SIM02270,fund:KBC_TECH,KBC Equity Fund Technology,funds,12.4679,0
SIM02270,fund:KBC_ECO,KBC Eco Fund,funds,50.1407,0
SIM02272,stock:SOLB,Solvay,stocks,502.9136,0
SIM02272,fund:KBC_TECH,KBC Equity Fund Technology,funds,584.9605,0
SIM02272,bond:OLO_2034,Belgian OLO 2034,bonds,1751.178,0
SIM02272,fund:KBC_ECO,KBC Eco Fund,funds,31.4098,16
SIM02273,fund:KBC_ECO,KBC Eco Fund,funds,19.3102,6
SIM02276,stock:KBC,KBC Group,stocks,75.0154,0
SIM02276,fund:KBC_TECH,KBC Equity Fund Technology,funds,55.6166,0
SIM02276,stock:SOLB,Solvay,stocks,46.5236,0
SIM02276,etf:VWCE,Vanguard FTSE All-World ETF,etf,36.7804,0
SIM02277,bond:OLO_2034,Belgian OLO 2034,bonds,1243.7163,0
SIM02277,stock:SOLB,Solvay,stocks,628.5264,0
SIM02277,fund:KBC_PENSION,KBC Pension Savings Fund,funds,2063.6151,0
SIM02277,bond:EU_2030,EU Bond 2030,bonds,978.0335,0
SIM02278,stock:ABI,AB InBev,stocks,222.5312,0
SIM02278,stock:NVDA,Nvidia,stocks,207.003,0
SIM02278,stock:AAPL,Apple,stocks,168.9287,0
SIM02278,etf:VWCE,Vanguard FTSE All-World ETF,etf,180.1383,0
SIM02278,fund:KBC_TECH,KBC Equity Fund Technology,funds,329.6115,0
SIM02279,stock:NVDA,Nvidia,stocks,0.3668,0
SIM02279,stock:KBC,KBC Group,stocks,2.0903,0
SIM02279,stock:UCB,UCB,stocks,0.8506,0
SIM02279,fund:KBC_ECO,KBC Eco Fund,funds,1.0902,0
SIM02279,stock:ASML,ASML Holding,stocks,0.3918,0
SIM02280,fund:KBC_TECH,KBC Equity Fund Technology,funds,78.2457,0
SIM02280,bond:EU_2030,EU Bond 2030,bonds,257.7948,0
SIM02280,stock:AAPL,Apple,stocks,1115.0727,0
SIM02280,stock:ABI,AB InBev,stocks,102.1297,0
SIM02280,fund:KBC_PENSION,KBC Pension Savings Fund,funds,206.9443,0
SIM02280,fund:KBC_TECH,KBC Equity Fund Technology,funds,61.5976,5
SIM02281,stock:SOLB,Solvay,stocks,55.6486,0
SIM02281,stock:MSFT,Microsoft,stocks,17.1123,0
SIM02281,stock:UCB,UCB,stocks,36.0517,0
SIM02282,fund:KBC_ECO,KBC Eco Fund,funds,292.3826,0
SIM02282,etf:IWDA,iShares MSCI World ETF,etf,941.1453,0
SIM02282,fund:KBC_PENSION,KBC Pension Savings Fund,funds,294.3911,0
SIM02282,stock:AAPL,Apple,stocks,403.2081,0
SIM02282,stock:KBC,KBC Group,stocks,157.787,0
SIM02282,stock:ABI,AB InBev,stocks,163.788,0
SIM02282,fund:KBC_PENSION,KBC Pension Savings Fund,funds,45.1027,21
SIM02284,bond:EU_2030,EU Bond 2030,bonds,614.0168,0
SIM02284,stock:ABI,AB InBev,stocks,355.9604,0
SIM02284,fund:KBC_PENSION,KBC Pension Savings Fund,funds,80.3002,19
SIM02287,etf:VWCE,Vanguard FTSE All-World ETF,etf,33.7899,0
SIM02287,bond:EU_2030,EU Bond 2030,bonds,25.1937,0
SIM02287,stock:AAPL,Apple,stocks,5.975,0
SIM02287,fund:KBC_ECO,KBC Eco Fund,funds,2.4795,0
SIM02287,fund:KBC_TECH,KBC Equity Fund Technology,funds,7.4336,0
SIM02290,stock:ABI,AB InBev,stocks,8.3254,0
SIM02290,stock:KBC,KBC Group,stocks,1.8909,0
SIM02290,bond:EU_2030,EU Bond 2030,bonds,0.3092,0
SIM02290,etf:VWCE,Vanguard FTSE All-World ETF,etf,2.6331,0
SIM02291,fund:KBC_PENSION,KBC Pension Savings Fund,funds,4.0371,0
SIM02291,stock:NVDA,Nvidia,stocks,0.5743,0
SIM02291,stock:SOLB,Solvay,stocks,16.283,0
SIM02294,bond:EU_2030,EU Bond 2030,bonds,29.8018,0
SIM02294,etf:VWCE,Vanguard FTSE All-World ETF,etf,17.2091,0
SIM02294,stock:SOLB,Solvay,stocks,1.9175,0
SIM02298,stock:SOLB,Solvay,stocks,288.741,0
SIM02298,bond:EU_2030,EU Bond 2030,bonds,43.3077,0
SIM02298,fund:KBC_PENSION,KBC Pension Savings Fund,funds,601.9563,0
SIM02298,etf:IWDA,iShares MSCI World ETF,etf,6261.6545,0
SIM02298,fund:KBC_TECH,KBC Equity Fund Technology,funds,406.1753,0
SIM02298,stock:MSFT,Microsoft,stocks,117.4035,0
SIM02298,fund:KBC_TECH,KBC Equity Fund Technology,funds,22.6473,9
SIM02301,bond:OLO_2034,Belgian OLO 2034,bonds,122.7089,0
SIM02301,fund:KBC_ECO,KBC Eco Fund,funds,22.9121,0
SIM02301,stock:NVDA,Nvidia,stocks,16.5089,0
SIM02301,stock:MSFT,Microsoft,stocks,7.4336,0
SIM02303,stock:NVDA,Nvidia,stocks,963.337,0
SIM02303,etf:IWDA,iShares MSCI World ETF,etf,1139.1623,0
SIM02303,stock:MSFT,Microsoft,stocks,1918.1737,0
SIM02304,stock:ABI,AB InBev,stocks,23.4565,0
SIM02304,stock:ASML,ASML Holding,stocks,44.3154,0
SIM02304,fund:KBC_TECH,KBC Equity Fund Technology,funds,42.5098,0
SIM02304,stock:UCB,UCB,stocks,31.5652,0
SIM02305,stock:KBC,KBC Group,stocks,15.8151,0
SIM02305,stock:SOLB,Solvay,stocks,7.2706,0
SIM02305,stock:ABI,AB InBev,stocks,6.4801,0
SIM02305,stock:UCB,UCB,stocks,5.7348,0
SIM02305,stock:MSFT,Microsoft,stocks,1.5691,0
SIM02308,stock:MSFT,Microsoft,stocks,2416.9824,0
SIM02308,stock:KBC,KBC Group,stocks,3212.1723,0
SIM02308,fund:KBC_PENSION,KBC Pension Savings Fund,funds,881.4336,0
SIM02308,stock:UCB,UCB,stocks,140.045,0
SIM02308,fund:KBC_TECH,KBC Equity Fund Technology,funds,143.8327,0
SIM02308,stock:NVDA,Nvidia,stocks,531.1433,0
SIM02308,fund:KBC_TECH,KBC Equity Fund Technology,funds,83.4319,8
SIM02312,etf:IWDA,iShares MSCI World ETF,etf,183.422,0
SIM02312,etf:VWCE,Vanguard FTSE All-World ETF,etf,121.0341,0
SIM02314,fund:KBC_PENSION,KBC Pension Savings Fund,funds,0.1523,0
SIM02314,stock:ASML,ASML Holding,stocks,0.507,0
SIM02314,stock:ABI,AB InBev,stocks,0.391,0
SIM02314,stock:NVDA,Nvidia,stocks,1.4102,0
SIM02314,fund:KBC_ECO,KBC Eco Fund,funds,0.1202,0
SIM02315,fund:KBC_PENSION,KBC Pension Savings Fund,funds,141.4462,19
SIM02319,fund:KBC_PENSION,KBC Pension Savings Fund,funds,345.6819,0
SIM02319,fund:KBC_TECH,KBC Equity Fund Technology,funds,352.8251,0
SIM02319,etf:IWDA,iShares MSCI World ETF,etf,8114.8632,0
SIM02319,stock:ABI,AB InBev,stocks,7.7623,0
SIM02319,stock:AAPL,Apple,stocks,892.9184,0
SIM02319,bond:OLO_2034,Belgian OLO 2034,bonds,5980.3994,0
SIM02319,fund:KBC_TECH,KBC Equity Fund Technology,funds,92.1858,9
SIM02321,stock:KBC,KBC Group,stocks,1220.1258,0
SIM02321,fund:KBC_ECO,KBC Eco Fund,funds,317.4112,0
SIM02321,stock:ASML,ASML Holding,stocks,564.2641,0
SIM02322,stock:NVDA,Nvidia,stocks,9.4811,0
SIM02322,stock:ASML,ASML Holding,stocks,24.6422,0
SIM02322,stock:UCB,UCB,stocks,62.8483,0
SIM02322,fund:KBC_PENSION,KBC Pension Savings Fund,funds,10.8358,16
SIM02323,stock:KBC,KBC Group,stocks,418.7108,0
SIM02323,stock:SOLB,Solvay,stocks,1000.5316,0
SIM02325,bond:EU_2030,EU Bond 2030,bonds,38.2537,0
SIM02325,fund:KBC_TECH,KBC Equity Fund Technology,funds,2955.4883,0
SIM02325,stock:NVDA,Nvidia,stocks,700.1834,0
SIM02330,stock:ABI,AB InBev,stocks,317.9237,0
SIM02330,fund:KBC_ECO,KBC Eco Fund,funds,145.9702,0
SIM02330,bond:EU_2030,EU Bond 2030,bonds,76.8836,0
SIM02330,stock:ASML,ASML Holding,stocks,22.435,0
SIM02330,stock:AAPL,Apple,stocks,301.6043,0
SIM02330,stock:UCB,UCB,stocks,14.7192,0
SIM02333,stock:UCB,UCB,stocks,24.9112,0
SIM02333,stock:KBC,KBC Group,stocks,111.4947,0
SIM02336,stock:NVDA,Nvidia,stocks,172.702,0
SIM02336,stock:UCB,UCB,stocks,637.9514,0
SIM02336,stock:KBC,KBC Group,stocks,226.7319,0
SIM02336,bond:OLO_2034,Belgian OLO 2034,bonds,4820.6881,0
SIM02336,stock:MSFT,Microsoft,stocks,2382.0614,0
SIM02336,fund:KBC_ECO,KBC Eco Fund,funds,3.9557,14
SIM02337,etf:VWCE,Vanguard FTSE All-World ETF,etf,3120.0707,0
SIM02337,stock:MSFT,Microsoft,stocks,1992.2917,0
SIM02337,stock:ABI,AB InBev,stocks,543.1715,0
SIM02337,fund:KBC_ECO,KBC Eco Fund,funds,67.8381,13
SIM02338,etf:VWCE,Vanguard FTSE All-World ETF,etf,7.2452,0
SIM02338,bond:OLO_2034,Belgian OLO 2034,bonds,527.8477,0
SIM02338,stock:MSFT,Microsoft,stocks,142.8618,0
SIM02338,stock:ASML,ASML Holding,stocks,2.0469,0
SIM02338,stock:AAPL,Apple,stocks,20.7203,0
SIM02338,fund:KBC_TECH,KBC Equity Fund Technology,funds,8.9128,0
SIM02339,stock:KBC,KBC Group,stocks,30.9558,0
SIM02339,stock:UCB,UCB,stocks,5.4625,0
SIM02339,stock:ASML,ASML Holding,stocks,17.5383,0
SIM02339,stock:ABI,AB InBev,stocks,3.2357,0
SIM02339,fund:KBC_ECO,KBC Eco Fund,funds,1.1599,0
SIM02339,stock:MSFT,Microsoft,stocks,68.2644,0
SIM02340,stock:KBC,KBC Group,stocks,45.9201,0
SIM02340,bond:EU_2030,EU Bond 2030,bonds,2.0812,0
SIM02341,stock:ABI,AB InBev,stocks,8.1998,0
SIM02341,bond:OLO_2034,Belgian OLO 2034,bonds,58.276,0
SIM02342,fund:KBC_PENSION,KBC Pension Savings Fund,funds,1461.5096,0
SIM02342,etf:VWCE,Vanguard FTSE All-World ETF,etf,88.864,0
SIM02342,stock:SOLB,Solvay,stocks,693.962,0
SIM02342,stock:ABI,AB InBev,stocks,448.3702,0
SIM02342,stock:UCB,UCB,stocks,146.6459,0
SIM02342,etf:IWDA,iShares MSCI World ETF,etf,655.3111,0
SIM02342,fund:KBC_TECH,KBC Equity Fund Technology,funds,64.0715,11
SIM02343,stock:ABI,AB InBev,stocks,0.4912,0
SIM02343,etf:VWCE,Vanguard FTSE All-World ETF,etf,2607.4366,0
SIM02345,stock:MSFT,Microsoft,stocks,396.629,0
SIM02345,etf:IWDA,iShares MSCI World ETF,etf,800.5357,0
SIM02345,stock:SOLB,Solvay,stocks,133.5353,0
SIM02345,stock:ABI,AB InBev,stocks,70.3566,0
SIM02345,fund:KBC_PENSION,KBC Pension Savings Fund,funds,775.9215,0
SIM02345,stock:KBC,KBC Group,stocks,2311.4368,0
SIM02346,fund:KBC_ECO,KBC Eco Fund,funds,0.2051,0
SIM02346,stock:UCB,UCB,stocks,2.7314,0
SIM02346,stock:MSFT,Microsoft,stocks,30.2543,0
SIM02346,fund:KBC_TECH,KBC Equity Fund Technology,funds,35.1646,0
SIM02347,bond:EU_2030,EU Bond 2030,bonds,24.1654,0
SIM02347,stock:UCB,UCB,stocks,822.0661,0
SIM02347,stock:AAPL,Apple,stocks,825.1972,0
SIM02347,etf:IWDA,iShares MSCI World ETF,etf,2288.4816,0
SIM02347,stock:ABI,AB InBev,stocks,124.0287,0
SIM02347,fund:KBC_TECH,KBC Equity Fund Technology,funds,106.7927,21
SIM02348,fund:KBC_TECH,KBC Equity Fund Technology,funds,4.5992,0
SIM02348,stock:NVDA,Nvidia,stocks,6.5968,0
SIM02348,stock:MSFT,Microsoft,stocks,30.1544,0
SIM02351,stock:UCB,UCB,stocks,149.1957,0
SIM02351,stock:SOLB,Solvay,stocks,983.4208,0
SIM02351,stock:AAPL,Apple,stocks,2522.7844,0
SIM02351,etf:IWDA,iShares MSCI World ETF,etf,1791.9978,0
SIM02351,fund:KBC_ECO,KBC Eco Fund,funds,4.914,9
SIM02352,bond:EU_2030,EU Bond 2030,bonds,124.1367,0
SIM02352,bond:OLO_2034,Belgian OLO 2034,bonds,1091.4971,0
SIM02352,stock:MSFT,Microsoft,stocks,849.0357,0
SIM02352,stock:AAPL,Apple,stocks,1769.8656,0
SIM02352,stock:KBC,KBC Group,stocks,3795.0417,0
SIM02352,fund:KBC_PENSION,KBC Pension Savings Fund,funds,637.2167,0
SIM02353,stock:SOLB,Solvay,stocks,70.8861,0
SIM02353,fund:KBC_ECO,KBC Eco Fund,funds,273.8585,0
SIM02353,stock:ASML,ASML Holding,stocks,34.4038,0
SIM02353,etf:VWCE,Vanguard FTSE All-World ETF,etf,522.7152,0
SIM02353,fund:KBC_TECH,KBC Equity Fund Technology,funds,563.0369,0
SIM02353,bond:OLO_2034,Belgian OLO 2034,bonds,2249.4454,0
SIM02353,fund:KBC_PENSION,KBC Pension Savings Fund,funds,69.9229,23
SIM02354,fund:KBC_PENSION,KBC Pension Savings Fund,funds,74.314,4
SIM02359,stock:NVDA,Nvidia,stocks,378.9557,0
SIM02359,bond:OLO_2034,Belgian OLO 2034,bonds,2618.5548,0
SIM02359,fund:KBC_TECH,KBC Equity Fund Technology,funds,726.9019,0
SIM02359,fund:KBC_PENSION,KBC Pension Savings Fund,funds,55.513,20
SIM02365,fund:KBC_TECH,KBC Equity Fund Technology,funds,108.9898,8
SIM02366,bond:OLO_2034,Belgian OLO 2034,bonds,233.5265,0
SIM02366,etf:IWDA,iShares MSCI World ETF,etf,300.1831,0
SIM02366,bond:EU_2030,EU Bond 2030,bonds,447.7821,0
SIM02366,stock:MSFT,Microsoft,stocks,153.6451,0
SIM02366,fund:KBC_ECO,KBC Eco Fund,funds,190.5378,0
SIM02366,fund:KBC_TECH,KBC Equity Fund Technology,funds,1078.4979,0
SIM02369,stock:ABI,AB InBev,stocks,189.9517,0
SIM02369,fund:KBC_PENSION,KBC Pension Savings Fund,funds,521.3006,0
SIM02369,stock:ASML,ASML Holding,stocks,41.9758,0
SIM02369,fund:KBC_ECO,KBC Eco Fund,funds,632.7397,0
SIM02369,stock:MSFT,Microsoft,stocks,38.8904,0
SIM02369,fund:KBC_ECO,KBC Eco Fund,funds,47.3706,20
SIM02370,fund:KBC_ECO,KBC Eco Fund,funds,16.7262,3
SIM02373,stock:KBC,KBC Group,stocks,93.0129,0
SIM02373,stock:ASML,ASML Holding,stocks,80.234,0
SIM02373,bond:OLO_2034,Belgian OLO 2034,bonds,580.8527,0
SIM02373,fund:KBC_PENSION,KBC Pension Savings Fund,funds,84.5373,0
SIM02376,fund:KBC_TECH,KBC Equity Fund Technology,funds,1289.8241,0
SIM02376,bond:EU_2030,EU Bond 2030,bonds,523.1931,0
SIM02376,stock:NVDA,Nvidia,stocks,120.0136,0
SIM02376,bond:OLO_2034,Belgian OLO 2034,bonds,723.3556,0
SIM02376,etf:VWCE,Vanguard FTSE All-World ETF,etf,1050.7456,0
SIM02376,fund:KBC_PENSION,KBC Pension Savings Fund,funds,16.9696,19
SIM02380,stock:SOLB,Solvay,stocks,0.0191,0
SIM02380,stock:ASML,ASML Holding,stocks,40.0892,0
SIM02380,stock:UCB,UCB,stocks,15.7515,0
SIM02380,fund:KBC_TECH,KBC Equity Fund Technology,funds,22.997,0
SIM02382,stock:SOLB,Solvay,stocks,662.3139,0
SIM02382,fund:KBC_PENSION,KBC Pension Savings Fund,funds,1600.7266,0
SIM02382,stock:MSFT,Microsoft,stocks,185.7408,0
SIM02382,fund:KBC_PENSION,KBC Pension Savings Fund,funds,18.2407,22
SIM02383,stock:KBC,KBC Group,stocks,705.9764,0
SIM02383,bond:OLO_2034,Belgian OLO 2034,bonds,45.9407,0
SIM02384,fund:KBC_ECO,KBC Eco Fund,funds,63.8384,8
SIM02385,stock:ASML,ASML Holding,stocks,20.316,0
SIM02385,etf:VWCE,Vanguard FTSE All-World ETF,etf,258.6659,0
SIM02385,fund:KBC_TECH,KBC Equity Fund Technology,funds,459.9936,0
SIM02385,stock:ABI,AB InBev,stocks,99.1686,0
SIM02385,bond:OLO_2034,Belgian OLO 2034,bonds,222.2812,0
SIM02386,stock:AAPL,Apple,stocks,95.9051,0
SIM02386,fund:KBC_PENSION,KBC Pension Savings Fund,funds,22.4709,0
SIM02386,fund:KBC_TECH,KBC Equity Fund Technology,funds,1.8685,0
SIM02387,etf:VWCE,Vanguard FTSE All-World ETF,etf,542.7417,0
SIM02387,fund:KBC_TECH,KBC Equity Fund Technology,funds,482.5286,0
SIM02387,fund:KBC_TECH,KBC Equity Fund Technology,funds,8.8111,3
SIM02389,stock:SOLB,Solvay,stocks,19.1851,0
SIM02389,etf:VWCE,Vanguard FTSE All-World ETF,etf,5.3461,0
SIM02389,stock:NVDA,Nvidia,stocks,15.848,0
SIM02389,etf:IWDA,iShares MSCI World ETF,etf,197.5171,0
SIM02389,bond:OLO_2034,Belgian OLO 2034,bonds,31.8529,0
SIM02389,fund:KBC_ECO,KBC Eco Fund,funds,17.6452,0
SIM02393,fund:KBC_ECO,KBC Eco Fund,funds,59.5316,11
SIM02394,stock:UCB,UCB,stocks,29.1442,0
SIM02394,stock:NVDA,Nvidia,stocks,9.737,0
SIM02394,stock:KBC,KBC Group,stocks,6.6555,0
SIM02394,fund:KBC_TECH,KBC Equity Fund Technology,funds,56.3086,0
SIM02394,fund:KBC_ECO,KBC Eco Fund,funds,52.3534,11
SIM02395,stock:NVDA,Nvidia,stocks,81.7172,0
SIM02395,fund:KBC_TECH,KBC Equity Fund Technology,funds,1030.7738,0
SIM02395,bond:EU_2030,EU Bond 2030,bonds,42.367,0
SIM02395,etf:IWDA,iShares MSCI World ETF,etf,801.2213,0
SIM02395,fund:KBC_ECO,KBC Eco Fund,funds,560.651,0
SIM02395,stock:KBC,KBC Group,stocks,1024.6862,0
SIM02400,fund:KBC_PENSION,KBC Pension Savings Fund,funds,2326.2454,0
SIM02400,bond:EU_2030,EU Bond 2030,bonds,90.6424,0
SIM02400,stock:ABI,AB InBev,stocks,167.6061,0
SIM02400,stock:UCB,UCB,stocks,14.2358,0
SIM02400,stock:MSFT,Microsoft,stocks,86.5586,0
SIM02401,bond:OLO_2034,Belgian OLO 2034,bonds,3.1786,0
SIM02401,fund:KBC_PENSION,KBC Pension Savings Fund,funds,0.8183,0
SIM02401,stock:AAPL,Apple,stocks,1.1761,0
SIM02401,stock:KBC,KBC Group,stocks,0.6467,0
SIM02401,stock:NVDA,Nvidia,stocks,0.4459,0
SIM02402,stock:AAPL,Apple,stocks,70.3245,0
SIM02402,fund:KBC_TECH,KBC Equity Fund Technology,funds,81.9532,0
SIM02403,stock:SOLB,Solvay,stocks,1003.8016,0
SIM02403,stock:NVDA,Nvidia,stocks,571.7795,0
SIM02403,etf:IWDA,iShares MSCI World ETF,etf,6065.7958,0
SIM02403,fund:KBC_TECH,KBC Equity Fund Technology,funds,292.2039,0
SIM02403,stock:MSFT,Microsoft,stocks,890.1406,0
SIM02406,fund:KBC_TECH,KBC Equity Fund Technology,funds,56.3631,5
SIM02407,fund:KBC_ECO,KBC Eco Fund,funds,37.343,17
SIM02409,etf:IWDA,iShares MSCI World ETF,etf,1834.6337,0
SIM02409,stock:SOLB,Solvay,stocks,250.5555,0
SIM02409,stock:ABI,AB InBev,stocks,21.8117,0
SIM02409,etf:VWCE,Vanguard FTSE All-World ETF,etf,817.2386,0
SIM02409,fund:KBC_PENSION,KBC Pension Savings Fund,funds,56.0215,5
SIM02410,fund:KBC_ECO,KBC Eco Fund,funds,173.8023,0
SIM02410,stock:NVDA,Nvidia,stocks,101.9945,0
SIM02411,fund:KBC_ECO,KBC Eco Fund,funds,30.9762,8
SIM02414,stock:UCB,UCB,stocks,106.0402,0
SIM02414,etf:IWDA,iShares MSCI World ETF,etf,2620.2652,0
SIM02414,stock:SOLB,Solvay,stocks,89.2,0
SIM02414,stock:NVDA,Nvidia,stocks,85.6955,0
SIM02414,stock:MSFT,Microsoft,stocks,471.7084,0
SIM02414,fund:KBC_ECO,KBC Eco Fund,funds,148.3238,0
SIM02415,etf:IWDA,iShares MSCI World ETF,etf,104.5372,0
SIM02415,stock:AAPL,Apple,stocks,121.9028,0
SIM02415,stock:UCB,UCB,stocks,82.9203,0
SIM02415,stock:KBC,KBC Group,stocks,33.8222,0
SIM02415,stock:SOLB,Solvay,stocks,1.6399,0
SIM02415,stock:MSFT,Microsoft,stocks,69.2282,0
SIM02415,fund:KBC_TECH,KBC Equity Fund Technology,funds,9.986,7
SIM02417,stock:NVDA,Nvidia,stocks,26.6884,0
SIM02417,etf:IWDA,iShares MSCI World ETF,etf,107.197,0
SIM02417,fund:KBC_TECH,KBC Equity Fund Technology,funds,14.3048,0
SIM02417,stock:UCB,UCB,stocks,23.8383,0
SIM02419,bond:EU_2030,EU Bond 2030,bonds,9.9499,0
SIM02419,fund:KBC_PENSION,KBC Pension Savings Fund,funds,27.273,0
SIM02419,stock:AAPL,Apple,stocks,86.6457,0
SIM02419,stock:UCB,UCB,stocks,17.6526,0
SIM02419,etf:VWCE,Vanguard FTSE All-World ETF,etf,8.1385,0
SIM02419,fund:KBC_ECO,KBC Eco Fund,funds,6.3748,0
SIM02420,stock:NVDA,Nvidia,stocks,2.3794,0
SIM02420,fund:KBC_PENSION,KBC Pension Savings Fund,funds,48.0865,0
SIM02420,stock:ABI,AB InBev,stocks,36.5647,0
SIM02420,fund:KBC_ECO,KBC Eco Fund,funds,62.1561,0
SIM02420,stock:AAPL,Apple,stocks,312.1726,0
SIM02420,stock:ASML,ASML Holding,stocks,47.1964,0
SIM02421,stock:ABI,AB InBev,stocks,14.7814,0
SIM02421,stock:ASML,ASML Holding,stocks,1.661,0
SIM02421,stock:UCB,UCB,stocks,29.5675,0
SIM02421,stock:MSFT,Microsoft,stocks,83.6472,0
SIM02421,stock:KBC,KBC Group,stocks,148.2036,0
SIM02421,stock:NVDA,Nvidia,stocks,0.2129,0
SIM02422,bond:OLO_2034,Belgian OLO 2034,bonds,110.7087,0
SIM02422,stock:AAPL,Apple,stocks,23.8327,0
SIM02422,stock:KBC,KBC Group,stocks,14.9602,0
SIM02422,stock:ABI,AB InBev,stocks,24.5555,0
SIM02423,fund:KBC_PENSION,KBC Pension Savings Fund,funds,151.4356,11
SIM02425,stock:SOLB,Solvay,stocks,37.7331,0
SIM02425,stock:KBC,KBC Group,stocks,68.9087,0
SIM02425,stock:MSFT,Microsoft,stocks,11.4574,0
SIM02426,bond:OLO_2034,Belgian OLO 2034,bonds,27.1006,0
SIM02426,stock:KBC,KBC Group,stocks,0.3239,0
SIM02426,stock:ASML,ASML Holding,stocks,29.2726,0
SIM02427,stock:AAPL,Apple,stocks,4293.7012,0
SIM02427,bond:EU_2030,EU Bond 2030,bonds,2145.8591,0
SIM02427,fund:KBC_TECH,KBC Equity Fund Technology,funds,14.1852,4
SIM02428,stock:MSFT,Microsoft,stocks,182.5971,0
SIM02428,stock:SOLB,Solvay,stocks,77.4473,0
SIM02429,bond:EU_2030,EU Bond 2030,bonds,57.1975,0
SIM02429,stock:ABI,AB InBev,stocks,65.8265,0
SIM02429,fund:KBC_ECO,KBC Eco Fund,funds,50.0067,23
SIM02431,stock:AAPL,Apple,stocks,1472.366,0
SIM02431,fund:KBC_TECH,KBC Equity Fund Technology,funds,55.0229,0
SIM02431,etf:VWCE,Vanguard FTSE All-World ETF,etf,568.6642,0
SIM02431,stock:MSFT,Microsoft,stocks,87.1471,0
SIM02431,stock:ASML,ASML Holding,stocks,359.6507,0
SIM02431,fund:KBC_ECO,KBC Eco Fund,funds,45.995,9
SIM02433,fund:KBC_TECH,KBC Equity Fund Technology,funds,48.4085,19
SIM02434,etf:IWDA,iShares MSCI World ETF,etf,538.2985,0
SIM02434,fund:KBC_TECH,KBC Equity Fund Technology,funds,2.1685,0
SIM02434,fund:KBC_ECO,KBC Eco Fund,funds,4.7785,0
SIM02434,fund:KBC_PENSION,KBC Pension Savings Fund,funds,141.406,0
SIM02434,stock:AAPL,Apple,stocks,61.88,0
SIM02435,stock:ABI,AB InBev,stocks,35.7906,0
SIM02435,stock:ASML,ASML Holding,stocks,17.8694,0
SIM02435,bond:EU_2030,EU Bond 2030,bonds,6.3304,0
SIM02440,stock:ABI,AB InBev,stocks,21.2056,0
SIM02440,bond:OLO_2034,Belgian OLO 2034,bonds,129.9863,0
SIM02440,stock:SOLB,Solvay,stocks,0.7187,0
SIM02440,fund:KBC_PENSION,KBC Pension Savings Fund,funds,16.2656,0
SIM02440,stock:UCB,UCB,stocks,3.5789,0
SIM02441,bond:OLO_2034,Belgian OLO 2034,bonds,2148.202,0
SIM02441,fund:KBC_PENSION,KBC Pension Savings Fund,funds,971.7433,0
SIM02441,stock:NVDA,Nvidia,stocks,58.9291,0
SIM02441,stock:UCB,UCB,stocks,387.1651,0
SIM02441,stock:MSFT,Microsoft,stocks,900.0198,0
SIM02441,bond:EU_2030,EU Bond 2030,bonds,211.2906,0
SIM02442,etf:IWDA,iShares MSCI World ETF,etf,1816.589,0
SIM02442,stock:ABI,AB InBev,stocks,103.7348,0
SIM02442,stock:ASML,ASML Holding,stocks,36.7726,0
SIM02442,fund:KBC_TECH,KBC Equity Fund Technology,funds,118.6809,0
SIM02442,fund:KBC_PENSION,KBC Pension Savings Fund,funds,135.65,0
SIM02442,bond:OLO_2034,Belgian OLO 2034,bonds,38.2612,0
SIM02443,stock:KBC,KBC Group,stocks,6.1433,0
SIM02443,bond:OLO_2034,Belgian OLO 2034,bonds,3.7359,0
SIM02443,stock:ABI,AB InBev,stocks,1.786,0
SIM02443,fund:KBC_PENSION,KBC Pension Savings Fund,funds,1.9819,0
SIM02445,stock:MSFT,Microsoft,stocks,17.3676,0
SIM02445,etf:VWCE,Vanguard FTSE All-World ETF,etf,56.9159,0
SIM02445,stock:NVDA,Nvidia,stocks,21.8231,0
SIM02445,stock:ABI,AB InBev,stocks,13.5896,0
SIM02445,bond:OLO_2034,Belgian OLO 2034,bonds,144.0122,0
SIM02446,etf:IWDA,iShares MSCI World ETF,etf,83.1395,0
SIM02446,stock:UCB,UCB,stocks,13.9835,0
SIM02446,fund:KBC_ECO,KBC Eco Fund,funds,69.2086,0
SIM02446,bond:EU_2030,EU Bond 2030,bonds,30.7275,0
SIM02449,fund:KBC_TECH,KBC Equity Fund Technology,funds,104.162,22
SIM02450,stock:ABI,AB InBev,stocks,294.5308,0
SIM02450,etf:IWDA,iShares MSCI World ETF,etf,19277.6997,0
SIM02450,fund:KBC_ECO,KBC Eco Fund,funds,14.922,19
SIM02451,stock:KBC,KBC Group,stocks,732.1914,0
SIM02451,stock:ABI,AB InBev,stocks,79.6578,0
SIM02451,stock:ASML,ASML Holding,stocks,626.6616,0
SIM02451,stock:MSFT,Microsoft,stocks,2526.6088,0
SIM02451,fund:KBC_PENSION,KBC Pension Savings Fund,funds,872.881,0
SIM02451,etf:VWCE,Vanguard FTSE All-World ETF,etf,1392.6512,0
SIM02451,fund:KBC_PENSION,KBC Pension Savings Fund,funds,59.2927,7
SIM02453,stock:NVDA,Nvidia,stocks,31.8459,0
SIM02453,bond:EU_2030,EU Bond 2030,bonds,17.2473,0
SIM02453,stock:SOLB,Solvay,stocks,1.0309,0
SIM02456,fund:KBC_PENSION,KBC Pension Savings Fund,funds,58.1038,0
SIM02456,bond:EU_2030,EU Bond 2030,bonds,790.8977,0
SIM02456,stock:SOLB,Solvay,stocks,4142.3827,0
SIM02456,bond:OLO_2034,Belgian OLO 2034,bonds,612.504,0
SIM02456,etf:IWDA,iShares MSCI World ETF,etf,10012.3563,0
SIM02456,fund:KBC_ECO,KBC Eco Fund,funds,73.4569,11
SIM02457,stock:NVDA,Nvidia,stocks,490.4488,0
SIM02457,bond:OLO_2034,Belgian OLO 2034,bonds,963.3542,0
SIM02457,stock:SOLB,Solvay,stocks,606.6704,0
SIM02457,stock:ABI,AB InBev,stocks,154.7297,0
SIM02457,etf:IWDA,iShares MSCI World ETF,etf,4340.2188,0
SIM02458,fund:KBC_ECO,KBC Eco Fund,funds,4.3256,0
SIM02458,stock:KBC,KBC Group,stocks,139.8869,0
SIM02458,stock:ABI,AB InBev,stocks,86.5455,0
SIM02458,fund:KBC_ECO,KBC Eco Fund,funds,29.6654,16
SIM02465,stock:AAPL,Apple,stocks,1.1604,0
SIM02465,etf:VWCE,Vanguard FTSE All-World ETF,etf,4.4528,0
SIM02467,stock:KBC,KBC Group,stocks,529.0981,0
SIM02467,stock:ASML,ASML Holding,stocks,7.7522,0
SIM02467,stock:UCB,UCB,stocks,46.9072,0
SIM02467,etf:VWCE,Vanguard FTSE All-World ETF,etf,8.0744,0
SIM02467,bond:EU_2030,EU Bond 2030,bonds,0.3326,0
SIM02468,fund:KBC_TECH,KBC Equity Fund Technology,funds,18.435,0
SIM02468,etf:IWDA,iShares MSCI World ETF,etf,29.7793,0
SIM02468,stock:AAPL,Apple,stocks,44.9491,0
SIM02469,fund:KBC_PENSION,KBC Pension Savings Fund,funds,4957.3611,0
SIM02469,stock:ABI,AB InBev,stocks,246.0151,0
SIM02469,stock:MSFT,Microsoft,stocks,1559.4804,0
SIM02469,etf:VWCE,Vanguard FTSE All-World ETF,etf,490.8536,0
SIM02469,fund:KBC_TECH,KBC Equity Fund Technology,funds,79.855,14
SIM02470,etf:VWCE,Vanguard FTSE All-World ETF,etf,269.2157,0
SIM02470,fund:KBC_TECH,KBC Equity Fund Technology,funds,2062.9113,0
SIM02470,stock:AAPL,Apple,stocks,714.8007,0
SIM02470,stock:NVDA,Nvidia,stocks,43.9281,0
SIM02470,fund:KBC_ECO,KBC Eco Fund,funds,19.0107,7
SIM02474,stock:SOLB,Solvay,stocks,259.1906,0
SIM02474,etf:IWDA,iShares MSCI World ETF,etf,40.3837,0
SIM02474,fund:KBC_TECH,KBC Equity Fund Technology,funds,112.6845,0
SIM02477,fund:KBC_TECH,KBC Equity Fund Technology,funds,63.3773,0
SIM02477,stock:UCB,UCB,stocks,19.4974,0
SIM02478,stock:NVDA,Nvidia,stocks,269.4778,0
SIM02478,etf:VWCE,Vanguard FTSE All-World ETF,etf,1231.6222,0
SIM02478,stock:ASML,ASML Holding,stocks,721.5707,0
SIM02478,stock:AAPL,Apple,stocks,2843.9651,0
SIM02481,stock:ASML,ASML Holding,stocks,33.9436,0
SIM02481,stock:AAPL,Apple,stocks,184.1565,0
SIM02481,stock:NVDA,Nvidia,stocks,6.2346,0
SIM02481,stock:SOLB,Solvay,stocks,85.0619,0
SIM02481,stock:MSFT,Microsoft,stocks,141.319,0
SIM02481,stock:UCB,UCB,stocks,48.4768,0
SIM02482,stock:KBC,KBC Group,stocks,6227.8092,0
SIM02482,stock:NVDA,Nvidia,stocks,549.8491,0
SIM02482,fund:KBC_TECH,KBC Equity Fund Technology,funds,67.2933,15
SIM02487,fund:KBC_PENSION,KBC Pension Savings Fund,funds,75.2415,0
SIM02487,stock:MSFT,Microsoft,stocks,2.688,0
SIM02487,bond:OLO_2034,Belgian OLO 2034,bonds,199.2807,0
SIM02489,stock:KBC,KBC Group,stocks,17.6447,0
SIM02489,etf:IWDA,iShares MSCI World ETF,etf,106.8159,0
SIM02489,stock:NVDA,Nvidia,stocks,25.9446,0
SIM02489,etf:VWCE,Vanguard FTSE All-World ETF,etf,10.8122,0
SIM02489,stock:ABI,AB InBev,stocks,21.3771,0
SIM02491,stock:NVDA,Nvidia,stocks,26.2055,0
SIM02491,bond:EU_2030,EU Bond 2030,bonds,23.2037,0
SIM02491,fund:KBC_PENSION,KBC Pension Savings Fund,funds,51.7974,0
SIM02491,stock:MSFT,Microsoft,stocks,36.9675,0
SIM02491,etf:VWCE,Vanguard FTSE All-World ETF,etf,137.669,0
SIM02491,stock:KBC,KBC Group,stocks,84.1883,0
SIM02492,stock:MSFT,Microsoft,stocks,389.1518,0
SIM02492,stock:ASML,ASML Holding,stocks,227.275,0
SIM02492,stock:ABI,AB InBev,stocks,47.3115,0
SIM02492,bond:EU_2030,EU Bond 2030,bonds,196.7538,0
SIM02492,fund:KBC_PENSION,KBC Pension Savings Fund,funds,302.8019,0
SIM02492,stock:AAPL,Apple,stocks,261.8754,0
SIM02492,fund:KBC_PENSION,KBC Pension Savings Fund,funds,46.762,19
SIM02493,stock:SOLB,Solvay,stocks,368.205,0
SIM02493,fund:KBC_TECH,KBC Equity Fund Technology,funds,1293.3047,0
SIM02493,stock:ASML,ASML Holding,stocks,330.3006,0
SIM02496,bond:OLO_2034,Belgian OLO 2034,bonds,2401.5862,0
SIM02496,stock:SOLB,Solvay,stocks,1313.8494,0
SIM02496,stock:MSFT,Microsoft,stocks,660.7912,0
SIM02497,stock:SOLB,Solvay,stocks,367.2387,0
SIM02497,etf:IWDA,iShares MSCI World ETF,etf,11456.0635,0
SIM02497,bond:EU_2030,EU Bond 2030,bonds,1303.4513,0
SIM02497,stock:ABI,AB InBev,stocks,364.7305,0
SIM02497,fund:KBC_TECH,KBC Equity Fund Technology,funds,41.2637,3
SIM02498,fund:KBC_PENSION,KBC Pension Savings Fund,funds,1133.9313,0
SIM02498,fund:KBC_TECH,KBC Equity Fund Technology,funds,899.4055,0
SIM02502,stock:UCB,UCB,stocks,35.879,0
SIM02502,fund:KBC_TECH,KBC Equity Fund Technology,funds,400.84,0
SIM02502,bond:OLO_2034,Belgian OLO 2034,bonds,10653.5724,0
SIM02502,fund:KBC_ECO,KBC Eco Fund,funds,50.4274,7
SIM02503,fund:KBC_ECO,KBC Eco Fund,funds,9.6682,0
SIM02503,bond:OLO_2034,Belgian OLO 2034,bonds,147.3378,0
SIM02503,bond:EU_2030,EU Bond 2030,bonds,4.1813,0
SIM02503,stock:MSFT,Microsoft,stocks,160.4462,0
SIM02503,stock:ASML,ASML Holding,stocks,29.1483,0
SIM02503,fund:KBC_TECH,KBC Equity Fund Technology,funds,51.199,10
SIM02504,stock:UCB,UCB,stocks,406.9834,0
SIM02504,stock:SOLB,Solvay,stocks,673.2677,0
SIM02504,etf:VWCE,Vanguard FTSE All-World ETF,etf,493.3593,0
SIM02504,fund:KBC_ECO,KBC Eco Fund,funds,320.404,0
SIM02504,fund:KBC_TECH,KBC Equity Fund Technology,funds,88.4743,7
SIM02506,fund:KBC_PENSION,KBC Pension Savings Fund,funds,2953.0814,0
SIM02506,bond:EU_2030,EU Bond 2030,bonds,12.8451,0
SIM02506,stock:ABI,AB InBev,stocks,352.5054,0
SIM02506,fund:KBC_ECO,KBC Eco Fund,funds,56.8712,23
SIM02508,stock:UCB,UCB,stocks,435.5283,0
SIM02508,fund:KBC_TECH,KBC Equity Fund Technology,funds,206.532,0
SIM02508,stock:SOLB,Solvay,stocks,330.6064,0
SIM02508,stock:ABI,AB InBev,stocks,56.3227,0
SIM02508,stock:KBC,KBC Group,stocks,4407.3321,0
SIM02508,fund:KBC_ECO,KBC Eco Fund,funds,1078.0102,0
SIM02508,fund:KBC_ECO,KBC Eco Fund,funds,38.6245,22
SIM02511,stock:KBC,KBC Group,stocks,69.3551,0
SIM02511,etf:VWCE,Vanguard FTSE All-World ETF,etf,17.3206,0
SIM02511,stock:AAPL,Apple,stocks,388.1123,0
SIM02511,fund:KBC_PENSION,KBC Pension Savings Fund,funds,26.9222,0
SIM02511,bond:OLO_2034,Belgian OLO 2034,bonds,71.9722,0
SIM02515,bond:EU_2030,EU Bond 2030,bonds,36.3789,0
SIM02515,stock:KBC,KBC Group,stocks,103.7198,0
SIM02515,fund:KBC_PENSION,KBC Pension Savings Fund,funds,80.8617,0
SIM02517,fund:KBC_ECO,KBC Eco Fund,funds,39.6841,6
SIM02519,stock:NVDA,Nvidia,stocks,272.9296,0
SIM02519,etf:VWCE,Vanguard FTSE All-World ETF,etf,114.8357,0
SIM02519,fund:KBC_TECH,KBC Equity Fund Technology,funds,1904.8381,0
SIM02519,fund:KBC_PENSION,KBC Pension Savings Fund,funds,13.1168,5
SIM02523,stock:NVDA,Nvidia,stocks,510.4604,0
SIM02523,stock:MSFT,Microsoft,stocks,483.3274,0
SIM02523,etf:VWCE,Vanguard FTSE All-World ETF,etf,248.493,0
SIM02523,etf:IWDA,iShares MSCI World ETF,etf,1117.4889,0
SIM02523,stock:ABI,AB InBev,stocks,96.563,0
SIM02523,fund:KBC_PENSION,KBC Pension Savings Fund,funds,84.488,22
SIM02525,fund:KBC_PENSION,KBC Pension Savings Fund,funds,14.4601,0
SIM02525,stock:UCB,UCB,stocks,6.5083,0
SIM02525,etf:IWDA,iShares MSCI World ETF,etf,94.6316,0
SIM02525,etf:VWCE,Vanguard FTSE All-World ETF,etf,12.4305,0
SIM02525,stock:ASML,ASML Holding,stocks,22.2479,0
SIM02528,bond:EU_2030,EU Bond 2030,bonds,1.1395,0
SIM02528,bond:OLO_2034,Belgian OLO 2034,bonds,4.5812,0
SIM02528,stock:SOLB,Solvay,stocks,6.7808,0
SIM02528,stock:MSFT,Microsoft,stocks,32.179,0
SIM02531,stock:MSFT,Microsoft,stocks,1316.0695,0
SIM02531,etf:VWCE,Vanguard FTSE All-World ETF,etf,492.628,0
SIM02531,bond:OLO_2034,Belgian OLO 2034,bonds,27.8577,0
SIM02531,stock:SOLB,Solvay,stocks,359.7091,0
SIM02532,etf:IWDA,iShares MSCI World ETF,etf,153.2816,0
SIM02532,stock:AAPL,Apple,stocks,43.8767,0
SIM02536,stock:ASML,ASML Holding,stocks,62.1779,0
SIM02536,stock:SOLB,Solvay,stocks,98.5839,0
SIM02536,fund:KBC_PENSION,KBC Pension Savings Fund,funds,98.3918,0
SIM02538,stock:NVDA,Nvidia,stocks,23.5691,0
SIM02538,stock:ABI,AB InBev,stocks,95.8389,0
SIM02538,stock:UCB,UCB,stocks,5.0508,0
SIM02540,stock:UCB,UCB,stocks,1500.1035,0
SIM02540,fund:KBC_ECO,KBC Eco Fund,funds,1539.5872,0
SIM02540,stock:KBC,KBC Group,stocks,1730.4219,0
SIM02541,fund:KBC_PENSION,KBC Pension Savings Fund,funds,38.0824,0
SIM02541,fund:KBC_ECO,KBC Eco Fund,funds,76.6392,0
SIM02541,stock:KBC,KBC Group,stocks,76.2388,0
SIM02542,stock:UCB,UCB,stocks,13.4339,0
SIM02542,fund:KBC_PENSION,KBC Pension Savings Fund,funds,169.4035,0
SIM02546,stock:AAPL,Apple,stocks,2.3562,0
SIM02546,bond:EU_2030,EU Bond 2030,bonds,4.8666,0
SIM02546,etf:IWDA,iShares MSCI World ETF,etf,5.5491,0
SIM02546,fund:KBC_ECO,KBC Eco Fund,funds,65.729,15
SIM02550,fund:KBC_TECH,KBC Equity Fund Technology,funds,1.4361,0
SIM02550,etf:VWCE,Vanguard FTSE All-World ETF,etf,1.2497,0
SIM02550,bond:EU_2030,EU Bond 2030,bonds,0.0568,0
SIM02550,fund:KBC_PENSION,KBC Pension Savings Fund,funds,2.3286,0
SIM02550,stock:KBC,KBC Group,stocks,6.0584,0
SIM02550,stock:MSFT,Microsoft,stocks,8.2273,0
SIM02553,fund:KBC_ECO,KBC Eco Fund,funds,37.0008,0
SIM02553,bond:OLO_2034,Belgian OLO 2034,bonds,0.3421,0
SIM02553,stock:NVDA,Nvidia,stocks,13.2613,0
SIM02553,stock:ASML,ASML Holding,stocks,17.1621,0
SIM02553,etf:IWDA,iShares MSCI World ETF,etf,59.8257,0
SIM02553,fund:KBC_TECH,KBC Equity Fund Technology,funds,44.1488,16
SIM02556,etf:IWDA,iShares MSCI World ETF,etf,161.9659,0
SIM02556,bond:EU_2030,EU Bond 2030,bonds,19.1357,0
SIM02556,stock:KBC,KBC Group,stocks,158.6084,0
SIM02556,stock:AAPL,Apple,stocks,92.0986,0
SIM02556,stock:SOLB,Solvay,stocks,16.3532,0
SIM02556,etf:VWCE,Vanguard FTSE All-World ETF,etf,34.1188,0
SIM02556,fund:KBC_PENSION,KBC Pension Savings Fund,funds,22.1259,5
SIM02558,stock:ASML,ASML Holding,stocks,1027.3669,0
SIM02558,etf:IWDA,iShares MSCI World ETF,etf,7274.8284,0
SIM02558,stock:UCB,UCB,stocks,428.939,0
SIM02558,stock:SOLB,Solvay,stocks,730.6691,0
SIM02559,stock:ABI,AB InBev,stocks,72.2781,0
SIM02559,stock:KBC,KBC Group,stocks,1441.5555,0
SIM02560,fund:KBC_PENSION,KBC Pension Savings Fund,funds,27.4936,0
SIM02560,stock:AAPL,Apple,stocks,1.7025,0
SIM02560,fund:KBC_TECH,KBC Equity Fund Technology,funds,5.6943,0
SIM02560,bond:OLO_2034,Belgian OLO 2034,bonds,161.2694,0
SIM02560,fund:KBC_PENSION,KBC Pension Savings Fund,funds,167.7259,8
SIM02564,bond:EU_2030,EU Bond 2030,bonds,244.6865,0
SIM02564,fund:KBC_TECH,KBC Equity Fund Technology,funds,158.4189,0
SIM02564,stock:AAPL,Apple,stocks,352.1941,0
SIM02564,stock:NVDA,Nvidia,stocks,25.5459,0
SIM02565,stock:NVDA,Nvidia,stocks,205.7551,0
SIM02565,stock:ASML,ASML Holding,stocks,124.4779,0
SIM02565,bond:EU_2030,EU Bond 2030,bonds,290.5958,0
SIM02565,fund:KBC_ECO,KBC Eco Fund,funds,1362.6297,0
SIM02565,etf:VWCE,Vanguard FTSE All-World ETF,etf,553.3678,0
SIM02565,stock:SOLB,Solvay,stocks,9.8955,0
SIM02565,fund:KBC_ECO,KBC Eco Fund,funds,24.2309,16
SIM02566,stock:UCB,UCB,stocks,11.158,0
SIM02566,stock:SOLB,Solvay,stocks,34.6408,0
SIM02566,stock:MSFT,Microsoft,stocks,61.2101,0
SIM02566,etf:VWCE,Vanguard FTSE All-World ETF,etf,55.202,0
SIM02566,stock:NVDA,Nvidia,stocks,4.148,0
SIM02567,stock:AAPL,Apple,stocks,7.9855,0
SIM02567,etf:IWDA,iShares MSCI World ETF,etf,168.1088,0
SIM02567,stock:SOLB,Solvay,stocks,136.6228,0
SIM02567,fund:KBC_TECH,KBC Equity Fund Technology,funds,201.9563,0
SIM02568,stock:MSFT,Microsoft,stocks,13.4675,0
SIM02568,stock:ABI,AB InBev,stocks,531.8788,0
SIM02568,stock:UCB,UCB,stocks,58.6458,0
SIM02568,fund:KBC_ECO,KBC Eco Fund,funds,874.6306,0
SIM02570,etf:VWCE,Vanguard FTSE All-World ETF,etf,48.3995,0
SIM02570,bond:OLO_2034,Belgian OLO 2034,bonds,38.011,0
SIM02570,stock:KBC,KBC Group,stocks,16.8627,0
SIM02574,stock:SOLB,Solvay,stocks,51.9703,0
SIM02574,stock:ASML,ASML Holding,stocks,55.2497,0
SIM02574,fund:KBC_ECO,KBC Eco Fund,funds,24.0706,0
SIM02574,stock:NVDA,Nvidia,stocks,9.9155,0
SIM02574,fund:KBC_TECH,KBC Equity Fund Technology,funds,60.8746,0
SIM02577,fund:KBC_TECH,KBC Equity Fund Technology,funds,103.8511,14
SIM02578,etf:VWCE,Vanguard FTSE All-World ETF,etf,140.1573,0
SIM02578,stock:SOLB,Solvay,stocks,26.9178,0
SIM02581,bond:EU_2030,EU Bond 2030,bonds,26.7425,0
SIM02581,stock:MSFT,Microsoft,stocks,9.6903,0
SIM02581,fund:KBC_TECH,KBC Equity Fund Technology,funds,10.483,0
SIM02581,etf:IWDA,iShares MSCI World ETF,etf,195.0409,0
SIM02581,stock:ASML,ASML Holding,stocks,19.5069,0
SIM02581,etf:VWCE,Vanguard FTSE All-World ETF,etf,5.5623,0
SIM02582,fund:KBC_ECO,KBC Eco Fund,funds,7.5228,0
SIM02582,etf:VWCE,Vanguard FTSE All-World ETF,etf,17.7883,0
SIM02582,stock:AAPL,Apple,stocks,320.0584,0
SIM02582,stock:MSFT,Microsoft,stocks,112.6812,0
SIM02582,fund:KBC_PENSION,KBC Pension Savings Fund,funds,48.5105,0
SIM02582,stock:NVDA,Nvidia,stocks,29.5713,0
SIM02583,bond:EU_2030,EU Bond 2030,bonds,117.4358,0
SIM02583,bond:OLO_2034,Belgian OLO 2034,bonds,124.0958,0
SIM02583,stock:SOLB,Solvay,stocks,517.5446,0
SIM02583,stock:ASML,ASML Holding,stocks,134.3755,0
SIM02583,fund:KBC_TECH,KBC Equity Fund Technology,funds,40.0065,10
SIM02584,etf:VWCE,Vanguard FTSE All-World ETF,etf,1.2386,0
SIM02584,stock:KBC,KBC Group,stocks,16.5501,0
SIM02584,fund:KBC_ECO,KBC Eco Fund,funds,63.1077,0
SIM02584,stock:MSFT,Microsoft,stocks,90.7687,0
SIM02584,fund:KBC_PENSION,KBC Pension Savings Fund,funds,13.8185,0
SIM02584,fund:KBC_TECH,KBC Equity Fund Technology,funds,97.2771,22
SIM02588,stock:SOLB,Solvay,stocks,2.1386,0
SIM02588,stock:AAPL,Apple,stocks,71.3215,0
SIM02588,stock:KBC,KBC Group,stocks,0.5371,0
SIM02590,fund:KBC_PENSION,KBC Pension Savings Fund,funds,672.3674,0
SIM02590,stock:SOLB,Solvay,stocks,851.8435,0
SIM02590,bond:EU_2030,EU Bond 2030,bonds,705.0887,0
SIM02590,etf:VWCE,Vanguard FTSE All-World ETF,etf,714.5667,0
SIM02593,stock:ABI,AB InBev,stocks,24.2216,0
SIM02593,fund:KBC_PENSION,KBC Pension Savings Fund,funds,19.9268,0
SIM02593,stock:UCB,UCB,stocks,32.8072,0
SIM02593,bond:EU_2030,EU Bond 2030,bonds,44.4112,0
SIM02595,fund:KBC_TECH,KBC Equity Fund Technology,funds,575.6929,0
SIM02595,stock:AAPL,Apple,stocks,107.2489,0
SIM02595,etf:VWCE,Vanguard FTSE All-World ETF,etf,89.3814,0
SIM02595,fund:KBC_ECO,KBC Eco Fund,funds,128.4084,0
SIM02595,fund:KBC_ECO,KBC Eco Fund,funds,58.5891,22
SIM02596,bond:EU_2030,EU Bond 2030,bonds,9.3412,0
SIM02596,stock:AAPL,Apple,stocks,173.2639,0
SIM02596,stock:SOLB,Solvay,stocks,356.1651,0
SIM02596,stock:ASML,ASML Holding,stocks,318.2951,0
SIM02596,stock:ABI,AB InBev,stocks,58.8637,0
SIM02596,fund:KBC_PENSION,KBC Pension Savings Fund,funds,359.9636,0
SIM02596,fund:KBC_PENSION,KBC Pension Savings Fund,funds,107.3899,13
SIM02599,fund:KBC_PENSION,KBC Pension Savings Fund,funds,43.7713,16
SIM02600,etf:IWDA,iShares MSCI World ETF,etf,1679.0339,0
SIM02600,stock:ASML,ASML Holding,stocks,44.2924,0
SIM02600,fund:KBC_TECH,KBC Equity Fund Technology,funds,82.0955,4
SIM02602,stock:NVDA,Nvidia,stocks,1.9892,0
SIM02602,stock:ASML,ASML Holding,stocks,5.2839,0
SIM02602,fund:KBC_ECO,KBC Eco Fund,funds,6.305,0
SIM02602,stock:AAPL,Apple,stocks,14.2774,0
SIM02602,stock:KBC,KBC Group,stocks,11.4469,0
SIM02604,bond:EU_2030,EU Bond 2030,bonds,593.9939,0
SIM02604,fund:KBC_PENSION,KBC Pension Savings Fund,funds,391.4732,0
SIM02604,fund:KBC_ECO,KBC Eco Fund,funds,50.025,0
SIM02604,fund:KBC_ECO,KBC Eco Fund,funds,56.057,13
SIM02606,etf:IWDA,iShares MSCI World ETF,etf,334.205,0
SIM02606,fund:KBC_ECO,KBC Eco Fund,funds,23.5832,0
SIM02606,stock:NVDA,Nvidia,stocks,7.3919,0
SIM02606,stock:UCB,UCB,stocks,25.2726,0
SIM02606,stock:ABI,AB InBev,stocks,23.2723,0
SIM02606,stock:ASML,ASML Holding,stocks,10.1853,0
SIM02606,fund:KBC_TECH,KBC Equity Fund Technology,funds,85.2742,3
SIM02608,stock:NVDA,Nvidia,stocks,371.7432,0
SIM02608,stock:ASML,ASML Holding,stocks,335.7492,0
SIM02608,stock:SOLB,Solvay,stocks,1058.781,0
SIM02608,etf:VWCE,Vanguard FTSE All-World ETF,etf,652.6964,0
SIM02608,fund:KBC_ECO,KBC Eco Fund,funds,256.9253,0
SIM02608,fund:KBC_TECH,KBC Equity Fund Technology,funds,108.6955,4
SIM02613,fund:KBC_PENSION,KBC Pension Savings Fund,funds,1264.1322,0
SIM02613,etf:IWDA,iShares MSCI World ETF,etf,2566.6416,0
SIM02613,fund:KBC_TECH,KBC Equity Fund Technology,funds,12.4102,10
SIM02614,fund:KBC_TECH,KBC Equity Fund Technology,funds,70.4821,12
SIM02616,stock:KBC,KBC Group,stocks,165.8039,0
SIM02616,stock:ABI,AB InBev,stocks,8.0557,0
SIM02616,fund:KBC_TECH,KBC Equity Fund Technology,funds,889.4949,0
SIM02616,bond:EU_2030,EU Bond 2030,bonds,329.246,0
SIM02617,fund:KBC_TECH,KBC Equity Fund Technology,funds,51.9404,14
SIM02619,stock:ABI,AB InBev,stocks,151.6212,0
SIM02619,stock:UCB,UCB,stocks,39.4565,0
SIM02620,stock:ASML,ASML Holding,stocks,105.7222,0
SIM02620,stock:KBC,KBC Group,stocks,501.2763,0
SIM02621,etf:IWDA,iShares MSCI World ETF,etf,277.8335,0
SIM02621,stock:ASML,ASML Holding,stocks,19.6197,0
SIM02621,stock:AAPL,Apple,stocks,13.4255,0
SIM02622,fund:KBC_ECO,KBC Eco Fund,funds,324.0084,0
SIM02622,stock:AAPL,Apple,stocks,2086.6731,0
SIM02622,stock:ABI,AB InBev,stocks,49.857,0
SIM02622,stock:MSFT,Microsoft,stocks,6762.5246,0
SIM02622,stock:SOLB,Solvay,stocks,17.4078,0
SIM02622,stock:ASML,ASML Holding,stocks,461.5407,0
SIM02623,etf:VWCE,Vanguard FTSE All-World ETF,etf,976.6028,0
SIM02623,bond:EU_2030,EU Bond 2030,bonds,51.7188,0
SIM02625,fund:KBC_ECO,KBC Eco Fund,funds,2.5059,0
SIM02625,stock:KBC,KBC Group,stocks,13.3738,0
SIM02625,stock:NVDA,Nvidia,stocks,12.3175,0
SIM02625,stock:UCB,UCB,stocks,38.5723,0
SIM02625,bond:OLO_2034,Belgian OLO 2034,bonds,34.2381,0
SIM02625,fund:KBC_PENSION,KBC Pension Savings Fund,funds,100.266,0
SIM02625,fund:KBC_ECO,KBC Eco Fund,funds,21.3531,22
SIM02626,fund:KBC_ECO,KBC Eco Fund,funds,36.6647,3
SIM02627,fund:KBC_TECH,KBC Equity Fund Technology,funds,0.514,0
SIM02627,etf:VWCE,Vanguard FTSE All-World ETF,etf,8.2527,0
SIM02627,etf:IWDA,iShares MSCI World ETF,etf,92.0818,0
SIM02631,bond:EU_2030,EU Bond 2030,bonds,71.6306,0
SIM02631,stock:KBC,KBC Group,stocks,837.934,0
SIM02631,stock:AAPL,Apple,stocks,633.2798,0
SIM02631,fund:KBC_TECH,KBC Equity Fund Technology,funds,26.6768,23
SIM02632,stock:KBC,KBC Group,stocks,102.013,0
SIM02632,etf:IWDA,iShares MSCI World ETF,etf,203.0239,0
SIM02632,bond:EU_2030,EU Bond 2030,bonds,31.224,0
SIM02634,etf:IWDA,iShares MSCI World ETF,etf,126.9563,0
SIM02634,fund:KBC_ECO,KBC Eco Fund,funds,0.8282,0
SIM02634,stock:KBC,KBC Group,stocks,26.8992,0
SIM02634,stock:ASML,ASML Holding,stocks,4.3027,0
SIM02634,fund:KBC_TECH,KBC Equity Fund Technology,funds,113.0134,3
SIM02636,stock:UCB,UCB,stocks,6.7471,0
SIM02636,etf:IWDA,iShares MSCI World ETF,etf,33.7314,0
SIM02636,fund:KBC_ECO,KBC Eco Fund,funds,0.5692,0
SIM02637,stock:NVDA,Nvidia,stocks,10.8257,0
SIM02637,stock:AAPL,Apple,stocks,134.253,0
SIM02637,stock:UCB,UCB,stocks,0.2221,0
SIM02637,fund:KBC_ECO,KBC Eco Fund,funds,5.7999,0
SIM02638,stock:AAPL,Apple,stocks,22.8912,0
SIM02638,bond:OLO_2034,Belgian OLO 2034,bonds,136.6485,0
SIM02638,fund:KBC_ECO,KBC Eco Fund,funds,39.504,0
SIM02638,fund:KBC_TECH,KBC Equity Fund Technology,funds,17.6459,0
SIM02638,stock:UCB,UCB,stocks,15.2238,0
SIM02638,etf:VWCE,Vanguard FTSE All-World ETF,etf,0.8547,0
SIM02642,fund:KBC_PENSION,KBC Pension Savings Fund,funds,170.5612,8
SIM02645,fund:KBC_TECH,KBC Equity Fund Technology,funds,123.1442,15
SIM02648,bond:EU_2030,EU Bond 2030,bonds,88.1354,0
SIM02648,etf:VWCE,Vanguard FTSE All-World ETF,etf,95.1309,0
SIM02652,fund:KBC_ECO,KBC Eco Fund,funds,35.621,8
SIM02653,stock:ABI,AB InBev,stocks,227.5304,0
SIM02653,stock:ASML,ASML Holding,stocks,390.0621,0
SIM02653,fund:KBC_TECH,KBC Equity Fund Technology,funds,1614.4651,0
SIM02653,stock:KBC,KBC Group,stocks,641.9737,0
SIM02655,stock:ASML,ASML Holding,stocks,22.3693,0
SIM02655,stock:MSFT,Microsoft,stocks,5670.3605,0
SIM02655,stock:AAPL,Apple,stocks,1501.5845,0
SIM02656,bond:OLO_2034,Belgian OLO 2034,bonds,31.307,0
SIM02656,bond:EU_2030,EU Bond 2030,bonds,14.4359,0
SIM02656,stock:MSFT,Microsoft,stocks,65.4817,0
SIM02656,etf:IWDA,iShares MSCI World ETF,etf,87.7886,0
SIM02658,stock:MSFT,Microsoft,stocks,567.6383,0
SIM02658,fund:KBC_ECO,KBC Eco Fund,funds,666.1907,0
SIM02661,etf:VWCE,Vanguard FTSE All-World ETF,etf,2.8446,0
SIM02661,stock:ASML,ASML Holding,stocks,0.6719,0
SIM02661,bond:EU_2030,EU Bond 2030,bonds,1.2072,0
SIM02661,bond:OLO_2034,Belgian OLO 2034,bonds,19.9711,0
SIM02661,stock:KBC,KBC Group,stocks,22.8476,0
SIM02662,stock:SOLB,Solvay,stocks,549.052,0
SIM02662,stock:ASML,ASML Holding,stocks,56.3962,0
SIM02664,stock:SOLB,Solvay,stocks,836.7422,0
SIM02664,fund:KBC_TECH,KBC Equity Fund Technology,funds,38.2174,0
SIM02664,etf:VWCE,Vanguard FTSE All-World ETF,etf,414.956,0
SIM02664,stock:NVDA,Nvidia,stocks,392.0983,0
SIM02664,etf:IWDA,iShares MSCI World ETF,etf,6369.5477,0
SIM02664,fund:KBC_PENSION,KBC Pension Savings Fund,funds,487.3293,0
SIM02665,bond:EU_2030,EU Bond 2030,bonds,10.4732,0
SIM02665,stock:AAPL,Apple,stocks,0.1375,0
SIM02665,etf:IWDA,iShares MSCI World ETF,etf,450.3912,0
SIM02667,stock:ABI,AB InBev,stocks,517.0255,0
SIM02667,etf:VWCE,Vanguard FTSE All-World ETF,etf,764.4666,0
SIM02667,stock:NVDA,Nvidia,stocks,265.2626,0
SIM02667,etf:IWDA,iShares MSCI World ETF,etf,826.6499,0
SIM02669,stock:SOLB,Solvay,stocks,865.1372,0
SIM02669,etf:VWCE,Vanguard FTSE All-World ETF,etf,1524.7212,0
SIM02669,bond:OLO_2034,Belgian OLO 2034,bonds,273.7748,0
SIM02669,stock:NVDA,Nvidia,stocks,76.6629,0
SIM02674,etf:VWCE,Vanguard FTSE All-World ETF,etf,96.4732,0
SIM02674,bond:EU_2030,EU Bond 2030,bonds,46.536,0
SIM02675,fund:KBC_ECO,KBC Eco Fund,funds,632.2673,0
SIM02675,stock:UCB,UCB,stocks,942.832,0
SIM02675,fund:KBC_TECH,KBC Equity Fund Technology,funds,965.8532,0
SIM02676,bond:OLO_2034,Belgian OLO 2034,bonds,1180.6653,0
SIM02676,etf:VWCE,Vanguard FTSE All-World ETF,etf,322.9849,0
SIM02676,fund:KBC_ECO,KBC Eco Fund,funds,508.9292,0
SIM02676,stock:AAPL,Apple,stocks,2195.2254,0
SIM02676,stock:NVDA,Nvidia,stocks,289.4888,0
SIM02682,stock:MSFT,Microsoft,stocks,90.1475,0
SIM02682,stock:SOLB,Solvay,stocks,67.9482,0
SIM02683,fund:KBC_TECH,KBC Equity Fund Technology,funds,943.6919,0
SIM02683,fund:KBC_ECO,KBC Eco Fund,funds,173.1442,0
SIM02683,stock:MSFT,Microsoft,stocks,1328.9568,0
SIM02683,stock:ABI,AB InBev,stocks,51.1087,0
SIM02683,stock:KBC,KBC Group,stocks,2360.7572,0
SIM02683,fund:KBC_PENSION,KBC Pension Savings Fund,funds,67.1382,13
SIM02684,fund:KBC_PENSION,KBC Pension Savings Fund,funds,7.6909,0
SIM02684,stock:AAPL,Apple,stocks,477.8938,0
SIM02684,fund:KBC_PENSION,KBC Pension Savings Fund,funds,33.1576,7
SIM02685,fund:KBC_ECO,KBC Eco Fund,funds,4.4384,8
SIM02689,bond:OLO_2034,Belgian OLO 2034,bonds,236.6091,0
SIM02689,stock:ASML,ASML Holding,stocks,2.4391,0
SIM02689,fund:KBC_ECO,KBC Eco Fund,funds,20.9554,0
SIM02693,stock:SOLB,Solvay,stocks,1056.8542,0
SIM02693,fund:KBC_ECO,KBC Eco Fund,funds,886.9256,0
SIM02693,bond:EU_2030,EU Bond 2030,bonds,13.8824,0
SIM02693,stock:ABI,AB InBev,stocks,814.0034,0
SIM02693,etf:IWDA,iShares MSCI World ETF,etf,8430.1394,0
SIM02695,stock:ABI,AB InBev,stocks,1.8263,0
SIM02695,stock:ASML,ASML Holding,stocks,12.9315,0
SIM02695,bond:EU_2030,EU Bond 2030,bonds,47.9519,0
SIM02695,fund:KBC_ECO,KBC Eco Fund,funds,32.9266,17
SIM02696,stock:MSFT,Microsoft,stocks,840.9868,0
SIM02696,fund:KBC_ECO,KBC Eco Fund,funds,26.5391,0
SIM02696,etf:IWDA,iShares MSCI World ETF,etf,1497.2132,0
SIM02696,fund:KBC_PENSION,KBC Pension Savings Fund,funds,540.0296,0
SIM02696,stock:KBC,KBC Group,stocks,2113.1125,0
SIM02698,etf:VWCE,Vanguard FTSE All-World ETF,etf,19.3189,0
SIM02698,fund:KBC_PENSION,KBC Pension Savings Fund,funds,105.3204,0
SIM02698,fund:KBC_PENSION,KBC Pension Savings Fund,funds,98.7395,13
SIM02699,fund:KBC_ECO,KBC Eco Fund,funds,2.152,0
SIM02699,bond:OLO_2034,Belgian OLO 2034,bonds,123.3998,0
SIM02699,fund:KBC_PENSION,KBC Pension Savings Fund,funds,145.2032,7
SIM02700,stock:AAPL,Apple,stocks,15.7496,0
SIM02700,etf:IWDA,iShares MSCI World ETF,etf,2.258,0
SIM02700,stock:UCB,UCB,stocks,0.2769,0
SIM02700,fund:KBC_TECH,KBC Equity Fund Technology,funds,8.7126,0
SIM02700,stock:KBC,KBC Group,stocks,2.1358,0
SIM02700,bond:OLO_2034,Belgian OLO 2034,bonds,21.3216,0
SIM02702,fund:KBC_PENSION,KBC Pension Savings Fund,funds,47.3268,0
SIM02702,etf:VWCE,Vanguard FTSE All-World ETF,etf,3.2935,0
SIM02702,stock:ABI,AB InBev,stocks,1.6766,0
SIM02702,stock:MSFT,Microsoft,stocks,13.9757,0
SIM02702,bond:EU_2030,EU Bond 2030,bonds,4.5977,0
SIM02703,fund:KBC_TECH,KBC Equity Fund Technology,funds,705.4107,0
SIM02703,stock:MSFT,Microsoft,stocks,2991.6744,0
SIM02703,fund:KBC_ECO,KBC Eco Fund,funds,1123.4328,0
SIM02703,fund:KBC_TECH,KBC Equity Fund Technology,funds,101.1386,8
SIM02704,stock:MSFT,Microsoft,stocks,1257.2077,0
SIM02704,fund:KBC_TECH,KBC Equity Fund Technology,funds,1023.7685,0
SIM02704,fund:KBC_TECH,KBC Equity Fund Technology,funds,81.8667,5
SIM02705,etf:VWCE,Vanguard FTSE All-World ETF,etf,465.6359,0
SIM02705,stock:AAPL,Apple,stocks,2363.2447,0
SIM02705,etf:IWDA,iShares MSCI World ETF,etf,6114.4632,0
SIM02705,bond:EU_2030,EU Bond 2030,bonds,350.7113,0
SIM02705,stock:KBC,KBC Group,stocks,449.4636,0
SIM02705,fund:KBC_ECO,KBC Eco Fund,funds,308.0806,0
SIM02706,stock:ASML,ASML Holding,stocks,10.286,0
SIM02706,fund:KBC_PENSION,KBC Pension Savings Fund,funds,20.7575,0
SIM02706,stock:MSFT,Microsoft,stocks,175.3652,0
SIM02709,fund:KBC_ECO,KBC Eco Fund,funds,46.6162,16
SIM02713,fund:KBC_ECO,KBC Eco Fund,funds,2.4189,0
SIM02713,fund:KBC_PENSION,KBC Pension Savings Fund,funds,4.0998,0
SIM02713,stock:SOLB,Solvay,stocks,4.3705,0
SIM02713,stock:ABI,AB InBev,stocks,0.6667,0
SIM02713,fund:KBC_TECH,KBC Equity Fund Technology,funds,3.9231,0
SIM02714,fund:KBC_ECO,KBC Eco Fund,funds,429.4746,0
SIM02714,stock:NVDA,Nvidia,stocks,274.1759,0
SIM02714,stock:SOLB,Solvay,stocks,1323.9399,0
SIM02714,stock:ASML,ASML Holding,stocks,95.5766,0
SIM02714,fund:KBC_TECH,KBC Equity Fund Technology,funds,41.8418,4
SIM02715,etf:VWCE,Vanguard FTSE All-World ETF,etf,558.1319,0
SIM02715,stock:ABI,AB InBev,stocks,277.8666,0
SIM02715,fund:KBC_ECO,KBC Eco Fund,funds,336.8656,0
SIM02715,stock:SOLB,Solvay,stocks,47.6887,0
SIM02715,bond:OLO_2034,Belgian OLO 2034,bonds,395.175,0
SIM02717,stock:MSFT,Microsoft,stocks,5.7862,0
SIM02717,bond:OLO_2034,Belgian OLO 2034,bonds,96.4422,0
SIM02717,stock:SOLB,Solvay,stocks,3.231,0
SIM02717,stock:AAPL,Apple,stocks,30.292,0
SIM02717,stock:UCB,UCB,stocks,4.4342,0
SIM02717,fund:KBC_PENSION,KBC Pension Savings Fund,funds,2.2051,0
SIM02718,etf:VWCE,Vanguard FTSE All-World ETF,etf,34.6296,0
SIM02718,etf:IWDA,iShares MSCI World ETF,etf,9886.283,0
SIM02718,stock:ASML,ASML Holding,stocks,48.4575,0
SIM02718,fund:KBC_PENSION,KBC Pension Savings Fund,funds,1279.799,0
SIM02718,stock:NVDA,Nvidia,stocks,1435.9228,0
SIM02720,stock:AAPL,Apple,stocks,939.4651,0
SIM02720,stock:ASML,ASML Holding,stocks,167.1674,0
SIM02720,fund:KBC_PENSION,KBC Pension Savings Fund,funds,1287.9389,0
SIM02720,stock:KBC,KBC Group,stocks,1266.7835,0
SIM02720,bond:EU_2030,EU Bond 2030,bonds,479.5232,0
SIM02720,stock:MSFT,Microsoft,stocks,1087.7851,0
SIM02721,bond:OLO_2034,Belgian OLO 2034,bonds,674.6605,0
SIM02721,bond:EU_2030,EU Bond 2030,bonds,257.9892,0
SIM02721,fund:KBC_TECH,KBC Equity Fund Technology,funds,1003.3141,0
SIM02721,stock:SOLB,Solvay,stocks,0.1247,0
SIM02721,stock:MSFT,Microsoft,stocks,1684.5284,0
SIM02723,fund:KBC_PENSION,KBC Pension Savings Fund,funds,660.1495,0
SIM02723,stock:ABI,AB InBev,stocks,548.3954,0
SIM02723,fund:KBC_TECH,KBC Equity Fund Technology,funds,37.6215,6
SIM02724,bond:EU_2030,EU Bond 2030,bonds,81.4778,0
SIM02724,fund:KBC_ECO,KBC Eco Fund,funds,7.5655,0
SIM02724,etf:VWCE,Vanguard FTSE All-World ETF,etf,9.7514,0
SIM02725,stock:KBC,KBC Group,stocks,22.9498,0
SIM02725,bond:OLO_2034,Belgian OLO 2034,bonds,36.0716,0
SIM02725,stock:MSFT,Microsoft,stocks,42.6732,0
SIM02725,stock:NVDA,Nvidia,stocks,1.1655,0
SIM02726,etf:VWCE,Vanguard FTSE All-World ETF,etf,106.5451,0
SIM02726,stock:MSFT,Microsoft,stocks,688.6934,0
SIM02726,stock:UCB,UCB,stocks,27.1073,0
SIM02727,stock:ABI,AB InBev,stocks,611.5012,0
SIM02727,bond:OLO_2034,Belgian OLO 2034,bonds,7072.0952,0
SIM02727,stock:KBC,KBC Group,stocks,1829.2942,0
SIM02727,stock:AAPL,Apple,stocks,496.7213,0
SIM02727,stock:ASML,ASML Holding,stocks,32.6895,0
SIM02733,stock:MSFT,Microsoft,stocks,543.396,0
SIM02733,etf:IWDA,iShares MSCI World ETF,etf,889.9157,0
SIM02733,bond:OLO_2034,Belgian OLO 2034,bonds,1292.8052,0
SIM02736,stock:SOLB,Solvay,stocks,1.064,0
SIM02736,stock:ABI,AB InBev,stocks,4.9067,0
SIM02736,fund:KBC_TECH,KBC Equity Fund Technology,funds,6.2883,0
SIM02736,bond:OLO_2034,Belgian OLO 2034,bonds,61.7174,0
SIM02736,stock:MSFT,Microsoft,stocks,9.289,0
SIM02738,stock:UCB,UCB,stocks,0.7559,0
SIM02738,stock:ASML,ASML Holding,stocks,5.9604,0
SIM02738,stock:SOLB,Solvay,stocks,49.1698,0
SIM02739,stock:AAPL,Apple,stocks,36.8349,0
SIM02739,etf:IWDA,iShares MSCI World ETF,etf,1827.1824,0
SIM02739,stock:UCB,UCB,stocks,25.253,0
SIM02739,stock:KBC,KBC Group,stocks,40.4988,0
SIM02739,etf:VWCE,Vanguard FTSE All-World ETF,etf,42.4975,0
SIM02740,stock:MSFT,Microsoft,stocks,22.3449,0
SIM02740,stock:NVDA,Nvidia,stocks,1.9603,0
SIM02740,stock:KBC,KBC Group,stocks,36.3638,0
SIM02740,etf:IWDA,iShares MSCI World ETF,etf,92.4747,0
SIM02740,fund:KBC_TECH,KBC Equity Fund Technology,funds,11.2179,0
SIM02740,fund:KBC_PENSION,KBC Pension Savings Fund,funds,67.8275,0
SIM02745,stock:AAPL,Apple,stocks,895.8415,0
SIM02745,stock:UCB,UCB,stocks,229.5046,0
SIM02745,fund:KBC_TECH,KBC Equity Fund Technology,funds,704.2415,0
SIM02745,stock:MSFT,Microsoft,stocks,295.4545,0
SIM02745,fund:KBC_ECO,KBC Eco Fund,funds,12.5102,23
SIM02748,stock:SOLB,Solvay,stocks,28.0612,0
SIM02748,stock:KBC,KBC Group,stocks,10.6988,0
SIM02754,stock:NVDA,Nvidia,stocks,27.8334,0
SIM02754,etf:IWDA,iShares MSCI World ETF,etf,65.1806,0
SIM02754,stock:ABI,AB InBev,stocks,5.1738,0
SIM02755,bond:OLO_2034,Belgian OLO 2034,bonds,298.6095,0
SIM02755,fund:KBC_PENSION,KBC Pension Savings Fund,funds,45.7286,0
SIM02755,stock:SOLB,Solvay,stocks,569.3787,0
SIM02755,fund:KBC_ECO,KBC Eco Fund,funds,402.0472,0
SIM02757,stock:UCB,UCB,stocks,25.1621,0
SIM02757,stock:ABI,AB InBev,stocks,123.1907,0
SIM02757,bond:OLO_2034,Belgian OLO 2034,bonds,364.1694,0
SIM02759,bond:EU_2030,EU Bond 2030,bonds,17.0322,0
SIM02759,fund:KBC_TECH,KBC Equity Fund Technology,funds,10.5568,0
SIM02759,stock:SOLB,Solvay,stocks,65.0872,0
SIM02759,stock:KBC,KBC Group,stocks,6.5295,0
SIM02759,stock:ASML,ASML Holding,stocks,10.1649,0
SIM02764,stock:ASML,ASML Holding,stocks,354.9763,0
SIM02764,stock:UCB,UCB,stocks,687.3847,0
SIM02764,stock:ABI,AB InBev,stocks,40.2074,0
SIM02764,etf:IWDA,iShares MSCI World ETF,etf,3554.6761,0
SIM02764,fund:KBC_TECH,KBC Equity Fund Technology,funds,1304.2863,0
SIM02764,fund:KBC_PENSION,KBC Pension Savings Fund,funds,167.2013,4
SIM02766,stock:NVDA,Nvidia,stocks,33.4485,0
SIM02766,bond:EU_2030,EU Bond 2030,bonds,58.4273,0
SIM02767,fund:KBC_PENSION,KBC Pension Savings Fund,funds,74.6839,10
SIM02768,etf:VWCE,Vanguard FTSE All-World ETF,etf,60.0359,0
SIM02768,bond:OLO_2034,Belgian OLO 2034,bonds,7990.7979,0
SIM02768,stock:UCB,UCB,stocks,375.7117,0
SIM02768,stock:KBC,KBC Group,stocks,119.467,0
SIM02769,stock:KBC,KBC Group,stocks,935.2027,0
SIM02769,etf:VWCE,Vanguard FTSE All-World ETF,etf,250.7306,0
SIM02769,stock:UCB,UCB,stocks,32.1197,0
SIM02769,fund:KBC_ECO,KBC Eco Fund,funds,57.0795,0
SIM02769,etf:IWDA,iShares MSCI World ETF,etf,2935.0239,0
SIM02769,fund:KBC_TECH,KBC Equity Fund Technology,funds,27.715,0
SIM02770,fund:KBC_TECH,KBC Equity Fund Technology,funds,512.7832,0
SIM02770,bond:EU_2030,EU Bond 2030,bonds,108.3627,0
SIM02770,stock:MSFT,Microsoft,stocks,1381.1789,0
SIM02770,stock:ASML,ASML Holding,stocks,1.5478,0
SIM02770,etf:IWDA,iShares MSCI World ETF,etf,642.3256,0
SIM02770,fund:KBC_PENSION,KBC Pension Savings Fund,funds,477.6457,0
SIM02771,fund:KBC_TECH,KBC Equity Fund Technology,funds,43.3811,0
SIM02771,stock:AAPL,Apple,stocks,495.6926,0
SIM02771,stock:UCB,UCB,stocks,4.592,0
SIM02771,stock:KBC,KBC Group,stocks,46.067,0
SIM02771,stock:MSFT,Microsoft,stocks,1209.142,0
SIM02772,fund:KBC_ECO,KBC Eco Fund,funds,58.413,12
SIM02776,bond:OLO_2034,Belgian OLO 2034,bonds,1003.406,0
SIM02776,etf:VWCE,Vanguard FTSE All-World ETF,etf,173.3165,0
SIM02776,etf:IWDA,iShares MSCI World ETF,etf,1360.3362,0
SIM02776,stock:KBC,KBC Group,stocks,188.52,0
SIM02776,stock:SOLB,Solvay,stocks,513.8736,0
SIM02776,fund:KBC_ECO,KBC Eco Fund,funds,59.1717,9
SIM02778,stock:MSFT,Microsoft,stocks,669.3804,0
SIM02778,fund:KBC_PENSION,KBC Pension Savings Fund,funds,22.9851,0
SIM02778,bond:EU_2030,EU Bond 2030,bonds,15.1983,0
SIM02783,bond:EU_2030,EU Bond 2030,bonds,1513.6159,0
SIM02783,stock:ABI,AB InBev,stocks,870.9006,0
SIM02783,fund:KBC_TECH,KBC Equity Fund Technology,funds,642.352,0
SIM02783,stock:UCB,UCB,stocks,151.41,0
SIM02783,fund:KBC_TECH,KBC Equity Fund Technology,funds,58.9256,7
SIM02789,stock:SOLB,Solvay,stocks,63.1538,0
SIM02789,stock:MSFT,Microsoft,stocks,179.5733,0
SIM02789,bond:OLO_2034,Belgian OLO 2034,bonds,29.8582,0
SIM02789,fund:KBC_TECH,KBC Equity Fund Technology,funds,9.3584,20
SIM02790,bond:OLO_2034,Belgian OLO 2034,bonds,3.5723,0
SIM02790,stock:AAPL,Apple,stocks,1.9164,0
SIM02790,stock:NVDA,Nvidia,stocks,0.0007,0
SIM02790,etf:IWDA,iShares MSCI World ETF,etf,5.5546,0
SIM02790,stock:MSFT,Microsoft,stocks,1.3905,0
SIM02791,fund:KBC_ECO,KBC Eco Fund,funds,756.5117,0
SIM02791,stock:NVDA,Nvidia,stocks,139.1468,0
SIM02791,etf:IWDA,iShares MSCI World ETF,etf,3.2034,0
SIM02791,stock:ABI,AB InBev,stocks,19.9157,0
SIM02791,stock:SOLB,Solvay,stocks,20.2741,0
SIM02792,fund:KBC_TECH,KBC Equity Fund Technology,funds,210.8372,0
SIM02792,stock:ASML,ASML Holding,stocks,42.2315,0
SIM02792,stock:SOLB,Solvay,stocks,67.2968,0
SIM02793,stock:KBC,KBC Group,stocks,41.6081,0
SIM02793,stock:AAPL,Apple,stocks,5.0618,0
SIM02793,stock:UCB,UCB,stocks,0.3669,0
SIM02793,stock:SOLB,Solvay,stocks,26.1634,0
SIM02793,stock:ABI,AB InBev,stocks,13.6285,0
SIM02793,stock:ASML,ASML Holding,stocks,3.545,0
SIM02796,stock:KBC,KBC Group,stocks,4143.545,0
SIM02796,etf:IWDA,iShares MSCI World ETF,etf,4297.8194,0
SIM02796,fund:KBC_ECO,KBC Eco Fund,funds,49.9829,17
SIM02797,fund:KBC_ECO,KBC Eco Fund,funds,4.3665,10
SIM02799,stock:AAPL,Apple,stocks,1520.8545,0
SIM02799,fund:KBC_PENSION,KBC Pension Savings Fund,funds,1553.9581,0
SIM02799,etf:IWDA,iShares MSCI World ETF,etf,6955.0064,0
SIM02799,stock:MSFT,Microsoft,stocks,3109.6123,0
SIM02799,stock:UCB,UCB,stocks,139.5216,0
SIM02801,fund:KBC_ECO,KBC Eco Fund,funds,840.8372,0
SIM02801,stock:NVDA,Nvidia,stocks,281.5528,0
SIM02801,etf:VWCE,Vanguard FTSE All-World ETF,etf,871.7493,0
SIM02801,fund:KBC_PENSION,KBC Pension Savings Fund,funds,17.1802,18
SIM02804,fund:KBC_PENSION,KBC Pension Savings Fund,funds,36.4479,13
SIM02806,fund:KBC_TECH,KBC Equity Fund Technology,funds,69.1804,15
SIM02807,stock:AAPL,Apple,stocks,1803.9328,0
SIM02807,fund:KBC_TECH,KBC Equity Fund Technology,funds,1204.9783,0
SIM02807,stock:ABI,AB InBev,stocks,95.3855,0
SIM02807,etf:VWCE,Vanguard FTSE All-World ETF,etf,1612.2978,0
SIM02807,fund:KBC_ECO,KBC Eco Fund,funds,20.6798,20
SIM02809,etf:IWDA,iShares MSCI World ETF,etf,22877.9914,0
SIM02809,bond:EU_2030,EU Bond 2030,bonds,853.564,0
SIM02810,etf:IWDA,iShares MSCI World ETF,etf,76.6452,0
SIM02810,stock:MSFT,Microsoft,stocks,107.5234,0
SIM02810,fund:KBC_TECH,KBC Equity Fund Technology,funds,112.466,20
SIM02811,stock:SOLB,Solvay,stocks,1695.1435,0
SIM02811,stock:AAPL,Apple,stocks,1078.7655,0
SIM02811,etf:VWCE,Vanguard FTSE All-World ETF,etf,836.684,0
SIM02811,fund:KBC_TECH,KBC Equity Fund Technology,funds,318.5433,0
SIM02811,fund:KBC_TECH,KBC Equity Fund Technology,funds,94.8663,23
SIM02812,fund:KBC_TECH,KBC Equity Fund Technology,funds,136.4544,0
SIM02812,fund:KBC_PENSION,KBC Pension Savings Fund,funds,213.8578,0
SIM02812,bond:OLO_2034,Belgian OLO 2034,bonds,190.668,0
SIM02812,stock:AAPL,Apple,stocks,5157.6172,0
SIM02812,stock:ASML,ASML Holding,stocks,481.7592,0
SIM02812,fund:KBC_PENSION,KBC Pension Savings Fund,funds,95.0148,14
SIM02818,etf:VWCE,Vanguard FTSE All-World ETF,etf,58.231,0
SIM02818,stock:SOLB,Solvay,stocks,0.4011,0
SIM02818,stock:ASML,ASML Holding,stocks,8.3082,0
SIM02820,bond:EU_2030,EU Bond 2030,bonds,923.7019,0
SIM02820,fund:KBC_ECO,KBC Eco Fund,funds,1.2075,0
SIM02820,fund:KBC_PENSION,KBC Pension Savings Fund,funds,733.0403,0
SIM02820,stock:ABI,AB InBev,stocks,94.4644,0
SIM02821,fund:KBC_PENSION,KBC Pension Savings Fund,funds,145.0149,20
SIM02825,fund:KBC_PENSION,KBC Pension Savings Fund,funds,100.263,0
SIM02825,stock:MSFT,Microsoft,stocks,17.9403,0
SIM02825,stock:ABI,AB InBev,stocks,75.9873,0
SIM02825,bond:EU_2030,EU Bond 2030,bonds,8.0442,0
SIM02828,stock:KBC,KBC Group,stocks,14.7313,0
SIM02828,stock:ABI,AB InBev,stocks,4.989,0
SIM02829,stock:ABI,AB InBev,stocks,149.7245,0
SIM02829,etf:IWDA,iShares MSCI World ETF,etf,1394.0705,0
SIM02829,etf:VWCE,Vanguard FTSE All-World ETF,etf,158.6182,0
SIM02829,stock:KBC,KBC Group,stocks,4.6196,0
SIM02829,stock:NVDA,Nvidia,stocks,170.0121,0
SIM02829,fund:KBC_PENSION,KBC Pension Savings Fund,funds,77.6138,21
SIM02832,stock:MSFT,Microsoft,stocks,19.8636,0
SIM02832,bond:OLO_2034,Belgian OLO 2034,bonds,429.2227,0
SIM02832,bond:EU_2030,EU Bond 2030,bonds,23.4305,0
SIM02839,fund:KBC_PENSION,KBC Pension Savings Fund,funds,21.5648,6
SIM02840,etf:VWCE,Vanguard FTSE All-World ETF,etf,88.7502,0
SIM02840,bond:EU_2030,EU Bond 2030,bonds,13.9619,0
SIM02840,stock:ABI,AB InBev,stocks,1.8975,0
SIM02840,stock:UCB,UCB,stocks,14.7858,0
SIM02843,fund:KBC_TECH,KBC Equity Fund Technology,funds,1104.1337,0
SIM02843,stock:ABI,AB InBev,stocks,812.2613,0
SIM02843,stock:AAPL,Apple,stocks,856.7621,0
SIM02843,stock:KBC,KBC Group,stocks,1153.4433,0
SIM02844,stock:KBC,KBC Group,stocks,5636.3084,0
SIM02844,bond:OLO_2034,Belgian OLO 2034,bonds,148.9436,0
SIM02844,fund:KBC_TECH,KBC Equity Fund Technology,funds,628.7716,0
SIM02844,stock:NVDA,Nvidia,stocks,683.9001,0
SIM02844,stock:UCB,UCB,stocks,436.5331,0
SIM02844,stock:SOLB,Solvay,stocks,187.8846,0
SIM02844,fund:KBC_TECH,KBC Equity Fund Technology,funds,90.0869,12
SIM02845,stock:MSFT,Microsoft,stocks,3319.8894,0
SIM02845,stock:NVDA,Nvidia,stocks,236.2975,0
SIM02845,bond:EU_2030,EU Bond 2030,bonds,197.8096,0
SIM02845,fund:KBC_ECO,KBC Eco Fund,funds,66.2739,0
SIM02845,fund:KBC_TECH,KBC Equity Fund Technology,funds,588.7087,0
SIM02845,stock:KBC,KBC Group,stocks,1961.8952,0
SIM02845,fund:KBC_PENSION,KBC Pension Savings Fund,funds,30.9133,8
SIM02846,stock:ABI,AB InBev,stocks,265.5159,0
SIM02846,etf:IWDA,iShares MSCI World ETF,etf,14276.8691,0
SIM02846,stock:KBC,KBC Group,stocks,3847.748,0
SIM02847,stock:MSFT,Microsoft,stocks,0.2114,0
SIM02847,stock:ABI,AB InBev,stocks,6.1892,0
SIM02847,fund:KBC_ECO,KBC Eco Fund,funds,6.5098,0
SIM02847,bond:EU_2030,EU Bond 2030,bonds,1.0795,0
SIM02848,stock:UCB,UCB,stocks,83.6736,0
SIM02848,bond:EU_2030,EU Bond 2030,bonds,247.9213,0
SIM02848,stock:KBC,KBC Group,stocks,4027.0891,0
SIM02852,fund:KBC_TECH,KBC Equity Fund Technology,funds,37.5904,0
SIM02852,stock:AAPL,Apple,stocks,100.3706,0
SIM02852,stock:ABI,AB InBev,stocks,34.1032,0
SIM02852,fund:KBC_ECO,KBC Eco Fund,funds,63.2136,20
SIM02853,etf:IWDA,iShares MSCI World ETF,etf,193.0709,0
SIM02853,stock:ABI,AB InBev,stocks,13.8862,0
SIM02853,fund:KBC_ECO,KBC Eco Fund,funds,3.2742,0
SIM02853,bond:EU_2030,EU Bond 2030,bonds,24.5138,0
SIM02853,stock:ASML,ASML Holding,stocks,0.827,0
SIM02853,stock:SOLB,Solvay,stocks,35.4411,0
SIM02853,fund:KBC_PENSION,KBC Pension Savings Fund,funds,116.1111,7
SIM02854,stock:SOLB,Solvay,stocks,1887.4079,0
SIM02854,stock:NVDA,Nvidia,stocks,191.6404,0
SIM02854,fund:KBC_ECO,KBC Eco Fund,funds,63.5431,22
SIM02859,bond:EU_2030,EU Bond 2030,bonds,146.3733,0
SIM02859,fund:KBC_TECH,KBC Equity Fund Technology,funds,425.9599,0
SIM02859,stock:ABI,AB InBev,stocks,486.2695,0
SIM02859,stock:KBC,KBC Group,stocks,2403.6212,0
SIM02859,etf:VWCE,Vanguard FTSE All-World ETF,etf,757.5665,0
SIM02864,fund:KBC_PENSION,KBC Pension Savings Fund,funds,69.0678,0
SIM02864,fund:KBC_TECH,KBC Equity Fund Technology,funds,41.9944,0
SIM02864,etf:VWCE,Vanguard FTSE All-World ETF,etf,3.785,0
SIM02864,stock:AAPL,Apple,stocks,82.6051,0
SIM02864,stock:SOLB,Solvay,stocks,32.38,0
SIM02864,bond:EU_2030,EU Bond 2030,bonds,5.6286,0
SIM02865,fund:KBC_PENSION,KBC Pension Savings Fund,funds,41.7607,0
SIM02865,bond:OLO_2034,Belgian OLO 2034,bonds,128.122,0
SIM02865,stock:MSFT,Microsoft,stocks,263.874,0
SIM02865,fund:KBC_ECO,KBC Eco Fund,funds,58.2544,0
SIM02865,stock:ASML,ASML Holding,stocks,58.3361,0
SIM02867,etf:IWDA,iShares MSCI World ETF,etf,505.1017,0
SIM02867,bond:OLO_2034,Belgian OLO 2034,bonds,60.5771,0
SIM02867,stock:UCB,UCB,stocks,26.2548,0
SIM02867,bond:EU_2030,EU Bond 2030,bonds,52.0337,0
SIM02867,fund:KBC_ECO,KBC Eco Fund,funds,50.4642,0
SIM02869,stock:AAPL,Apple,stocks,42.2466,0
SIM02869,stock:SOLB,Solvay,stocks,291.0221,0
SIM02869,bond:OLO_2034,Belgian OLO 2034,bonds,35.3555,0
SIM02869,stock:KBC,KBC Group,stocks,154.7091,0
SIM02870,fund:KBC_ECO,KBC Eco Fund,funds,0.3333,0
SIM02870,etf:IWDA,iShares MSCI World ETF,etf,86.6674,0
SIM02876,stock:KBC,KBC Group,stocks,683.3467,0
SIM02876,fund:KBC_PENSION,KBC Pension Savings Fund,funds,726.5439,0
SIM02876,stock:ABI,AB InBev,stocks,66.4574,0
SIM02876,bond:OLO_2034,Belgian OLO 2034,bonds,992.9417,0
SIM02876,stock:ASML,ASML Holding,stocks,33.4537,0
SIM02876,fund:KBC_TECH,KBC Equity Fund Technology,funds,17.8856,0
SIM02876,fund:KBC_TECH,KBC Equity Fund Technology,funds,82.2481,13
SIM02878,fund:KBC_ECO,KBC Eco Fund,funds,5.8362,19
SIM02880,bond:EU_2030,EU Bond 2030,bonds,1.1557,0
SIM02880,fund:KBC_ECO,KBC Eco Fund,funds,1.5254,0
SIM02880,fund:KBC_PENSION,KBC Pension Savings Fund,funds,6.4628,0
SIM02880,stock:NVDA,Nvidia,stocks,5.0056,0
SIM02881,stock:KBC,KBC Group,stocks,488.6263,0
SIM02881,fund:KBC_ECO,KBC Eco Fund,funds,1285.261,0
SIM02882,stock:UCB,UCB,stocks,23.9047,0
SIM02882,stock:ABI,AB InBev,stocks,45.3983,0
SIM02882,stock:ASML,ASML Holding,stocks,9.6983,0
SIM02882,etf:IWDA,iShares MSCI World ETF,etf,134.0851,0
SIM02882,bond:OLO_2034,Belgian OLO 2034,bonds,6.8232,0
SIM02882,stock:AAPL,Apple,stocks,10.5757,0
SIM02885,etf:IWDA,iShares MSCI World ETF,etf,273.8555,0
SIM02885,etf:VWCE,Vanguard FTSE All-World ETF,etf,144.9561,0
SIM02885,stock:SOLB,Solvay,stocks,94.7512,0
SIM02888,stock:NVDA,Nvidia,stocks,16.14,0
SIM02888,fund:KBC_PENSION,KBC Pension Savings Fund,funds,9.5801,0
SIM02888,stock:SOLB,Solvay,stocks,43.5442,0
SIM02889,stock:SOLB,Solvay,stocks,3.6957,0
SIM02889,fund:KBC_PENSION,KBC Pension Savings Fund,funds,2.5342,0
SIM02889,bond:EU_2030,EU Bond 2030,bonds,1.1511,0
SIM02889,stock:ABI,AB InBev,stocks,0.2711,0
SIM02889,bond:OLO_2034,Belgian OLO 2034,bonds,2.3001,0
SIM02889,fund:KBC_TECH,KBC Equity Fund Technology,funds,1.1649,0
SIM02891,stock:MSFT,Microsoft,stocks,1272.0429,0
SIM02891,stock:AAPL,Apple,stocks,2629.5639,0
SIM02891,stock:KBC,KBC Group,stocks,143.2236,0
SIM02891,bond:OLO_2034,Belgian OLO 2034,bonds,3185.8126,0
SIM02891,fund:KBC_TECH,KBC Equity Fund Technology,funds,47.1889,19
SIM02894,stock:SOLB,Solvay,stocks,896.2095,0
SIM02894,bond:EU_2030,EU Bond 2030,bonds,93.3956,0
SIM02894,stock:MSFT,Microsoft,stocks,301.3566,0
SIM02895,fund:KBC_PENSION,KBC Pension Savings Fund,funds,601.8132,0
SIM02895,etf:VWCE,Vanguard FTSE All-World ETF,etf,225.9198,0
SIM02895,stock:ASML,ASML Holding,stocks,181.9324,0
SIM02895,stock:NVDA,Nvidia,stocks,375.0345,0
SIM02895,stock:MSFT,Microsoft,stocks,1198.9794,0
SIM02895,fund:KBC_ECO,KBC Eco Fund,funds,23.3472,6
SIM02896,bond:OLO_2034,Belgian OLO 2034,bonds,19.1209,0
SIM02896,etf:IWDA,iShares MSCI World ETF,etf,20.7341,0
SIM02896,stock:UCB,UCB,stocks,3.5009,0
SIM02896,stock:AAPL,Apple,stocks,13.6476,0
SIM02896,stock:NVDA,Nvidia,stocks,0.7931,0
SIM02896,stock:ABI,AB InBev,stocks,0.2419,0
SIM02897,fund:KBC_PENSION,KBC Pension Savings Fund,funds,15.4179,0
SIM02897,stock:AAPL,Apple,stocks,138.355,0
SIM02897,fund:KBC_TECH,KBC Equity Fund Technology,funds,19.2396,5
SIM02898,stock:MSFT,Microsoft,stocks,162.1316,0
SIM02898,stock:SOLB,Solvay,stocks,19.4072,0
SIM02898,stock:AAPL,Apple,stocks,83.9141,0
SIM02898,fund:KBC_ECO,KBC Eco Fund,funds,38.049,0
SIM02898,fund:KBC_TECH,KBC Equity Fund Technology,funds,88.831,0
SIM02903,fund:KBC_TECH,KBC Equity Fund Technology,funds,4.0059,0
SIM02903,stock:SOLB,Solvay,stocks,6.2541,0
SIM02903,stock:UCB,UCB,stocks,2.0813,0
SIM02903,etf:IWDA,iShares MSCI World ETF,etf,46.523,0
SIM02903,stock:KBC,KBC Group,stocks,0.3637,0
SIM02903,stock:ASML,ASML Holding,stocks,3.5964,0
SIM02903,fund:KBC_TECH,KBC Equity Fund Technology,funds,88.5178,3
SIM02906,stock:SOLB,Solvay,stocks,1049.2409,0
SIM02906,etf:IWDA,iShares MSCI World ETF,etf,2295.5751,0
SIM02906,stock:MSFT,Microsoft,stocks,576.5336,0
SIM02906,stock:NVDA,Nvidia,stocks,196.3755,0
SIM02907,bond:OLO_2034,Belgian OLO 2034,bonds,2689.5194,0
SIM02907,stock:ASML,ASML Holding,stocks,43.6791,0
SIM02907,stock:SOLB,Solvay,stocks,113.8967,0
SIM02907,etf:VWCE,Vanguard FTSE All-World ETF,etf,12.2107,0
SIM02909,stock:MSFT,Microsoft,stocks,825.6104,0
SIM02909,bond:EU_2030,EU Bond 2030,bonds,673.27,0
SIM02909,stock:NVDA,Nvidia,stocks,18.6379,0
SIM02909,stock:AAPL,Apple,stocks,2852.6032,0
SIM02909,fund:KBC_PENSION,KBC Pension Savings Fund,funds,152.8738,11
SIM02911,stock:SOLB,Solvay,stocks,1911.0443,0
SIM02911,stock:UCB,UCB,stocks,1743.2003,0
SIM02911,fund:KBC_ECO,KBC Eco Fund,funds,52.3165,23
SIM02912,etf:IWDA,iShares MSCI World ETF,etf,11975.2662,0
SIM02912,stock:ABI,AB InBev,stocks,622.092,0
SIM02912,fund:KBC_TECH,KBC Equity Fund Technology,funds,124.3128,0
SIM02912,stock:MSFT,Microsoft,stocks,2433.1164,0
SIM02912,fund:KBC_ECO,KBC Eco Fund,funds,12.3604,13
SIM02913,fund:KBC_PENSION,KBC Pension Savings Fund,funds,17.7648,0
SIM02913,fund:KBC_TECH,KBC Equity Fund Technology,funds,26.5813,0
SIM02913,fund:KBC_PENSION,KBC Pension Savings Fund,funds,22.2672,7
SIM02916,fund:KBC_TECH,KBC Equity Fund Technology,funds,87.7634,12
SIM02920,bond:OLO_2034,Belgian OLO 2034,bonds,55.8369,0
SIM02920,stock:KBC,KBC Group,stocks,141.0317,0
SIM02920,stock:MSFT,Microsoft,stocks,61.9306,0
SIM02920,stock:UCB,UCB,stocks,32.4553,0
SIM02920,fund:KBC_TECH,KBC Equity Fund Technology,funds,97.744,12
SIM02924,bond:EU_2030,EU Bond 2030,bonds,3.1613,0
SIM02924,fund:KBC_PENSION,KBC Pension Savings Fund,funds,4.8736,0
SIM02924,etf:VWCE,Vanguard FTSE All-World ETF,etf,2.2052,0
SIM02924,stock:SOLB,Solvay,stocks,102.9594,0
SIM02924,bond:OLO_2034,Belgian OLO 2034,bonds,174.7984,0
SIM02924,stock:ABI,AB InBev,stocks,28.1458,0
SIM02924,fund:KBC_TECH,KBC Equity Fund Technology,funds,127.8315,23
SIM02925,fund:KBC_ECO,KBC Eco Fund,funds,140.7862,0
SIM02925,stock:UCB,UCB,stocks,828.8452,0
SIM02925,bond:OLO_2034,Belgian OLO 2034,bonds,440.9462,0
SIM02925,stock:NVDA,Nvidia,stocks,1500.4349,0
SIM02925,fund:KBC_ECO,KBC Eco Fund,funds,38.7142,9
SIM02927,stock:NVDA,Nvidia,stocks,978.269,0
SIM02927,stock:ASML,ASML Holding,stocks,784.385,0
SIM02927,stock:ABI,AB InBev,stocks,362.1873,0
SIM02927,bond:EU_2030,EU Bond 2030,bonds,44.9643,0
SIM02927,fund:KBC_PENSION,KBC Pension Savings Fund,funds,75.0267,16
SIM02931,stock:MSFT,Microsoft,stocks,583.0753,0
SIM02931,stock:UCB,UCB,stocks,220.3645,0
SIM02932,stock:UCB,UCB,stocks,11.3219,0
SIM02932,stock:KBC,KBC Group,stocks,458.0079,0
SIM02932,stock:MSFT,Microsoft,stocks,48.9764,0
SIM02933,fund:KBC_ECO,KBC Eco Fund,funds,284.1592,0
SIM02933,stock:MSFT,Microsoft,stocks,869.2068,0
SIM02933,bond:OLO_2034,Belgian OLO 2034,bonds,2258.1623,0
SIM02933,stock:NVDA,Nvidia,stocks,159.4329,0
SIM02933,etf:IWDA,iShares MSCI World ETF,etf,5731.6191,0
SIM02933,fund:KBC_TECH,KBC Equity Fund Technology,funds,759.8913,0
SIM02936,stock:KBC,KBC Group,stocks,445.727,0
SIM02936,fund:KBC_ECO,KBC Eco Fund,funds,2796.6298,0
SIM02936,fund:KBC_ECO,KBC Eco Fund,funds,61.6704,4
SIM02938,etf:VWCE,Vanguard FTSE All-World ETF,etf,14.2815,0
SIM02938,stock:ASML,ASML Holding,stocks,34.1938,0
SIM02938,bond:EU_2030,EU Bond 2030,bonds,2.0786,0
SIM02938,stock:UCB,UCB,stocks,28.1524,0
SIM02940,stock:NVDA,Nvidia,stocks,165.223,0
SIM02940,etf:VWCE,Vanguard FTSE All-World ETF,etf,127.7019,0
SIM02942,etf:VWCE,Vanguard FTSE All-World ETF,etf,546.1862,0
SIM02942,stock:AAPL,Apple,stocks,1456.6038,0
SIM02942,stock:KBC,KBC Group,stocks,3127.3923,0
SIM02942,stock:NVDA,Nvidia,stocks,100.6942,0
SIM02943,etf:VWCE,Vanguard FTSE All-World ETF,etf,577.0491,0
SIM02943,fund:KBC_PENSION,KBC Pension Savings Fund,funds,696.9831,0
SIM02943,stock:UCB,UCB,stocks,30.982,0
SIM02943,etf:IWDA,iShares MSCI World ETF,etf,1140.0601,0
SIM02943,fund:KBC_TECH,KBC Equity Fund Technology,funds,48.6727,12
SIM02944,stock:UCB,UCB,stocks,0.4684,0
SIM02944,stock:NVDA,Nvidia,stocks,0.9591,0
SIM02944,fund:KBC_TECH,KBC Equity Fund Technology,funds,1.8885,0
SIM02944,stock:AAPL,Apple,stocks,5.0505,0
SIM02945,bond:EU_2030,EU Bond 2030,bonds,539.3672,0
SIM02945,etf:IWDA,iShares MSCI World ETF,etf,3582.0556,0
SIM02945,stock:ABI,AB InBev,stocks,181.013,0
SIM02947,fund:KBC_ECO,KBC Eco Fund,funds,47.6537,0
SIM02947,stock:SOLB,Solvay,stocks,52.2425,0
SIM02947,stock:ABI,AB InBev,stocks,53.2532,0
SIM02947,bond:EU_2030,EU Bond 2030,bonds,70.2934,0
SIM02948,etf:IWDA,iShares MSCI World ETF,etf,97.849,0
SIM02948,bond:EU_2030,EU Bond 2030,bonds,83.7627,0
SIM02948,fund:KBC_PENSION,KBC Pension Savings Fund,funds,19.837,0
SIM02957,stock:SOLB,Solvay,stocks,306.1248,0
SIM02957,fund:KBC_TECH,KBC Equity Fund Technology,funds,23.8826,0
SIM02957,stock:UCB,UCB,stocks,29.574,0
SIM02957,stock:KBC,KBC Group,stocks,55.8395,0
SIM02958,fund:KBC_ECO,KBC Eco Fund,funds,41.3065,16
SIM02962,fund:KBC_ECO,KBC Eco Fund,funds,11.8461,12
SIM02963,fund:KBC_ECO,KBC Eco Fund,funds,119.698,0
SIM02963,stock:MSFT,Microsoft,stocks,67.9819,0
SIM02963,bond:OLO_2034,Belgian OLO 2034,bonds,1845.2832,0
SIM02963,stock:KBC,KBC Group,stocks,61.3539,0
SIM02963,stock:UCB,UCB,stocks,199.0096,0
SIM02963,stock:ASML,ASML Holding,stocks,762.8437,0
SIM02965,bond:OLO_2034,Belgian OLO 2034,bonds,1695.5701,0
SIM02965,bond:EU_2030,EU Bond 2030,bonds,1833.6135,0
SIM02965,fund:KBC_PENSION,KBC Pension Savings Fund,funds,51.6414,12
SIM02969,fund:KBC_ECO,KBC Eco Fund,funds,42.4929,0
SIM02969,stock:KBC,KBC Group,stocks,121.1075,0
SIM02969,bond:OLO_2034,Belgian OLO 2034,bonds,211.8753,0
SIM02969,stock:ABI,AB InBev,stocks,7.4228,0
SIM02970,stock:ABI,AB InBev,stocks,527.8691,0
SIM02970,stock:AAPL,Apple,stocks,157.5459,0
SIM02970,bond:EU_2030,EU Bond 2030,bonds,41.3626,0
SIM02970,etf:IWDA,iShares MSCI World ETF,etf,14755.1289,0
SIM02970,fund:KBC_TECH,KBC Equity Fund Technology,funds,91.6963,8
SIM02973,etf:IWDA,iShares MSCI World ETF,etf,22.389,0
SIM02973,stock:UCB,UCB,stocks,2.1481,0
SIM02973,fund:KBC_PENSION,KBC Pension Savings Fund,funds,0.1667,0
SIM02973,stock:NVDA,Nvidia,stocks,4.8719,0
SIM02977,etf:IWDA,iShares MSCI World ETF,etf,306.2044,0
SIM02977,etf:VWCE,Vanguard FTSE All-World ETF,etf,102.1175,0
SIM02978,fund:KBC_ECO,KBC Eco Fund,funds,3.7277,15
SIM02979,stock:KBC,KBC Group,stocks,933.9117,0
SIM02979,fund:KBC_PENSION,KBC Pension Savings Fund,funds,1146.029,0
SIM02979,fund:KBC_ECO,KBC Eco Fund,funds,660.9973,0
SIM02979,fund:KBC_TECH,KBC Equity Fund Technology,funds,1184.0297,0
SIM02979,stock:NVDA,Nvidia,stocks,69.2885,0
SIM02979,stock:UCB,UCB,stocks,264.3927,0
SIM02979,fund:KBC_PENSION,KBC Pension Savings Fund,funds,70.9331,4
SIM02980,fund:KBC_ECO,KBC Eco Fund,funds,67.5414,16
SIM02983,stock:MSFT,Microsoft,stocks,1844.2488,0
SIM02983,etf:IWDA,iShares MSCI World ETF,etf,7568.6311,0
SIM02983,fund:KBC_PENSION,KBC Pension Savings Fund,funds,61.7716,13
SIM02984,bond:OLO_2034,Belgian OLO 2034,bonds,365.974,0
SIM02984,fund:KBC_PENSION,KBC Pension Savings Fund,funds,21.0981,0
SIM02984,stock:UCB,UCB,stocks,40.0708,0
SIM02990,fund:KBC_TECH,KBC Equity Fund Technology,funds,0.8262,0
SIM02990,stock:MSFT,Microsoft,stocks,4.4362,0
SIM02990,stock:NVDA,Nvidia,stocks,2.4205,0
SIM02990,fund:KBC_ECO,KBC Eco Fund,funds,1.3852,0
SIM02990,stock:UCB,UCB,stocks,0.1649,0
SIM02991,stock:MSFT,Microsoft,stocks,706.9906,0
SIM02991,fund:KBC_TECH,KBC Equity Fund Technology,funds,1298.7307,0
SIM02991,stock:ASML,ASML Holding,stocks,128.0233,0
SIM02991,stock:UCB,UCB,stocks,59.718,0
SIM02991,fund:KBC_PENSION,KBC Pension Savings Fund,funds,176.8794,0
SIM02992,stock:NVDA,Nvidia,stocks,11.4702,0
SIM02992,fund:KBC_TECH,KBC Equity Fund Technology,funds,1249.5928,0
SIM02994,fund:KBC_ECO,KBC Eco Fund,funds,59.5787,18
SIM02995,etf:VWCE,Vanguard FTSE All-World ETF,etf,280.5237,0
SIM02995,stock:ABI,AB InBev,stocks,11.2302,0
SIM02995,stock:ASML,ASML Holding,stocks,12.2562,0
SIM02995,fund:KBC_ECO,KBC Eco Fund,funds,666.01,0
SIM02995,fund:KBC_PENSION,KBC Pension Savings Fund,funds,29.0191,23
SIM02996,stock:ASML,ASML Holding,stocks,1891.2228,0
SIM02996,etf:VWCE,Vanguard FTSE All-World ETF,etf,465.1784,0
SIM02996,stock:SOLB,Solvay,stocks,584.4069,0
SIM02996,fund:KBC_PENSION,KBC Pension Savings Fund,funds,361.5558,0
SIM02997,etf:IWDA,iShares MSCI World ETF,etf,2034.5007,0
SIM02997,stock:SOLB,Solvay,stocks,3192.0155,0
SIM02997,fund:KBC_PENSION,KBC Pension Savings Fund,funds,1657.4077,0
SIM02997,etf:VWCE,Vanguard FTSE All-World ETF,etf,380.6434,0
SIM02997,bond:EU_2030,EU Bond 2030,bonds,64.8693,0
SIM02997,fund:KBC_TECH,KBC Equity Fund Technology,funds,86.6937,8
