customer,product,start_month,timestamp
SIM00000,savings_account,-1,2024-12-31 00:00:00.000000000
SIM00000,car_insurance,5,2025-06-27 06:17:21.367087359
SIM00000,car_loan,5,2025-06-24 06:17:21.367087359
SIM00000,bike_insurance,16,2026-05-19 15:39:42.272203027
SIM00000,investment_account,17,2026-06-22 07:19:55.505372654
SIM00001,savings_account,-1,2024-12-31 00:00:00.000000000
SIM00001,credit_card,-1,2024-12-31 00:00:00.000000000
SIM00001,car_insurance,10,2025-11-30 19:17:17.798142472
SIM00001,life_insurance,16,2026-05-01 12:47:39.976910612
SIM00002,savings_account,-1,2024-12-31 00:00:00.000000000
SIM00002,credit_card,-1,2024-12-31 00:00:00.000000000
SIM00003,savings_account,-1,2024-12-31 00:00:00.000000000
SIM00003,credit_card,-1,2024-12-31 00:00:00.000000000
SIM00003,car_insurance,7,2025-08-11 16:43:58.507025204
SIM00003,home_loan,8,2025-09-17 20:44:57.740279647
SIM00003,home_insurance,8,2025-09-18 20:44:57.740279647
SIM00003,life_insurance,8,2025-09-18 20:44:57.740279647
SIM00005,savings_account,-1,2024-12-31 00:00:00.000000000
SIM00005,credit_card,-1,2024-12-31 00:00:00.000000000
SIM00005,investment_account,4,2025-05-09 16:53:20.972828920
SIM00006,savings_account,-1,2024-12-31 00:00:00.000000000
SIM00006,bike_insurance,19,2026-08-07 14:46:48.756258446
SIM00007,savings_account,-1,2024-12-31 00:00:00.000000000
SIM00007,credit_card,-1,2024-12-31 00:00:00.000000000
SIM00007,bike_insurance,23,2026-12-20 12:50:12.850501802
SIM00009,savings_account,-1,2024-12-31 00:00:00.000000000
SIM00009,bike_insurance,3,2025-04-22 19:18:41.264783769
SIM00010,credit_card,-1,2024-12-31 00:00:00.000000000
SIM00010,investment_account,7,2025-08-17 16:47:44.686693758
SIM00011,savings_account,-1,2024-12-31 00:00:00.000000000
SIM00011,credit_card,-1,2024-12-31 00:00:00.000000000
SIM00011,investment_account,16,2026-05-17 22:20:48.704618735
SIM00011,life_insurance,6,2025-07-23 01:24:20.310783730
SIM00012,savings_account,-1,2024-12-31 00:00:00.000000000
SIM00012,car_insurance,15,2026-04-23 21:25:42.617232509
SIM00012,car_loan,15,2026-04-20 21:25:42.617232509
SIM00014,savings_account,-1,2024-12-31 00:00:00.000000000
SIM00014,credit_card,-1,2024-12-31 00:00:00.000000000
SIM00014,bike_insurance,3,2025-04-18 01:01:10.942442386
SIM00015,savings_account,-1,2024-12-31 00:00:00.000000000
SIM00016,savings_account,-1,2024-12-31 00:00:00.000000000
SIM00016,credit_card,-1,2024-12-31 00:00:00.000000000
SIM00016,investment_account,16,2026-05-04 12:55:19.726977055
SIM00016,home_loan,14,2026-03-14 00:16:10.837664208
SIM00016,home_insurance,14,2026-03-15 00:16:10.837664208
SIM00016,life_insurance,14,2026-03-15 00:16:10.837664208
SIM00016,car_insurance,17,2026-06-06 17:32:06.034285650
SIM00016,car_loan,17,2026-06-03 17:32:06.034285650
SIM00017,savings_account,-1,2024-12-31 00:00:00.000000000
SIM00017,credit_card,-1,2024-12-31 00:00:00.000000000
SIM00017,life_insurance,9,2025-10-22 12:28:37.964278475
SIM00018,life_insurance,12,2026-01-17 12:53:35.576457033
SIM00018,savings_account,12,2026-01-22 12:53:35.576457033
SIM00019,credit_card,-1,2024-12-31 00:00:00.000000000
SIM00019,bike_insurance,10,2025-11-21 12:05:53.298993848
SIM00020,savings_account,-1,2024-12-31 00:00:00.000000000
SIM00020,credit_card,-1,2024-12-31 00:00:00.000000000
SIM00021,savings_account,-1,2024-12-31 00:00:00.000000000
SIM00022,savings_account,-1,2024-12-31 00:00:00.000000000
SIM00022,credit_card,-1,2024-12-31 00:00:00.000000000
SIM00022,investment_account,6,2025-07-14 03:17:29.495387043
SIM00022,home_loan,9,2025-10-04 04:13:25.908315348
SIM00022,home_insurance,9,2025-10-05 04:13:25.908315348
SIM00022,life_insurance,9,2025-10-05 04:13:25.908315348
SIM00023,savings_account,-1,2024-12-31 00:00:00.000000000
SIM00023,credit_card,-1,2024-12-31 00:00:00.000000000
SIM00023,life_insurance,11,2025-12-31 23:34:30.864554714
SIM00023,investment_account,5,2025-06-21 07:04:34.250778898
SIM00024,savings_account,-1,2024-12-31 00:00:00.000000000
SIM00024,credit_card,-1,2024-12-31 00:00:00.000000000
SIM00025,investment_account,8,2025-09-25 18:18:40.361719466
SIM00026,credit_card,-1,2024-12-31 00:00:00.000000000
SIM00027,savings_account,-1,2024-12-31 00:00:00.000000000
SIM00027,credit_card,-1,2024-12-31 00:00:00.000000000
SIM00027,car_insurance,21,2026-10-30 18:55:13.432160977
SIM00028,bike_insurance,7,2025-08-28 17:56:24.950552101
SIM00029,savings_account,-1,2024-12-31 00:00:00.000000000
SIM00029,bike_insurance,4,2025-05-21 16:38:33.702149771
SIM00031,home_loan,14,2026-03-18 17:12:58.759339634
SIM00031,home_insurance,14,2026-03-19 17:12:58.759339634
SIM00031,life_insurance,14,2026-03-19 17:12:58.759339634
SIM00032,savings_account,-1,2024-12-31 00:00:00.000000000
SIM00032,credit_card,-1,2024-12-31 00:00:00.000000000
SIM00032,car_insurance,20,2026-09-21 07:33:17.962477831
SIM00032,car_loan,20,2026-09-18 07:33:17.962477831
SIM00032,life_insurance,6,2025-07-29 13:17:10.681207415
SIM00032,bike_insurance,8,2025-09-28 15:04:17.174094274
SIM00034,credit_card,-1,2024-12-31 00:00:00.000000000
SIM00034,home_loan,19,2026-08-03 15:05:25.278608154
SIM00034,home_insurance,19,2026-08-04 15:05:25.278608154
SIM00034,life_insurance,19,2026-08-04 15:05:25.278608154
SIM00035,credit_card,-1,2024-12-31 00:00:00.000000000
SIM00035,bike_insurance,12,2026-01-25 20:53:04.262424912
SIM00036,savings_account,-1,2024-12-31 00:00:00.000000000
SIM00036,home_loan,12,2026-01-05 02:38:21.717401686
SIM00036,home_insurance,12,2026-01-06 02:38:21.717401686
SIM00036,life_insurance,12,2026-01-06 02:38:21.717401686
SIM00036,bike_insurance,19,2026-08-08 06:53:09.806533275
SIM00037,savings_account,-1,2024-12-31 00:00:00.000000000
SIM00037,investment_account,8,2025-09-28 08:57:52.526876512
SIM00037,home_loan,18,2026-07-23 23:43:06.300586184
SIM00037,home_insurance,18,2026-07-24 23:43:06.300586184
SIM00037,life_insurance,18,2026-07-24 23:43:06.300586184
SIM00037,car_insurance,7,2025-08-20 21:13:20.846912132
SIM00037,car_loan,7,2025-08-17 21:13:20.846912132
SIM00038,savings_account,-1,2024-12-31 00:00:00.000000000
SIM00040,credit_card,-1,2024-12-31 00:00:00.000000000
SIM00040,car_insurance,6,2025-07-27 03:07:24.055073278
SIM00040,car_loan,6,2025-07-24 03:07:24.055073278
SIM00041,bike_insurance,9,2025-10-16 13:37:59.557049484
SIM00042,credit_card,-1,2024-12-31 00:00:00.000000000
SIM00043,savings_account,-1,2024-12-31 00:00:00.000000000
SIM00043,home_loan,15,2026-04-16 02:26:06.605487598
SIM00043,home_insurance,15,2026-04-17 02:26:06.605487598
SIM00043,life_insurance,9,2025-10-22 13:06:32.334371522
SIM00043,bike_insurance,20,2026-09-19 10:08:31.481095362
SIM00044,credit_card,-1,2024-12-31 00:00:00.000000000
SIM00045,credit_card,-1,2024-12-31 00:00:00.000000000
SIM00045,investment_account,13,2026-02-12 09:55:46.837005148
SIM00046,bike_insurance,15,2026-04-12 07:02:56.292384069
SIM00047,savings_account,-1,2024-12-31 00:00:00.000000000
SIM00047,credit_card,-1,2024-12-31 00:00:00.000000000
SIM00047,investment_account,8,2025-09-09 04:12:44.269896909
SIM00048,home_loan,15,2026-04-24 06:31:27.690306578
SIM00048,home_insurance,15,2026-04-25 06:31:27.690306578
SIM00048,life_insurance,15,2026-04-25 06:31:27.690306578
SIM00049,savings_account,-1,2024-12-31 00:00:00.000000000
SIM00049,credit_card,-1,2024-12-31 00:00:00.000000000
SIM00050,savings_account,-1,2024-12-31 00:00:00.000000000
SIM00050,investment_account,6,2025-07-02 18:10:01.498993459
SIM00051,home_loan,14,2026-03-09 11:03:26.293129876
SIM00051,home_insurance,14,2026-03-10 11:03:26.293129876
SIM00051,life_insurance,14,2026-03-10 11:03:26.293129876
SIM00052,savings_account,-1,2024-12-31 00:00:00.000000000
SIM00052,credit_card,-1,2024-12-31 00:00:00.000000000
SIM00052,home_loan,8,2025-09-29 17:38:40.033225055
SIM00052,home_insurance,8,2025-09-30 17:38:40.033225055
SIM00052,life_insurance,8,2025-09-30 17:38:40.033225055
SIM00052,car_insurance,17,2026-06-12 17:39:43.201735947
SIM00052,car_loan,17,2026-06-09 17:39:43.201735947
SIM00052,bike_insurance,6,2025-07-21 22:18:35.070287325
SIM00053,bike_insurance,22,2026-11-05 12:21:55.113622594
SIM00054,credit_card,-1,2024-12-31 00:00:00.000000000
SIM00054,bike_insurance,15,2026-04-27 20:43:05.466081812
SIM00055,savings_account,-1,2024-12-31 00:00:00.000000000
SIM00055,car_insurance,7,2025-08-05 06:31:26.010913408
SIM00055,home_loan,18,2026-07-01 22:20:44.120209405
SIM00055,home_insurance,18,2026-07-02 22:20:44.120209405
SIM00055,life_insurance,18,2026-07-02 22:20:44.120209405
SIM00056,credit_card,-1,2024-12-31 00:00:00.000000000
SIM00056,life_insurance,11,2025-12-04 12:14:30.955817119
SIM00056,savings_account,11,2025-12-09 12:14:30.955817119
SIM00056,bike_insurance,3,2025-04-18 17:17:38.632610738
SIM00058,savings_account,-1,2024-12-31 00:00:00.000000000
SIM00058,credit_card,-1,2024-12-31 00:00:00.000000000
SIM00058,investment_account,6,2025-07-03 03:34:48.068507826
SIM00058,home_loan,4,2025-05-04 23:45:05.603426595
SIM00058,home_insurance,4,2025-05-05 23:45:05.603426595
SIM00058,life_insurance,4,2025-05-05 23:45:05.603426595
SIM00058,car_insurance,15,2026-04-09 10:10:50.546284069
SIM00059,savings_account,-1,2024-12-31 00:00:00.000000000
SIM00059,car_insurance,9,2025-10-30 08:45:51.553429543
SIM00059,car_loan,9,2025-10-27 08:45:51.553429543
SIM00060,savings_account,-1,2024-12-31 00:00:00.000000000
SIM00060,credit_card,-1,2024-12-31 00:00:00.000000000
SIM00060,car_insurance,3,2025-04-26 10:30:21.645098796
SIM00060,life_insurance,12,2026-01-10 12:18:31.539276853
SIM00060,bike_insurance,18,2026-07-14 02:21:04.696322402
SIM00061,savings_account,-1,2024-12-31 00:00:00.000000000
SIM00061,credit_card,-1,2024-12-31 00:00:00.000000000
SIM00061,car_insurance,12,2026-01-07 16:54:20.883392849
SIM00061,car_loan,12,2026-01-04 16:54:20.883392849
SIM00061,home_loan,14,2026-03-08 00:36:30.583644358
SIM00061,home_insurance,14,2026-03-09 00:36:30.583644358
SIM00061,life_insurance,7,2025-08-23 23:01:09.815666483
SIM00062,savings_account,-1,2024-12-31 00:00:00.000000000
SIM00062,investment_account,11,2025-12-17 12:07:57.685262579
SIM00063,savings_account,-1,2024-12-31 00:00:00.000000000
SIM00063,investment_account,23,2026-12-04 19:07:46.916143818
SIM00064,savings_account,-1,2024-12-31 00:00:00.000000000
SIM00064,credit_card,-1,2024-12-31 00:00:00.000000000
SIM00064,investment_account,10,2025-11-04 04:58:50.750883041
SIM00064,car_insurance,14,2026-03-08 17:57:07.559215692
SIM00064,car_loan,14,2026-03-05 17:57:07.559215692
SIM00064,bike_insurance,6,2025-07-08 12:19:05.314430366
SIM00065,savings_account,-1,2024-12-31 00:00:00.000000000
SIM00065,credit_card,-1,2024-12-31 00:00:00.000000000
SIM00066,savings_account,-1,2024-12-31 00:00:00.000000000
SIM00066,credit_card,-1,2024-12-31 00:00:00.000000000
SIM00066,car_insurance,19,2026-08-23 20:31:06.849197033
SIM00067,credit_card,-1,2024-12-31 00:00:00.000000000
SIM00067,car_insurance,10,2025-11-21 17:13:13.735800316
SIM00067,home_loan,19,2026-08-18 01:10:42.522102342
SIM00067,home_insurance,19,2026-08-19 01:10:42.522102342
SIM00067,life_insurance,19,2026-08-19 01:10:42.522102342
SIM00067,bike_insurance,17,2026-06-18 18:23:44.874406622
SIM00068,savings_account,-1,2024-12-31 00:00:00.000000000
SIM00068,life_insurance,15,2026-04-12 23:36:49.203160419
SIM00069,savings_account,-1,2024-12-31 00:00:00.000000000
SIM00069,credit_card,-1,2024-12-31 00:00:00.000000000
SIM00069,investment_account,22,2026-11-16 15:57:01.688144789
SIM00069,car_insurance,11,2025-12-12 19:59:34.282054869
SIM00070,savings_account,-1,2024-12-31 00:00:00.000000000
SIM00070,credit_card,-1,2024-12-31 00:00:00.000000000
SIM00070,investment_account,19,2026-08-03 15:36:24.085213351
SIM00071,savings_account,-1,2024-12-31 00:00:00.000000000
SIM00071,home_loan,10,2025-11-18 00:47:55.897740407
SIM00071,home_insurance,10,2025-11-19 00:47:55.897740407
SIM00071,life_insurance,10,2025-11-19 00:47:55.897740407
SIM00071,bike_insurance,21,2026-10-06 03:01:13.346705451
SIM00072,car_insurance,20,2026-09-12 09:25:28.412720342
SIM00072,life_insurance,23,2026-12-31 11:27:44.930819684
SIM00073,savings_account,-1,2024-12-31 00:00:00.000000000
SIM00073,credit_card,-1,2024-12-31 00:00:00.000000000
SIM00073,investment_account,10,2025-11-07 19:54:49.509454748
SIM00073,home_loan,11,2025-12-09 12:06:30.502673440
SIM00073,home_insurance,11,2025-12-10 12:06:30.502673440
SIM00073,life_insurance,11,2025-12-10 12:06:30.502673440
SIM00073,car_insurance,5,2025-06-08 14:17:43.422968252
SIM00073,car_loan,5,2025-06-05 14:17:43.422968252
SIM00075,savings_account,-1,2024-12-31 00:00:00.000000000
SIM00075,credit_card,-1,2024-12-31 00:00:00.000000000
SIM00075,car_insurance,10,2025-11-17 08:25:23.947889834
SIM00075,car_loan,10,2025-11-14 08:25:23.947889834
SIM00075,bike_insurance,22,2026-11-29 02:21:17.572474659
SIM00075,investment_account,9,2025-10-25 22:25:45.148096059
SIM00076,savings_account,-1,2024-12-31 00:00:00.000000000
SIM00076,credit_card,-1,2024-12-31 00:00:00.000000000
SIM00076,home_loan,15,2026-04-22 23:01:14.120064970
SIM00076,home_insurance,15,2026-04-23 23:01:14.120064970
SIM00076,life_insurance,15,2026-04-23 23:01:14.120064970
SIM00077,credit_card,-1,2024-12-31 00:00:00.000000000
SIM00077,bike_insurance,3,2025-04-19 20:48:08.444841958
SIM00078,credit_card,-1,2024-12-31 00:00:00.000000000
SIM00078,investment_account,13,2026-02-25 03:11:26.522816294
SIM00080,credit_card,-1,2024-12-31 00:00:00.000000000
SIM00081,savings_account,-1,2024-12-31 00:00:00.000000000
SIM00081,credit_card,-1,2024-12-31 00:00:00.000000000
SIM00081,investment_account,14,2026-03-10 21:03:02.292584296
SIM00082,savings_account,-1,2024-12-31 00:00:00.000000000
SIM00082,credit_card,-1,2024-12-31 00:00:00.000000000
SIM00082,investment_account,23,2026-12-03 10:27:19.367585645
SIM00082,car_insurance,20,2026-09-29 03:50:59.484281042
SIM00082,bike_insurance,18,2026-07-05 13:59:16.477332696
SIM00083,savings_account,-1,2024-12-31 00:00:00.000000000
SIM00083,credit_card,-1,2024-12-31 00:00:00.000000000
SIM00083,car_insurance,15,2026-04-23 06:52:03.486044281
SIM00083,car_loan,15,2026-04-20 06:52:03.486044281
SIM00083,life_insurance,10,2025-11-24 06:49:22.071060991
SIM00084,credit_card,-1,2024-12-31 00:00:00.000000000
SIM00084,car_insurance,23,2026-12-26 12:17:16.918979555
SIM00084,bike_insurance,13,2026-02-27 21:56:55.002208517
SIM00085,savings_account,-1,2024-12-31 00:00:00.000000000
SIM00085,credit_card,-1,2024-12-31 00:00:00.000000000
SIM00087,savings_account,-1,2024-12-31 00:00:00.000000000
SIM00087,credit_card,-1,2024-12-31 00:00:00.000000000
SIM00087,bike_insurance,3,2025-04-19 12:04:26.014194714
SIM00088,credit_card,-1,2024-12-31 00:00:00.000000000
SIM00088,bike_insurance,10,2025-11-09 06:04:28.670694476
SIM00089,credit_card,-1,2024-12-31 00:00:00.000000000
SIM00089,car_insurance,22,2026-11-29 05:56:07.908945602
SIM00089,car_loan,22,2026-11-26 05:56:07.908945602
SIM00089,life_insurance,14,2026-03-13 20:42:11.653768384
SIM00089,savings_account,14,2026-03-18 20:42:11.653768384
SIM00090,savings_account,-1,2024-12-31 00:00:00.000000000
SIM00090,credit_card,-1,2024-12-31 00:00:00.000000000
SIM00091,savings_account,-1,2024-12-31 00:00:00.000000000
SIM00091,investment_account,13,2026-02-15 21:21:36.706441629
SIM00091,home_loan,4,2025-05-02 10:32:11.040256396
SIM00091,home_insurance,4,2025-05-03 10:32:11.040256396
SIM00091,life_insurance,4,2025-05-03 10:32:11.040256396
SIM00092,savings_account,-1,2024-12-31 00:00:00.000000000
SIM00092,credit_card,-1,2024-12-31 00:00:00.000000000
SIM00093,savings_account,-1,2024-12-31 00:00:00.000000000
SIM00093,home_loan,12,2026-01-05 21:53:01.664959563
SIM00093,home_insurance,12,2026-01-06 21:53:01.664959563
SIM00093,life_insurance,12,2026-01-06 21:53:01.664959563
SIM00094,savings_account,-1,2024-12-31 00:00:00.000000000
SIM00095,savings_account,-1,2024-12-31 00:00:00.000000000
SIM00095,credit_card,-1,2024-12-31 00:00:00.000000000
SIM00096,savings_account,-1,2024-12-31 00:00:00.000000000
SIM00096,investment_account,19,2026-08-21 18:18:41.652913614
SIM00096,car_insurance,7,2025-08-27 09:07:42.881003147
SIM00097,savings_account,-1,2024-12-31 00:00:00.000000000
SIM00098,savings_account,-1,2024-12-31 00:00:00.000000000
SIM00098,bike_insurance,11,2025-12-10 04:08:34.497261582
SIM00099,savings_account,-1,2024-12-31 00:00:00.000000000
SIM00099,credit_card,-1,2024-12-31 00:00:00.000000000
SIM00100,savings_account,-1,2024-12-31 00:00:00.000000000
SIM00100,credit_card,-1,2024-12-31 00:00:00.000000000
SIM00101,savings_account,-1,2024-12-31 00:00:00.000000000
SIM00101,credit_card,-1,2024-12-31 00:00:00.000000000
SIM00101,investment_account,22,2026-11-22 17:17:52.074466207
SIM00102,savings_account,-1,2024-12-31 00:00:00.000000000
SIM00102,credit_card,-1,2024-12-31 00:00:00.000000000
SIM00103,bike_insurance,16,2026-05-27 21:26:54.813353122
SIM00104,savings_account,-1,2024-12-31 00:00:00.000000000
SIM00104,bike_insurance,9,2025-10-14 14:40:07.390898385
SIM00105,savings_account,-1,2024-12-31 00:00:00.000000000
SIM00105,credit_card,-1,2024-12-31 00:00:00.000000000
SIM00105,investment_account,10,2025-11-05 16:07:44.062449485
SIM00105,home_loan,7,2025-08-04 16:07:17.433218615
SIM00105,home_insurance,7,2025-08-05 16:07:17.433218615
SIM00105,life_insurance,7,2025-08-05 16:07:17.433218615
SIM00105,car_insurance,4,2025-05-11 09:51:54.903148622
SIM00105,car_loan,4,2025-05-08 09:51:54.903148622
SIM00106,savings_account,-1,2024-12-31 00:00:00.000000000
SIM00106,bike_insurance,22,2026-11-15 09:02:21.188245551
SIM00107,savings_account,-1,2024-12-31 00:00:00.000000000
SIM00107,bike_insurance,18,2026-07-16 11:38:13.622251604
SIM00107,investment_account,23,2026-12-15 16:56:51.023439407
SIM00108,savings_account,-1,2024-12-31 00:00:00.000000000
SIM00109,bike_insurance,13,2026-02-24 10:19:27.778636117
SIM00109,investment_account,22,2026-11-13 00:37:15.217901965
SIM00110,savings_account,-1,2024-12-31 00:00:00.000000000
SIM00110,credit_card,-1,2024-12-31 00:00:00.000000000
SIM00111,savings_account,-1,2024-12-31 00:00:00.000000000
SIM00111,bike_insurance,4,2025-05-24 12:39:33.114291366
SIM00111,car_insurance,11,2025-12-21 08:49:48.455314846
SIM00111,car_loan,11,2025-12-18 08:49:48.455314846
SIM00112,savings_account,-1,2024-12-31 00:00:00.000000000
SIM00112,credit_card,-1,2024-12-31 00:00:00.000000000
SIM00112,car_insurance,17,2026-06-21 10:54:43.561134439
SIM00112,life_insurance,21,2026-10-25 05:41:05.892485169
SIM00113,savings_account,-1,2024-12-31 00:00:00.000000000
SIM00113,credit_card,-1,2024-12-31 00:00:00.000000000
SIM00113,investment_account,23,2026-12-02 13:57:41.427273650
SIM00114,savings_account,-1,2024-12-31 00:00:00.000000000
SIM00114,credit_card,-1,2024-12-31 00:00:00.000000000
SIM00114,car_insurance,23,2026-12-24 03:23:51.737126875
SIM00114,car_loan,23,2026-12-21 03:23:51.737126875
SIM00115,savings_account,-1,2024-12-31 00:00:00.000000000
SIM00115,credit_card,-1,2024-12-31 00:00:00.000000000
SIM00115,bike_insurance,21,2026-10-12 17:20:13.173713784
SIM00115,investment_account,20,2026-09-04 17:35:30.269943177
SIM00116,savings_account,-1,2024-12-31 00:00:00.000000000
SIM00117,savings_account,-1,2024-12-31 00:00:00.000000000
SIM00117,credit_card,-1,2024-12-31 00:00:00.000000000
SIM00117,life_insurance,23,2026-12-18 12:31:05.009989798
SIM00118,savings_account,-1,2024-12-31 00:00:00.000000000
SIM00118,credit_card,-1,2024-12-31 00:00:00.000000000
SIM00118,car_insurance,18,2026-07-24 21:17:40.205506157
SIM00118,car_loan,18,2026-07-21 21:17:40.205506157
SIM00118,home_loan,11,2025-12-18 11:34:48.447123639
SIM00118,home_insurance,11,2025-12-19 11:34:48.447123639
SIM00118,life_insurance,11,2025-12-19 11:34:48.447123639
SIM00119,bike_insurance,7,2025-08-08 13:09:03.600144280
SIM00120,savings_account,-1,2024-12-31 00:00:00.000000000
SIM00120,car_insurance,16,2026-05-25 05:26:34.941268564
SIM00121,savings_account,-1,2024-12-31 00:00:00.000000000
SIM00122,savings_account,-1,2024-12-31 00:00:00.000000000
SIM00123,credit_card,-1,2024-12-31 00:00:00.000000000
SIM00123,investment_account,17,2026-06-17 09:40:19.956212382
SIM00124,savings_account,-1,2024-12-31 00:00:00.000000000
SIM00124,bike_insurance,21,2026-10-04 12:19:47.525874221
SIM00125,car_insurance,7,2025-08-30 08:16:38.276558849
SIM00125,investment_account,10,2025-11-05 05:43:32.871602241
SIM00125,life_insurance,17,2026-06-03 04:33:04.652628863
SIM00126,savings_account,-1,2024-12-31 00:00:00.000000000
SIM00127,savings_account,-1,2024-12-31 00:00:00.000000000
SIM00127,credit_card,-1,2024-12-31 00:00:00.000000000
SIM00128,savings_account,-1,2024-12-31 00:00:00.000000000
SIM00128,credit_card,-1,2024-12-31 00:00:00.000000000
SIM00128,investment_account,4,2025-05-16 12:31:37.688744662
SIM00129,life_insurance,20,2026-09-25 09:28:13.271745081
SIM00129,savings_account,20,2026-09-30 09:28:13.271745081
SIM00130,credit_card,-1,2024-12-31 00:00:00.000000000
SIM00130,investment_account,9,2025-10-25 04:57:12.837537383
SIM00130,bike_insurance,15,2026-04-10 02:58:32.039336043
SIM00131,savings_account,-1,2024-12-31 00:00:00.000000000
SIM00131,credit_card,-1,2024-12-31 00:00:00.000000000
SIM00131,home_loan,18,2026-07-22 01:52:31.210096096
SIM00131,home_insurance,18,2026-07-23 01:52:31.210096096
SIM00131,life_insurance,18,2026-07-23 01:52:31.210096096
SIM00131,investment_account,4,2025-05-17 02:52:01.146750429
SIM00132,savings_account,-1,2024-12-31 00:00:00.000000000
SIM00132,investment_account,23,2026-12-11 22:24:42.118864925
SIM00133,savings_account,-1,2024-12-31 00:00:00.000000000
SIM00133,credit_card,-1,2024-12-31 00:00:00.000000000
SIM00133,car_insurance,22,2026-11-26 23:59:02.422437071
SIM00133,home_loan,6,2025-07-10 05:16:30.850456658
SIM00133,home_insurance,6,2025-07-11 05:16:30.850456658
SIM00133,life_insurance,6,2025-07-11 05:16:30.850456658
SIM00134,savings_account,-1,2024-12-31 00:00:00.000000000
SIM00134,credit_card,-1,2024-12-31 00:00:00.000000000
SIM00134,car_insurance,20,2026-09-14 12:21:06.521240089
SIM00134,car_loan,20,2026-09-11 12:21:06.521240089
SIM00134,life_insurance,19,2026-08-26 05:07:34.369195923
SIM00135,savings_account,-1,2024-12-31 00:00:00.000000000
SIM00135,credit_card,-1,2024-12-31 00:00:00.000000000
SIM00135,car_insurance,4,2025-05-19 06:23:09.120912484
SIM00135,car_loan,4,2025-05-16 06:23:09.120912484
SIM00135,life_insurance,9,2025-10-05 18:22:13.731173478
SIM00136,savings_account,-1,2024-12-31 00:00:00.000000000
SIM00136,credit_card,-1,2024-12-31 00:00:00.000000000
SIM00136,investment_account,13,2026-02-28 00:30:57.986319927
SIM00137,savings_account,-1,2024-12-31 00:00:00.000000000
SIM00137,credit_card,-1,2024-12-31 00:00:00.000000000
SIM00137,investment_account,5,2025-06-25 22:26:14.778155467
SIM00137,car_insurance,20,2026-09-18 19:51:08.384998240
SIM00137,car_loan,20,2026-09-15 19:51:08.384998240
SIM00138,savings_account,-1,2024-12-31 00:00:00.000000000
SIM00138,credit_card,-1,2024-12-31 00:00:00.000000000
SIM00138,home_loan,11,2025-12-09 06:59:42.950531496
SIM00138,home_insurance,11,2025-12-10 06:59:42.950531496
SIM00138,life_insurance,11,2025-12-10 06:59:42.950531496
SIM00138,bike_insurance,12,2026-01-18 14:08:29.961965466
SIM00139,savings_account,-1,2024-12-31 00:00:00.000000000
SIM00139,credit_card,-1,2024-12-31 00:00:00.000000000
SIM00139,life_insurance,22,2026-11-09 08:31:03.934764600
SIM00139,investment_account,9,2025-10-15 04:05:00.564175224
SIM00141,savings_account,-1,2024-12-31 00:00:00.000000000
SIM00141,credit_card,-1,2024-12-31 00:00:00.000000000
SIM00141,car_insurance,16,2026-05-07 09:02:50.078028848
SIM00142,credit_card,-1,2024-12-31 00:00:00.000000000
SIM00142,car_insurance,18,2026-07-15 20:34:56.634494704
SIM00143,bike_insurance,16,2026-05-14 06:05:13.455237961
SIM00144,savings_account,-1,2024-12-31 00:00:00.000000000
SIM00144,credit_card,-1,2024-12-31 00:00:00.000000000
SIM00145,savings_account,-1,2024-12-31 00:00:00.000000000
SIM00146,bike_insurance,6,2025-07-25 19:32:38.003195367
SIM00147,savings_account,-1,2024-12-31 00:00:00.000000000
SIM00147,credit_card,-1,2024-12-31 00:00:00.000000000
SIM00147,investment_account,7,2025-08-28 15:44:58.049308817
SIM00148,savings_account,-1,2024-12-31 00:00:00.000000000
SIM00148,credit_card,-1,2024-12-31 00:00:00.000000000
SIM00149,credit_card,-1,2024-12-31 00:00:00.000000000
SIM00149,home_loan,18,2026-07-24 08:03:52.386292047
SIM00149,home_insurance,18,2026-07-25 08:03:52.386292047
SIM00149,life_insurance,18,2026-07-25 08:03:52.386292047
SIM00150,savings_account,-1,2024-12-31 00:00:00.000000000
SIM00150,credit_card,-1,2024-12-31 00:00:00.000000000
SIM00150,bike_insurance,20,2026-09-29 03:03:45.237800784
SIM00151,credit_card,-1,2024-12-31 00:00:00.000000000
SIM00151,bike_insurance,22,2026-11-05 12:25:36.174022230
SIM00152,savings_account,-1,2024-12-31 00:00:00.000000000
SIM00152,credit_card,-1,2024-12-31 00:00:00.000000000
SIM00152,car_insurance,20,2026-09-11 07:22:10.976670894
SIM00152,car_loan,20,2026-09-08 07:22:10.976670894
SIM00152,bike_insurance,5,2025-06-08 22:19:44.806427220
SIM00152,investment_account,3,2025-04-03 05:27:41.481230462
SIM00154,savings_account,-1,2024-12-31 00:00:00.000000000
SIM00154,car_insurance,12,2026-01-18 05:39:02.919846172
SIM00154,home_loan,8,2025-09-03 13:04:38.381303836
SIM00154,home_insurance,8,2025-09-04 13:04:38.381303836
SIM00154,life_insurance,8,2025-09-04 13:04:38.381303836
SIM00154,bike_insurance,10,2025-11-23 07:10:13.665461013
SIM00155,savings_account,-1,2024-12-31 00:00:00.000000000
SIM00155,credit_card,-1,2024-12-31 00:00:00.000000000
SIM00155,home_loan,15,2026-04-22 03:24:47.312342971
SIM00155,home_insurance,15,2026-04-23 03:24:47.312342971
SIM00155,life_insurance,11,2025-12-16 17:41:29.259209626
SIM00156,credit_card,-1,2024-12-31 00:00:00.000000000
SIM00156,car_insurance,16,2026-05-31 08:04:46.836249647
SIM00156,car_loan,16,2026-05-28 08:04:46.836249647
SIM00156,bike_insurance,20,2026-09-24 09:47:27.217750995
SIM00156,investment_account,9,2025-10-20 22:53:37.674098349
SIM00157,savings_account,-1,2024-12-31 00:00:00.000000000
SIM00157,bike_insurance,15,2026-04-07 07:41:19.315350208
SIM00158,savings_account,-1,2024-12-31 00:00:00.000000000
SIM00158,credit_card,-1,2024-12-31 00:00:00.000000000
SIM00158,home_loan,23,2026-12-06 05:26:45.573603483
SIM00158,home_insurance,23,2026-12-07 05:26:45.573603483
SIM00158,life_insurance,23,2026-12-07 05:26:45.573603483
SIM00158,car_insurance,7,2025-08-31 16:34:21.375083097
SIM00158,car_loan,7,2025-08-28 16:34:21.375083097
SIM00158,bike_insurance,19,2026-08-20 01:44:33.702368070
SIM00159,investment_account,10,2025-11-05 17:04:29.538279621
SIM00160,credit_card,-1,2024-12-31 00:00:00.000000000
SIM00160,bike_insurance,15,2026-04-17 07:19:05.589084435
SIM00161,savings_account,-1,2024-12-31 00:00:00.000000000
SIM00161,credit_card,-1,2024-12-31 00:00:00.000000000
SIM00161,investment_account,12,2026-01-20 04:47:42.813485309
SIM00162,savings_account,-1,2024-12-31 00:00:00.000000000
SIM00162,credit_card,-1,2024-12-31 00:00:00.000000000
SIM00162,investment_account,17,2026-06-17 12:52:38.573408437
SIM00163,credit_card,-1,2024-12-31 00:00:00.000000000
SIM00164,car_insurance,19,2026-08-27 18:07:57.085553256
SIM00164,life_insurance,7,2025-08-23 08:14:01.129718616
SIM00164,savings_account,7,2025-08-28 08:14:01.129718616
SIM00165,savings_account,-1,2024-12-31 00:00:00.000000000
SIM00166,investment_account,3,2025-04-13 01:41:41.654495413
SIM00167,savings_account,-1,2024-12-31 00:00:00.000000000
SIM00167,car_insurance,3,2025-04-17 10:07:10.525010468
SIM00167,bike_insurance,15,2026-04-21 22:56:23.310066899
SIM00167,investment_account,21,2026-10-15 11:07:20.934382809
SIM00168,savings_account,-1,2024-12-31 00:00:00.000000000
SIM00168,credit_card,-1,2024-12-31 00:00:00.000000000
SIM00168,investment_account,10,2025-11-11 01:23:13.254930814
SIM00169,savings_account,-1,2024-12-31 00:00:00.000000000
SIM00170,savings_account,-1,2024-12-31 00:00:00.000000000
SIM00170,credit_card,-1,2024-12-31 00:00:00.000000000
SIM00170,car_insurance,19,2026-08-31 18:12:55.243307699
SIM00170,car_loan,19,2026-08-28 18:12:55.243307699
SIM00170,bike_insurance,13,2026-02-04 21:48:19.413580036
SIM00172,savings_account,-1,2024-12-31 00:00:00.000000000
SIM00172,bike_insurance,14,2026-03-11 11:29:58.802079042
SIM00174,savings_account,-1,2024-12-31 00:00:00.000000000
SIM00174,credit_card,-1,2024-12-31 00:00:00.000000000
SIM00174,home_loan,10,2025-11-23 23:26:55.830345762
SIM00174,home_insurance,10,2025-11-24 23:26:55.830345762
SIM00174,life_insurance,10,2025-11-24 23:26:55.830345762
SIM00175,savings_account,-1,2024-12-31 00:00:00.000000000
SIM00176,bike_insurance,13,2026-02-17 09:50:54.890724622
SIM00177,credit_card,-1,2024-12-31 00:00:00.000000000
SIM00177,car_insurance,13,2026-02-25 10:35:09.724329824
SIM00179,savings_account,-1,2024-12-31 00:00:00.000000000
SIM00179,credit_card,-1,2024-12-31 00:00:00.000000000
SIM00179,investment_account,11,2025-12-11 07:56:49.512323347
SIM00180,bike_insurance,21,2026-10-15 08:52:47.554369901
SIM00181,savings_account,-1,2024-12-31 00:00:00.000000000
SIM00181,credit_card,-1,2024-12-31 00:00:00.000000000
SIM00182,savings_account,-1,2024-12-31 00:00:00.000000000
SIM00182,investment_account,20,2026-09-02 07:14:19.423212071
SIM00182,home_loan,11,2025-12-27 13:29:15.459150206
SIM00182,home_insurance,11,2025-12-28 13:29:15.459150206
SIM00182,life_insurance,11,2025-12-28 13:29:15.459150206
SIM00182,car_insurance,13,2026-02-26 09:09:41.062613858
SIM00183,savings_account,-1,2024-12-31 00:00:00.000000000
SIM00183,credit_card,-1,2024-12-31 00:00:00.000000000
SIM00183,car_insurance,3,2025-04-07 15:15:58.445168849
SIM00183,bike_insurance,23,2026-12-20 12:44:51.453783235
SIM00184,bike_insurance,7,2025-08-11 18:37:29.552130665
SIM00185,savings_account,-1,2024-12-31 00:00:00.000000000
SIM00185,credit_card,-1,2024-12-31 00:00:00.000000000
SIM00185,home_loan,13,2026-02-03 16:12:28.110800289
SIM00185,home_insurance,13,2026-02-04 16:12:28.110800289
SIM00185,life_insurance,13,2026-02-04 16:12:28.110800289
SIM00186,credit_card,-1,2024-12-31 00:00:00.000000000
SIM00187,savings_account,-1,2024-12-31 00:00:00.000000000
SIM00187,credit_card,-1,2024-12-31 00:00:00.000000000
SIM00188,credit_card,-1,2024-12-31 00:00:00.000000000
SIM00188,life_insurance,14,2026-03-16 22:22:42.187910994
SIM00188,savings_account,14,2026-03-21 22:22:42.187910994
SIM00189,savings_account,-1,2024-12-31 00:00:00.000000000
SIM00189,bike_insurance,19,2026-08-23 21:02:34.069995066
SIM00190,credit_card,-1,2024-12-31 00:00:00.000000000
SIM00190,life_insurance,11,2025-12-13 02:24:52.555545872
SIM00191,savings_account,-1,2024-12-31 00:00:00.000000000
SIM00191,credit_card,-1,2024-12-31 00:00:00.000000000
SIM00191,bike_insurance,7,2025-08-07 01:02:41.952204160
SIM00191,life_insurance,14,2026-03-22 10:25:24.042845976
SIM00192,savings_account,-1,2024-12-31 00:00:00.000000000
SIM00192,credit_card,-1,2024-12-31 00:00:00.000000000
SIM00193,savings_account,-1,2024-12-31 00:00:00.000000000
SIM00193,credit_card,-1,2024-12-31 00:00:00.000000000
SIM00193,home_loan,22,2026-11-21 10:49:24.100216996
SIM00193,home_insurance,22,2026-11-22 10:49:24.100216996
SIM00193,life_insurance,22,2026-11-22 10:49:24.100216996
SIM00193,car_insurance,21,2026-10-09 18:26:14.929093160
SIM00194,savings_account,-1,2024-12-31 00:00:00.000000000
SIM00194,credit_card,-1,2024-12-31 00:00:00.000000000
SIM00194,investment_account,15,2026-04-14 20:04:21.926864161
SIM00195,investment_account,18,2026-07-15 17:23:59.529378160
SIM00196,savings_account,-1,2024-12-31 00:00:00.000000000
SIM00196,credit_card,-1,2024-12-31 00:00:00.000000000
SIM00196,home_loan,16,2026-05-25 12:15:36.062986320
SIM00196,home_insurance,16,2026-05-26 12:15:36.062986320
SIM00196,life_insurance,16,2026-05-26 12:15:36.062986320
SIM00197,savings_account,-1,2024-12-31 00:00:00.000000000
SIM00197,credit_card,-1,2024-12-31 00:00:00.000000000
SIM00197,investment_account,7,2025-08-04 06:13:54.293582535
SIM00198,savings_account,-1,2024-12-31 00:00:00.000000000
SIM00198,credit_card,-1,2024-12-31 00:00:00.000000000
SIM00198,investment_account,17,2026-06-20 14:37:12.849667407
SIM00198,home_loan,22,2026-11-18 07:58:34.919534106
SIM00198,home_insurance,22,2026-11-19 07:58:34.919534106
SIM00198,life_insurance,22,2026-11-19 07:58:34.919534106
SIM00198,car_insurance,21,2026-10-25 16:27:35.338303186
SIM00199,savings_account,-1,2024-12-31 00:00:00.000000000
SIM00199,credit_card,-1,2024-12-31 00:00:00.000000000
SIM00199,investment_account,20,2026-09-23 18:04:04.799438980
SIM00200,savings_account,-1,2024-12-31 00:00:00.000000000
SIM00200,credit_card,-1,2024-12-31 00:00:00.000000000
SIM00200,home_loan,13,2026-02-19 13:32:04.116114606
SIM00200,home_insurance,13,2026-02-20 13:32:04.116114606
SIM00200,life_insurance,13,2026-02-20 13:32:04.116114606
SIM00201,savings_account,-1,2024-12-31 00:00:00.000000000
SIM00201,credit_card,-1,2024-12-31 00:00:00.000000000
SIM00202,savings_account,-1,2024-12-31 00:00:00.000000000
SIM00202,credit_card,-1,2024-12-31 00:00:00.000000000
SIM00204,savings_account,-1,2024-12-31 00:00:00.000000000
SIM00204,credit_card,-1,2024-12-31 00:00:00.000000000
SIM00205,savings_account,-1,2024-12-31 00:00:00.000000000
SIM00205,credit_card,-1,2024-12-31 00:00:00.000000000
SIM00205,car_insurance,8,2025-09-12 01:29:53.786677209
SIM00206,investment_account,9,2025-10-02 16:06:21.055465896
SIM00207,savings_account,-1,2024-12-31 00:00:00.000000000
SIM00208,savings_account,-1,2024-12-31 00:00:00.000000000
SIM00208,car_insurance,14,2026-03-09 10:24:22.741172434
SIM00208,car_loan,14,2026-03-06 10:24:22.741172434
SIM00209,credit_card,-1,2024-12-31 00:00:00.000000000
SIM00209,bike_insurance,15,2026-04-23 11:37:04.868095212
SIM00210,car_insurance,4,2025-05-08 18:38:35.112524449
SIM00210,car_loan,4,2025-05-05 18:38:35.112524449
SIM00211,savings_account,-1,2024-12-31 00:00:00.000000000
SIM00212,credit_card,-1,2024-12-31 00:00:00.000000000
SIM00212,investment_account,10,2025-11-19 17:37:23.021961640
SIM00212,car_insurance,6,2025-07-20 10:34:42.744411435
SIM00212,car_loan,6,2025-07-17 10:34:42.744411435
SIM00213,credit_card,-1,2024-12-31 00:00:00.000000000
SIM00213,home_loan,19,2026-08-22 19:17:13.300064754
SIM00213,home_insurance,19,2026-08-23 19:17:13.300064754
SIM00213,life_insurance,19,2026-08-23 19:17:13.300064754
SIM00214,savings_account,-1,2024-12-31 00:00:00.000000000
SIM00214,credit_card,-1,2024-12-31 00:00:00.000000000
SIM00214,investment_account,4,2025-05-04 02:05:48.848995176
SIM00214,home_loan,11,2025-12-17 19:56:59.582665109
SIM00214,home_insurance,11,2025-12-18 19:56:59.582665109
SIM00214,life_insurance,11,2025-12-18 19:56:59.582665109
SIM00215,savings_account,-1,2024-12-31 00:00:00.000000000
SIM00215,bike_insurance,18,2026-07-05 00:44:59.429065204
SIM00216,savings_account,-1,2024-12-31 00:00:00.000000000
SIM00216,credit_card,-1,2024-12-31 00:00:00.000000000
SIM00216,investment_account,13,2026-02-16 11:20:56.176777733
SIM00217,savings_account,-1,2024-12-31 00:00:00.000000000
SIM00217,bike_insurance,6,2025-07-10 09:35:14.680618257
SIM00218,savings_account,-1,2024-12-31 00:00:00.000000000
SIM00218,credit_card,-1,2024-12-31 00:00:00.000000000
SIM00218,investment_account,3,2025-04-10 08:56:54.354540155
SIM00218,home_loan,8,2025-09-27 21:49:36.094339627
SIM00218,home_insurance,8,2025-09-28 21:49:36.094339627
SIM00218,life_insurance,8,2025-09-28 21:49:36.094339627
SIM00219,savings_account,-1,2024-12-31 00:00:00.000000000
SIM00219,investment_account,7,2025-08-13 20:45:51.289953877
SIM00219,car_insurance,13,2026-02-10 09:52:22.993151994
SIM00220,bike_insurance,22,2026-11-03 00:11:59.417213862
SIM00221,savings_account,-1,2024-12-31 00:00:00.000000000
SIM00221,credit_card,-1,2024-12-31 00:00:00.000000000
SIM00221,car_insurance,7,2025-08-21 23:46:53.679408022
SIM00221,car_loan,7,2025-08-18 23:46:53.679408022
SIM00221,life_insurance,22,2026-11-06 21:22:03.715248197
SIM00221,investment_account,3,2025-04-04 03:56:30.120478862
SIM00222,savings_account,-1,2024-12-31 00:00:00.000000000
SIM00222,home_loan,10,2025-11-26 04:26:12.784707747
SIM00222,home_insurance,10,2025-11-27 04:26:12.784707747
SIM00222,life_insurance,10,2025-11-27 04:26:12.784707747
SIM00224,life_insurance,18,2026-07-22 14:57:19.791886209
SIM00226,savings_account,-1,2024-12-31 00:00:00.000000000
SIM00226,credit_card,-1,2024-12-31 00:00:00.000000000
SIM00226,bike_insurance,8,2025-09-10 06:47:18.829800514
SIM00227,investment_account,21,2026-10-26 10:04:41.355187662
SIM00227,home_loan,12,2026-01-04 03:52:58.986869174
SIM00227,home_insurance,12,2026-01-05 03:52:58.986869174
SIM00227,life_insurance,12,2026-01-05 03:52:58.986869174
SIM00228,savings_account,-1,2024-12-31 00:00:00.000000000
SIM00229,savings_account,-1,2024-12-31 00:00:00.000000000
SIM00230,savings_account,-1,2024-12-31 00:00:00.000000000
SIM00230,credit_card,-1,2024-12-31 00:00:00.000000000
SIM00230,investment_account,13,2026-02-20 12:40:57.701415166
SIM00231,savings_account,-1,2024-12-31 00:00:00.000000000
SIM00231,credit_card,-1,2024-12-31 00:00:00.000000000
SIM00231,bike_insurance,22,2026-11-12 02:52:43.981656523
SIM00233,savings_account,-1,2024-12-31 00:00:00.000000000
SIM00233,credit_card,-1,2024-12-31 00:00:00.000000000
SIM00234,savings_account,-1,2024-12-31 00:00:00.000000000
SIM00234,credit_card,-1,2024-12-31 00:00:00.000000000
SIM00235,savings_account,-1,2024-12-31 00:00:00.000000000
SIM00235,credit_card,-1,2024-12-31 00:00:00.000000000
SIM00235,life_insurance,14,2026-03-29 10:45:16.797660232
SIM00235,investment_account,3,2025-04-23 10:30:54.817180625
SIM00236,savings_account,-1,2024-12-31 00:00:00.000000000
SIM00236,credit_card,-1,2024-12-31 00:00:00.000000000
SIM00237,savings_account,-1,2024-12-31 00:00:00.000000000
SIM00237,life_insurance,19,2026-08-16 20:58:16.955391301
SIM00238,savings_account,-1,2024-12-31 00:00:00.000000000
SIM00238,credit_card,-1,2024-12-31 00:00:00.000000000
SIM00238,car_insurance,20,2026-09-09 17:40:32.095302806
SIM00239,savings_account,-1,2024-12-31 00:00:00.000000000
SIM00239,credit_card,-1,2024-12-31 00:00:00.000000000
SIM00239,home_loan,14,2026-03-03 02:37:45.045980102
SIM00239,home_insurance,14,2026-03-04 02:37:45.045980102
SIM00239,life_insurance,14,2026-03-04 02:37:45.045980102
SIM00240,savings_account,-1,2024-12-31 00:00:00.000000000
SIM00240,credit_card,-1,2024-12-31 00:00:00.000000000
SIM00240,home_loan,4,2025-05-31 17:02:32.170918177
SIM00240,home_insurance,5,2025-06-01 17:02:32.170918177
SIM00240,life_insurance,5,2025-06-01 17:02:32.170918177
SIM00240,investment_account,3,2025-04-24 16:35:23.712302895
SIM00241,savings_account,-1,2024-12-31 00:00:00.000000000
SIM00241,home_loan,19,2026-08-03 02:00:35.816831416
SIM00241,home_insurance,19,2026-08-04 02:00:35.816831416
SIM00241,life_insurance,19,2026-08-04 02:00:35.816831416
SIM00242,savings_account,-1,2024-12-31 00:00:00.000000000
SIM00242,credit_card,-1,2024-12-31 00:00:00.000000000
SIM00242,bike_insurance,21,2026-10-09 11:59:50.036635193
SIM00243,savings_account,-1,2024-12-31 00:00:00.000000000
SIM00243,credit_card,-1,2024-12-31 00:00:00.000000000
SIM00245,savings_account,-1,2024-12-31 00:00:00.000000000
SIM00245,credit_card,-1,2024-12-31 00:00:00.000000000
SIM00245,investment_account,12,2026-01-26 13:31:34.196251556
SIM00246,savings_account,-1,2024-12-31 00:00:00.000000000
SIM00246,credit_card,-1,2024-12-31 00:00:00.000000000
SIM00247,savings_account,-1,2024-12-31 00:00:00.000000000
SIM00247,credit_card,-1,2024-12-31 00:00:00.000000000
SIM00247,investment_account,6,2025-07-19 00:18:46.935441037
SIM00248,savings_account,-1,2024-12-31 00:00:00.000000000
SIM00248,life_insurance,12,2026-01-10 22:09:12.588893388
SIM00248,investment_account,17,2026-06-14 08:53:57.864333494
SIM00249,savings_account,-1,2024-12-31 00:00:00.000000000
SIM00249,home_loan,22,2026-11-30 02:33:21.659102575
SIM00249,home_insurance,23,2026-12-01 02:33:21.659102575
SIM00249,life_insurance,23,2026-12-01 02:33:21.659102575
SIM00249,car_insurance,12,2026-01-24 06:35:30.711725840
SIM00250,savings_account,-1,2024-12-31 00:00:00.000000000
SIM00250,bike_insurance,15,2026-04-09 15:14:39.325810715
SIM00251,savings_account,-1,2024-12-31 00:00:00.000000000
SIM00251,credit_card,-1,2024-12-31 00:00:00.000000000
SIM00251,life_insurance,8,2025-09-22 23:31:03.968342602
SIM00252,savings_account,-1,2024-12-31 00:00:00.000000000
SIM00252,credit_card,-1,2024-12-31 00:00:00.000000000
SIM00252,bike_insurance,22,2026-11-27 01:02:33.467002573
SIM00253,savings_account,-1,2024-12-31 00:00:00.000000000
SIM00253,credit_card,-1,2024-12-31 00:00:00.000000000
SIM00253,car_insurance,21,2026-10-19 04:39:10.855872061
SIM00253,car_loan,21,2026-10-16 04:39:10.855872061
SIM00254,savings_account,-1,2024-12-31 00:00:00.000000000
SIM00254,bike_insurance,12,2026-01-18 02:20:22.546363651
SIM00255,savings_account,-1,2024-12-31 00:00:00.000000000
SIM00255,credit_card,-1,2024-12-31 00:00:00.000000000
SIM00256,savings_account,-1,2024-12-31 00:00:00.000000000
SIM00256,credit_card,-1,2024-12-31 00:00:00.000000000
SIM00256,car_insurance,17,2026-06-10 09:57:29.408545092
SIM00256,home_loan,9,2025-10-08 21:32:30.290724469
SIM00256,home_insurance,9,2025-10-09 21:32:30.290724469
SIM00256,life_insurance,9,2025-10-09 21:32:30.290724469
SIM00257,savings_account,-1,2024-12-31 00:00:00.000000000
SIM00257,credit_card,-1,2024-12-31 00:00:00.000000000
SIM00257,investment_account,13,2026-02-02 10:10:58.061520636
SIM00257,bike_insurance,3,2025-04-27 09:44:19.841313650
SIM00258,savings_account,-1,2024-12-31 00:00:00.000000000
SIM00258,car_insurance,20,2026-09-10 19:48:13.631953346
SIM00258,car_loan,20,2026-09-07 19:48:13.631953346
SIM00258,bike_insurance,9,2025-10-09 02:31:51.064728737
SIM00258,life_insurance,12,2026-01-29 13:57:09.825395325
SIM00259,savings_account,-1,2024-12-31 00:00:00.000000000
SIM00260,savings_account,-1,2024-12-31 00:00:00.000000000
SIM00260,credit_card,-1,2024-12-31 00:00:00.000000000
SIM00260,home_loan,7,2025-08-08 14:02:33.070514526
SIM00260,home_insurance,7,2025-08-09 14:02:33.070514526
SIM00260,life_insurance,7,2025-08-09 14:02:33.070514526
SIM00261,savings_account,-1,2024-12-31 00:00:00.000000000
SIM00261,credit_card,-1,2024-12-31 00:00:00.000000000
SIM00261,investment_account,18,2026-07-02 19:06:35.963885612
SIM00262,savings_account,-1,2024-12-31 00:00:00.000000000
SIM00262,home_loan,9,2025-10-01 01:05:40.550658733
SIM00262,home_insurance,9,2025-10-02 01:05:40.550658733
SIM00262,life_insurance,9,2025-10-02 01:05:40.550658733
SIM00263,credit_card,-1,2024-12-31 00:00:00.000000000
SIM00264,savings_account,-1,2024-12-31 00:00:00.000000000
SIM00265,savings_account,-1,2024-12-31 00:00:00.000000000
SIM00265,investment_account,4,2025-05-28 14:16:20.587067137
SIM00265,life_insurance,8,2025-09-30 09:25:54.353795745
SIM00266,savings_account,-1,2024-12-31 00:00:00.000000000
SIM00267,savings_account,-1,2024-12-31 00:00:00.000000000
SIM00267,credit_card,-1,2024-12-31 00:00:00.000000000
SIM00267,investment_account,18,2026-07-23 00:23:40.044470296
SIM00268,savings_account,-1,2024-12-31 00:00:00.000000000
SIM00268,credit_card,-1,2024-12-31 00:00:00.000000000
SIM00268,investment_account,19,2026-08-05 02:58:16.123448613
SIM00269,credit_card,-1,2024-12-31 00:00:00.000000000
SIM00270,credit_card,-1,2024-12-31 00:00:00.000000000
SIM00270,car_insurance,18,2026-07-15 03:21:33.667518916
SIM00270,home_loan,16,2026-05-04 13:45:59.178068767
SIM00270,home_insurance,16,2026-05-05 13:45:59.178068767
SIM00270,life_insurance,16,2026-05-05 13:45:59.178068767
SIM00271,savings_account,-1,2024-12-31 00:00:00.000000000
SIM00271,credit_card,-1,2024-12-31 00:00:00.000000000
SIM00271,bike_insurance,6,2025-07-25 09:37:24.659856397
SIM00272,bike_insurance,17,2026-06-26 08:12:07.420279337
SIM00273,savings_account,-1,2024-12-31 00:00:00.000000000
SIM00273,investment_account,23,2026-12-24 20:33:26.726355749
SIM00274,savings_account,-1,2024-12-31 00:00:00.000000000
SIM00275,savings_account,-1,2024-12-31 00:00:00.000000000
SIM00275,credit_card,-1,2024-12-31 00:00:00.000000000
SIM00276,credit_card,-1,2024-12-31 00:00:00.000000000
SIM00276,home_loan,4,2025-05-21 04:32:03.501738050
SIM00276,home_insurance,4,2025-05-22 04:32:03.501738050
SIM00276,life_insurance,4,2025-05-22 04:32:03.501738050
SIM00276,savings_account,20,2026-09-11 13:24:12.883959746
SIM00276,bike_insurance,23,2026-12-08 07:26:21.109481112
SIM00277,savings_account,-1,2024-12-31 00:00:00.000000000
SIM00277,credit_card,-1,2024-12-31 00:00:00.000000000
SIM00277,investment_account,6,2025-07-09 04:17:35.432346150
SIM00277,car_insurance,12,2026-01-11 05:44:09.488552247
SIM00277,car_loan,12,2026-01-08 05:44:09.488552247
SIM00278,savings_account,-1,2024-12-31 00:00:00.000000000
SIM00278,car_insurance,16,2026-05-17 01:08:16.205397469
SIM00278,car_loan,16,2026-05-14 01:08:16.205397469
SIM00278,home_loan,6,2025-07-04 08:35:07.758332034
SIM00278,home_insurance,6,2025-07-05 08:35:07.758332034
SIM00278,life_insurance,6,2025-07-05 08:35:07.758332034
SIM00278,bike_insurance,8,2025-09-08 10:52:40.338423023
SIM00279,credit_card,-1,2024-12-31 00:00:00.000000000
SIM00280,savings_account,-1,2024-12-31 00:00:00.000000000
SIM00280,credit_card,-1,2024-12-31 00:00:00.000000000
SIM00281,savings_account,-1,2024-12-31 00:00:00.000000000
SIM00281,bike_insurance,9,2025-10-28 02:39:01.779019292
SIM00282,savings_account,-1,2024-12-31 00:00:00.000000000
SIM00282,life_insurance,21,2026-10-16 04:15:50.471275154
SIM00282,bike_insurance,3,2025-04-13 15:55:21.973681601
SIM00283,investment_account,20,2026-09-20 16:28:59.451937102
SIM00284,life_insurance,13,2026-02-14 00:14:33.169201602
SIM00285,savings_account,-1,2024-12-31 00:00:00.000000000
SIM00285,credit_card,-1,2024-12-31 00:00:00.000000000
SIM00286,credit_card,-1,2024-12-31 00:00:00.000000000
SIM00287,savings_account,-1,2024-12-31 00:00:00.000000000
SIM00287,credit_card,-1,2024-12-31 00:00:00.000000000
SIM00287,car_insurance,19,2026-08-30 12:45:45.524148354
SIM00287,investment_account,12,2026-01-22 15:29:56.884656845
SIM00288,savings_account,-1,2024-12-31 00:00:00.000000000
SIM00288,bike_insurance,9,2025-10-23 04:48:38.714563830
SIM00289,savings_account,-1,2024-12-31 00:00:00.000000000
SIM00289,investment_account,4,2025-05-07 08:09:57.531033784
SIM00290,savings_account,-1,2024-12-31 00:00:00.000000000
SIM00290,credit_card,-1,2024-12-31 00:00:00.000000000
SIM00290,car_insurance,19,2026-08-07 21:52:28.792818986
SIM00290,car_loan,19,2026-08-04 21:52:28.792818986
SIM00290,bike_insurance,4,2025-05-06 23:48:51.029334490
SIM00291,bike_insurance,3,2025-04-20 00:51:18.626590330
SIM00293,savings_account,-1,2024-12-31 00:00:00.000000000
SIM00293,credit_card,-1,2024-12-31 00:00:00.000000000
SIM00293,investment_account,12,2026-01-16 04:30:51.853775692
SIM00293,car_insurance,19,2026-08-23 10:01:42.898793141
SIM00293,car_loan,19,2026-08-20 10:01:42.898793141
SIM00294,credit_card,-1,2024-12-31 00:00:00.000000000
SIM00294,bike_insurance,16,2026-05-20 23:20:47.792823518
SIM00295,savings_account,-1,2024-12-31 00:00:00.000000000
SIM00296,credit_card,-1,2024-12-31 00:00:00.000000000
SIM00296,bike_insurance,19,2026-08-29 04:04:45.882121964
SIM00297,car_insurance,3,2025-04-19 10:15:57.720946674
SIM00297,car_loan,3,2025-04-16 10:15:57.720946674
SIM00298,savings_account,-1,2024-12-31 00:00:00.000000000
SIM00298,credit_card,-1,2024-12-31 00:00:00.000000000
SIM00299,savings_account,-1,2024-12-31 00:00:00.000000000
SIM00299,investment_account,23,2026-12-04 11:22:57.620948662
SIM00300,credit_card,-1,2024-12-31 00:00:00.000000000
SIM00300,home_loan,5,2025-06-19 12:09:29.952503740
SIM00300,home_insurance,5,2025-06-20 12:09:29.952503740
SIM00300,life_insurance,5,2025-06-20 12:09:29.952503740
SIM00300,bike_insurance,23,2026-12-28 22:22:04.036445610
SIM00300,investment_account,15,2026-04-22 14:06:53.320668048
SIM00300,savings_account,23,2026-12-03 08:12:13.693558789
SIM00301,savings_account,-1,2024-12-31 00:00:00.000000000
SIM00301,bike_insurance,7,2025-08-27 06:02:28.932466377
SIM00302,credit_card,-1,2024-12-31 00:00:00.000000000
SIM00303,car_insurance,5,2025-06-29 19:34:33.704513483
SIM00304,car_insurance,6,2025-07-22 07:59:22.839810172
SIM00304,car_loan,6,2025-07-19 07:59:22.839810172
SIM00305,savings_account,-1,2024-12-31 00:00:00.000000000
SIM00305,credit_card,-1,2024-12-31 00:00:00.000000000
SIM00306,credit_card,-1,2024-12-31 00:00:00.000000000
SIM00306,home_loan,21,2026-10-31 14:11:25.954491187
SIM00306,home_insurance,22,2026-11-01 14:11:25.954491187
SIM00306,life_insurance,22,2026-11-01 14:11:25.954491187
SIM00307,savings_account,-1,2024-12-31 00:00:00.000000000
SIM00307,bike_insurance,10,2025-11-03 11:11:01.529094043
SIM00308,savings_account,-1,2024-12-31 00:00:00.000000000
SIM00308,credit_card,-1,2024-12-31 00:00:00.000000000
SIM00309,credit_card,-1,2024-12-31 00:00:00.000000000
SIM00309,car_insurance,18,2026-07-16 15:23:08.179087932
SIM00310,savings_account,-1,2024-12-31 00:00:00.000000000
SIM00310,credit_card,-1,2024-12-31 00:00:00.000000000
SIM00310,bike_insurance,10,2025-11-15 11:05:49.538360916
SIM00311,savings_account,-1,2024-12-31 00:00:00.000000000
SIM00311,credit_card,-1,2024-12-31 00:00:00.000000000
SIM00311,investment_account,9,2025-10-14 08:50:26.523413681
SIM00311,car_insurance,10,2025-11-23 17:20:01.115078615
SIM00312,car_insurance,20,2026-09-06 02:37:08.684751687
SIM00313,credit_card,-1,2024-12-31 00:00:00.000000000
SIM00313,car_insurance,21,2026-10-08 00:40:33.577153127
SIM00313,car_loan,21,2026-10-05 00:40:33.577153127
SIM00313,bike_insurance,8,2025-09-14 17:47:46.559498920
SIM00314,savings_account,-1,2024-12-31 00:00:00.000000000
SIM00314,life_insurance,18,2026-07-12 11:00:10.474843879
SIM00314,investment_account,22,2026-11-08 03:01:41.242296085
SIM00315,savings_account,-1,2024-12-31 00:00:00.000000000
SIM00315,car_insurance,10,2025-11-19 15:29:56.857095095
SIM00315,home_loan,23,2026-12-24 17:57:51.194234744
SIM00315,home_insurance,23,2026-12-25 17:57:51.194234744
SIM00315,life_insurance,23,2026-12-25 17:57:51.194234744
SIM00316,credit_card,-1,2024-12-31 00:00:00.000000000
SIM00317,savings_account,-1,2024-12-31 00:00:00.000000000
SIM00317,credit_card,-1,2024-12-31 00:00:00.000000000
SIM00318,bike_insurance,8,2025-09-07 03:25:55.696801145
SIM00319,savings_account,-1,2024-12-31 00:00:00.000000000
SIM00319,credit_card,-1,2024-12-31 00:00:00.000000000
SIM00319,car_insurance,9,2025-10-29 00:19:47.466097345
SIM00320,car_insurance,7,2025-08-05 12:22:22.118514420
SIM00320,home_loan,13,2026-02-28 21:32:28.023972876
SIM00320,home_insurance,14,2026-03-01 21:32:28.023972876
SIM00320,life_insurance,14,2026-03-01 21:32:28.023972876
SIM00320,investment_account,16,2026-05-15 04:52:01.808125387
SIM00321,savings_account,-1,2024-12-31 00:00:00.000000000
SIM00321,credit_card,-1,2024-12-31 00:00:00.000000000
SIM00321,car_insurance,10,2025-11-12 05:24:50.089130103
SIM00321,car_loan,10,2025-11-09 05:24:50.089130103
SIM00321,bike_insurance,16,2026-05-22 01:03:37.262239409
SIM00322,savings_account,-1,2024-12-31 00:00:00.000000000
SIM00322,credit_card,-1,2024-12-31 00:00:00.000000000
SIM00323,savings_account,-1,2024-12-31 00:00:00.000000000
SIM00323,home_loan,14,2026-03-19 20:50:18.819685538
SIM00323,home_insurance,14,2026-03-20 20:50:18.819685538
SIM00323,life_insurance,14,2026-03-20 20:50:18.819685538
SIM00325,savings_account,-1,2024-12-31 00:00:00.000000000
SIM00326,credit_card,-1,2024-12-31 00:00:00.000000000
SIM00326,home_loan,15,2026-04-27 21:44:45.355532649
SIM00326,home_insurance,15,2026-04-28 21:44:45.355532649
SIM00326,life_insurance,15,2026-04-28 21:44:45.355532649
SIM00326,bike_insurance,15,2026-04-24 03:25:58.877006075
SIM00327,savings_account,-1,2024-12-31 00:00:00.000000000
SIM00327,car_insurance,8,2025-09-27 09:57:32.901321552
SIM00327,car_loan,8,2025-09-24 09:57:32.901321552
SIM00327,home_loan,18,2026-07-09 20:42:11.270120162
SIM00327,home_insurance,18,2026-07-10 20:42:11.270120162
SIM00327,life_insurance,18,2026-07-10 20:42:11.270120162
SIM00327,bike_insurance,23,2026-12-07 08:32:13.007785896
SIM00328,savings_account,-1,2024-12-31 00:00:00.000000000
SIM00328,credit_card,-1,2024-12-31 00:00:00.000000000
SIM00328,bike_insurance,22,2026-11-11 17:59:54.718710498
SIM00329,savings_account,-1,2024-12-31 00:00:00.000000000
SIM00329,investment_account,22,2026-11-14 16:39:51.825967612
SIM00329,car_insurance,5,2025-06-09 16:41:25.839852297
SIM00330,savings_account,-1,2024-12-31 00:00:00.000000000
SIM00330,investment_account,20,2026-09-09 08:13:54.234848956
SIM00331,savings_account,-1,2024-12-31 00:00:00.000000000
SIM00331,credit_card,-1,2024-12-31 00:00:00.000000000
SIM00331,bike_insurance,20,2026-09-13 02:02:50.999023270
SIM00332,savings_account,-1,2024-12-31 00:00:00.000000000
SIM00332,credit_card,-1,2024-12-31 00:00:00.000000000
SIM00332,home_loan,7,2025-08-18 23:43:02.572518477
SIM00332,home_insurance,7,2025-08-19 23:43:02.572518477
SIM00332,life_insurance,7,2025-08-19 23:43:02.572518477
SIM00332,bike_insurance,10,2025-11-20 10:44:12.062221252
SIM00333,savings_account,-1,2024-12-31 00:00:00.000000000
SIM00333,bike_insurance,6,2025-07-13 18:59:11.795577714
SIM00334,savings_account,-1,2024-12-31 00:00:00.000000000
SIM00335,savings_account,-1,2024-12-31 00:00:00.000000000
SIM00335,life_insurance,19,2026-08-01 15:24:04.786687764
SIM00335,bike_insurance,15,2026-04-18 04:15:56.336282544
SIM00335,investment_account,21,2026-10-08 06:17:52.010430907
SIM00336,bike_insurance,16,2026-05-05 17:42:21.954706256
SIM00337,savings_account,-1,2024-12-31 00:00:00.000000000
SIM00337,car_insurance,10,2025-11-11 00:46:18.482141892
SIM00337,investment_account,14,2026-03-27 22:42:48.894678902
SIM00338,savings_account,-1,2024-12-31 00:00:00.000000000
SIM00339,savings_account,-1,2024-12-31 00:00:00.000000000
SIM00339,credit_card,-1,2024-12-31 00:00:00.000000000
SIM00340,savings_account,-1,2024-12-31 00:00:00.000000000
SIM00340,credit_card,-1,2024-12-31 00:00:00.000000000
SIM00341,bike_insurance,12,2026-01-24 02:00:21.269233476
SIM00342,savings_account,-1,2024-12-31 00:00:00.000000000
SIM00342,bike_insurance,13,2026-02-03 23:55:43.520947096
SIM00342,investment_account,11,2025-12-07 23:02:56.564780463
SIM00343,savings_account,-1,2024-12-31 00:00:00.000000000
SIM00343,credit_card,-1,2024-12-31 00:00:00.000000000
SIM00343,home_loan,4,2025-05-27 08:14:44.823871899
SIM00343,home_insurance,4,2025-05-28 08:14:44.823871899
SIM00343,life_insurance,4,2025-05-28 08:14:44.823871899
SIM00343,investment_account,19,2026-08-10 22:18:51.278891238
SIM00344,savings_account,-1,2024-12-31 00:00:00.000000000
SIM00344,credit_card,-1,2024-12-31 00:00:00.000000000
SIM00344,investment_account,6,2025-07-10 02:01:52.117633136
SIM00345,savings_account,-1,2024-12-31 00:00:00.000000000
SIM00345,credit_card,-1,2024-12-31 00:00:00.000000000
SIM00346,savings_account,-1,2024-12-31 00:00:00.000000000
SIM00346,investment_account,12,2026-01-11 20:42:07.178373944
SIM00346,bike_insurance,10,2025-11-26 04:21:34.227388418
SIM00347,savings_account,-1,2024-12-31 00:00:00.000000000
SIM00347,credit_card,-1,2024-12-31 00:00:00.000000000
SIM00348,credit_card,-1,2024-12-31 00:00:00.000000000
SIM00349,credit_card,-1,2024-12-31 00:00:00.000000000
SIM00349,home_loan,17,2026-06-28 07:40:04.570604247
SIM00349,home_insurance,17,2026-06-29 07:40:04.570604247
SIM00349,life_insurance,17,2026-06-29 07:40:04.570604247
SIM00350,savings_account,-1,2024-12-31 00:00:00.000000000
SIM00351,savings_account,-1,2024-12-31 00:00:00.000000000
SIM00351,bike_insurance,20,2026-09-11 09:31:03.236287979
SIM00352,savings_account,-1,2024-12-31 00:00:00.000000000
SIM00352,life_insurance,10,2025-11-24 09:01:18.464224462
SIM00352,investment_account,10,2025-11-14 03:46:46.685196494
SIM00353,savings_account,-1,2024-12-31 00:00:00.000000000
SIM00353,home_loan,19,2026-08-23 04:31:18.076980710
SIM00353,home_insurance,19,2026-08-24 04:31:18.076980710
SIM00353,life_insurance,19,2026-08-24 04:31:18.076980710
SIM00355,savings_account,-1,2024-12-31 00:00:00.000000000
SIM00355,credit_card,-1,2024-12-31 00:00:00.000000000
SIM00356,savings_account,-1,2024-12-31 00:00:00.000000000
SIM00356,credit_card,-1,2024-12-31 00:00:00.000000000
SIM00356,investment_account,3,2025-04-14 04:26:50.063762123
SIM00356,car_insurance,20,2026-09-09 00:00:44.688082550
SIM00357,credit_card,-1,2024-12-31 00:00:00.000000000
SIM00358,car_insurance,7,2025-08-13 20:10:49.520918209
SIM00358,home_loan,18,2026-07-29 06:55:13.573337749
SIM00358,home_insurance,18,2026-07-30 06:55:13.573337749
SIM00358,life_insurance,18,2026-07-30 06:55:13.573337749
SIM00359,savings_account,-1,2024-12-31 00:00:00.000000000
SIM00360,savings_account,-1,2024-12-31 00:00:00.000000000
SIM00360,car_insurance,19,2026-08-20 09:44:08.014831184
SIM00360,home_loan,9,2025-10-20 18:01:49.843000228
SIM00360,home_insurance,9,2025-10-21 18:01:49.843000228
SIM00360,life_insurance,9,2025-10-21 18:01:49.843000228
SIM00361,savings_account,-1,2024-12-31 00:00:00.000000000
SIM00361,credit_card,-1,2024-12-31 00:00:00.000000000
SIM00362,savings_account,-1,2024-12-31 00:00:00.000000000
SIM00363,savings_account,-1,2024-12-31 00:00:00.000000000
SIM00363,credit_card,-1,2024-12-31 00:00:00.000000000
SIM00363,life_insurance,11,2025-12-28 01:55:50.672603147
SIM00363,bike_insurance,21,2026-10-20 11:13:04.262749179
SIM00365,savings_account,-1,2024-12-31 00:00:00.000000000
SIM00365,credit_card,-1,2024-12-31 00:00:00.000000000
SIM00365,home_loan,21,2026-10-08 19:46:57.967068200
SIM00365,home_insurance,21,2026-10-09 19:46:57.967068200
SIM00365,life_insurance,21,2026-10-09 19:46:57.967068200
SIM00366,savings_account,-1,2024-12-31 00:00:00.000000000
SIM00366,credit_card,-1,2024-12-31 00:00:00.000000000
SIM00366,home_loan,20,2026-09-20 06:27:29.115862518
SIM00366,home_insurance,20,2026-09-21 06:27:29.115862518
SIM00366,life_insurance,20,2026-09-21 06:27:29.115862518
SIM00367,savings_account,-1,2024-12-31 00:00:00.000000000
SIM00367,credit_card,-1,2024-12-31 00:00:00.000000000
SIM00367,car_insurance,12,2026-01-10 16:43:31.156964757
SIM00368,savings_account,-1,2024-12-31 00:00:00.000000000
SIM00369,savings_account,-1,2024-12-31 00:00:00.000000000
SIM00369,bike_insurance,12,2026-01-05 18:10:17.418108630
SIM00369,investment_account,12,2026-01-23 03:05:27.859178990
SIM00370,savings_account,-1,2024-12-31 00:00:00.000000000
SIM00370,credit_card,-1,2024-12-31 00:00:00.000000000
SIM00370,car_insurance,6,2025-07-07 10:10:22.078192646
SIM00370,car_loan,6,2025-07-04 10:10:22.078192646
SIM00370,life_insurance,23,2026-12-06 00:37:10.797185431
SIM00371,savings_account,-1,2024-12-31 00:00:00.000000000
SIM00373,savings_account,-1,2024-12-31 00:00:00.000000000
SIM00373,bike_insurance,14,2026-03-17 05:06:08.202880593
SIM00374,savings_account,-1,2024-12-31 00:00:00.000000000
SIM00375,savings_account,-1,2024-12-31 00:00:00.000000000
SIM00375,home_loan,10,2025-11-06 14:30:48.616098541
SIM00375,home_insurance,10,2025-11-07 14:30:48.616098541
SIM00375,life_insurance,10,2025-11-07 14:30:48.616098541
SIM00376,investment_account,4,2025-05-25 17:44:24.125039091
SIM00377,savings_account,-1,2024-12-31 00:00:00.000000000
SIM00377,credit_card,-1,2024-12-31 00:00:00.000000000
SIM00377,car_insurance,22,2026-11-26 09:47:15.105100494
SIM00377,car_loan,22,2026-11-23 09:47:15.105100494
SIM00378,investment_account,17,2026-06-09 01:55:22.703559001
SIM00379,savings_account,-1,2024-12-31 00:00:00.000000000
SIM00379,investment_account,8,2025-09-15 12:37:59.252568037
SIM00379,car_insurance,11,2025-12-10 10:21:20.818512967
SIM00379,car_loan,11,2025-12-07 10:21:20.818512967
SIM00380,savings_account,-1,2024-12-31 00:00:00.000000000
SIM00380,credit_card,-1,2024-12-31 00:00:00.000000000
SIM00380,car_insurance,15,2026-04-08 10:25:18.189774332
SIM00380,car_loan,15,2026-04-05 10:25:18.189774332
SIM00381,savings_account,-1,2024-12-31 00:00:00.000000000
SIM00381,credit_card,-1,2024-12-31 00:00:00.000000000
SIM00382,savings_account,-1,2024-12-31 00:00:00.000000000
SIM00382,investment_account,20,2026-09-22 20:05:09.614894229
SIM00382,car_insurance,8,2025-09-24 04:00:55.367711981
SIM00383,savings_account,-1,2024-12-31 00:00:00.000000000
SIM00383,credit_card,-1,2024-12-31 00:00:00.000000000
SIM00384,savings_account,-1,2024-12-31 00:00:00.000000000
SIM00384,credit_card,-1,2024-12-31 00:00:00.000000000
SIM00384,bike_insurance,17,2026-06-19 10:32:20.089862095
SIM00385,savings_account,-1,2024-12-31 00:00:00.000000000
SIM00385,credit_card,-1,2024-12-31 00:00:00.000000000
SIM00385,car_insurance,20,2026-09-30 14:54:20.825500539
SIM00385,car_loan,20,2026-09-27 14:54:20.825500539
SIM00385,home_loan,8,2025-09-03 17:54:42.435741958
SIM00385,home_insurance,8,2025-09-04 17:54:42.435741958
SIM00385,life_insurance,8,2025-09-04 17:54:42.435741958
SIM00385,investment_account,16,2026-05-21 07:01:38.177501363
SIM00386,credit_card,-1,2024-12-31 00:00:00.000000000
SIM00387,car_insurance,17,2026-06-29 19:04:06.273530755
SIM00387,bike_insurance,16,2026-05-24 11:09:32.460144687
SIM00388,savings_account,-1,2024-12-31 00:00:00.000000000
SIM00388,credit_card,-1,2024-12-31 00:00:00.000000000
SIM00388,investment_account,5,2025-06-14 04:32:21.969518384
SIM00389,credit_card,-1,2024-12-31 00:00:00.000000000
SIM00389,bike_insurance,5,2025-06-13 03:11:16.754609149
SIM00390,savings_account,-1,2024-12-31 00:00:00.000000000
SIM00390,credit_card,-1,2024-12-31 00:00:00.000000000
SIM00390,car_insurance,19,2026-08-20 15:17:04.803829978
SIM00390,home_loan,9,2025-10-04 01:08:00.070621348
SIM00390,home_insurance,9,2025-10-05 01:08:00.070621348
SIM00390,life_insurance,9,2025-10-05 01:08:00.070621348
SIM00390,bike_insurance,13,2026-02-05 21:13:08.994574980
SIM00391,savings_account,-1,2024-12-31 00:00:00.000000000
SIM00391,credit_card,-1,2024-12-31 00:00:00.000000000
SIM00392,life_insurance,14,2026-03-13 21:30:45.347284679
SIM00392,savings_account,14,2026-03-18 21:30:45.347284679
SIM00393,savings_account,-1,2024-12-31 00:00:00.000000000
SIM00393,car_insurance,8,2025-09-10 21:17:05.694635958
SIM00393,car_loan,8,2025-09-07 21:17:05.694635958
SIM00394,credit_card,-1,2024-12-31 00:00:00.000000000
SIM00394,investment_account,3,2025-04-26 14:59:17.517876600
SIM00395,life_insurance,14,2026-03-28 15:53:15.396200761
SIM00396,savings_account,-1,2024-12-31 00:00:00.000000000
SIM00396,credit_card,-1,2024-12-31 00:00:00.000000000
SIM00396,car_insurance,9,2025-10-13 05:14:55.123075104
SIM00396,car_loan,9,2025-10-10 05:14:55.123075104
SIM00396,investment_account,11,2025-12-28 21:37:52.171808432
SIM00397,savings_account,-1,2024-12-31 00:00:00.000000000
SIM00397,credit_card,-1,2024-12-31 00:00:00.000000000
SIM00397,investment_account,18,2026-07-20 17:24:48.651905551
SIM00398,savings_account,-1,2024-12-31 00:00:00.000000000
SIM00398,car_insurance,11,2025-12-14 03:21:50.134924078
SIM00398,car_loan,11,2025-12-11 03:21:50.134924078
SIM00398,life_insurance,7,2025-08-13 11:20:00.569818038
SIM00399,credit_card,-1,2024-12-31 00:00:00.000000000
SIM00399,home_loan,4,2025-05-21 09:08:42.346180131
SIM00399,home_insurance,4,2025-05-22 09:08:42.346180131
SIM00399,life_insurance,4,2025-05-22 09:08:42.346180131
SIM00399,bike_insurance,5,2025-06-13 07:44:16.633970036
SIM00400,savings_account,-1,2024-12-31 00:00:00.000000000
SIM00400,bike_insurance,19,2026-08-23 13:46:21.538508811
SIM00401,savings_account,-1,2024-12-31 00:00:00.000000000
SIM00401,home_loan,18,2026-07-06 23:19:37.396996809
SIM00401,home_insurance,18,2026-07-07 23:19:37.396996809
SIM00401,life_insurance,18,2026-07-07 23:19:37.396996809
SIM00402,savings_account,-1,2024-12-31 00:00:00.000000000
SIM00402,credit_card,-1,2024-12-31 00:00:00.000000000
SIM00402,investment_account,16,2026-05-15 21:40:50.374956678
SIM00402,home_loan,14,2026-03-19 08:22:09.866694752
SIM00402,home_insurance,14,2026-03-20 08:22:09.866694752
SIM00402,life_insurance,14,2026-03-20 08:22:09.866694752
SIM00403,savings_account,-1,2024-12-31 00:00:00.000000000
SIM00404,savings_account,-1,2024-12-31 00:00:00.000000000
SIM00404,credit_card,-1,2024-12-31 00:00:00.000000000
SIM00405,savings_account,-1,2024-12-31 00:00:00.000000000
SIM00405,credit_card,-1,2024-12-31 00:00:00.000000000
SIM00405,car_insurance,23,2026-12-11 06:31:40.654254402
SIM00406,savings_account,-1,2024-12-31 00:00:00.000000000
SIM00406,credit_card,-1,2024-12-31 00:00:00.000000000
SIM00406,investment_account,11,2025-12-07 01:39:41.118022914
SIM00406,home_loan,12,2026-01-21 19:26:55.224820963
SIM00406,home_insurance,12,2026-01-22 19:26:55.224820963
SIM00406,life_insurance,12,2026-01-22 19:26:55.224820963
SIM00407,savings_account,-1,2024-12-31 00:00:00.000000000
SIM00407,bike_insurance,12,2026-01-29 06:48:13.920181334
SIM00408,bike_insurance,11,2025-12-02 23:49:41.147695707
SIM00408,car_insurance,19,2026-08-11 03:50:55.707120122
SIM00409,bike_insurance,7,2025-08-08 15:36:06.086498962
SIM00410,savings_account,-1,2024-12-31 00:00:00.000000000
SIM00410,car_insurance,10,2025-11-18 19:39:12.945674248
SIM00410,car_loan,10,2025-11-15 19:39:12.945674248
SIM00411,savings_account,-1,2024-12-31 00:00:00.000000000
SIM00411,credit_card,-1,2024-12-31 00:00:00.000000000
SIM00411,investment_account,9,2025-10-09 20:17:57.358167972
SIM00412,savings_account,-1,2024-12-31 00:00:00.000000000
SIM00412,car_insurance,23,2026-12-23 12:05:06.251200080
SIM00413,savings_account,-1,2024-12-31 00:00:00.000000000
SIM00413,credit_card,-1,2024-12-31 00:00:00.000000000
SIM00413,life_insurance,22,2026-11-30 09:06:35.471921045
SIM00414,savings_account,-1,2024-12-31 00:00:00.000000000
SIM00414,credit_card,-1,2024-12-31 00:00:00.000000000
SIM00414,car_insurance,10,2025-11-14 04:00:51.678236919
SIM00414,car_loan,10,2025-11-11 04:00:51.678236919
SIM00415,savings_account,-1,2024-12-31 00:00:00.000000000
SIM00415,bike_insurance,12,2026-01-11 13:05:25.582730562
SIM00416,savings_account,-1,2024-12-31 00:00:00.000000000
SIM00417,car_insurance,18,2026-07-14 09:37:02.045767815
SIM00417,car_loan,18,2026-07-11 09:37:02.045767815
SIM00418,savings_account,-1,2024-12-31 00:00:00.000000000
SIM00418,credit_card,-1,2024-12-31 00:00:00.000000000
SIM00418,car_insurance,10,2025-11-24 17:48:41.991747412
SIM00418,home_loan,12,2026-01-23 08:37:07.166451533
SIM00418,home_insurance,12,2026-01-24 08:37:07.166451533
SIM00418,life_insurance,12,2026-01-24 08:37:07.166451533
SIM00419,credit_card,-1,2024-12-31 00:00:00.000000000
SIM00420,savings_account,-1,2024-12-31 00:00:00.000000000
SIM00420,credit_card,-1,2024-12-31 00:00:00.000000000
SIM00420,home_loan,8,2025-09-08 22:02:30.721416871
SIM00420,home_insurance,8,2025-09-09 22:02:30.721416871
SIM00420,life_insurance,8,2025-09-09 22:02:30.721416871
SIM00420,car_insurance,17,2026-06-19 09:24:01.117590708
SIM00421,savings_account,-1,2024-12-31 00:00:00.000000000
SIM00421,credit_card,-1,2024-12-31 00:00:00.000000000
SIM00422,savings_account,-1,2024-12-31 00:00:00.000000000
SIM00422,credit_card,-1,2024-12-31 00:00:00.000000000
SIM00423,savings_account,-1,2024-12-31 00:00:00.000000000
SIM00423,credit_card,-1,2024-12-31 00:00:00.000000000
SIM00423,home_loan,7,2025-08-26 01:56:44.024966865
SIM00423,home_insurance,7,2025-08-27 01:56:44.024966865
SIM00423,life_insurance,7,2025-08-27 01:56:44.024966865
SIM00424,savings_account,-1,2024-12-31 00:00:00.000000000
SIM00424,credit_card,-1,2024-12-31 00:00:00.000000000
SIM00424,bike_insurance,20,2026-09-16 09:36:40.317842951
SIM00425,credit_card,-1,2024-12-31 00:00:00.000000000
SIM00426,credit_card,-1,2024-12-31 00:00:00.000000000
SIM00427,savings_account,-1,2024-12-31 00:00:00.000000000
SIM00427,home_loan,8,2025-09-26 21:29:45.642242706
SIM00427,home_insurance,8,2025-09-27 21:29:45.642242706
SIM00427,life_insurance,8,2025-09-27 21:29:45.642242706
SIM00428,savings_account,-1,2024-12-31 00:00:00.000000000
SIM00429,savings_account,-1,2024-12-31 00:00:00.000000000
SIM00429,bike_insurance,18,2026-07-07 17:54:32.904844339
SIM00429,life_insurance,11,2025-12-28 13:00:09.124659823
SIM00430,savings_account,-1,2024-12-31 00:00:00.000000000
SIM00430,credit_card,-1,2024-12-31 00:00:00.000000000
SIM00430,investment_account,17,2026-06-08 15:47:13.259117403
SIM00430,home_loan,13,2026-02-19 10:06:09.711553630
SIM00430,home_insurance,13,2026-02-20 10:06:09.711553630
SIM00430,life_insurance,13,2026-02-20 10:06:09.711553630
SIM00431,savings_account,-1,2024-12-31 00:00:00.000000000
SIM00431,investment_account,21,2026-10-22 11:09:33.930786922
SIM00433,savings_account,-1,2024-12-31 00:00:00.000000000
SIM00433,credit_card,-1,2024-12-31 00:00:00.000000000
SIM00433,bike_insurance,15,2026-04-22 17:19:12.334646933
SIM00433,life_insurance,16,2026-05-27 22:08:42.482643191
SIM00434,savings_account,-1,2024-12-31 00:00:00.000000000
SIM00434,credit_card,-1,2024-12-31 00:00:00.000000000
SIM00434,bike_insurance,20,2026-09-06 15:26:58.602508953
SIM00434,investment_account,9,2025-10-25 09:46:29.267582890
SIM00435,home_loan,18,2026-07-20 20:53:05.507280464
SIM00435,home_insurance,18,2026-07-21 20:53:05.507280464
SIM00435,life_insurance,18,2026-07-21 20:53:05.507280464
SIM00435,car_insurance,19,2026-08-17 11:59:53.776594932
SIM00436,savings_account,-1,2024-12-31 00:00:00.000000000
SIM00436,investment_account,6,2025-07-09 18:16:04.456187194
SIM00436,bike_insurance,8,2025-09-08 16:43:16.817493627
SIM00437,savings_account,-1,2024-12-31 00:00:00.000000000
SIM00437,bike_insurance,20,2026-09-23 00:59:18.942954492
SIM00438,savings_account,-1,2024-12-31 00:00:00.000000000
SIM00438,car_insurance,10,2025-11-08 21:32:36.883602958
SIM00438,car_loan,10,2025-11-05 21:32:36.883602958
SIM00438,life_insurance,21,2026-10-27 15:19:05.696863909
SIM00438,bike_insurance,10,2025-11-07 21:56:58.861331205
SIM00439,credit_card,-1,2024-12-31 00:00:00.000000000
SIM00439,home_loan,4,2025-05-22 16:48:04.854868930
SIM00439,home_insurance,4,2025-05-23 16:48:04.854868930
SIM00439,life_insurance,4,2025-05-23 16:48:04.854868930
SIM00440,credit_card,-1,2024-12-31 00:00:00.000000000
SIM00441,savings_account,-1,2024-12-31 00:00:00.000000000
SIM00441,credit_card,-1,2024-12-31 00:00:00.000000000
SIM00441,car_insurance,17,2026-06-18 03:39:24.744868216
SIM00441,investment_account,17,2026-06-18 18:41:57.078335669
SIM00442,savings_account,-1,2024-12-31 00:00:00.000000000
SIM00443,credit_card,-1,2024-12-31 00:00:00.000000000
SIM00443,home_loan,20,2026-09-23 05:39:45.813150832
SIM00443,home_insurance,20,2026-09-24 05:39:45.813150832
SIM00443,life_insurance,12,2026-01-15 07:54:39.830056835
SIM00443,savings_account,12,2026-01-20 07:54:39.830056835
SIM00444,savings_account,-1,2024-12-31 00:00:00.000000000
SIM00444,credit_card,-1,2024-12-31 00:00:00.000000000
SIM00445,savings_account,-1,2024-12-31 00:00:00.000000000
SIM00445,credit_card,-1,2024-12-31 00:00:00.000000000
SIM00445,bike_insurance,6,2025-07-16 18:37:56.225688760
SIM00446,car_insurance,19,2026-08-22 08:30:29.569770422
SIM00446,car_loan,19,2026-08-19 08:30:29.569770422
SIM00446,bike_insurance,12,2026-01-18 03:11:14.337324105
SIM00446,life_insurance,15,2026-04-06 00:24:56.363108578
SIM00446,savings_account,15,2026-04-11 00:24:56.363108578
SIM00447,savings_account,-1,2024-12-31 00:00:00.000000000
SIM00447,investment_account,8,2025-09-22 21:34:23.658968492
SIM00448,savings_account,-1,2024-12-31 00:00:00.000000000
SIM00448,credit_card,-1,2024-12-31 00:00:00.000000000
SIM00448,car_insurance,4,2025-05-16 16:40:14.352260252
SIM00448,car_loan,4,2025-05-13 16:40:14.352260252
SIM00448,home_loan,3,2025-04-20 20:55:08.378965735
SIM00448,home_insurance,3,2025-04-21 20:55:08.378965735
SIM00448,life_insurance,3,2025-04-21 20:55:08.378965735
SIM00448,bike_insurance,17,2026-06-25 03:44:44.335055713
SIM00448,investment_account,12,2026-01-26 00:57:31.878033389
SIM00449,credit_card,-1,2024-12-31 00:00:00.000000000
SIM00449,investment_account,7,2025-08-08 21:01:08.063365346
SIM00450,savings_account,-1,2024-12-31 00:00:00.000000000
SIM00450,credit_card,-1,2024-12-31 00:00:00.000000000
SIM00450,home_loan,18,2026-07-24 14:00:38.291511578
SIM00450,home_insurance,18,2026-07-25 14:00:38.291511578
SIM00450,life_insurance,18,2026-07-25 14:00:38.291511578
SIM00450,car_insurance,7,2025-08-30 23:46:26.111320911
SIM00450,car_loan,7,2025-08-27 23:46:26.111320911
SIM00451,savings_account,-1,2024-12-31 00:00:00.000000000
SIM00451,credit_card,-1,2024-12-31 00:00:00.000000000
SIM00451,car_insurance,10,2025-11-11 00:42:13.816307205
SIM00451,car_loan,10,2025-11-08 00:42:13.816307205
SIM00451,life_insurance,19,2026-08-24 10:12:47.903042059
SIM00451,bike_insurance,13,2026-02-07 18:14:46.111669015
SIM00451,investment_account,18,2026-07-08 08:41:38.143135240
SIM00452,savings_account,-1,2024-12-31 00:00:00.000000000
SIM00452,bike_insurance,6,2025-07-11 01:26:40.710181086
SIM00453,savings_account,-1,2024-12-31 00:00:00.000000000
SIM00453,credit_card,-1,2024-12-31 00:00:00.000000000
SIM00454,savings_account,-1,2024-12-31 00:00:00.000000000
SIM00454,investment_account,17,2026-06-13 14:20:37.162766108
SIM00455,bike_insurance,17,2026-06-28 17:06:22.120441572
SIM00456,credit_card,-1,2024-12-31 00:00:00.000000000
SIM00456,investment_account,4,2025-05-17 00:20:35.706439638
SIM00456,life_insurance,21,2026-10-13 01:10:57.969083723
SIM00456,savings_account,21,2026-10-18 01:10:57.969083723
SIM00457,car_insurance,20,2026-09-21 11:53:19.758573391
SIM00457,home_loan,16,2026-05-06 06:38:45.551841109
SIM00457,home_insurance,16,2026-05-07 06:38:45.551841109
SIM00457,life_insurance,16,2026-05-07 06:38:45.551841109
SIM00458,car_insurance,20,2026-09-20 08:44:52.640008623
SIM00458,car_loan,20,2026-09-17 08:44:52.640008623
SIM00459,savings_account,-1,2024-12-31 00:00:00.000000000
SIM00459,home_loan,16,2026-05-17 23:46:01.572423487
SIM00459,home_insurance,16,2026-05-18 23:46:01.572423487
SIM00459,life_insurance,16,2026-05-18 23:46:01.572423487
SIM00460,savings_account,-1,2024-12-31 00:00:00.000000000
SIM00460,credit_card,-1,2024-12-31 00:00:00.000000000
SIM00460,investment_account,9,2025-10-11 21:42:26.202123907
SIM00461,savings_account,-1,2024-12-31 00:00:00.000000000
SIM00462,credit_card,-1,2024-12-31 00:00:00.000000000
SIM00462,home_loan,17,2026-06-04 05:49:41.609203779
SIM00462,home_insurance,17,2026-06-05 05:49:41.609203779
SIM00462,life_insurance,17,2026-06-05 05:49:41.609203779
SIM00463,bike_insurance,6,2025-07-13 07:40:51.362427821
SIM00464,savings_account,-1,2024-12-31 00:00:00.000000000
SIM00464,car_insurance,8,2025-09-28 11:04:48.906525338
SIM00464,car_loan,8,2025-09-25 11:04:48.906525338
SIM00464,bike_insurance,5,2025-06-04 23:17:53.095652864
SIM00465,savings_account,-1,2024-12-31 00:00:00.000000000
SIM00465,credit_card,-1,2024-12-31 00:00:00.000000000
SIM00465,investment_account,13,2026-02-09 17:29:06.235070830
SIM00465,home_loan,9,2025-10-28 21:46:26.498622128
SIM00465,home_insurance,9,2025-10-29 21:46:26.498622128
SIM00465,life_insurance,9,2025-10-29 21:46:26.498622128
SIM00466,credit_card,-1,2024-12-31 00:00:00.000000000
SIM00466,bike_insurance,15,2026-04-15 11:13:30.314254330
SIM00467,savings_account,-1,2024-12-31 00:00:00.000000000
SIM00467,car_insurance,17,2026-06-28 02:28:32.052863254
SIM00467,bike_insurance,20,2026-09-06 11:22:48.799279674
SIM00468,savings_account,-1,2024-12-31 00:00:00.000000000
SIM00469,savings_account,-1,2024-12-31 00:00:00.000000000
SIM00470,savings_account,-1,2024-12-31 00:00:00.000000000
SIM00470,credit_card,-1,2024-12-31 00:00:00.000000000
SIM00470,investment_account,22,2026-11-04 20:54:24.518307675
SIM00470,life_insurance,9,2025-10-31 17:08:52.343657894
SIM00471,savings_account,-1,2024-12-31 00:00:00.000000000
SIM00471,credit_card,-1,2024-12-31 00:00:00.000000000
SIM00471,car_insurance,8,2025-09-06 02:29:51.911197462
SIM00471,car_loan,8,2025-09-03 02:29:51.911197462
SIM00471,bike_insurance,21,2026-10-17 20:28:57.655745184
SIM00472,savings_account,-1,2024-12-31 00:00:00.000000000
SIM00474,savings_account,-1,2024-12-31 00:00:00.000000000
SIM00474,credit_card,-1,2024-12-31 00:00:00.000000000
SIM00475,credit_card,-1,2024-12-31 00:00:00.000000000
SIM00475,car_insurance,12,2026-01-19 11:22:29.148734186
SIM00476,credit_card,-1,2024-12-31 00:00:00.000000000
SIM00477,savings_account,-1,2024-12-31 00:00:00.000000000
SIM00477,credit_card,-1,2024-12-31 00:00:00.000000000
SIM00477,car_insurance,10,2025-11-26 19:29:21.573107028
SIM00477,car_loan,10,2025-11-23 19:29:21.573107028
SIM00478,savings_account,-1,2024-12-31 00:00:00.000000000
SIM00479,savings_account,-1,2024-12-31 00:00:00.000000000
SIM00479,car_insurance,13,2026-02-23 23:13:16.224350370
SIM00480,bike_insurance,16,2026-05-23 22:04:15.826211042
SIM00481,savings_account,-1,2024-12-31 00:00:00.000000000
SIM00481,credit_card,-1,2024-12-31 00:00:00.000000000
SIM00481,bike_insurance,23,2026-12-17 04:30:54.034022564
SIM00482,savings_account,-1,2024-12-31 00:00:00.000000000
SIM00482,credit_card,-1,2024-12-31 00:00:00.000000000
SIM00483,savings_account,-1,2024-12-31 00:00:00.000000000
SIM00483,credit_card,-1,2024-12-31 00:00:00.000000000
SIM00483,investment_account,10,2025-11-13 01:54:49.535507587
SIM00484,credit_card,-1,2024-12-31 00:00:00.000000000
SIM00485,savings_account,-1,2024-12-31 00:00:00.000000000
SIM00485,credit_card,-1,2024-12-31 00:00:00.000000000
SIM00485,home_loan,19,2026-08-09 03:59:43.683289134
SIM00485,home_insurance,19,2026-08-10 03:59:43.683289134
SIM00485,life_insurance,19,2026-08-10 03:59:43.683289134
SIM00485,car_insurance,21,2026-10-15 07:10:24.438654778
SIM00486,savings_account,-1,2024-12-31 00:00:00.000000000
SIM00486,credit_card,-1,2024-12-31 00:00:00.000000000
SIM00486,investment_account,14,2026-03-13 17:45:10.517128619
SIM00486,home_loan,4,2025-05-29 10:19:33.883804538
SIM00486,home_insurance,4,2025-05-30 10:19:33.883804538
SIM00486,life_insurance,4,2025-05-30 10:19:33.883804538
SIM00487,savings_account,-1,2024-12-31 00:00:00.000000000
SIM00488,credit_card,-1,2024-12-31 00:00:00.000000000
SIM00488,home_loan,3,2025-04-23 00:05:10.313860018
SIM00488,home_insurance,3,2025-04-24 00:05:10.313860018
SIM00488,life_insurance,3,2025-04-24 00:05:10.313860018
SIM00488,bike_insurance,7,2025-08-14 18:56:15.001087049
SIM00489,savings_account,-1,2024-12-31 00:00:00.000000000
SIM00489,credit_card,-1,2024-12-31 00:00:00.000000000
SIM00490,savings_account,-1,2024-12-31 00:00:00.000000000
SIM00490,credit_card,-1,2024-12-31 00:00:00.000000000
SIM00490,investment_account,9,2025-10-19 17:03:20.912502927
SIM00490,home_loan,14,2026-03-24 05:30:06.408156131
SIM00490,home_insurance,14,2026-03-25 05:30:06.408156131
SIM00490,life_insurance,14,2026-03-25 05:30:06.408156131
SIM00491,savings_account,-1,2024-12-31 00:00:00.000000000
SIM00491,credit_card,-1,2024-12-31 00:00:00.000000000
SIM00491,car_insurance,18,2026-07-21 10:34:08.963032378
SIM00491,car_loan,18,2026-07-18 10:34:08.963032378
SIM00491,bike_insurance,12,2026-01-08 17:23:17.792970542
SIM00492,savings_account,-1,2024-12-31 00:00:00.000000000
SIM00492,car_insurance,16,2026-05-17 11:35:22.927884363
SIM00492,home_loan,8,2025-09-07 04:22:02.504979213
SIM00492,home_insurance,8,2025-09-08 04:22:02.504979213
SIM00492,life_insurance,8,2025-09-08 04:22:02.504979213
SIM00493,savings_account,-1,2024-12-31 00:00:00.000000000
SIM00493,credit_card,-1,2024-12-31 00:00:00.000000000
SIM00493,investment_account,9,2025-10-09 03:49:14.507036706
SIM00494,savings_account,-1,2024-12-31 00:00:00.000000000
SIM00494,life_insurance,9,2025-10-27 20:34:04.921734987
SIM00495,savings_account,-1,2024-12-31 00:00:00.000000000
SIM00495,credit_card,-1,2024-12-31 00:00:00.000000000
SIM00495,car_insurance,16,2026-05-18 19:03:27.249056297
SIM00495,home_loan,23,2026-12-19 01:50:41.645559001
SIM00495,home_insurance,23,2026-12-20 01:50:41.645559001
SIM00495,life_insurance,8,2025-09-10 20:42:42.883755283
SIM00495,bike_insurance,4,2025-05-18 03:24:42.137563189
SIM00496,savings_account,-1,2024-12-31 00:00:00.000000000
SIM00497,savings_account,-1,2024-12-31 00:00:00.000000000
SIM00497,credit_card,-1,2024-12-31 00:00:00.000000000
SIM00498,savings_account,-1,2024-12-31 00:00:00.000000000
SIM00498,credit_card,-1,2024-12-31 00:00:00.000000000
SIM00499,savings_account,-1,2024-12-31 00:00:00.000000000
SIM00500,credit_card,-1,2024-12-31 00:00:00.000000000
SIM00500,car_insurance,8,2025-09-05 13:28:23.395731206
SIM00500,life_insurance,11,2025-12-05 13:34:02.767915225
SIM00500,savings_account,11,2025-12-10 13:34:02.767915225
SIM00500,investment_account,13,2026-02-20 12:53:55.352750208
SIM00501,credit_card,-1,2024-12-31 00:00:00.000000000
SIM00502,bike_insurance,8,2025-09-24 12:36:41.952981169
SIM00503,savings_account,-1,2024-12-31 00:00:00.000000000
SIM00503,car_insurance,23,2026-12-28 04:34:35.196394145
SIM00503,car_loan,23,2026-12-25 04:34:35.196394145
SIM00504,credit_card,-1,2024-12-31 00:00:00.000000000
SIM00505,bike_insurance,16,2026-05-21 08:16:30.368257035
SIM00506,savings_account,-1,2024-12-31 00:00:00.000000000
SIM00506,credit_card,-1,2024-12-31 00:00:00.000000000
SIM00506,bike_insurance,4,2025-05-15 04:12:22.293497435
SIM00507,savings_account,-1,2024-12-31 00:00:00.000000000
SIM00507,investment_account,8,2025-09-14 15:05:50.292450071
SIM00509,savings_account,-1,2024-12-31 00:00:00.000000000
SIM00509,credit_card,-1,2024-12-31 00:00:00.000000000
SIM00509,investment_account,7,2025-08-09 12:37:41.357017894
SIM00510,savings_account,-1,2024-12-31 00:00:00.000000000
SIM00510,credit_card,-1,2024-12-31 00:00:00.000000000
SIM00511,savings_account,-1,2024-12-31 00:00:00.000000000
SIM00511,credit_card,-1,2024-12-31 00:00:00.000000000
SIM00511,investment_account,16,2026-05-19 07:20:08.499901553
SIM00513,savings_account,-1,2024-12-31 00:00:00.000000000
SIM00513,credit_card,-1,2024-12-31 00:00:00.000000000
SIM00514,credit_card,-1,2024-12-31 00:00:00.000000000
SIM00515,savings_account,-1,2024-12-31 00:00:00.000000000
SIM00515,credit_card,-1,2024-12-31 00:00:00.000000000
SIM00515,car_insurance,8,2025-09-06 20:04:47.115291827
SIM00515,life_insurance,12,2026-01-01 11:20:41.929034317
SIM00516,savings_account,-1,2024-12-31 00:00:00.000000000
SIM00516,credit_card,-1,2024-12-31 00:00:00.000000000
SIM00517,savings_account,-1,2024-12-31 00:00:00.000000000
SIM00517,car_insurance,7,2025-08-27 03:10:53.348253576
SIM00517,investment_account,14,2026-03-14 20:43:30.054116760
SIM00518,credit_card,-1,2024-12-31 00:00:00.000000000
SIM00518,bike_insurance,4,2025-05-09 05:29:25.737858546
SIM00519,life_insurance,22,2026-11-13 07:11:29.686070455
SIM00519,savings_account,22,2026-11-18 07:11:29.686070455
SIM00520,savings_account,-1,2024-12-31 00:00:00.000000000
SIM00520,investment_account,10,2025-11-08 16:29:10.203912575
SIM00521,savings_account,-1,2024-12-31 00:00:00.000000000
SIM00521,bike_insurance,15,2026-04-14 18:13:12.171268279
SIM00522,savings_account,-1,2024-12-31 00:00:00.000000000
SIM00523,savings_account,-1,2024-12-31 00:00:00.000000000
SIM00523,credit_card,-1,2024-12-31 00:00:00.000000000
SIM00523,bike_insurance,13,2026-02-06 13:33:01.699593757
SIM00526,investment_account,19,2026-08-07 06:05:15.831216148
SIM00527,savings_account,-1,2024-12-31 00:00:00.000000000
SIM00527,credit_card,-1,2024-12-31 00:00:00.000000000
SIM00527,car_insurance,14,2026-03-16 21:24:47.571271888
SIM00527,car_loan,14,2026-03-13 21:24:47.571271888
SIM00527,investment_account,22,2026-11-08 10:37:26.983151488
SIM00529,savings_account,-1,2024-12-31 00:00:00.000000000
SIM00529,credit_card,-1,2024-12-31 00:00:00.000000000
SIM00529,investment_account,17,2026-06-23 13:27:33.330958032
SIM00529,home_loan,12,2026-01-26 00:39:06.892587240
SIM00529,home_insurance,12,2026-01-27 00:39:06.892587240
SIM00529,life_insurance,12,2026-01-27 00:39:06.892587240
SIM00529,car_insurance,20,2026-09-16 01:36:45.706905214
SIM00530,credit_card,-1,2024-12-31 00:00:00.000000000
SIM00530,car_insurance,9,2025-10-31 15:25:10.322673713
SIM00530,life_insurance,22,2026-11-07 08:06:14.394016514
SIM00530,savings_account,22,2026-11-12 08:06:14.394016514
SIM00531,savings_account,-1,2024-12-31 00:00:00.000000000
SIM00531,credit_card,-1,2024-12-31 00:00:00.000000000
SIM00532,savings_account,-1,2024-12-31 00:00:00.000000000
SIM00532,car_insurance,11,2025-12-28 06:12:00.378126528
SIM00532,car_loan,11,2025-12-25 06:12:00.378126528
SIM00532,home_loan,16,2026-05-20 07:50:45.657052876
SIM00532,home_insurance,16,2026-05-21 07:50:45.657052876
SIM00532,life_insurance,16,2026-05-21 07:50:45.657052876
SIM00533,credit_card,-1,2024-12-31 00:00:00.000000000
SIM00534,savings_account,-1,2024-12-31 00:00:00.000000000
SIM00534,credit_card,-1,2024-12-31 00:00:00.000000000
SIM00534,car_insurance,17,2026-06-09 12:38:00.943493966
SIM00534,car_loan,17,2026-06-06 12:38:00.943493966
SIM00534,home_loan,3,2025-04-19 03:40:15.901621172
SIM00534,home_insurance,3,2025-04-20 03:40:15.901621172
SIM00534,life_insurance,3,2025-04-20 03:40:15.901621172
SIM00534,bike_insurance,20,2026-09-16 23:49:27.220355362
SIM00535,savings_account,-1,2024-12-31 00:00:00.000000000
SIM00535,car_insurance,3,2025-04-24 01:25:47.583834148
SIM00536,credit_card,-1,2024-12-31 00:00:00.000000000
SIM00537,savings_account,-1,2024-12-31 00:00:00.000000000
SIM00537,credit_card,-1,2024-12-31 00:00:00.000000000
SIM00537,investment_account,13,2026-02-18 12:25:18.575573488
SIM00537,home_loan,6,2025-07-26 02:31:49.022193369
SIM00537,home_insurance,6,2025-07-27 02:31:49.022193369
SIM00537,life_insurance,6,2025-07-27 02:31:49.022193369
SIM00537,car_insurance,21,2026-10-05 05:51:05.496359377
SIM00537,car_loan,21,2026-10-02 05:51:05.496359377
SIM00538,savings_account,-1,2024-12-31 00:00:00.000000000
SIM00538,credit_card,-1,2024-12-31 00:00:00.000000000
SIM00538,bike_insurance,4,2025-05-04 19:41:42.209516147
SIM00539,savings_account,-1,2024-12-31 00:00:00.000000000
SIM00540,savings_account,-1,2024-12-31 00:00:00.000000000
SIM00541,savings_account,-1,2024-12-31 00:00:00.000000000
SIM00541,credit_card,-1,2024-12-31 00:00:00.000000000
SIM00541,car_insurance,11,2025-12-19 11:30:53.811357991
SIM00541,bike_insurance,6,2025-07-16 21:46:23.894032590
SIM00542,car_insurance,21,2026-10-08 22:16:34.373588852
SIM00542,car_loan,21,2026-10-05 22:16:34.373588852
SIM00543,savings_account,-1,2024-12-31 00:00:00.000000000
SIM00544,credit_card,-1,2024-12-31 00:00:00.000000000
SIM00544,bike_insurance,17,2026-06-07 18:29:03.500540509
SIM00545,savings_account,-1,2024-12-31 00:00:00.000000000
SIM00545,car_insurance,7,2025-08-27 05:17:57.646907847
SIM00546,savings_account,-1,2024-12-31 00:00:00.000000000
SIM00546,credit_card,-1,2024-12-31 00:00:00.000000000
SIM00548,savings_account,-1,2024-12-31 00:00:00.000000000
SIM00548,credit_card,-1,2024-12-31 00:00:00.000000000
SIM00548,investment_account,9,2025-10-26 17:36:25.783186054
SIM00548,home_loan,9,2025-10-06 01:48:49.129026838
SIM00548,home_insurance,9,2025-10-07 01:48:49.129026838
SIM00548,life_insurance,9,2025-10-07 01:48:49.129026838
SIM00549,credit_card,-1,2024-12-31 00:00:00.000000000
SIM00550,savings_account,-1,2024-12-31 00:00:00.000000000
SIM00551,bike_insurance,10,2025-11-27 07:50:21.085919380
SIM00552,savings_account,-1,2024-12-31 00:00:00.000000000
SIM00552,car_insurance,7,2025-08-22 12:47:00.408661241
SIM00553,savings_account,-1,2024-12-31 00:00:00.000000000
SIM00553,car_insurance,22,2026-11-11 01:01:00.779382549
SIM00554,savings_account,-1,2024-12-31 00:00:00.000000000
SIM00554,credit_card,-1,2024-12-31 00:00:00.000000000
SIM00554,life_insurance,7,2025-08-23 09:09:01.820900123
SIM00555,savings_account,-1,2024-12-31 00:00:00.000000000
SIM00555,investment_account,9,2025-10-17 22:55:38.499114964
SIM00555,car_insurance,4,2025-05-11 01:06:50.371267047
SIM00555,car_loan,4,2025-05-08 01:06:50.371267047
SIM00556,home_loan,23,2026-12-18 19:55:10.377056681
SIM00556,home_insurance,23,2026-12-19 19:55:10.377056681
SIM00556,life_insurance,23,2026-12-19 19:55:10.377056681
SIM00557,savings_account,-1,2024-12-31 00:00:00.000000000
SIM00557,credit_card,-1,2024-12-31 00:00:00.000000000
SIM00557,car_insurance,15,2026-04-27 02:29:21.153445535
SIM00557,life_insurance,22,2026-11-10 13:00:51.973960886
SIM00557,investment_account,15,2026-04-20 15:14:53.139292515
SIM00558,savings_account,-1,2024-12-31 00:00:00.000000000
SIM00558,investment_account,14,2026-03-25 06:19:00.254768170
SIM00558,life_insurance,8,2025-09-10 14:15:31.361266549
SIM00559,savings_account,-1,2024-12-31 00:00:00.000000000
SIM00559,credit_card,-1,2024-12-31 00:00:00.000000000
SIM00559,investment_account,21,2026-10-21 02:07:19.531782223
SIM00560,investment_account,10,2025-11-11 16:56:36.997056637
SIM00561,savings_account,-1,2024-12-31 00:00:00.000000000
SIM00561,investment_account,12,2026-01-24 11:30:39.959912958
SIM00562,savings_account,-1,2024-12-31 00:00:00.000000000
SIM00562,investment_account,12,2026-01-17 04:44:19.633691443
SIM00563,credit_card,-1,2024-12-31 00:00:00.000000000
SIM00563,bike_insurance,7,2025-08-18 05:10:56.734210720
SIM00564,savings_account,-1,2024-12-31 00:00:00.000000000
SIM00564,credit_card,-1,2024-12-31 00:00:00.000000000
SIM00564,investment_account,7,2025-08-03 07:39:02.671325241
SIM00565,savings_account,-1,2024-12-31 00:00:00.000000000
SIM00565,credit_card,-1,2024-12-31 00:00:00.000000000
SIM00565,car_insurance,20,2026-09-17 19:21:29.642355612
SIM00565,car_loan,20,2026-09-14 19:21:29.642355612
SIM00565,life_insurance,18,2026-07-27 07:37:35.390984813
SIM00566,savings_account,-1,2024-12-31 00:00:00.000000000
SIM00566,credit_card,-1,2024-12-31 00:00:00.000000000
SIM00566,investment_account,22,2026-11-07 12:06:18.259170117
SIM00566,car_insurance,11,2025-12-26 05:14:08.069137596
SIM00566,car_loan,11,2025-12-23 05:14:08.069137596
SIM00568,savings_account,-1,2024-12-31 00:00:00.000000000
SIM00568,car_insurance,19,2026-08-29 23:51:39.795214835
SIM00568,bike_insurance,11,2025-12-20 11:15:43.048448318
SIM00569,savings_account,-1,2024-12-31 00:00:00.000000000
SIM00569,life_insurance,17,2026-06-24 22:31:50.995596474
SIM00570,savings_account,-1,2024-12-31 00:00:00.000000000
SIM00570,investment_account,13,2026-02-03 01:43:19.527123772
SIM00571,savings_account,-1,2024-12-31 00:00:00.000000000
SIM00571,credit_card,-1,2024-12-31 00:00:00.000000000
SIM00571,car_insurance,12,2026-01-28 00:01:48.950223196
SIM00571,car_loan,12,2026-01-25 00:01:48.950223196
SIM00571,life_insurance,22,2026-11-10 00:45:35.989449388
SIM00572,savings_account,-1,2024-12-31 00:00:00.000000000
SIM00572,credit_card,-1,2024-12-31 00:00:00.000000000
SIM00572,investment_account,13,2026-02-27 07:57:17.168415157
SIM00573,savings_account,-1,2024-12-31 00:00:00.000000000
SIM00573,credit_card,-1,2024-12-31 00:00:00.000000000
SIM00574,credit_card,-1,2024-12-31 00:00:00.000000000
SIM00574,car_insurance,4,2025-05-12 02:25:33.727245784
SIM00575,savings_account,-1,2024-12-31 00:00:00.000000000
SIM00575,home_loan,10,2025-11-30 14:55:26.030618576
SIM00575,home_insurance,11,2025-12-01 14:55:26.030618576
SIM00575,life_insurance,11,2025-12-01 14:55:26.030618576
SIM00575,bike_insurance,7,2025-08-13 23:27:26.185024565
SIM00576,savings_account,-1,2024-12-31 00:00:00.000000000
SIM00576,credit_card,-1,2024-12-31 00:00:00.000000000
SIM00576,investment_account,12,2026-01-22 05:09:38.097380994
SIM00577,savings_account,-1,2024-12-31 00:00:00.000000000
SIM00577,investment_account,4,2025-05-21 19:54:32.662699561
SIM00578,savings_account,-1,2024-12-31 00:00:00.000000000
SIM00578,home_loan,7,2025-08-30 08:34:35.781300391
SIM00578,home_insurance,7,2025-08-31 08:34:35.781300391
SIM00578,life_insurance,7,2025-08-31 08:34:35.781300391
SIM00579,bike_insurance,22,2026-11-14 17:04:55.078865877
SIM00580,savings_account,-1,2024-12-31 00:00:00.000000000
SIM00580,bike_insurance,15,2026-04-27 23:45:33.528681388
SIM00581,credit_card,-1,2024-12-31 00:00:00.000000000
SIM00581,car_insurance,13,2026-02-17 07:34:54.676692744
SIM00581,car_loan,13,2026-02-14 07:34:54.676692744
SIM00583,car_insurance,18,2026-07-16 07:55:27.611106569
SIM00583,life_insurance,20,2026-09-08 15:45:02.133971137
SIM00583,savings_account,20,2026-09-13 15:45:02.133971137
SIM00584,savings_account,-1,2024-12-31 00:00:00.000000000
SIM00584,car_insurance,21,2026-10-29 17:08:04.012082956
SIM00584,car_loan,21,2026-10-26 17:08:04.012082956
SIM00585,savings_account,-1,2024-12-31 00:00:00.000000000
SIM00585,credit_card,-1,2024-12-31 00:00:00.000000000
SIM00585,investment_account,21,2026-10-19 18:25:33.213719855
SIM00585,home_loan,18,2026-07-15 20:57:28.775839653
SIM00585,home_insurance,18,2026-07-16 20:57:28.775839653
SIM00585,life_insurance,18,2026-07-16 20:57:28.775839653
SIM00586,savings_account,-1,2024-12-31 00:00:00.000000000
SIM00586,credit_card,-1,2024-12-31 00:00:00.000000000
SIM00586,investment_account,20,2026-09-13 20:34:35.850180303
SIM00587,savings_account,-1,2024-12-31 00:00:00.000000000
SIM00587,credit_card,-1,2024-12-31 00:00:00.000000000
SIM00587,life_insurance,10,2025-11-30 07:16:41.602840913
SIM00588,savings_account,-1,2024-12-31 00:00:00.000000000
SIM00588,credit_card,-1,2024-12-31 00:00:00.000000000
SIM00588,investment_account,19,2026-08-04 05:46:01.319234197
SIM00589,credit_card,-1,2024-12-31 00:00:00.000000000
SIM00589,bike_insurance,17,2026-06-20 22:34:54.119523166
SIM00590,savings_account,-1,2024-12-31 00:00:00.000000000
SIM00590,bike_insurance,11,2025-12-17 23:17:08.351471590
SIM00591,savings_account,-1,2024-12-31 00:00:00.000000000
SIM00591,car_insurance,21,2026-10-24 10:52:57.625876428
SIM00591,life_insurance,22,2026-11-27 16:45:58.415187419
SIM00592,credit_card,-1,2024-12-31 00:00:00.000000000
SIM00592,car_insurance,14,2026-03-25 11:59:44.051153829
SIM00592,car_loan,14,2026-03-22 11:59:44.051153829
SIM00592,bike_insurance,12,2026-01-05 03:01:42.311008820
SIM00593,savings_account,-1,2024-12-31 00:00:00.000000000
SIM00593,credit_card,-1,2024-12-31 00:00:00.000000000
SIM00593,life_insurance,22,2026-11-23 05:27:46.256454886
SIM00593,investment_account,15,2026-04-16 15:36:33.942569489
SIM00594,savings_account,-1,2024-12-31 00:00:00.000000000
SIM00594,credit_card,-1,2024-12-31 00:00:00.000000000
SIM00594,car_insurance,7,2025-08-24 05:54:38.818179599
SIM00594,car_loan,7,2025-08-21 05:54:38.818179599
SIM00594,home_loan,19,2026-08-27 12:19:14.546199932
SIM00594,home_insurance,19,2026-08-28 12:19:14.546199932
SIM00594,life_insurance,19,2026-08-28 12:19:14.546199932
SIM00595,savings_account,-1,2024-12-31 00:00:00.000000000
SIM00595,credit_card,-1,2024-12-31 00:00:00.000000000
SIM00595,car_insurance,23,2026-12-20 23:57:17.976797334
SIM00595,life_insurance,13,2026-02-15 01:29:47.346812361
SIM00596,savings_account,-1,2024-12-31 00:00:00.000000000
SIM00596,car_insurance,18,2026-07-15 03:58:28.309969276
SIM00596,car_loan,18,2026-07-12 03:58:28.309969276
SIM00596,life_insurance,22,2026-11-12 17:32:55.707916840
SIM00597,savings_account,-1,2024-12-31 00:00:00.000000000
SIM00597,life_insurance,15,2026-04-02 05:49:09.889396024
SIM00597,bike_insurance,21,2026-10-23 12:09:58.357644310
SIM00598,savings_account,-1,2024-12-31 00:00:00.000000000
SIM00598,credit_card,-1,2024-12-31 00:00:00.000000000
SIM00598,home_loan,23,2026-12-21 21:27:25.301061895
SIM00598,home_insurance,23,2026-12-22 21:27:25.301061895
SIM00598,life_insurance,23,2026-12-22 21:27:25.301061895
SIM00598,car_insurance,20,2026-09-09 10:36:37.656947758
SIM00600,savings_account,-1,2024-12-31 00:00:00.000000000
SIM00601,savings_account,-1,2024-12-31 00:00:00.000000000
SIM00601,credit_card,-1,2024-12-31 00:00:00.000000000
SIM00601,investment_account,13,2026-02-17 06:16:02.847352093
SIM00601,home_loan,13,2026-02-23 17:12:59.293388341
SIM00601,home_insurance,13,2026-02-24 17:12:59.293388341
SIM00601,life_insurance,13,2026-02-24 17:12:59.293388341
SIM00601,car_insurance,19,2026-08-07 03:52:38.793983976
SIM00601,car_loan,19,2026-08-04 03:52:38.793983976
SIM00602,savings_account,-1,2024-12-31 00:00:00.000000000
SIM00602,home_loan,14,2026-03-29 21:17:27.862201315
SIM00602,home_insurance,14,2026-03-30 21:17:27.862201315
SIM00602,life_insurance,14,2026-03-30 21:17:27.862201315
SIM00603,savings_account,-1,2024-12-31 00:00:00.000000000
SIM00603,credit_card,-1,2024-12-31 00:00:00.000000000
SIM00603,car_insurance,19,2026-08-14 12:59:28.853471123
SIM00603,home_loan,17,2026-06-01 00:44:41.355068044
SIM00603,home_insurance,17,2026-06-02 00:44:41.355068044
SIM00603,life_insurance,17,2026-06-02 00:44:41.355068044
SIM00604,home_loan,21,2026-10-22 04:27:07.070403141
SIM00604,home_insurance,21,2026-10-23 04:27:07.070403141
SIM00604,life_insurance,21,2026-10-23 04:27:07.070403141
SIM00606,savings_account,-1,2024-12-31 00:00:00.000000000
SIM00606,investment_account,23,2026-12-26 23:36:47.040326034
SIM00606,car_insurance,22,2026-11-27 14:22:21.647182916
SIM00606,bike_insurance,21,2026-10-16 08:33:07.219199162
SIM00607,bike_insurance,19,2026-08-11 22:43:03.927516224
SIM00607,investment_account,20,2026-09-08 21:13:16.638405457
SIM00608,credit_card,-1,2024-12-31 00:00:00.000000000
SIM00609,credit_card,-1,2024-12-31 00:00:00.000000000
SIM00609,life_insurance,13,2026-02-14 05:19:46.055471554
SIM00609,savings_account,13,2026-02-19 05:19:46.055471554
SIM00610,credit_card,-1,2024-12-31 00:00:00.000000000
SIM00610,home_loan,18,2026-07-24 01:26:13.503053281
SIM00610,home_insurance,18,2026-07-25 01:26:13.503053281
SIM00610,life_insurance,18,2026-07-25 01:26:13.503053281
SIM00610,bike_insurance,17,2026-06-22 12:45:49.173255719
SIM00610,investment_account,12,2026-01-25 23:54:38.514490413
SIM00612,savings_account,-1,2024-12-31 00:00:00.000000000
SIM00613,savings_account,-1,2024-12-31 00:00:00.000000000
SIM00613,credit_card,-1,2024-12-31 00:00:00.000000000
SIM00613,car_insurance,14,2026-03-22 07:34:45.462148428
SIM00614,savings_account,-1,2024-12-31 00:00:00.000000000
SIM00614,investment_account,23,2026-12-08 13:13:45.120136830
SIM00615,savings_account,-1,2024-12-31 00:00:00.000000000
SIM00616,savings_account,-1,2024-12-31 00:00:00.000000000
SIM00616,credit_card,-1,2024-12-31 00:00:00.000000000
SIM00617,savings_account,-1,2024-12-31 00:00:00.000000000
SIM00617,car_insurance,12,2026-01-05 17:32:48.382851508
SIM00617,investment_account,4,2025-05-28 10:06:55.614294005
SIM00618,credit_card,-1,2024-12-31 00:00:00.000000000
SIM00620,savings_account,-1,2024-12-31 00:00:00.000000000
SIM00620,credit_card,-1,2024-12-31 00:00:00.000000000
SIM00620,home_loan,14,2026-03-28 13:39:35.270183156
SIM00620,home_insurance,14,2026-03-29 13:39:35.270183156
SIM00620,life_insurance,14,2026-03-29 13:39:35.270183156
SIM00621,credit_card,-1,2024-12-31 00:00:00.000000000
SIM00621,home_loan,21,2026-10-26 22:44:45.583227052
SIM00621,home_insurance,21,2026-10-27 22:44:45.583227052
SIM00621,life_insurance,21,2026-10-27 22:44:45.583227052
SIM00622,savings_account,-1,2024-12-31 00:00:00.000000000
SIM00622,credit_card,-1,2024-12-31 00:00:00.000000000
SIM00622,investment_account,6,2025-07-04 17:27:21.453837062
SIM00623,savings_account,-1,2024-12-31 00:00:00.000000000
SIM00623,credit_card,-1,2024-12-31 00:00:00.000000000
SIM00623,car_insurance,3,2025-04-20 15:45:42.849962658
SIM00624,savings_account,-1,2024-12-31 00:00:00.000000000
SIM00624,credit_card,-1,2024-12-31 00:00:00.000000000
SIM00625,credit_card,-1,2024-12-31 00:00:00.000000000
SIM00625,car_insurance,5,2025-06-09 01:15:31.689500119
SIM00625,car_loan,5,2025-06-06 01:15:31.689500119
SIM00625,investment_account,19,2026-08-09 06:53:22.516231634
SIM00626,savings_account,-1,2024-12-31 00:00:00.000000000
SIM00626,credit_card,-1,2024-12-31 00:00:00.000000000
SIM00627,savings_account,-1,2024-12-31 00:00:00.000000000
SIM00627,investment_account,19,2026-08-08 06:25:41.591017007
SIM00628,credit_card,-1,2024-12-31 00:00:00.000000000
SIM00628,car_insurance,13,2026-02-20 16:47:39.146179315
SIM00628,car_loan,13,2026-02-17 16:47:39.146179315
SIM00628,investment_account,13,2026-02-06 05:17:23.840866686
SIM00629,savings_account,-1,2024-12-31 00:00:00.000000000
SIM00629,credit_card,-1,2024-12-31 00:00:00.000000000
SIM00629,bike_insurance,20,2026-09-20 02:02:00.871980455
SIM00629,investment_account,20,2026-09-09 18:21:18.606081293
SIM00630,savings_account,-1,2024-12-31 00:00:00.000000000
SIM00630,home_loan,9,2025-10-26 03:46:23.918342950
SIM00630,home_insurance,9,2025-10-27 03:46:23.918342950
SIM00630,life_insurance,9,2025-10-27 03:46:23.918342950
SIM00631,savings_account,-1,2024-12-31 00:00:00.000000000
SIM00631,credit_card,-1,2024-12-31 00:00:00.000000000
SIM00631,life_insurance,21,2026-10-18 11:15:57.846485250
SIM00631,investment_account,7,2025-08-08 06:44:31.114997632
SIM00632,savings_account,-1,2024-12-31 00:00:00.000000000
SIM00632,credit_card,-1,2024-12-31 00:00:00.000000000
SIM00632,home_loan,21,2026-10-01 08:27:18.244116180
SIM00632,home_insurance,21,2026-10-02 08:27:18.244116180
SIM00632,life_insurance,21,2026-10-02 08:27:18.244116180
SIM00633,savings_account,-1,2024-12-31 00:00:00.000000000
SIM00633,credit_card,-1,2024-12-31 00:00:00.000000000
SIM00633,investment_account,19,2026-08-26 11:39:16.035731500
SIM00633,car_insurance,23,2026-12-28 03:26:03.593428478
SIM00633,car_loan,23,2026-12-25 03:26:03.593428478
SIM00634,bike_insurance,8,2025-09-19 15:51:33.364577553
SIM00635,savings_account,-1,2024-12-31 00:00:00.000000000
SIM00635,home_loan,19,2026-08-08 10:50:15.645345163
SIM00635,home_insurance,19,2026-08-09 10:50:15.645345163
SIM00635,life_insurance,19,2026-08-09 10:50:15.645345163
SIM00635,bike_insurance,16,2026-05-19 04:21:27.254088587
SIM00636,savings_account,-1,2024-12-31 00:00:00.000000000
SIM00636,credit_card,-1,2024-12-31 00:00:00.000000000
SIM00636,car_insurance,6,2025-07-20 20:11:37.826513132
SIM00638,credit_card,-1,2024-12-31 00:00:00.000000000
SIM00639,savings_account,-1,2024-12-31 00:00:00.000000000
SIM00639,home_loan,8,2025-09-29 13:13:48.475456234
SIM00639,home_insurance,8,2025-09-30 13:13:48.475456234
SIM00639,life_insurance,8,2025-09-30 13:13:48.475456234
SIM00639,bike_insurance,19,2026-08-27 07:57:08.784752721
SIM00640,credit_card,-1,2024-12-31 00:00:00.000000000
SIM00641,savings_account,-1,2024-12-31 00:00:00.000000000
SIM00641,credit_card,-1,2024-12-31 00:00:00.000000000
SIM00641,home_loan,18,2026-07-28 05:45:48.563209073
SIM00641,home_insurance,18,2026-07-29 05:45:48.563209073
SIM00641,life_insurance,18,2026-07-29 05:45:48.563209073
SIM00642,credit_card,-1,2024-12-31 00:00:00.000000000
SIM00642,life_insurance,11,2025-12-30 18:51:59.114316937
SIM00644,savings_account,-1,2024-12-31 00:00:00.000000000
SIM00644,credit_card,-1,2024-12-31 00:00:00.000000000
SIM00644,car_insurance,3,2025-04-07 10:43:01.461264667
SIM00645,savings_account,-1,2024-12-31 00:00:00.000000000
SIM00645,credit_card,-1,2024-12-31 00:00:00.000000000
SIM00646,savings_account,-1,2024-12-31 00:00:00.000000000
SIM00646,life_insurance,10,2025-11-09 13:42:53.893205037
SIM00647,savings_account,-1,2024-12-31 00:00:00.000000000
SIM00647,credit_card,-1,2024-12-31 00:00:00.000000000
SIM00647,investment_account,5,2025-06-23 00:35:52.536514715
SIM00647,home_loan,10,2025-11-01 04:45:03.919941441
SIM00647,home_insurance,10,2025-11-02 04:45:03.919941441
SIM00647,life_insurance,10,2025-11-02 04:45:03.919941441
SIM00648,bike_insurance,4,2025-05-13 01:23:36.830644612
SIM00649,savings_account,-1,2024-12-31 00:00:00.000000000
SIM00649,credit_card,-1,2024-12-31 00:00:00.000000000
SIM00649,life_insurance,18,2026-07-02 21:55:10.241736840
SIM00650,credit_card,-1,2024-12-31 00:00:00.000000000
SIM00650,bike_insurance,18,2026-07-19 17:29:41.214831069
SIM00651,savings_account,-1,2024-12-31 00:00:00.000000000
SIM00651,car_insurance,14,2026-03-01 08:09:35.699685346
SIM00651,car_loan,13,2026-02-26 08:09:35.699685346
SIM00652,savings_account,-1,2024-12-31 00:00:00.000000000
SIM00652,credit_card,-1,2024-12-31 00:00:00.000000000
SIM00652,investment_account,7,2025-08-11 13:01:28.085500419
SIM00653,savings_account,-1,2024-12-31 00:00:00.000000000
SIM00653,credit_card,-1,2024-12-31 00:00:00.000000000
SIM00654,savings_account,-1,2024-12-31 00:00:00.000000000
SIM00654,credit_card,-1,2024-12-31 00:00:00.000000000
SIM00654,bike_insurance,15,2026-04-09 15:36:23.139941901
SIM00655,savings_account,-1,2024-12-31 00:00:00.000000000
SIM00655,credit_card,-1,2024-12-31 00:00:00.000000000
SIM00655,investment_account,6,2025-07-18 09:25:24.617851311
SIM00656,home_loan,19,2026-08-17 08:16:41.012067693
SIM00656,home_insurance,19,2026-08-18 08:16:41.012067693
SIM00656,life_insurance,19,2026-08-18 08:16:41.012067693
SIM00657,savings_account,-1,2024-12-31 00:00:00.000000000
SIM00657,credit_card,-1,2024-12-31 00:00:00.000000000
SIM00657,bike_insurance,11,2025-12-30 00:02:12.932337056
SIM00658,savings_account,-1,2024-12-31 00:00:00.000000000
SIM00658,bike_insurance,11,2025-12-16 19:43:57.486584653
SIM00659,bike_insurance,6,2025-07-04 01:57:10.668837820
SIM00659,investment_account,7,2025-08-18 22:21:43.052116364
SIM00659,life_insurance,10,2025-11-07 16:06:36.412289089
SIM00659,savings_account,10,2025-11-12 16:06:36.412289089
SIM00660,savings_account,-1,2024-12-31 00:00:00.000000000
SIM00660,credit_card,-1,2024-12-31 00:00:00.000000000
SIM00660,car_insurance,15,2026-04-27 11:48:49.383559310
SIM00660,home_loan,19,2026-08-23 01:13:57.412613983
SIM00660,home_insurance,19,2026-08-24 01:13:57.412613983
SIM00660,life_insurance,19,2026-08-24 01:13:57.412613983
SIM00661,credit_card,-1,2024-12-31 00:00:00.000000000
SIM00661,investment_account,4,2025-05-29 01:27:42.794352212
SIM00664,savings_account,-1,2024-12-31 00:00:00.000000000
SIM00664,credit_card,-1,2024-12-31 00:00:00.000000000
SIM00664,investment_account,5,2025-06-11 01:22:04.815819794
SIM00665,credit_card,-1,2024-12-31 00:00:00.000000000
SIM00665,car_insurance,15,2026-04-19 00:06:15.569904669
SIM00665,car_loan,15,2026-04-16 00:06:15.569904669
SIM00665,home_loan,21,2026-10-26 14:19:03.135788683
SIM00665,home_insurance,21,2026-10-27 14:19:03.135788683
SIM00665,life_insurance,21,2026-10-27 14:19:03.135788683
SIM00666,savings_account,-1,2024-12-31 00:00:00.000000000
SIM00666,home_loan,13,2026-02-02 06:01:40.313471039
SIM00666,home_insurance,13,2026-02-03 06:01:40.313471039
SIM00666,life_insurance,13,2026-02-03 06:01:40.313471039
SIM00667,savings_account,-1,2024-12-31 00:00:00.000000000
SIM00667,investment_account,11,2025-12-13 14:07:39.659648119
SIM00668,credit_card,-1,2024-12-31 00:00:00.000000000
SIM00668,car_insurance,23,2026-12-15 17:40:37.273918848
SIM00668,bike_insurance,22,2026-11-11 08:22:34.712054141
SIM00669,savings_account,-1,2024-12-31 00:00:00.000000000
SIM00670,credit_card,-1,2024-12-31 00:00:00.000000000
SIM00670,home_loan,7,2025-08-31 07:31:00.281636158
SIM00670,home_insurance,8,2025-09-01 07:31:00.281636158
SIM00670,life_insurance,8,2025-09-01 07:31:00.281636158
SIM00670,savings_account,13,2026-02-13 23:52:35.493113618
SIM00671,savings_account,-1,2024-12-31 00:00:00.000000000
SIM00671,car_insurance,4,2025-05-22 04:33:24.380864772
SIM00672,bike_insurance,21,2026-10-24 00:37:53.303430349
SIM00673,savings_account,-1,2024-12-31 00:00:00.000000000
SIM00673,credit_card,-1,2024-12-31 00:00:00.000000000
SIM00673,home_loan,5,2025-06-04 10:35:11.515130745
SIM00673,home_insurance,5,2025-06-05 10:35:11.515130745
SIM00673,life_insurance,5,2025-06-05 10:35:11.515130745
SIM00674,savings_account,-1,2024-12-31 00:00:00.000000000
SIM00674,investment_account,19,2026-08-05 20:30:49.492969057
SIM00674,car_insurance,17,2026-06-15 21:43:48.738357258
SIM00674,car_loan,17,2026-06-12 21:43:48.738357258
SIM00675,savings_account,-1,2024-12-31 00:00:00.000000000
SIM00675,credit_card,-1,2024-12-31 00:00:00.000000000
SIM00675,life_insurance,22,2026-11-09 01:21:59.549561176
SIM00676,savings_account,-1,2024-12-31 00:00:00.000000000
SIM00676,credit_card,-1,2024-12-31 00:00:00.000000000
SIM00676,investment_account,14,2026-03-17 14:01:51.497267350
SIM00676,car_insurance,12,2026-01-10 23:33:49.017526991
SIM00676,car_loan,12,2026-01-07 23:33:49.017526991
SIM00677,savings_account,-1,2024-12-31 00:00:00.000000000
SIM00677,credit_card,-1,2024-12-31 00:00:00.000000000
SIM00678,savings_account,-1,2024-12-31 00:00:00.000000000
SIM00678,credit_card,-1,2024-12-31 00:00:00.000000000
SIM00678,car_insurance,17,2026-06-28 21:48:21.651847839
SIM00678,car_loan,17,2026-06-25 21:48:21.651847839
SIM00678,home_loan,14,2026-03-31 12:25:55.562566299
SIM00678,home_insurance,15,2026-04-01 12:25:55.562566299
SIM00678,life_insurance,15,2026-04-01 12:25:55.562566299
SIM00678,bike_insurance,6,2025-07-08 20:02:27.277430783
SIM00678,investment_account,5,2025-06-10 22:41:59.241429837
SIM00679,credit_card,-1,2024-12-31 00:00:00.000000000
SIM00679,car_insurance,6,2025-07-16 13:18:59.887723263
SIM00680,savings_account,-1,2024-12-31 00:00:00.000000000
SIM00680,credit_card,-1,2024-12-31 00:00:00.000000000
SIM00680,investment_account,20,2026-09-06 14:04:46.321600423
SIM00681,savings_account,-1,2024-12-31 00:00:00.000000000
SIM00681,credit_card,-1,2024-12-31 00:00:00.000000000
SIM00681,investment_account,12,2026-01-02 08:07:07.416061157
SIM00682,credit_card,-1,2024-12-31 00:00:00.000000000
SIM00682,home_loan,4,2025-05-25 15:16:28.107840359
SIM00682,home_insurance,4,2025-05-26 15:16:28.107840359
SIM00682,life_insurance,4,2025-05-26 15:16:28.107840359
SIM00683,savings_account,-1,2024-12-31 00:00:00.000000000
SIM00683,investment_account,11,2025-12-05 13:07:01.408339028
SIM00684,credit_card,-1,2024-12-31 00:00:00.000000000
SIM00684,home_loan,9,2025-10-28 18:33:45.933756502
SIM00684,home_insurance,9,2025-10-29 18:33:45.933756502
SIM00684,life_insurance,9,2025-10-29 18:33:45.933756502
SIM00684,savings_account,23,2026-12-10 16:44:51.101810833
SIM00684,bike_insurance,13,2026-02-18 17:08:19.534717061
SIM00685,credit_card,-1,2024-12-31 00:00:00.000000000
SIM00686,savings_account,-1,2024-12-31 00:00:00.000000000
SIM00686,bike_insurance,22,2026-11-14 23:49:38.190205044
SIM00687,savings_account,-1,2024-12-31 00:00:00.000000000
SIM00687,life_insurance,16,2026-05-27 05:13:35.940571543
SIM00687,bike_insurance,6,2025-07-26 07:53:24.783317702
SIM00688,savings_account,-1,2024-12-31 00:00:00.000000000
SIM00688,credit_card,-1,2024-12-31 00:00:00.000000000
SIM00688,car_insurance,19,2026-08-26 11:59:00.962542977
SIM00688,car_loan,19,2026-08-23 11:59:00.962542977
SIM00688,home_loan,11,2025-12-17 10:17:18.616235681
SIM00688,home_insurance,11,2025-12-18 10:17:18.616235681
SIM00688,life_insurance,11,2025-12-18 10:17:18.616235681
SIM00688,bike_insurance,17,2026-06-19 11:55:34.391181293
SIM00689,credit_card,-1,2024-12-31 00:00:00.000000000
SIM00689,bike_insurance,11,2025-12-18 18:04:24.812138470
SIM00690,savings_account,-1,2024-12-31 00:00:00.000000000
SIM00690,credit_card,-1,2024-12-31 00:00:00.000000000
SIM00691,savings_account,-1,2024-12-31 00:00:00.000000000
SIM00692,savings_account,-1,2024-12-31 00:00:00.000000000
SIM00692,credit_card,-1,2024-12-31 00:00:00.000000000
SIM00692,investment_account,5,2025-06-16 03:15:31.464480879
SIM00692,home_loan,23,2026-12-19 22:03:15.535769102
SIM00692,home_insurance,23,2026-12-20 22:03:15.535769102
SIM00692,life_insurance,23,2026-12-20 22:03:15.535769102
SIM00692,bike_insurance,4,2025-05-23 19:58:46.045871389
SIM00693,bike_insurance,4,2025-05-25 22:41:11.340193277
SIM00694,savings_account,-1,2024-12-31 00:00:00.000000000
SIM00694,credit_card,-1,2024-12-31 00:00:00.000000000
SIM00694,investment_account,12,2026-01-25 21:41:03.455895953
SIM00694,car_insurance,8,2025-09-23 07:35:49.081216764
SIM00694,car_loan,8,2025-09-20 07:35:49.081216764
SIM00694,bike_insurance,18,2026-07-21 00:04:00.600356835
SIM00695,car_insurance,15,2026-04-09 00:45:04.390670666
SIM00695,car_loan,15,2026-04-06 00:45:04.390670666
SIM00695,bike_insurance,9,2025-10-06 20:15:29.818592128
SIM00696,credit_card,-1,2024-12-31 00:00:00.000000000
SIM00696,bike_insurance,8,2025-09-25 05:05:20.770440812
SIM00697,bike_insurance,14,2026-03-21 22:01:23.831221232
SIM00699,car_insurance,11,2025-12-19 21:24:32.537001036
SIM00702,car_insurance,3,2025-04-28 21:04:53.038919247
SIM00702,car_loan,3,2025-04-25 21:04:53.038919247
SIM00702,life_insurance,17,2026-06-01 15:17:04.596748793
SIM00702,savings_account,17,2026-06-06 15:17:04.596748793
SIM00703,credit_card,-1,2024-12-31 00:00:00.000000000
SIM00703,home_loan,8,2025-09-08 15:45:44.158395866
SIM00703,home_insurance,8,2025-09-09 15:45:44.158395866
SIM00703,life_insurance,8,2025-09-09 15:45:44.158395866
SIM00703,car_insurance,8,2025-09-25 00:24:21.812064235
SIM00704,credit_card,-1,2024-12-31 00:00:00.000000000
SIM00704,investment_account,20,2026-09-07 07:35:01.948372470
SIM00705,savings_account,-1,2024-12-31 00:00:00.000000000
SIM00705,investment_account,17,2026-06-24 05:28:52.552924191
SIM00705,bike_insurance,11,2025-12-12 03:57:34.281250145
SIM00706,home_loan,17,2026-06-04 11:41:28.957775785
SIM00706,home_insurance,17,2026-06-05 11:41:28.957775785
SIM00706,life_insurance,17,2026-06-05 11:41:28.957775785
SIM00708,savings_account,-1,2024-12-31 00:00:00.000000000
SIM00708,credit_card,-1,2024-12-31 00:00:00.000000000
SIM00708,car_insurance,21,2026-10-28 14:31:01.329481808
SIM00708,car_loan,21,2026-10-25 14:31:01.329481808
SIM00709,savings_account,-1,2024-12-31 00:00:00.000000000
SIM00709,credit_card,-1,2024-12-31 00:00:00.000000000
SIM00710,savings_account,-1,2024-12-31 00:00:00.000000000
SIM00710,credit_card,-1,2024-12-31 00:00:00.000000000
SIM00710,car_insurance,6,2025-07-11 02:26:00.516933002
SIM00711,savings_account,-1,2024-12-31 00:00:00.000000000
SIM00711,credit_card,-1,2024-12-31 00:00:00.000000000
SIM00711,investment_account,5,2025-06-26 07:48:05.764587562
SIM00712,savings_account,-1,2024-12-31 00:00:00.000000000
SIM00712,car_insurance,3,2025-04-08 15:52:11.702883079
SIM00712,car_loan,3,2025-04-05 15:52:11.702883079
SIM00712,life_insurance,23,2026-12-31 03:21:08.274388785
SIM00713,savings_account,-1,2024-12-31 00:00:00.000000000
SIM00713,credit_card,-1,2024-12-31 00:00:00.000000000
SIM00713,car_insurance,17,2026-06-22 10:44:07.663971346
SIM00713,car_loan,17,2026-06-19 10:44:07.663971346
SIM00713,life_insurance,7,2025-08-09 03:15:12.671339231
SIM00714,savings_account,-1,2024-12-31 00:00:00.000000000
SIM00714,car_insurance,14,2026-03-08 13:44:09.763712868
SIM00714,car_loan,14,2026-03-05 13:44:09.763712868
SIM00714,investment_account,23,2026-12-15 17:31:22.265723400
SIM00715,credit_card,-1,2024-12-31 00:00:00.000000000
SIM00715,bike_insurance,15,2026-04-24 11:29:38.799817249
SIM00717,savings_account,-1,2024-12-31 00:00:00.000000000
SIM00717,investment_account,7,2025-08-06 22:33:10.214793353
SIM00718,investment_account,8,2025-09-23 01:45:17.345563170
SIM00719,credit_card,-1,2024-12-31 00:00:00.000000000
SIM00719,bike_insurance,4,2025-05-20 07:25:46.125329933
SIM00719,investment_account,17,2026-06-22 12:26:53.328614306
SIM00720,savings_account,-1,2024-12-31 00:00:00.000000000
SIM00721,credit_card,-1,2024-12-31 00:00:00.000000000
SIM00721,home_loan,10,2025-11-24 21:41:34.391471794
SIM00721,home_insurance,10,2025-11-25 21:41:34.391471794
SIM00721,life_insurance,10,2025-11-25 21:41:34.391471794
SIM00722,savings_account,-1,2024-12-31 00:00:00.000000000
SIM00722,credit_card,-1,2024-12-31 00:00:00.000000000
SIM00722,investment_account,3,2025-04-19 15:57:27.431927784
SIM00722,home_loan,16,2026-05-11 16:58:07.225005314
SIM00722,home_insurance,16,2026-05-12 16:58:07.225005314
SIM00722,life_insurance,16,2026-05-12 16:58:07.225005314
SIM00723,savings_account,-1,2024-12-31 00:00:00.000000000
SIM00723,investment_account,8,2025-09-22 10:45:25.361905320
SIM00723,home_loan,11,2025-12-08 07:26:26.485311929
SIM00723,home_insurance,11,2025-12-09 07:26:26.485311929
SIM00723,life_insurance,11,2025-12-09 07:26:26.485311929
SIM00723,car_insurance,10,2025-11-15 01:28:46.544158419
SIM00723,car_loan,10,2025-11-12 01:28:46.544158419
SIM00724,savings_account,-1,2024-12-31 00:00:00.000000000
SIM00725,savings_account,-1,2024-12-31 00:00:00.000000000
SIM00725,credit_card,-1,2024-12-31 00:00:00.000000000
SIM00725,bike_insurance,5,2025-06-18 19:00:44.058007808
SIM00726,savings_account,-1,2024-12-31 00:00:00.000000000
SIM00727,savings_account,-1,2024-12-31 00:00:00.000000000
SIM00727,credit_card,-1,2024-12-31 00:00:00.000000000
SIM00727,bike_insurance,13,2026-02-07 17:20:01.484794231
SIM00728,savings_account,-1,2024-12-31 00:00:00.000000000
SIM00728,credit_card,-1,2024-12-31 00:00:00.000000000
SIM00729,credit_card,-1,2024-12-31 00:00:00.000000000
SIM00729,car_insurance,5,2025-06-12 22:24:05.845792752
SIM00730,savings_account,-1,2024-12-31 00:00:00.000000000
SIM00730,credit_card,-1,2024-12-31 00:00:00.000000000
SIM00731,savings_account,-1,2024-12-31 00:00:00.000000000
SIM00731,car_insurance,15,2026-04-15 02:20:19.101897681
SIM00731,car_loan,15,2026-04-12 02:20:19.101897681
SIM00732,savings_account,-1,2024-12-31 00:00:00.000000000
SIM00732,car_insurance,12,2026-01-28 20:04:47.079523578
SIM00732,car_loan,12,2026-01-25 20:04:47.079523578
SIM00733,savings_account,-1,2024-12-31 00:00:00.000000000
SIM00733,credit_card,-1,2024-12-31 00:00:00.000000000
SIM00734,savings_account,-1,2024-12-31 00:00:00.000000000
SIM00734,credit_card,-1,2024-12-31 00:00:00.000000000
SIM00734,life_insurance,16,2026-05-27 00:53:11.313756494
SIM00736,credit_card,-1,2024-12-31 00:00:00.000000000
SIM00736,bike_insurance,9,2025-10-06 08:45:37.668408387
SIM00737,home_loan,14,2026-03-24 14:37:37.377195700
SIM00737,home_insurance,14,2026-03-25 14:37:37.377195700
SIM00737,life_insurance,14,2026-03-25 14:37:37.377195700
SIM00738,credit_card,-1,2024-12-31 00:00:00.000000000
SIM00738,car_insurance,3,2025-04-10 18:22:38.738289236
SIM00738,investment_account,21,2026-10-26 23:40:34.372248387
SIM00739,savings_account,-1,2024-12-31 00:00:00.000000000
SIM00739,credit_card,-1,2024-12-31 00:00:00.000000000
SIM00739,car_insurance,18,2026-07-08 01:11:45.267264135
SIM00740,credit_card,-1,2024-12-31 00:00:00.000000000
SIM00740,home_loan,3,2025-04-15 18:00:01.087304466
SIM00740,home_insurance,3,2025-04-16 18:00:01.087304466
SIM00740,life_insurance,3,2025-04-16 18:00:01.087304466
SIM00740,investment_account,16,2026-05-25 20:21:15.370698085
SIM00741,savings_account,-1,2024-12-31 00:00:00.000000000
SIM00741,credit_card,-1,2024-12-31 00:00:00.000000000
SIM00741,bike_insurance,9,2025-10-19 21:02:00.293261777
SIM00742,savings_account,-1,2024-12-31 00:00:00.000000000
SIM00744,savings_account,-1,2024-12-31 00:00:00.000000000
SIM00744,investment_account,4,2025-05-25 00:10:06.043696876
SIM00745,savings_account,-1,2024-12-31 00:00:00.000000000
SIM00745,home_loan,4,2025-05-03 11:00:25.276097312
SIM00745,home_insurance,4,2025-05-04 11:00:25.276097312
SIM00745,life_insurance,4,2025-05-04 11:00:25.276097312
SIM00745,bike_insurance,22,2026-11-28 10:08:46.479050520
SIM00746,car_insurance,5,2025-06-06 07:32:22.297446681
SIM00746,car_loan,5,2025-06-03 07:32:22.297446681
SIM00746,investment_account,3,2025-04-12 15:13:04.285965434
SIM00748,savings_account,-1,2024-12-31 00:00:00.000000000
SIM00748,credit_card,-1,2024-12-31 00:00:00.000000000
SIM00748,home_loan,7,2025-08-23 15:32:49.140620746
SIM00748,home_insurance,7,2025-08-24 15:32:49.140620746
SIM00748,life_insurance,7,2025-08-24 15:32:49.140620746
SIM00748,investment_account,16,2026-05-16 07:51:44.761811724
SIM00749,savings_account,-1,2024-12-31 00:00:00.000000000
SIM00749,credit_card,-1,2024-12-31 00:00:00.000000000
SIM00749,home_loan,17,2026-06-23 19:28:12.829636286
SIM00749,home_insurance,17,2026-06-24 19:28:12.829636286
SIM00749,life_insurance,17,2026-06-24 19:28:12.829636286
SIM00750,savings_account,-1,2024-12-31 00:00:00.000000000
SIM00750,credit_card,-1,2024-12-31 00:00:00.000000000
SIM00751,savings_account,-1,2024-12-31 00:00:00.000000000
SIM00751,credit_card,-1,2024-12-31 00:00:00.000000000
SIM00751,home_loan,14,2026-03-16 13:57:23.034688875
SIM00751,home_insurance,14,2026-03-17 13:57:23.034688875
SIM00751,life_insurance,14,2026-03-17 13:57:23.034688875
SIM00752,savings_account,-1,2024-12-31 00:00:00.000000000
SIM00752,credit_card,-1,2024-12-31 00:00:00.000000000
SIM00752,car_insurance,14,2026-03-06 05:55:30.766723602
SIM00752,car_loan,14,2026-03-03 05:55:30.766723602
SIM00752,home_loan,17,2026-06-15 16:04:39.282208990
SIM00752,home_insurance,17,2026-06-16 16:04:39.282208990
SIM00752,life_insurance,17,2026-06-16 16:04:39.282208990
SIM00753,savings_account,-1,2024-12-31 00:00:00.000000000
SIM00753,home_loan,19,2026-08-01 16:40:49.093747670
SIM00753,home_insurance,19,2026-08-02 16:40:49.093747670
SIM00753,life_insurance,16,2026-05-18 17:20:27.839768621
SIM00754,savings_account,-1,2024-12-31 00:00:00.000000000
SIM00754,credit_card,-1,2024-12-31 00:00:00.000000000
SIM00754,investment_account,3,2025-04-19 11:42:32.613044529
SIM00755,savings_account,-1,2024-12-31 00:00:00.000000000
SIM00755,credit_card,-1,2024-12-31 00:00:00.000000000
SIM00755,investment_account,14,2026-03-15 02:26:37.113057055
SIM00755,home_loan,23,2026-12-29 11:16:20.789530950
SIM00755,home_insurance,23,2026-12-30 11:16:20.789530950
SIM00755,life_insurance,23,2026-12-30 11:16:20.789530950
SIM00756,savings_account,-1,2024-12-31 00:00:00.000000000
SIM00756,credit_card,-1,2024-12-31 00:00:00.000000000
SIM00756,bike_insurance,19,2026-08-14 12:01:11.119028058
SIM00757,savings_account,-1,2024-12-31 00:00:00.000000000
SIM00757,credit_card,-1,2024-12-31 00:00:00.000000000
SIM00757,investment_account,20,2026-09-02 22:23:02.643680299
SIM00758,savings_account,-1,2024-12-31 00:00:00.000000000
SIM00758,credit_card,-1,2024-12-31 00:00:00.000000000
SIM00759,savings_account,-1,2024-12-31 00:00:00.000000000
SIM00759,home_loan,14,2026-03-04 17:51:26.468268828
SIM00759,home_insurance,14,2026-03-05 17:51:26.468268828
SIM00759,life_insurance,14,2026-03-05 17:51:26.468268828
SIM00759,bike_insurance,3,2025-04-27 01:29:26.970741593
SIM00760,savings_account,-1,2024-12-31 00:00:00.000000000
SIM00760,credit_card,-1,2024-12-31 00:00:00.000000000
SIM00760,investment_account,5,2025-06-12 00:31:56.437425362
SIM00760,home_loan,7,2025-08-01 12:01:04.210989614
SIM00760,home_insurance,7,2025-08-02 12:01:04.210989614
SIM00760,life_insurance,7,2025-08-02 12:01:04.210989614
SIM00761,savings_account,-1,2024-12-31 00:00:00.000000000
SIM00761,credit_card,-1,2024-12-31 00:00:00.000000000
SIM00761,car_insurance,9,2025-10-26 14:32:41.786129148
SIM00762,savings_account,-1,2024-12-31 00:00:00.000000000
SIM00762,credit_card,-1,2024-12-31 00:00:00.000000000
SIM00762,car_insurance,13,2026-02-25 11:34:12.996265833
SIM00763,bike_insurance,12,2026-01-26 07:06:55.666750732
SIM00764,savings_account,-1,2024-12-31 00:00:00.000000000
SIM00764,credit_card,-1,2024-12-31 00:00:00.000000000
SIM00764,bike_insurance,9,2025-10-26 02:26:30.318456598
SIM00764,car_insurance,5,2025-06-21 19:45:58.852983331
SIM00765,savings_account,-1,2024-12-31 00:00:00.000000000
SIM00765,credit_card,-1,2024-12-31 00:00:00.000000000
SIM00765,home_loan,18,2026-07-22 21:13:11.808199325
SIM00765,home_insurance,18,2026-07-23 21:13:11.808199325
SIM00765,life_insurance,13,2026-02-05 20:49:29.157847897
SIM00766,savings_account,-1,2024-12-31 00:00:00.000000000
SIM00766,credit_card,-1,2024-12-31 00:00:00.000000000
SIM00767,savings_account,-1,2024-12-31 00:00:00.000000000
SIM00767,credit_card,-1,2024-12-31 00:00:00.000000000
SIM00767,life_insurance,21,2026-10-16 07:38:33.192934820
SIM00768,savings_account,-1,2024-12-31 00:00:00.000000000
SIM00768,investment_account,5,2025-06-07 17:15:39.480422419
SIM00770,credit_card,-1,2024-12-31 00:00:00.000000000
SIM00771,savings_account,-1,2024-12-31 00:00:00.000000000
SIM00771,credit_card,-1,2024-12-31 00:00:00.000000000
SIM00772,credit_card,-1,2024-12-31 00:00:00.000000000
SIM00772,bike_insurance,7,2025-08-11 17:06:07.459238650
SIM00773,savings_account,-1,2024-12-31 00:00:00.000000000
SIM00773,car_insurance,15,2026-04-16 06:48:49.684682351
SIM00773,car_loan,15,2026-04-13 06:48:49.684682351
SIM00773,bike_insurance,11,2025-12-26 02:08:45.443257508
SIM00774,savings_account,-1,2024-12-31 00:00:00.000000000
SIM00774,credit_card,-1,2024-12-31 00:00:00.000000000
SIM00774,investment_account,19,2026-08-10 21:15:44.205327041
SIM00774,car_insurance,16,2026-05-14 16:15:57.045706390
SIM00775,credit_card,-1,2024-12-31 00:00:00.000000000
SIM00775,home_loan,9,2025-10-04 08:47:43.297582388
SIM00775,home_insurance,9,2025-10-05 08:47:43.297582388
SIM00775,life_insurance,9,2025-10-05 08:47:43.297582388
SIM00776,home_loan,10,2025-11-26 03:14:14.354812459
SIM00776,home_insurance,10,2025-11-27 03:14:14.354812459
SIM00776,life_insurance,10,2025-11-27 03:14:14.354812459
SIM00776,investment_account,3,2025-04-25 23:05:51.885035261
SIM00777,savings_account,-1,2024-12-31 00:00:00.000000000
SIM00777,credit_card,-1,2024-12-31 00:00:00.000000000
SIM00777,investment_account,9,2025-10-03 05:47:53.569872799
SIM00777,car_insurance,10,2025-11-19 23:51:18.189947486
SIM00777,car_loan,10,2025-11-16 23:51:18.189947486
SIM00778,savings_account,-1,2024-12-31 00:00:00.000000000
SIM00778,credit_card,-1,2024-12-31 00:00:00.000000000
SIM00778,car_insurance,22,2026-11-19 15:41:11.994848260
SIM00778,car_loan,22,2026-11-16 15:41:11.994848260
SIM00779,savings_account,-1,2024-12-31 00:00:00.000000000
SIM00779,credit_card,-1,2024-12-31 00:00:00.000000000
SIM00779,investment_account,12,2026-01-09 13:13:57.361465399
SIM00779,home_loan,22,2026-11-04 00:34:43.469943022
SIM00779,home_insurance,22,2026-11-05 00:34:43.469943022
SIM00779,life_insurance,22,2026-11-05 00:34:43.469943022
SIM00780,bike_insurance,12,2026-01-23 19:49:38.434453632
SIM00781,car_insurance,19,2026-08-14 16:48:25.291247401
SIM00781,car_loan,19,2026-08-11 16:48:25.291247401
SIM00782,savings_account,-1,2024-12-31 00:00:00.000000000
SIM00782,credit_card,-1,2024-12-31 00:00:00.000000000
SIM00782,home_loan,21,2026-10-27 12:25:07.702571175
SIM00782,home_insurance,21,2026-10-28 12:25:07.702571175
SIM00782,life_insurance,21,2026-10-28 12:25:07.702571175
SIM00782,investment_account,9,2025-10-07 08:33:00.449191637
SIM00783,bike_insurance,3,2025-04-17 23:06:26.638273094
SIM00784,savings_account,-1,2024-12-31 00:00:00.000000000
SIM00784,bike_insurance,11,2025-12-16 10:59:26.528432074
SIM00785,savings_account,-1,2024-12-31 00:00:00.000000000
SIM00785,investment_account,9,2025-10-23 05:50:16.615116119
SIM00785,bike_insurance,11,2025-12-13 02:48:17.681693016
SIM00786,savings_account,-1,2024-12-31 00:00:00.000000000
SIM00786,credit_card,-1,2024-12-31 00:00:00.000000000
SIM00786,bike_insurance,12,2026-01-10 19:23:00.972264623
SIM00786,investment_account,8,2025-09-24 03:52:22.013527008
SIM00787,savings_account,-1,2024-12-31 00:00:00.000000000
SIM00787,credit_card,-1,2024-12-31 00:00:00.000000000
SIM00788,savings_account,-1,2024-12-31 00:00:00.000000000
SIM00788,credit_card,-1,2024-12-31 00:00:00.000000000
SIM00788,car_insurance,20,2026-09-07 12:44:45.222803102
SIM00788,life_insurance,23,2026-12-18 01:32:43.265741638
SIM00788,bike_insurance,5,2025-06-29 08:45:22.165663768
SIM00789,bike_insurance,16,2026-05-04 11:14:00.508983533
SIM00790,savings_account,-1,2024-12-31 00:00:00.000000000
SIM00790,credit_card,-1,2024-12-31 00:00:00.000000000
SIM00790,car_insurance,11,2025-12-15 09:38:57.830355966
SIM00790,car_loan,11,2025-12-12 09:38:57.830355966
SIM00791,savings_account,-1,2024-12-31 00:00:00.000000000
SIM00791,bike_insurance,12,2026-01-14 14:06:28.264534107
SIM00791,investment_account,14,2026-03-05 10:51:14.859982576
SIM00792,savings_account,-1,2024-12-31 00:00:00.000000000
SIM00792,home_loan,20,2026-09-22 01:03:52.074126976
SIM00792,home_insurance,20,2026-09-23 01:03:52.074126976
SIM00792,life_insurance,20,2026-09-23 01:03:52.074126976
SIM00793,savings_account,-1,2024-12-31 00:00:00.000000000
SIM00793,credit_card,-1,2024-12-31 00:00:00.000000000
SIM00793,investment_account,4,2025-05-25 18:38:55.954054341
SIM00794,savings_account,-1,2024-12-31 00:00:00.000000000
SIM00794,credit_card,-1,2024-12-31 00:00:00.000000000
SIM00794,car_insurance,16,2026-05-26 04:25:25.814710169
SIM00794,life_insurance,15,2026-04-06 00:12:13.302103503
SIM00794,bike_insurance,16,2026-05-04 11:01:48.467154818
SIM00797,credit_card,-1,2024-12-31 00:00:00.000000000
SIM00797,investment_account,18,2026-07-12 14:53:29.200291487
SIM00798,savings_account,-1,2024-12-31 00:00:00.000000000
SIM00798,credit_card,-1,2024-12-31 00:00:00.000000000
SIM00798,home_loan,21,2026-10-04 19:42:11.054510104
SIM00798,home_insurance,21,2026-10-05 19:42:11.054510104
SIM00798,life_insurance,21,2026-10-05 19:42:11.054510104
SIM00798,bike_insurance,3,2025-04-25 21:50:27.478768998
SIM00799,savings_account,-1,2024-12-31 00:00:00.000000000
SIM00799,home_loan,3,2025-04-22 21:26:41.335189455
SIM00799,home_insurance,3,2025-04-23 21:26:41.335189455
SIM00799,life_insurance,3,2025-04-23 21:26:41.335189455
SIM00800,credit_card,-1,2024-12-31 00:00:00.000000000
SIM00801,savings_account,-1,2024-12-31 00:00:00.000000000
SIM00801,credit_card,-1,2024-12-31 00:00:00.000000000
SIM00801,car_insurance,23,2026-12-16 21:52:11.220591578
SIM00801,car_loan,23,2026-12-13 21:52:11.220591578
SIM00801,life_insurance,7,2025-08-14 14:27:27.405501592
SIM00802,savings_account,-1,2024-12-31 00:00:00.000000000
SIM00802,credit_card,-1,2024-12-31 00:00:00.000000000
SIM00802,home_loan,5,2025-06-16 09:57:04.899291151
SIM00802,home_insurance,5,2025-06-17 09:57:04.899291151
SIM00802,life_insurance,5,2025-06-17 09:57:04.899291151
SIM00802,bike_insurance,18,2026-07-20 17:13:04.229224080
SIM00803,savings_account,-1,2024-12-31 00:00:00.000000000
SIM00803,credit_card,-1,2024-12-31 00:00:00.000000000
SIM00803,car_insurance,13,2026-02-20 14:30:12.425201322
SIM00803,car_loan,13,2026-02-17 14:30:12.425201322
SIM00803,home_loan,5,2025-06-06 03:45:35.362231068
SIM00803,home_insurance,5,2025-06-07 03:45:35.362231068
SIM00803,life_insurance,5,2025-06-07 03:45:35.362231068
SIM00804,savings_account,-1,2024-12-31 00:00:00.000000000
SIM00804,credit_card,-1,2024-12-31 00:00:00.000000000
SIM00804,investment_account,23,2026-12-11 17:48:24.810613103
SIM00805,savings_account,-1,2024-12-31 00:00:00.000000000
SIM00805,credit_card,-1,2024-12-31 00:00:00.000000000
SIM00805,bike_insurance,13,2026-02-03 11:16:07.127873341
SIM00806,savings_account,-1,2024-12-31 00:00:00.000000000
SIM00806,credit_card,-1,2024-12-31 00:00:00.000000000
SIM00807,savings_account,-1,2024-12-31 00:00:00.000000000
SIM00807,credit_card,-1,2024-12-31 00:00:00.000000000
SIM00807,car_insurance,12,2026-01-26 00:19:09.894585211
SIM00808,savings_account,-1,2024-12-31 00:00:00.000000000
SIM00808,car_insurance,12,2026-01-13 13:20:54.687761447
SIM00808,car_loan,12,2026-01-10 13:20:54.687761447
SIM00809,credit_card,-1,2024-12-31 00:00:00.000000000
SIM00810,savings_account,-1,2024-12-31 00:00:00.000000000
SIM00810,credit_card,-1,2024-12-31 00:00:00.000000000
SIM00810,car_insurance,12,2026-01-05 16:19:35.852330564
SIM00811,savings_account,-1,2024-12-31 00:00:00.000000000
SIM00811,credit_card,-1,2024-12-31 00:00:00.000000000
SIM00811,life_insurance,6,2025-07-31 06:01:53.945243125
SIM00811,bike_insurance,6,2025-07-18 13:31:14.423569038
SIM00811,investment_account,11,2025-12-18 02:33:12.729227815
SIM00812,savings_account,-1,2024-12-31 00:00:00.000000000
SIM00812,bike_insurance,3,2025-04-22 20:38:35.108447592
SIM00814,savings_account,-1,2024-12-31 00:00:00.000000000
SIM00814,credit_card,-1,2024-12-31 00:00:00.000000000
SIM00814,car_insurance,3,2025-04-18 22:11:14.491204058
SIM00816,savings_account,-1,2024-12-31 00:00:00.000000000
SIM00816,credit_card,-1,2024-12-31 00:00:00.000000000
SIM00816,investment_account,5,2025-06-12 23:34:22.912165596
SIM00816,car_insurance,4,2025-05-09 15:54:37.219732170
SIM00816,car_loan,4,2025-05-06 15:54:37.219732170
SIM00817,savings_account,-1,2024-12-31 00:00:00.000000000
SIM00817,credit_card,-1,2024-12-31 00:00:00.000000000
SIM00817,investment_account,17,2026-06-03 17:57:39.928065407
SIM00817,home_loan,4,2025-05-01 09:37:13.095823698
SIM00817,home_insurance,4,2025-05-02 09:37:13.095823698
SIM00817,life_insurance,4,2025-05-02 09:37:13.095823698
SIM00818,savings_account,-1,2024-12-31 00:00:00.000000000
SIM00818,bike_insurance,19,2026-08-06 20:53:17.458085682
SIM00819,savings_account,-1,2024-12-31 00:00:00.000000000
SIM00819,car_insurance,16,2026-05-20 11:15:51.524351082
SIM00819,life_insurance,20,2026-09-25 19:59:22.837016979
SIM00820,savings_account,-1,2024-12-31 00:00:00.000000000
SIM00821,savings_account,-1,2024-12-31 00:00:00.000000000
SIM00821,credit_card,-1,2024-12-31 00:00:00.000000000
SIM00822,savings_account,-1,2024-12-31 00:00:00.000000000
SIM00823,credit_card,-1,2024-12-31 00:00:00.000000000
SIM00824,savings_account,-1,2024-12-31 00:00:00.000000000
SIM00824,credit_card,-1,2024-12-31 00:00:00.000000000
SIM00824,car_insurance,15,2026-04-14 05:42:45.544636886
SIM00825,savings_account,-1,2024-12-31 00:00:00.000000000
SIM00825,credit_card,-1,2024-12-31 00:00:00.000000000
SIM00825,investment_account,22,2026-11-06 11:18:37.100913883
SIM00826,savings_account,-1,2024-12-31 00:00:00.000000000
SIM00827,savings_account,-1,2024-12-31 00:00:00.000000000
SIM00827,credit_card,-1,2024-12-31 00:00:00.000000000
SIM00827,investment_account,5,2025-06-19 06:24:23.191149775
SIM00827,car_insurance,14,2026-03-29 09:16:33.893468685
SIM00828,savings_account,-1,2024-12-31 00:00:00.000000000
SIM00828,car_insurance,18,2026-07-27 05:08:58.546364670
SIM00828,car_loan,18,2026-07-24 05:08:58.546364670
SIM00828,home_loan,4,2025-05-28 17:36:38.444774848
SIM00828,home_insurance,4,2025-05-29 17:36:38.444774848
SIM00828,life_insurance,4,2025-05-29 17:36:38.444774848
SIM00829,bike_insurance,13,2026-02-21 01:20:28.649087403
SIM00830,savings_account,-1,2024-12-31 00:00:00.000000000
SIM00830,credit_card,-1,2024-12-31 00:00:00.000000000
SIM00831,savings_account,-1,2024-12-31 00:00:00.000000000
SIM00831,home_loan,18,2026-07-09 22:49:56.538793819
SIM00831,home_insurance,18,2026-07-10 22:49:56.538793819
SIM00831,life_insurance,18,2026-07-10 22:49:56.538793819
SIM00832,bike_insurance,8,2025-09-12 03:44:41.046105659
SIM00833,savings_account,-1,2024-12-31 00:00:00.000000000
SIM00833,life_insurance,17,2026-06-24 19:33:54.313457811
SIM00834,credit_card,-1,2024-12-31 00:00:00.000000000
SIM00834,car_insurance,14,2026-03-21 02:32:37.646176391
SIM00834,investment_account,10,2025-11-22 07:18:21.972258559
SIM00835,bike_insurance,7,2025-08-23 12:53:09.625542674
SIM00836,savings_account,-1,2024-12-31 00:00:00.000000000
SIM00836,home_loan,22,2026-11-30 01:48:48.196303475
SIM00836,home_insurance,23,2026-12-01 01:48:48.196303475
SIM00836,life_insurance,23,2026-12-01 01:48:48.196303475
SIM00837,credit_card,-1,2024-12-31 00:00:00.000000000
SIM00838,savings_account,-1,2024-12-31 00:00:00.000000000
SIM00838,credit_card,-1,2024-12-31 00:00:00.000000000
SIM00838,car_insurance,20,2026-09-15 17:51:05.320943953
SIM00838,car_loan,20,2026-09-12 17:51:05.320943953
SIM00839,savings_account,-1,2024-12-31 00:00:00.000000000
SIM00839,credit_card,-1,2024-12-31 00:00:00.000000000
SIM00839,bike_insurance,16,2026-05-04 20:24:53.000277069
SIM00840,savings_account,-1,2024-12-31 00:00:00.000000000
SIM00840,credit_card,-1,2024-12-31 00:00:00.000000000
SIM00840,investment_account,13,2026-02-12 02:49:50.766631350
SIM00841,credit_card,-1,2024-12-31 00:00:00.000000000
SIM00841,car_insurance,15,2026-04-19 01:55:31.677411996
SIM00841,home_loan,11,2025-12-23 21:18:27.225289032
SIM00841,home_insurance,11,2025-12-24 21:18:27.225289032
SIM00841,life_insurance,11,2025-12-24 21:18:27.225289032
SIM00843,savings_account,-1,2024-12-31 00:00:00.000000000
SIM00843,credit_card,-1,2024-12-31 00:00:00.000000000
SIM00844,credit_card,-1,2024-12-31 00:00:00.000000000
SIM00844,investment_account,9,2025-10-06 23:44:13.078411420
SIM00844,car_insurance,12,2026-01-29 13:51:21.041967661
SIM00844,car_loan,12,2026-01-26 13:51:21.041967661
SIM00845,savings_account,-1,2024-12-31 00:00:00.000000000
SIM00845,credit_card,-1,2024-12-31 00:00:00.000000000
SIM00845,car_insurance,7,2025-08-04 22:56:02.336148110
SIM00845,life_insurance,23,2026-12-04 19:13:42.243393104
SIM00847,savings_account,-1,2024-12-31 00:00:00.000000000
SIM00847,credit_card,-1,2024-12-31 00:00:00.000000000
SIM00847,car_insurance,12,2026-01-15 07:18:16.463374089
SIM00847,car_loan,12,2026-01-12 07:18:16.463374089
SIM00847,life_insurance,18,2026-07-12 00:40:43.224240045
SIM00848,savings_account,-1,2024-12-31 00:00:00.000000000
SIM00848,bike_insurance,5,2025-06-11 04:31:51.374397130
SIM00849,savings_account,-1,2024-12-31 00:00:00.000000000
SIM00850,bike_insurance,14,2026-03-07 09:22:29.858399628
SIM00851,savings_account,-1,2024-12-31 00:00:00.000000000
SIM00851,home_loan,5,2025-06-23 20:57:16.334443672
SIM00851,home_insurance,5,2025-06-24 20:57:16.334443672
SIM00851,life_insurance,5,2025-06-24 20:57:16.334443672
SIM00852,savings_account,-1,2024-12-31 00:00:00.000000000
SIM00852,credit_card,-1,2024-12-31 00:00:00.000000000
SIM00852,car_insurance,18,2026-07-24 18:37:15.317085474
SIM00852,car_loan,18,2026-07-21 18:37:15.317085474
SIM00853,savings_account,-1,2024-12-31 00:00:00.000000000
SIM00853,credit_card,-1,2024-12-31 00:00:00.000000000
SIM00853,home_loan,14,2026-03-27 23:10:12.711850054
SIM00853,home_insurance,14,2026-03-28 23:10:12.711850054
SIM00853,life_insurance,14,2026-03-28 23:10:12.711850054
SIM00854,credit_card,-1,2024-12-31 00:00:00.000000000
SIM00855,credit_card,-1,2024-12-31 00:00:00.000000000
SIM00855,car_insurance,13,2026-02-28 23:11:43.060672858
SIM00856,savings_account,-1,2024-12-31 00:00:00.000000000
SIM00856,credit_card,-1,2024-12-31 00:00:00.000000000
SIM00857,bike_insurance,9,2025-10-29 10:40:07.109802797
SIM00857,car_insurance,15,2026-04-13 17:04:07.135702491
SIM00857,car_loan,15,2026-04-10 17:04:07.135702491
SIM00858,savings_account,-1,2024-12-31 00:00:00.000000000
SIM00858,car_insurance,15,2026-04-29 01:24:42.744665008
SIM00858,life_insurance,15,2026-04-16 01:51:03.649455234
SIM00859,savings_account,-1,2024-12-31 00:00:00.000000000
SIM00859,credit_card,-1,2024-12-31 00:00:00.000000000
SIM00859,car_insurance,17,2026-06-09 11:19:53.400479038
SIM00859,car_loan,17,2026-06-06 11:19:53.400479038
SIM00859,home_loan,17,2026-06-20 14:33:55.614274403
SIM00859,home_insurance,17,2026-06-21 14:33:55.614274403
SIM00859,life_insurance,17,2026-06-21 14:33:55.614274403
SIM00860,savings_account,-1,2024-12-31 00:00:00.000000000
SIM00860,investment_account,13,2026-02-15 13:38:38.102047578
SIM00861,savings_account,-1,2024-12-31 00:00:00.000000000
SIM00862,savings_account,-1,2024-12-31 00:00:00.000000000
SIM00863,bike_insurance,8,2025-09-20 22:54:37.307913391
SIM00864,savings_account,-1,2024-12-31 00:00:00.000000000
SIM00864,investment_account,11,2025-12-08 16:15:19.523447770
SIM00865,car_insurance,8,2025-09-07 04:09:27.631615145
SIM00865,car_loan,8,2025-09-04 04:09:27.631615145
SIM00866,home_loan,4,2025-05-22 22:38:22.050782647
SIM00866,home_insurance,4,2025-05-23 22:38:22.050782647
SIM00866,life_insurance,4,2025-05-23 22:38:22.050782647
SIM00866,bike_insurance,4,2025-05-07 17:32:37.698321597
SIM00867,savings_account,-1,2024-12-31 00:00:00.000000000
SIM00867,car_insurance,8,2025-09-17 18:36:59.003670862
SIM00867,bike_insurance,19,2026-08-21 12:11:49.432583472
SIM00868,savings_account,-1,2024-12-31 00:00:00.000000000
SIM00868,credit_card,-1,2024-12-31 00:00:00.000000000
SIM00868,investment_account,7,2025-08-10 17:34:32.213199048
SIM00868,bike_insurance,13,2026-02-06 00:49:34.597934011
SIM00869,savings_account,-1,2024-12-31 00:00:00.000000000
SIM00869,credit_card,-1,2024-12-31 00:00:00.000000000
SIM00869,car_insurance,23,2026-12-06 09:03:53.283930645
SIM00870,savings_account,-1,2024-12-31 00:00:00.000000000
SIM00870,credit_card,-1,2024-12-31 00:00:00.000000000
SIM00870,car_insurance,6,2025-07-19 13:52:38.009989041
SIM00870,car_loan,6,2025-07-16 13:52:38.009989041
SIM00871,savings_account,-1,2024-12-31 00:00:00.000000000
SIM00871,credit_card,-1,2024-12-31 00:00:00.000000000
SIM00871,investment_account,19,2026-08-08 04:26:47.590142511
SIM00872,credit_card,-1,2024-12-31 00:00:00.000000000
SIM00872,bike_insurance,5,2025-06-04 20:17:14.194346696
SIM00873,credit_card,-1,2024-12-31 00:00:00.000000000
SIM00873,home_loan,22,2026-11-02 12:10:27.599321352
SIM00873,home_insurance,22,2026-11-03 12:10:27.599321352
SIM00873,life_insurance,19,2026-08-02 06:45:50.579594030
SIM00873,savings_account,19,2026-08-07 06:45:50.579594030
SIM00874,credit_card,-1,2024-12-31 00:00:00.000000000
SIM00874,investment_account,20,2026-09-17 21:56:40.671990092
SIM00875,bike_insurance,20,2026-09-24 10:51:57.988649388
SIM00876,credit_card,-1,2024-12-31 00:00:00.000000000
SIM00876,bike_insurance,7,2025-08-09 23:53:05.242143359
SIM00877,savings_account,-1,2024-12-31 00:00:00.000000000
SIM00877,credit_card,-1,2024-12-31 00:00:00.000000000
SIM00877,investment_account,14,2026-03-15 02:31:24.744651300
SIM00879,savings_account,-1,2024-12-31 00:00:00.000000000
SIM00879,credit_card,-1,2024-12-31 00:00:00.000000000
SIM00879,car_insurance,19,2026-08-24 06:01:18.386821518
SIM00880,savings_account,-1,2024-12-31 00:00:00.000000000
SIM00880,life_insurance,18,2026-07-24 01:29:35.880334072
SIM00881,savings_account,-1,2024-12-31 00:00:00.000000000
SIM00881,home_loan,15,2026-04-01 09:18:00.182975404
SIM00881,home_insurance,15,2026-04-02 09:18:00.182975404
SIM00881,life_insurance,11,2025-12-06 08:50:54.362781259
SIM00882,bike_insurance,12,2026-01-18 01:27:13.827307029
SIM00883,bike_insurance,3,2025-04-17 00:36:50.183536951
SIM00884,investment_account,20,2026-09-10 20:02:26.564939648
SIM00885,savings_account,-1,2024-12-31 00:00:00.000000000
SIM00885,home_loan,4,2025-05-26 22:58:59.473424116
SIM00885,home_insurance,4,2025-05-27 22:58:59.473424116
SIM00885,life_insurance,4,2025-05-27 22:58:59.473424116
SIM00886,savings_account,-1,2024-12-31 00:00:00.000000000
SIM00886,life_insurance,12,2026-01-30 08:57:24.536668345
SIM00887,savings_account,-1,2024-12-31 00:00:00.000000000
SIM00887,car_insurance,22,2026-11-28 07:15:29.087212767
SIM00888,savings_account,-1,2024-12-31 00:00:00.000000000
SIM00888,home_loan,21,2026-10-01 13:08:58.024679472
SIM00888,home_insurance,21,2026-10-02 13:08:58.024679472
SIM00888,life_insurance,21,2026-10-02 13:08:58.024679472
SIM00888,bike_insurance,5,2025-06-20 08:59:57.216617255
SIM00889,savings_account,-1,2024-12-31 00:00:00.000000000
SIM00889,credit_card,-1,2024-12-31 00:00:00.000000000
SIM00889,car_insurance,5,2025-06-22 16:09:43.788530068
SIM00889,home_loan,7,2025-08-04 22:29:27.754022995
SIM00889,home_insurance,7,2025-08-05 22:29:27.754022995
SIM00889,life_insurance,7,2025-08-05 22:29:27.754022995
SIM00889,bike_insurance,10,2025-11-04 01:13:41.730882119
SIM00890,savings_account,-1,2024-12-31 00:00:00.000000000
SIM00890,credit_card,-1,2024-12-31 00:00:00.000000000
SIM00890,investment_account,18,2026-07-14 16:01:58.153924686
SIM00891,savings_account,-1,2024-12-31 00:00:00.000000000
SIM00892,savings_account,-1,2024-12-31 00:00:00.000000000
SIM00894,savings_account,-1,2024-12-31 00:00:00.000000000
SIM00894,investment_account,12,2026-01-16 05:03:57.951143582
SIM00894,car_insurance,10,2025-11-18 05:12:08.019254679
SIM00894,bike_insurance,17,2026-06-19 20:17:50.678169501
SIM00895,savings_account,-1,2024-12-31 00:00:00.000000000
SIM00896,credit_card,-1,2024-12-31 00:00:00.000000000
SIM00896,car_insurance,19,2026-08-16 07:44:31.827590973
SIM00897,savings_account,-1,2024-12-31 00:00:00.000000000
SIM00898,savings_account,-1,2024-12-31 00:00:00.000000000
SIM00899,credit_card,-1,2024-12-31 00:00:00.000000000
SIM00899,car_insurance,4,2025-05-01 13:25:59.148354072
SIM00900,savings_account,-1,2024-12-31 00:00:00.000000000
SIM00900,credit_card,-1,2024-12-31 00:00:00.000000000
SIM00901,bike_insurance,19,2026-08-28 00:19:46.634485231
SIM00902,car_insurance,11,2025-12-13 17:13:31.994849867
SIM00902,car_loan,11,2025-12-10 17:13:31.994849867
SIM00902,bike_insurance,21,2026-10-08 10:18:18.024372463
SIM00902,investment_account,22,2026-11-24 12:51:38.790770925
SIM00902,life_insurance,10,2025-11-27 07:46:05.096888142
SIM00903,savings_account,-1,2024-12-31 00:00:00.000000000
SIM00903,credit_card,-1,2024-12-31 00:00:00.000000000
SIM00904,savings_account,-1,2024-12-31 00:00:00.000000000
SIM00904,home_loan,8,2025-09-10 03:10:58.481721302
SIM00904,home_insurance,8,2025-09-11 03:10:58.481721302
SIM00904,life_insurance,8,2025-09-11 03:10:58.481721302
SIM00905,savings_account,-1,2024-12-31 00:00:00.000000000
SIM00905,home_loan,23,2026-12-15 20:04:11.352420090
SIM00905,home_insurance,23,2026-12-16 20:04:11.352420090
SIM00905,life_insurance,23,2026-12-16 20:04:11.352420090
SIM00906,savings_account,-1,2024-12-31 00:00:00.000000000
SIM00906,credit_card,-1,2024-12-31 00:00:00.000000000
SIM00906,car_insurance,12,2026-01-07 21:19:13.053835793
SIM00906,home_loan,20,2026-09-30 03:39:18.311600780
SIM00906,home_insurance,21,2026-10-01 03:39:18.311600780
SIM00906,life_insurance,19,2026-08-17 11:24:20.891871318
SIM00907,savings_account,-1,2024-12-31 00:00:00.000000000
SIM00907,life_insurance,21,2026-10-08 22:31:35.094407125
SIM00908,savings_account,-1,2024-12-31 00:00:00.000000000
SIM00908,credit_card,-1,2024-12-31 00:00:00.000000000
SIM00908,investment_account,13,2026-02-19 12:37:00.368795437
SIM00909,home_loan,6,2025-07-08 18:53:09.802021092
SIM00909,home_insurance,6,2025-07-09 18:53:09.802021092
SIM00909,life_insurance,6,2025-07-09 18:53:09.802021092
SIM00910,savings_account,-1,2024-12-31 00:00:00.000000000
SIM00910,credit_card,-1,2024-12-31 00:00:00.000000000
SIM00911,savings_account,-1,2024-12-31 00:00:00.000000000
SIM00911,credit_card,-1,2024-12-31 00:00:00.000000000
SIM00911,car_insurance,22,2026-11-29 05:43:05.216492794
SIM00911,car_loan,22,2026-11-26 05:43:05.216492794
SIM00911,life_insurance,14,2026-03-06 14:14:29.804699845
SIM00912,savings_account,-1,2024-12-31 00:00:00.000000000
SIM00912,credit_card,-1,2024-12-31 00:00:00.000000000
SIM00913,savings_account,-1,2024-12-31 00:00:00.000000000
SIM00913,credit_card,-1,2024-12-31 00:00:00.000000000
SIM00913,home_loan,5,2025-06-27 06:55:29.883861439
SIM00913,home_insurance,5,2025-06-28 06:55:29.883861439
SIM00913,life_insurance,5,2025-06-28 06:55:29.883861439
SIM00913,investment_account,6,2025-07-08 00:27:21.750944601
SIM00914,savings_account,-1,2024-12-31 00:00:00.000000000
SIM00914,credit_card,-1,2024-12-31 00:00:00.000000000
SIM00914,car_insurance,20,2026-09-20 08:23:56.801277737
SIM00915,savings_account,-1,2024-12-31 00:00:00.000000000
SIM00915,credit_card,-1,2024-12-31 00:00:00.000000000
SIM00915,bike_insurance,18,2026-07-22 19:35:57.250780390
SIM00915,investment_account,14,2026-03-04 19:17:29.315244157
SIM00916,savings_account,-1,2024-12-31 00:00:00.000000000
SIM00916,car_insurance,18,2026-07-28 01:32:17.053933116
SIM00916,home_loan,14,2026-03-24 00:10:55.811226530
SIM00916,home_insurance,14,2026-03-25 00:10:55.811226530
SIM00916,life_insurance,14,2026-03-25 00:10:55.811226530
SIM00916,investment_account,4,2025-05-13 09:58:59.492294506
SIM00917,savings_account,-1,2024-12-31 00:00:00.000000000
SIM00917,credit_card,-1,2024-12-31 00:00:00.000000000
SIM00917,home_loan,4,2025-05-22 09:23:41.120131676
SIM00917,home_insurance,4,2025-05-23 09:23:41.120131676
SIM00917,life_insurance,4,2025-05-23 09:23:41.120131676
SIM00918,bike_insurance,6,2025-07-23 08:56:51.307184831
SIM00919,savings_account,-1,2024-12-31 00:00:00.000000000
SIM00920,savings_account,-1,2024-12-31 00:00:00.000000000
SIM00920,credit_card,-1,2024-12-31 00:00:00.000000000
SIM00920,investment_account,11,2025-12-16 19:51:19.713739504
SIM00921,savings_account,-1,2024-12-31 00:00:00.000000000
SIM00921,investment_account,12,2026-01-27 14:59:22.085486652
SIM00921,car_insurance,18,2026-07-31 18:10:46.488664534
SIM00921,car_loan,18,2026-07-28 18:10:46.488664534
SIM00922,life_insurance,16,2026-05-09 23:48:44.588693651
SIM00923,savings_account,-1,2024-12-31 00:00:00.000000000
SIM00923,credit_card,-1,2024-12-31 00:00:00.000000000
SIM00923,investment_account,6,2025-07-18 10:52:40.652889637
SIM00923,car_insurance,10,2025-11-05 16:50:03.714040536
SIM00924,savings_account,-1,2024-12-31 00:00:00.000000000
SIM00924,credit_card,-1,2024-12-31 00:00:00.000000000
SIM00924,home_loan,7,2025-08-16 18:13:45.152819553
SIM00924,home_insurance,7,2025-08-17 18:13:45.152819553
SIM00924,life_insurance,7,2025-08-17 18:13:45.152819553
SIM00925,savings_account,-1,2024-12-31 00:00:00.000000000
SIM00925,credit_card,-1,2024-12-31 00:00:00.000000000
SIM00926,credit_card,-1,2024-12-31 00:00:00.000000000
SIM00926,home_loan,6,2025-07-21 08:35:40.942628319
SIM00926,home_insurance,6,2025-07-22 08:35:40.942628319
SIM00926,life_insurance,6,2025-07-22 08:35:40.942628319
SIM00927,savings_account,-1,2024-12-31 00:00:00.000000000
SIM00927,bike_insurance,14,2026-03-08 19:56:05.785643267
SIM00928,savings_account,-1,2024-12-31 00:00:00.000000000
SIM00928,investment_account,7,2025-08-23 03:52:15.712883793
SIM00928,home_loan,11,2025-12-29 07:22:16.893966000
SIM00928,home_insurance,11,2025-12-30 07:22:16.893966000
SIM00928,life_insurance,11,2025-12-30 07:22:16.893966000
SIM00928,car_insurance,7,2025-08-19 17:00:15.139003232
SIM00928,car_loan,7,2025-08-16 17:00:15.139003232
SIM00929,savings_account,-1,2024-12-31 00:00:00.000000000
SIM00929,investment_account,8,2025-09-09 19:13:00.687632171
SIM00929,home_loan,14,2026-03-03 00:07:08.654368176
SIM00929,home_insurance,14,2026-03-04 00:07:08.654368176
SIM00929,life_insurance,14,2026-03-04 00:07:08.654368176
SIM00930,savings_account,-1,2024-12-31 00:00:00.000000000
SIM00930,credit_card,-1,2024-12-31 00:00:00.000000000
SIM00930,home_loan,19,2026-08-08 00:06:53.108053995
SIM00930,home_insurance,19,2026-08-09 00:06:53.108053995
SIM00930,life_insurance,19,2026-08-09 00:06:53.108053995
SIM00931,home_loan,19,2026-08-02 04:00:31.108109995
SIM00931,home_insurance,19,2026-08-03 04:00:31.108109995
SIM00931,life_insurance,19,2026-08-03 04:00:31.108109995
SIM00932,investment_account,6,2025-07-13 09:00:30.566267468
SIM00933,savings_account,-1,2024-12-31 00:00:00.000000000
SIM00933,credit_card,-1,2024-12-31 00:00:00.000000000
SIM00933,investment_account,17,2026-06-14 02:39:18.225615936
SIM00934,savings_account,-1,2024-12-31 00:00:00.000000000
SIM00934,credit_card,-1,2024-12-31 00:00:00.000000000
SIM00934,car_insurance,11,2025-12-25 21:31:57.775853671
SIM00936,savings_account,-1,2024-12-31 00:00:00.000000000
SIM00936,investment_account,21,2026-10-24 09:10:00.963095010
SIM00936,car_insurance,22,2026-11-16 13:45:10.848009062
SIM00936,car_loan,22,2026-11-13 13:45:10.848009062
SIM00937,credit_card,-1,2024-12-31 00:00:00.000000000
SIM00937,home_loan,18,2026-07-02 18:12:32.994520793
SIM00937,home_insurance,18,2026-07-03 18:12:32.994520793
SIM00937,life_insurance,18,2026-07-03 18:12:32.994520793
SIM00937,bike_insurance,17,2026-06-25 08:11:50.295934356
SIM00938,credit_card,-1,2024-12-31 00:00:00.000000000
SIM00940,credit_card,-1,2024-12-31 00:00:00.000000000
SIM00942,credit_card,-1,2024-12-31 00:00:00.000000000
SIM00942,home_loan,23,2026-12-04 05:43:23.088526605
SIM00942,home_insurance,23,2026-12-05 05:43:23.088526605
SIM00942,life_insurance,16,2026-05-13 18:51:56.324736884
SIM00943,savings_account,-1,2024-12-31 00:00:00.000000000
SIM00943,credit_card,-1,2024-12-31 00:00:00.000000000
SIM00943,car_insurance,13,2026-02-08 11:15:36.552013014
SIM00944,savings_account,-1,2024-12-31 00:00:00.000000000
SIM00944,credit_card,-1,2024-12-31 00:00:00.000000000
SIM00944,home_loan,10,2025-11-04 15:13:43.390374200
SIM00944,home_insurance,10,2025-11-05 15:13:43.390374200
SIM00944,life_insurance,10,2025-11-05 15:13:43.390374200
SIM00945,savings_account,-1,2024-12-31 00:00:00.000000000
SIM00945,credit_card,-1,2024-12-31 00:00:00.000000000
SIM00945,life_insurance,20,2026-09-05 16:03:00.459814043
SIM00946,savings_account,-1,2024-12-31 00:00:00.000000000
SIM00946,credit_card,-1,2024-12-31 00:00:00.000000000
SIM00946,car_insurance,15,2026-04-06 06:14:37.861492552
SIM00947,credit_card,-1,2024-12-31 00:00:00.000000000
SIM00947,bike_insurance,19,2026-08-10 08:25:10.566760718
SIM00948,savings_account,-1,2024-12-31 00:00:00.000000000
SIM00949,savings_account,-1,2024-12-31 00:00:00.000000000
SIM00949,investment_account,6,2025-07-17 16:00:12.685702935
SIM00949,home_loan,14,2026-03-06 20:11:19.752553759
SIM00949,home_insurance,14,2026-03-07 20:11:19.752553759
SIM00949,life_insurance,14,2026-03-07 20:11:19.752553759
SIM00950,savings_account,-1,2024-12-31 00:00:00.000000000
SIM00950,home_loan,20,2026-09-05 12:15:41.705909995
SIM00950,home_insurance,20,2026-09-06 12:15:41.705909995
SIM00950,life_insurance,20,2026-09-06 12:15:41.705909995
SIM00952,credit_card,-1,2024-12-31 00:00:00.000000000
SIM00953,savings_account,-1,2024-12-31 00:00:00.000000000
SIM00953,credit_card,-1,2024-12-31 00:00:00.000000000
SIM00953,car_insurance,22,2026-11-20 08:48:01.046159610
SIM00954,savings_account,-1,2024-12-31 00:00:00.000000000
SIM00955,credit_card,-1,2024-12-31 00:00:00.000000000
SIM00955,bike_insurance,13,2026-02-21 14:55:19.002067065
SIM00956,savings_account,-1,2024-12-31 00:00:00.000000000
SIM00956,home_loan,16,2026-05-05 04:26:55.312788471
SIM00956,home_insurance,16,2026-05-06 04:26:55.312788471
SIM00956,life_insurance,16,2026-05-06 04:26:55.312788471
SIM00957,savings_account,-1,2024-12-31 00:00:00.000000000
SIM00957,life_insurance,8,2025-09-24 14:46:28.781988702
SIM00958,savings_account,-1,2024-12-31 00:00:00.000000000
SIM00958,car_insurance,16,2026-05-21 11:38:04.637121227
SIM00958,home_loan,14,2026-03-30 22:16:19.730486118
SIM00958,home_insurance,14,2026-03-31 22:16:19.730486118
SIM00958,life_insurance,14,2026-03-31 22:16:19.730486118
SIM00959,savings_account,-1,2024-12-31 00:00:00.000000000
SIM00959,credit_card,-1,2024-12-31 00:00:00.000000000
SIM00959,car_insurance,4,2025-05-12 08:39:04.078865732
SIM00959,home_loan,19,2026-08-21 17:12:37.070570603
SIM00959,home_insurance,19,2026-08-22 17:12:37.070570603
SIM00959,life_insurance,19,2026-08-22 17:12:37.070570603
SIM00960,car_insurance,15,2026-04-13 21:00:02.863535481
SIM00961,savings_account,-1,2024-12-31 00:00:00.000000000
SIM00961,credit_card,-1,2024-12-31 00:00:00.000000000
SIM00962,savings_account,-1,2024-12-31 00:00:00.000000000
SIM00963,home_loan,20,2026-09-24 07:38:05.712019962
SIM00963,home_insurance,20,2026-09-25 07:38:05.712019962
SIM00963,life_insurance,20,2026-09-25 07:38:05.712019962
SIM00964,credit_card,-1,2024-12-31 00:00:00.000000000
SIM00964,bike_insurance,21,2026-10-05 03:28:32.377221808
SIM00965,savings_account,-1,2024-12-31 00:00:00.000000000
SIM00965,credit_card,-1,2024-12-31 00:00:00.000000000
SIM00966,car_insurance,6,2025-07-12 13:20:50.387254760
SIM00967,savings_account,-1,2024-12-31 00:00:00.000000000
SIM00967,credit_card,-1,2024-12-31 00:00:00.000000000
SIM00967,car_insurance,20,2026-09-22 05:59:02.382758622
SIM00968,credit_card,-1,2024-12-31 00:00:00.000000000
SIM00968,bike_insurance,5,2025-06-27 12:57:52.770032875
SIM00968,investment_account,13,2026-02-18 05:09:03.113577736
SIM00968,life_insurance,23,2026-12-15 05:01:35.712182795
SIM00969,savings_account,-1,2024-12-31 00:00:00.000000000
SIM00969,car_insurance,6,2025-07-20 12:04:45.180569162
SIM00969,car_loan,6,2025-07-17 12:04:45.180569162
SIM00969,investment_account,9,2025-10-02 09:01:33.850577231
SIM00970,credit_card,-1,2024-12-31 00:00:00.000000000
SIM00970,car_insurance,14,2026-03-06 23:14:56.811129290
SIM00970,car_loan,14,2026-03-03 23:14:56.811129290
SIM00970,home_loan,12,2026-01-22 20:42:36.113950960
SIM00970,home_insurance,12,2026-01-23 20:42:36.113950960
SIM00970,life_insurance,12,2026-01-23 20:42:36.113950960
SIM00970,bike_insurance,20,2026-09-16 10:45:20.630336179
SIM00970,investment_account,11,2025-12-26 14:37:32.657691716
SIM00971,bike_insurance,12,2026-01-16 23:56:47.939442244
SIM00972,savings_account,-1,2024-12-31 00:00:00.000000000
SIM00973,savings_account,-1,2024-12-31 00:00:00.000000000
SIM00975,credit_card,-1,2024-12-31 00:00:00.000000000
SIM00976,investment_account,17,2026-06-09 23:49:45.364375736
SIM00977,credit_card,-1,2024-12-31 00:00:00.000000000
SIM00978,savings_account,-1,2024-12-31 00:00:00.000000000
SIM00978,credit_card,-1,2024-12-31 00:00:00.000000000
SIM00978,investment_account,22,2026-11-15 02:39:56.023826560
SIM00978,car_insurance,11,2025-12-11 13:47:48.630384123
SIM00978,car_loan,11,2025-12-08 13:47:48.630384123
SIM00979,savings_account,-1,2024-12-31 00:00:00.000000000
SIM00979,credit_card,-1,2024-12-31 00:00:00.000000000
SIM00979,home_loan,19,2026-08-21 18:16:14.623620127
SIM00979,home_insurance,19,2026-08-22 18:16:14.623620127
SIM00979,life_insurance,13,2026-02-15 06:41:29.513221669
SIM00980,savings_account,-1,2024-12-31 00:00:00.000000000
SIM00980,investment_account,3,2025-04-20 05:01:31.747774193
SIM00980,bike_insurance,14,2026-03-22 01:33:07.755447082
SIM00982,savings_account,-1,2024-12-31 00:00:00.000000000
SIM00983,car_insurance,5,2025-06-09 03:59:39.198393732
SIM00983,car_loan,5,2025-06-06 03:59:39.198393732
SIM00983,home_loan,14,2026-03-01 03:46:26.900174236
SIM00983,home_insurance,14,2026-03-02 03:46:26.900174236
SIM00983,life_insurance,14,2026-03-02 03:46:26.900174236
SIM00983,investment_account,22,2026-11-04 09:44:19.069934275
SIM00984,savings_account,-1,2024-12-31 00:00:00.000000000
SIM00984,credit_card,-1,2024-12-31 00:00:00.000000000
SIM00984,investment_account,22,2026-11-22 07:29:33.352372354
SIM00985,credit_card,-1,2024-12-31 00:00:00.000000000
SIM00985,car_insurance,12,2026-01-24 12:56:48.236773642
SIM00986,savings_account,-1,2024-12-31 00:00:00.000000000
SIM00986,credit_card,-1,2024-12-31 00:00:00.000000000
SIM00986,home_loan,23,2026-12-01 13:24:03.779317458
SIM00986,home_insurance,23,2026-12-02 13:24:03.779317458
SIM00986,life_insurance,7,2025-08-04 18:58:36.642395467
SIM00986,bike_insurance,20,2026-09-23 09:58:56.903082260
SIM00987,credit_card,-1,2024-12-31 00:00:00.000000000
SIM00988,credit_card,-1,2024-12-31 00:00:00.000000000
SIM00989,savings_account,-1,2024-12-31 00:00:00.000000000
SIM00989,life_insurance,22,2026-11-14 20:20:22.504486923
SIM00990,savings_account,-1,2024-12-31 00:00:00.000000000
SIM00990,home_loan,17,2026-06-23 22:11:45.263611231
SIM00990,home_insurance,17,2026-06-24 22:11:45.263611231
SIM00990,life_insurance,17,2026-06-24 22:11:45.263611231
SIM00991,savings_account,-1,2024-12-31 00:00:00.000000000
SIM00991,car_insurance,14,2026-03-07 09:30:52.184307331
SIM00991,car_loan,14,2026-03-04 09:30:52.184307331
SIM00992,credit_card,-1,2024-12-31 00:00:00.000000000
SIM00992,car_insurance,6,2025-07-11 16:20:12.342303070
SIM00992,car_loan,6,2025-07-08 16:20:12.342303070
SIM00992,home_loan,10,2025-11-04 11:51:59.042940936
SIM00992,home_insurance,10,2025-11-05 11:51:59.042940936
SIM00992,life_insurance,10,2025-11-05 11:51:59.042940936
SIM00992,bike_insurance,17,2026-06-29 19:40:16.932307661
SIM00993,savings_account,-1,2024-12-31 00:00:00.000000000
SIM00993,credit_card,-1,2024-12-31 00:00:00.000000000
SIM00994,savings_account,-1,2024-12-31 00:00:00.000000000
SIM00995,savings_account,-1,2024-12-31 00:00:00.000000000
SIM00995,credit_card,-1,2024-12-31 00:00:00.000000000
SIM00995,investment_account,15,2026-04-27 23:40:40.613855216
SIM00995,car_insurance,17,2026-06-07 22:50:14.623566148
SIM00996,savings_account,-1,2024-12-31 00:00:00.000000000
SIM00996,credit_card,-1,2024-12-31 00:00:00.000000000
SIM00996,car_insurance,3,2025-04-17 07:09:57.061235753
SIM00996,car_loan,3,2025-04-14 07:09:57.061235753
SIM00997,car_insurance,7,2025-08-14 15:57:16.650840283
SIM00997,car_loan,7,2025-08-11 15:57:16.650840283
SIM00998,credit_card,-1,2024-12-31 00:00:00.000000000
SIM00998,home_loan,21,2026-10-09 19:06:16.183038329
SIM00998,home_insurance,21,2026-10-10 19:06:16.183038329
SIM00998,life_insurance,21,2026-10-10 19:06:16.183038329
SIM00999,savings_account,-1,2024-12-31 00:00:00.000000000
SIM00999,car_insurance,22,2026-11-17 01:46:47.080687613
SIM00999,car_loan,22,2026-11-14 01:46:47.080687613
SIM00999,home_loan,22,2026-11-28 02:57:27.061670041
SIM00999,home_insurance,22,2026-11-29 02:57:27.061670041
SIM00999,life_insurance,22,2026-11-29 02:57:27.061670041
SIM01000,savings_account,-1,2024-12-31 00:00:00.000000000
SIM01000,car_insurance,6,2025-07-14 23:18:51.182895555
SIM01000,life_insurance,16,2026-05-03 06:44:25.682038324
SIM01001,savings_account,-1,2024-12-31 00:00:00.000000000
SIM01001,credit_card,-1,2024-12-31 00:00:00.000000000
SIM01001,home_loan,4,2025-05-10 16:23:30.501760125
SIM01001,home_insurance,4,2025-05-11 16:23:30.501760125
SIM01001,life_insurance,4,2025-05-11 16:23:30.501760125
SIM01002,bike_insurance,18,2026-07-19 23:18:48.857432409
SIM01003,savings_account,-1,2024-12-31 00:00:00.000000000
SIM01003,credit_card,-1,2024-12-31 00:00:00.000000000
SIM01003,investment_account,10,2025-11-06 03:53:41.208989372
SIM01003,home_loan,7,2025-08-19 08:21:41.495457420
SIM01003,home_insurance,7,2025-08-20 08:21:41.495457420
SIM01003,life_insurance,7,2025-08-20 08:21:41.495457420
SIM01003,car_insurance,17,2026-06-05 00:39:46.718869581
SIM01003,car_loan,17,2026-06-02 00:39:46.718869581
SIM01003,bike_insurance,16,2026-05-29 15:41:37.143246395
SIM01004,savings_account,-1,2024-12-31 00:00:00.000000000
SIM01004,credit_card,-1,2024-12-31 00:00:00.000000000
SIM01004,bike_insurance,12,2026-01-18 23:33:14.708508252
SIM01006,savings_account,-1,2024-12-31 00:00:00.000000000
SIM01006,credit_card,-1,2024-12-31 00:00:00.000000000
SIM01006,car_insurance,4,2025-05-29 03:25:01.209555182
SIM01007,savings_account,-1,2024-12-31 00:00:00.000000000
SIM01008,car_insurance,21,2026-10-28 07:15:57.295897662
SIM01008,home_loan,13,2026-02-02 03:33:54.419024112
SIM01008,home_insurance,13,2026-02-03 03:33:54.419024112
SIM01008,life_insurance,13,2026-02-03 03:33:54.419024112
SIM01009,savings_account,-1,2024-12-31 00:00:00.000000000
SIM01009,home_loan,8,2025-09-27 21:56:47.381451381
SIM01009,home_insurance,8,2025-09-28 21:56:47.381451381
SIM01009,life_insurance,7,2025-08-08 12:05:17.761852738
SIM01010,savings_account,-1,2024-12-31 00:00:00.000000000
SIM01010,credit_card,-1,2024-12-31 00:00:00.000000000
SIM01010,car_insurance,9,2025-10-24 01:32:32.056751961
SIM01011,savings_account,-1,2024-12-31 00:00:00.000000000
SIM01011,credit_card,-1,2024-12-31 00:00:00.000000000
SIM01011,investment_account,17,2026-06-19 17:00:43.497999672
SIM01011,bike_insurance,3,2025-04-22 08:18:25.468190085
SIM01012,savings_account,-1,2024-12-31 00:00:00.000000000
SIM01013,savings_account,-1,2024-12-31 00:00:00.000000000
SIM01013,life_insurance,12,2026-01-11 04:27:48.700302680
SIM01014,home_loan,23,2026-12-01 03:04:33.199622598
SIM01014,home_insurance,23,2026-12-02 03:04:33.199622598
SIM01014,life_insurance,23,2026-12-02 03:04:33.199622598
SIM01015,investment_account,16,2026-05-22 14:04:59.735691546
SIM01016,savings_account,-1,2024-12-31 00:00:00.000000000
SIM01016,credit_card,-1,2024-12-31 00:00:00.000000000
SIM01016,car_insurance,10,2025-11-25 04:55:06.674892710
SIM01016,car_loan,10,2025-11-22 04:55:06.674892710
SIM01016,life_insurance,8,2025-09-08 10:21:22.918911164
SIM01016,investment_account,14,2026-03-24 23:42:12.159851347
SIM01017,savings_account,-1,2024-12-31 00:00:00.000000000
SIM01018,savings_account,-1,2024-12-31 00:00:00.000000000
SIM01018,credit_card,-1,2024-12-31 00:00:00.000000000
SIM01019,savings_account,-1,2024-12-31 00:00:00.000000000
SIM01019,credit_card,-1,2024-12-31 00:00:00.000000000
SIM01019,investment_account,9,2025-10-08 04:14:53.413582223
SIM01019,bike_insurance,7,2025-08-03 14:10:30.617984780
SIM01020,credit_card,-1,2024-12-31 00:00:00.000000000
SIM01020,investment_account,13,2026-02-08 06:50:06.662137396
SIM01021,home_loan,6,2025-07-03 21:28:54.909009309
SIM01021,home_insurance,6,2025-07-04 21:28:54.909009309
SIM01021,life_insurance,6,2025-07-04 21:28:54.909009309
SIM01021,bike_insurance,16,2026-05-29 05:26:56.989188445
SIM01021,savings_account,23,2026-12-15 01:52:31.946231690
SIM01022,bike_insurance,6,2025-07-14 07:50:30.230626178
SIM01023,savings_account,-1,2024-12-31 00:00:00.000000000
SIM01023,credit_card,-1,2024-12-31 00:00:00.000000000
SIM01023,car_insurance,4,2025-05-30 19:07:05.899692027
SIM01023,bike_insurance,15,2026-04-15 04:39:23.149489435
SIM01024,savings_account,-1,2024-12-31 00:00:00.000000000
SIM01024,credit_card,-1,2024-12-31 00:00:00.000000000
SIM01025,savings_account,-1,2024-12-31 00:00:00.000000000
SIM01025,credit_card,-1,2024-12-31 00:00:00.000000000
SIM01025,home_loan,21,2026-10-01 13:53:32.774826834
SIM01025,home_insurance,21,2026-10-02 13:53:32.774826834
SIM01025,life_insurance,21,2026-10-02 13:53:32.774826834
SIM01026,bike_insurance,13,2026-02-26 22:48:06.544904612
SIM01026,car_insurance,18,2026-07-27 21:24:19.108016071
SIM01026,car_loan,18,2026-07-24 21:24:19.108016071
SIM01028,credit_card,-1,2024-12-31 00:00:00.000000000
SIM01028,investment_account,4,2025-05-23 13:04:23.195616902
SIM01028,home_loan,10,2025-11-22 15:40:26.795876560
SIM01028,home_insurance,10,2025-11-23 15:40:26.795876560
SIM01028,life_insurance,10,2025-11-23 15:40:26.795876560
SIM01028,car_insurance,22,2026-11-17 18:25:31.996388351
SIM01028,bike_insurance,17,2026-06-15 17:31:10.247393167
SIM01029,bike_insurance,5,2025-06-13 02:54:30.238292611
SIM01029,car_insurance,15,2026-04-06 13:25:14.786400336
SIM01029,car_loan,15,2026-04-03 13:25:14.786400336
SIM01030,car_insurance,9,2025-10-08 06:44:01.358706112
SIM01030,car_loan,9,2025-10-05 06:44:01.358706112
SIM01030,home_loan,10,2025-11-28 16:56:09.444649567
SIM01030,home_insurance,10,2025-11-29 16:56:09.444649567
SIM01030,life_insurance,10,2025-11-29 16:56:09.444649567
SIM01031,bike_insurance,10,2025-11-05 21:50:46.126659800
SIM01032,credit_card,-1,2024-12-31 00:00:00.000000000
SIM01032,car_insurance,14,2026-03-03 20:14:29.896632043
SIM01032,car_loan,13,2026-02-28 20:14:29.896632043
SIM01032,home_loan,22,2026-11-30 15:42:40.518453987
SIM01032,home_insurance,23,2026-12-01 15:42:40.518453987
SIM01032,life_insurance,23,2026-12-01 15:42:40.518453987
SIM01032,investment_account,5,2025-06-23 09:05:32.859198654
SIM01035,bike_insurance,7,2025-08-25 20:55:55.224075863
SIM01036,savings_account,-1,2024-12-31 00:00:00.000000000
SIM01036,bike_insurance,22,2026-11-20 09:22:37.484354996
SIM01038,savings_account,-1,2024-12-31 00:00:00.000000000
SIM01038,home_loan,3,2025-04-21 09:06:45.712319012
SIM01038,home_insurance,3,2025-04-22 09:06:45.712319012
SIM01038,life_insurance,3,2025-04-22 09:06:45.712319012
SIM01039,savings_account,-1,2024-12-31 00:00:00.000000000
SIM01039,credit_card,-1,2024-12-31 00:00:00.000000000
SIM01039,investment_account,5,2025-06-04 12:15:41.784795534
SIM01041,savings_account,-1,2024-12-31 00:00:00.000000000
SIM01042,credit_card,-1,2024-12-31 00:00:00.000000000
SIM01042,bike_insurance,17,2026-06-15 15:30:25.534751839
SIM01043,savings_account,-1,2024-12-31 00:00:00.000000000
SIM01043,credit_card,-1,2024-12-31 00:00:00.000000000
SIM01043,investment_account,17,2026-06-07 03:17:38.027968422
SIM01044,savings_account,-1,2024-12-31 00:00:00.000000000
SIM01046,savings_account,-1,2024-12-31 00:00:00.000000000
SIM01046,credit_card,-1,2024-12-31 00:00:00.000000000
SIM01050,savings_account,-1,2024-12-31 00:00:00.000000000
SIM01050,credit_card,-1,2024-12-31 00:00:00.000000000
SIM01051,credit_card,-1,2024-12-31 00:00:00.000000000
SIM01051,home_loan,21,2026-10-28 21:07:28.071787159
SIM01051,home_insurance,21,2026-10-29 21:07:28.071787159
SIM01051,life_insurance,14,2026-03-23 22:12:39.286386009
SIM01051,savings_account,14,2026-03-28 22:12:39.286386009
SIM01051,investment_account,14,2026-03-24 19:10:07.659482801
SIM01052,car_insurance,5,2025-06-05 12:53:03.814484373
SIM01053,savings_account,-1,2024-12-31 00:00:00.000000000
SIM01053,credit_card,-1,2024-12-31 00:00:00.000000000
SIM01053,home_loan,18,2026-07-02 03:10:36.593913063
SIM01053,home_insurance,18,2026-07-03 03:10:36.593913063
SIM01053,life_insurance,18,2026-07-03 03:10:36.593913063
SIM01054,savings_account,-1,2024-12-31 00:00:00.000000000
SIM01054,bike_insurance,19,2026-08-16 15:12:07.267629752
SIM01055,savings_account,-1,2024-12-31 00:00:00.000000000
SIM01055,credit_card,-1,2024-12-31 00:00:00.000000000
SIM01055,investment_account,17,2026-06-06 06:42:28.093578286
SIM01055,home_loan,4,2025-05-23 11:06:12.327199511
SIM01055,home_insurance,4,2025-05-24 11:06:12.327199511
SIM01055,life_insurance,4,2025-05-24 11:06:12.327199511
SIM01056,car_insurance,21,2026-10-06 11:05:00.082411257
SIM01056,car_loan,21,2026-10-03 11:05:00.082411257
SIM01056,home_loan,8,2025-09-19 04:10:28.663738022
SIM01056,home_insurance,8,2025-09-20 04:10:28.663738022
SIM01056,life_insurance,8,2025-09-20 04:10:28.663738022
SIM01057,savings_account,-1,2024-12-31 00:00:00.000000000
SIM01057,credit_card,-1,2024-12-31 00:00:00.000000000
SIM01057,investment_account,15,2026-04-22 00:35:12.091344236
SIM01058,bike_insurance,9,2025-10-26 12:28:19.266385330
SIM01059,savings_account,-1,2024-12-31 00:00:00.000000000
SIM01059,car_insurance,12,2026-01-26 07:05:05.647617947
SIM01059,car_loan,12,2026-01-23 07:05:05.647617947
SIM01060,credit_card,-1,2024-12-31 00:00:00.000000000
SIM01060,car_insurance,3,2025-04-06 22:45:35.036206224
SIM01060,bike_insurance,20,2026-09-23 15:32:39.247101399
SIM01061,savings_account,-1,2024-12-31 00:00:00.000000000
SIM01061,car_insurance,16,2026-05-16 17:27:46.642970540
SIM01061,car_loan,16,2026-05-13 17:27:46.642970540
SIM01062,savings_account,-1,2024-12-31 00:00:00.000000000
SIM01062,life_insurance,10,2025-11-30 21:00:10.540114800
SIM01063,savings_account,-1,2024-12-31 00:00:00.000000000
SIM01063,car_insurance,17,2026-06-21 14:05:09.704262018
SIM01063,investment_account,3,2025-04-28 07:19:51.964489294
SIM01064,savings_account,-1,2024-12-31 00:00:00.000000000
SIM01065,credit_card,-1,2024-12-31 00:00:00.000000000
SIM01066,savings_account,-1,2024-12-31 00:00:00.000000000
SIM01066,car_insurance,3,2025-04-17 11:55:42.072322501
SIM01066,home_loan,13,2026-02-24 10:28:44.017416093
SIM01066,home_insurance,13,2026-02-25 10:28:44.017416093
SIM01066,life_insurance,13,2026-02-25 10:28:44.017416093
SIM01067,credit_card,-1,2024-12-31 00:00:00.000000000
SIM01068,savings_account,-1,2024-12-31 00:00:00.000000000
SIM01068,credit_card,-1,2024-12-31 00:00:00.000000000
SIM01068,car_insurance,15,2026-04-17 23:21:46.540303687
SIM01068,car_loan,15,2026-04-14 23:21:46.540303687
SIM01069,savings_account,-1,2024-12-31 00:00:00.000000000
SIM01069,home_loan,17,2026-06-10 00:19:12.567336149
SIM01069,home_insurance,17,2026-06-11 00:19:12.567336149
SIM01069,life_insurance,17,2026-06-11 00:19:12.567336149
SIM01070,savings_account,-1,2024-12-31 00:00:00.000000000
SIM01070,bike_insurance,10,2025-11-11 10:48:22.111453398
SIM01070,investment_account,17,2026-06-13 22:07:50.178734555
SIM01071,savings_account,-1,2024-12-31 00:00:00.000000000
SIM01071,credit_card,-1,2024-12-31 00:00:00.000000000
SIM01072,savings_account,-1,2024-12-31 00:00:00.000000000
SIM01072,credit_card,-1,2024-12-31 00:00:00.000000000
SIM01072,bike_insurance,20,2026-09-20 08:52:35.684448609
SIM01073,savings_account,-1,2024-12-31 00:00:00.000000000
SIM01073,credit_card,-1,2024-12-31 00:00:00.000000000
SIM01073,bike_insurance,4,2025-05-20 23:51:16.465618257
SIM01075,home_loan,4,2025-05-17 06:57:08.267507615
SIM01075,home_insurance,4,2025-05-18 06:57:08.267507615
SIM01075,life_insurance,4,2025-05-18 06:57:08.267507615
SIM01075,investment_account,9,2025-10-10 03:48:51.655140132
SIM01076,life_insurance,20,2026-09-24 00:08:59.696353800
SIM01076,savings_account,20,2026-09-29 00:08:59.696353800
SIM01077,savings_account,-1,2024-12-31 00:00:00.000000000
SIM01078,savings_account,-1,2024-12-31 00:00:00.000000000
SIM01078,credit_card,-1,2024-12-31 00:00:00.000000000
SIM01079,savings_account,-1,2024-12-31 00:00:00.000000000
SIM01079,credit_card,-1,2024-12-31 00:00:00.000000000
SIM01079,home_loan,7,2025-08-25 06:36:33.317707064
SIM01079,home_insurance,7,2025-08-26 06:36:33.317707064
SIM01079,life_insurance,7,2025-08-26 06:36:33.317707064
SIM01079,bike_insurance,18,2026-07-29 20:02:54.512337447
SIM01079,investment_account,10,2025-11-07 09:27:11.697608605
SIM01080,savings_account,-1,2024-12-31 00:00:00.000000000
SIM01080,investment_account,6,2025-07-14 21:59:41.650903016
SIM01081,savings_account,-1,2024-12-31 00:00:00.000000000
SIM01081,credit_card,-1,2024-12-31 00:00:00.000000000
SIM01082,savings_account,-1,2024-12-31 00:00:00.000000000
SIM01082,credit_card,-1,2024-12-31 00:00:00.000000000
SIM01083,bike_insurance,3,2025-04-17 09:38:15.912311133
SIM01083,investment_account,13,2026-02-26 23:54:26.517873313
SIM01084,savings_account,-1,2024-12-31 00:00:00.000000000
SIM01086,savings_account,-1,2024-12-31 00:00:00.000000000
SIM01086,credit_card,-1,2024-12-31 00:00:00.000000000
SIM01087,savings_account,-1,2024-12-31 00:00:00.000000000
SIM01087,credit_card,-1,2024-12-31 00:00:00.000000000
SIM01088,savings_account,-1,2024-12-31 00:00:00.000000000
SIM01088,credit_card,-1,2024-12-31 00:00:00.000000000
SIM01088,home_loan,16,2026-05-27 21:09:42.248265927
SIM01088,home_insurance,16,2026-05-28 21:09:42.248265927
SIM01088,life_insurance,16,2026-05-28 21:09:42.248265927
SIM01089,credit_card,-1,2024-12-31 00:00:00.000000000
SIM01089,investment_account,15,2026-04-23 07:08:12.597385307
SIM01090,credit_card,-1,2024-12-31 00:00:00.000000000
SIM01090,car_insurance,23,2026-12-08 21:43:18.704863816
SIM01090,car_loan,23,2026-12-05 21:43:18.704863816
SIM01090,investment_account,5,2025-06-20 02:41:02.359197032
SIM01091,credit_card,-1,2024-12-31 00:00:00.000000000
SIM01091,car_insurance,14,2026-03-26 11:29:28.776250137
SIM01091,car_loan,14,2026-03-23 11:29:28.776250137
SIM01092,bike_insurance,6,2025-07-05 06:48:48.746617406
SIM01093,life_insurance,16,2026-05-08 17:17:19.697659301
SIM01093,savings_account,16,2026-05-13 17:17:19.697659301
SIM01094,savings_account,-1,2024-12-31 00:00:00.000000000
SIM01094,home_loan,6,2025-07-23 14:01:34.888036945
SIM01094,home_insurance,6,2025-07-24 14:01:34.888036945
SIM01094,life_insurance,6,2025-07-24 14:01:34.888036945
SIM01096,credit_card,-1,2024-12-31 00:00:00.000000000
SIM01096,home_loan,9,2025-10-07 13:54:13.398963837
SIM01096,home_insurance,9,2025-10-08 13:54:13.398963837
SIM01096,life_insurance,9,2025-10-08 13:54:13.398963837
SIM01097,savings_account,-1,2024-12-31 00:00:00.000000000
SIM01098,savings_account,-1,2024-12-31 00:00:00.000000000
SIM01098,credit_card,-1,2024-12-31 00:00:00.000000000
SIM01099,car_insurance,10,2025-11-26 12:58:24.277279027
SIM01099,car_loan,10,2025-11-23 12:58:24.277279027
SIM01100,savings_account,-1,2024-12-31 00:00:00.000000000
SIM01100,credit_card,-1,2024-12-31 00:00:00.000000000
SIM01101,credit_card,-1,2024-12-31 00:00:00.000000000
SIM01101,home_loan,18,2026-07-04 11:11:05.143315048
SIM01101,home_insurance,18,2026-07-05 11:11:05.143315048
SIM01101,life_insurance,18,2026-07-05 11:11:05.143315048
SIM01102,savings_account,-1,2024-12-31 00:00:00.000000000
SIM01102,car_insurance,12,2026-01-23 13:29:48.140761537
SIM01102,car_loan,12,2026-01-20 13:29:48.140761537
SIM01103,savings_account,-1,2024-12-31 00:00:00.000000000
SIM01103,life_insurance,9,2025-10-04 13:47:24.294740481
SIM01104,savings_account,-1,2024-12-31 00:00:00.000000000
SIM01105,savings_account,-1,2024-12-31 00:00:00.000000000
SIM01105,home_loan,16,2026-05-03 15:20:51.257513727
SIM01105,home_insurance,16,2026-05-04 15:20:51.257513727
SIM01105,life_insurance,16,2026-05-04 15:20:51.257513727
SIM01106,home_loan,10,2025-11-18 12:28:54.550943568
SIM01106,home_insurance,10,2025-11-19 12:28:54.550943568
SIM01106,life_insurance,10,2025-11-19 12:28:54.550943568
SIM01107,savings_account,-1,2024-12-31 00:00:00.000000000
SIM01107,credit_card,-1,2024-12-31 00:00:00.000000000
SIM01107,life_insurance,19,2026-08-16 12:57:59.584617435
SIM01108,life_insurance,18,2026-07-17 12:03:44.591202600
SIM01108,savings_account,18,2026-07-22 12:03:44.591202600
SIM01109,savings_account,-1,2024-12-31 00:00:00.000000000
SIM01109,car_insurance,21,2026-10-28 03:50:38.225445230
SIM01109,car_loan,21,2026-10-25 03:50:38.225445230
SIM01110,car_insurance,5,2025-06-26 20:42:23.200077332
SIM01110,car_loan,5,2025-06-23 20:42:23.200077332
SIM01110,home_loan,6,2025-07-20 22:36:03.459842653
SIM01110,home_insurance,6,2025-07-21 22:36:03.459842653
SIM01110,life_insurance,6,2025-07-21 22:36:03.459842653
SIM01111,savings_account,-1,2024-12-31 00:00:00.000000000
SIM01111,credit_card,-1,2024-12-31 00:00:00.000000000
SIM01111,home_loan,12,2026-01-05 01:08:30.037286129
SIM01111,home_insurance,12,2026-01-06 01:08:30.037286129
SIM01111,life_insurance,12,2026-01-06 01:08:30.037286129
SIM01111,bike_insurance,14,2026-03-23 22:00:38.026931497
SIM01112,savings_account,-1,2024-12-31 00:00:00.000000000
SIM01112,credit_card,-1,2024-12-31 00:00:00.000000000
SIM01112,car_insurance,15,2026-04-12 06:20:31.688131276
SIM01112,home_loan,7,2025-08-05 04:55:46.633757649
SIM01112,home_insurance,7,2025-08-06 04:55:46.633757649
SIM01112,life_insurance,7,2025-08-06 04:55:46.633757649
SIM01112,bike_insurance,9,2025-10-22 23:04:40.979300221
SIM01113,credit_card,-1,2024-12-31 00:00:00.000000000
SIM01113,investment_account,9,2025-10-06 14:07:29.335367315
SIM01114,savings_account,-1,2024-12-31 00:00:00.000000000
SIM01114,home_loan,16,2026-05-16 19:12:57.086077737
SIM01114,home_insurance,16,2026-05-17 19:12:57.086077737
SIM01114,life_insurance,16,2026-05-17 19:12:57.086077737
SIM01114,investment_account,8,2025-09-20 05:11:38.203691044
SIM01115,savings_account,-1,2024-12-31 00:00:00.000000000
SIM01115,credit_card,-1,2024-12-31 00:00:00.000000000
SIM01116,savings_account,-1,2024-12-31 00:00:00.000000000
SIM01116,car_insurance,9,2025-10-07 18:46:47.844419738
SIM01116,car_loan,9,2025-10-04 18:46:47.844419738
SIM01116,investment_account,3,2025-04-11 00:24:08.915810400
SIM01117,savings_account,-1,2024-12-31 00:00:00.000000000
SIM01117,credit_card,-1,2024-12-31 00:00:00.000000000
SIM01117,bike_insurance,18,2026-07-06 21:13:26.029984904
SIM01118,savings_account,-1,2024-12-31 00:00:00.000000000
SIM01118,credit_card,-1,2024-12-31 00:00:00.000000000
SIM01119,savings_account,-1,2024-12-31 00:00:00.000000000
SIM01120,car_insurance,13,2026-02-09 23:12:16.232599283
SIM01120,life_insurance,17,2026-06-25 20:46:29.642270359
SIM01120,savings_account,17,2026-06-30 20:46:29.642270359
SIM01121,car_insurance,14,2026-03-05 10:10:46.280529361
SIM01122,savings_account,-1,2024-12-31 00:00:00.000000000
SIM01122,credit_card,-1,2024-12-31 00:00:00.000000000
SIM01122,investment_account,3,2025-04-20 01:15:06.692252328
SIM01123,savings_account,-1,2024-12-31 00:00:00.000000000
SIM01123,home_loan,11,2025-12-05 06:03:37.280647520
SIM01123,home_insurance,11,2025-12-06 06:03:37.280647520
SIM01123,life_insurance,11,2025-12-06 06:03:37.280647520
SIM01124,credit_card,-1,2024-12-31 00:00:00.000000000
SIM01124,car_insurance,23,2026-12-10 01:36:18.197536986
SIM01124,bike_insurance,3,2025-04-05 14:27:20.493819817
SIM01125,bike_insurance,6,2025-07-25 04:55:58.173766932
SIM01126,savings_account,-1,2024-12-31 00:00:00.000000000
SIM01126,investment_account,3,2025-04-13 15:19:15.760993330
SIM01128,savings_account,-1,2024-12-31 00:00:00.000000000
SIM01129,savings_account,-1,2024-12-31 00:00:00.000000000
SIM01129,credit_card,-1,2024-12-31 00:00:00.000000000
SIM01129,investment_account,11,2025-12-23 05:57:08.745097153
SIM01129,car_insurance,10,2025-11-24 07:23:12.547590809
SIM01130,savings_account,-1,2024-12-31 00:00:00.000000000
SIM01130,investment_account,15,2026-04-27 18:33:17.326332470
SIM01131,savings_account,-1,2024-12-31 00:00:00.000000000
SIM01131,credit_card,-1,2024-12-31 00:00:00.000000000
SIM01131,car_insurance,7,2025-08-24 07:15:09.498278498
SIM01131,car_loan,7,2025-08-21 07:15:09.498278498
SIM01132,savings_account,-1,2024-12-31 00:00:00.000000000
SIM01132,credit_card,-1,2024-12-31 00:00:00.000000000
SIM01132,car_insurance,3,2025-04-17 14:24:08.104737813
SIM01132,car_loan,3,2025-04-14 14:24:08.104737813
SIM01133,investment_account,9,2025-10-21 21:22:05.947886792
SIM01133,life_insurance,13,2026-02-07 14:56:27.627551956
SIM01133,savings_account,13,2026-02-12 14:56:27.627551956
SIM01134,savings_account,-1,2024-12-31 00:00:00.000000000
SIM01134,credit_card,-1,2024-12-31 00:00:00.000000000
SIM01134,car_insurance,16,2026-05-23 23:52:13.565230996
SIM01134,car_loan,16,2026-05-20 23:52:13.565230996
SIM01134,bike_insurance,6,2025-07-13 08:03:09.462818354
SIM01135,savings_account,-1,2024-12-31 00:00:00.000000000
SIM01135,credit_card,-1,2024-12-31 00:00:00.000000000
SIM01135,life_insurance,21,2026-10-10 13:51:57.648644962
SIM01136,savings_account,-1,2024-12-31 00:00:00.000000000
SIM01137,savings_account,-1,2024-12-31 00:00:00.000000000
SIM01137,credit_card,-1,2024-12-31 00:00:00.000000000
SIM01137,home_loan,12,2026-01-22 10:54:47.704904412
SIM01137,home_insurance,12,2026-01-23 10:54:47.704904412
SIM01137,life_insurance,12,2026-01-23 10:54:47.704904412
SIM01139,savings_account,-1,2024-12-31 00:00:00.000000000
SIM01139,credit_card,-1,2024-12-31 00:00:00.000000000
SIM01139,bike_insurance,16,2026-05-12 01:13:20.532839743
SIM01140,savings_account,-1,2024-12-31 00:00:00.000000000
SIM01140,bike_insurance,10,2025-11-13 21:39:42.157378373
SIM01141,savings_account,-1,2024-12-31 00:00:00.000000000
SIM01142,home_loan,18,2026-07-08 12:39:30.365735791
SIM01142,home_insurance,18,2026-07-09 12:39:30.365735791
SIM01142,life_insurance,10,2025-11-03 13:56:41.056855852
SIM01143,savings_account,-1,2024-12-31 00:00:00.000000000
SIM01143,credit_card,-1,2024-12-31 00:00:00.000000000
SIM01143,investment_account,19,2026-08-14 16:33:40.819208170
SIM01143,bike_insurance,17,2026-06-26 07:07:07.903098989
SIM01144,savings_account,-1,2024-12-31 00:00:00.000000000
SIM01144,credit_card,-1,2024-12-31 00:00:00.000000000
SIM01144,car_insurance,11,2025-12-16 05:37:03.363192011
SIM01144,car_loan,11,2025-12-13 05:37:03.363192011
SIM01144,bike_insurance,14,2026-03-23 05:22:21.064362084
SIM01145,savings_account,-1,2024-12-31 00:00:00.000000000
SIM01145,credit_card,-1,2024-12-31 00:00:00.000000000
SIM01145,car_insurance,4,2025-05-19 15:28:08.454681127
SIM01145,investment_account,14,2026-03-16 00:49:40.734106639
SIM01146,savings_account,-1,2024-12-31 00:00:00.000000000
SIM01147,savings_account,-1,2024-12-31 00:00:00.000000000
SIM01147,credit_card,-1,2024-12-31 00:00:00.000000000
SIM01147,life_insurance,16,2026-05-07 11:19:45.098945729
SIM01147,bike_insurance,4,2025-05-29 04:28:33.214340241
SIM01148,savings_account,-1,2024-12-31 00:00:00.000000000
SIM01148,car_insurance,4,2025-05-11 01:36:43.650530465
SIM01148,car_loan,4,2025-05-08 01:36:43.650530465
SIM01149,savings_account,-1,2024-12-31 00:00:00.000000000
SIM01149,investment_account,21,2026-10-16 05:55:32.211237185
SIM01150,savings_account,-1,2024-12-31 00:00:00.000000000
SIM01150,credit_card,-1,2024-12-31 00:00:00.000000000
SIM01150,car_insurance,13,2026-02-26 03:55:08.378239471
SIM01151,savings_account,-1,2024-12-31 00:00:00.000000000
SIM01151,credit_card,-1,2024-12-31 00:00:00.000000000
SIM01151,bike_insurance,15,2026-04-10 04:53:36.059008348
SIM01152,car_insurance,12,2026-01-09 02:16:04.914362233
SIM01153,credit_card,-1,2024-12-31 00:00:00.000000000
SIM01154,savings_account,-1,2024-12-31 00:00:00.000000000
SIM01154,credit_card,-1,2024-12-31 00:00:00.000000000
SIM01154,car_insurance,15,2026-04-25 18:50:04.918082442
SIM01154,car_loan,15,2026-04-22 18:50:04.918082442
SIM01155,savings_account,-1,2024-12-31 00:00:00.000000000
SIM01155,credit_card,-1,2024-12-31 00:00:00.000000000
SIM01156,savings_account,-1,2024-12-31 00:00:00.000000000
SIM01157,savings_account,-1,2024-12-31 00:00:00.000000000
SIM01158,credit_card,-1,2024-12-31 00:00:00.000000000
SIM01158,bike_insurance,18,2026-07-23 00:32:32.396267318
SIM01159,savings_account,-1,2024-12-31 00:00:00.000000000
SIM01159,credit_card,-1,2024-12-31 00:00:00.000000000
SIM01159,bike_insurance,21,2026-10-05 20:44:34.320862975
SIM01160,savings_account,-1,2024-12-31 00:00:00.000000000
SIM01160,credit_card,-1,2024-12-31 00:00:00.000000000
SIM01160,investment_account,4,2025-05-06 10:22:37.464132873
SIM01160,home_loan,9,2025-10-30 07:30:50.570807557
SIM01160,home_insurance,9,2025-10-31 07:30:50.570807557
SIM01160,life_insurance,9,2025-10-31 07:30:50.570807557
SIM01160,car_insurance,15,2026-04-11 07:51:21.851981023
SIM01160,car_loan,15,2026-04-08 07:51:21.851981023
SIM01161,car_insurance,18,2026-07-18 00:23:51.766413668
SIM01161,bike_insurance,4,2025-05-05 20:37:14.670651326
SIM01162,savings_account,-1,2024-12-31 00:00:00.000000000
SIM01162,credit_card,-1,2024-12-31 00:00:00.000000000
SIM01162,home_loan,11,2025-12-05 11:21:31.156075349
SIM01162,home_insurance,11,2025-12-06 11:21:31.156075349
SIM01162,life_insurance,11,2025-12-06 11:21:31.156075349
SIM01163,savings_account,-1,2024-12-31 00:00:00.000000000
SIM01163,car_insurance,17,2026-06-08 21:35:42.117433569
SIM01163,car_loan,17,2026-06-05 21:35:42.117433569
SIM01164,savings_account,-1,2024-12-31 00:00:00.000000000
SIM01164,bike_insurance,18,2026-07-20 09:48:42.161888165
SIM01164,car_insurance,16,2026-05-30 02:26:46.588107514
SIM01165,savings_account,-1,2024-12-31 00:00:00.000000000
SIM01165,credit_card,-1,2024-12-31 00:00:00.000000000
SIM01166,savings_account,-1,2024-12-31 00:00:00.000000000
SIM01166,credit_card,-1,2024-12-31 00:00:00.000000000
SIM01166,car_insurance,5,2025-06-22 00:19:31.019092911
SIM01167,savings_account,-1,2024-12-31 00:00:00.000000000
SIM01167,credit_card,-1,2024-12-31 00:00:00.000000000
SIM01168,savings_account,-1,2024-12-31 00:00:00.000000000
SIM01168,credit_card,-1,2024-12-31 00:00:00.000000000
SIM01168,investment_account,9,2025-10-05 03:09:19.803742689
SIM01168,bike_insurance,7,2025-08-07 12:23:38.724308600
SIM01169,savings_account,-1,2024-12-31 00:00:00.000000000
SIM01170,savings_account,-1,2024-12-31 00:00:00.000000000
SIM01170,credit_card,-1,2024-12-31 00:00:00.000000000
SIM01170,life_insurance,15,2026-04-22 08:59:21.676431767
SIM01171,savings_account,-1,2024-12-31 00:00:00.000000000
SIM01171,credit_card,-1,2024-12-31 00:00:00.000000000
SIM01171,home_loan,11,2025-12-01 02:50:46.648672922
SIM01171,home_insurance,11,2025-12-02 02:50:46.648672922
SIM01171,life_insurance,11,2025-12-02 02:50:46.648672922
SIM01171,car_insurance,20,2026-09-21 21:43:50.740777234
SIM01171,car_loan,20,2026-09-18 21:43:50.740777234
SIM01172,savings_account,-1,2024-12-31 00:00:00.000000000
SIM01172,car_insurance,19,2026-08-29 03:10:05.557954759
SIM01172,car_loan,19,2026-08-26 03:10:05.557954759
SIM01173,investment_account,6,2025-07-25 18:07:28.402183750
SIM01173,car_insurance,13,2026-02-16 15:35:45.930250529
SIM01173,car_loan,13,2026-02-13 15:35:45.930250529
SIM01175,savings_account,-1,2024-12-31 00:00:00.000000000
SIM01176,savings_account,-1,2024-12-31 00:00:00.000000000
SIM01176,credit_card,-1,2024-12-31 00:00:00.000000000
SIM01177,credit_card,-1,2024-12-31 00:00:00.000000000
SIM01177,car_insurance,19,2026-08-06 08:36:24.501540921
SIM01178,savings_account,-1,2024-12-31 00:00:00.000000000
SIM01179,savings_account,-1,2024-12-31 00:00:00.000000000
SIM01179,credit_card,-1,2024-12-31 00:00:00.000000000
SIM01179,investment_account,3,2025-04-11 15:40:07.299487246
SIM01179,home_loan,20,2026-09-22 02:23:12.104694494
SIM01179,home_insurance,20,2026-09-23 02:23:12.104694494
SIM01179,life_insurance,20,2026-09-23 02:23:12.104694494
SIM01180,credit_card,-1,2024-12-31 00:00:00.000000000
SIM01181,savings_account,-1,2024-12-31 00:00:00.000000000
SIM01181,credit_card,-1,2024-12-31 00:00:00.000000000
SIM01181,investment_account,17,2026-06-11 10:24:35.808195471
SIM01181,car_insurance,22,2026-11-22 02:35:42.355534525
SIM01181,car_loan,22,2026-11-19 02:35:42.355534525
SIM01181,bike_insurance,3,2025-04-15 12:19:32.315853574
SIM01182,savings_account,-1,2024-12-31 00:00:00.000000000
SIM01182,credit_card,-1,2024-12-31 00:00:00.000000000
SIM01182,bike_insurance,10,2025-11-03 04:36:56.715361226
SIM01183,savings_account,-1,2024-12-31 00:00:00.000000000
SIM01184,credit_card,-1,2024-12-31 00:00:00.000000000
SIM01185,savings_account,-1,2024-12-31 00:00:00.000000000
SIM01186,credit_card,-1,2024-12-31 00:00:00.000000000
SIM01186,home_loan,15,2026-04-05 08:11:38.046525947
SIM01186,home_insurance,15,2026-04-06 08:11:38.046525947
SIM01186,life_insurance,15,2026-04-06 08:11:38.046525947
SIM01187,credit_card,-1,2024-12-31 00:00:00.000000000
SIM01188,savings_account,-1,2024-12-31 00:00:00.000000000
SIM01188,credit_card,-1,2024-12-31 00:00:00.000000000
SIM01188,car_insurance,4,2025-05-27 13:03:56.397305411
SIM01188,home_loan,6,2025-07-01 13:22:58.137528367
SIM01188,home_insurance,6,2025-07-02 13:22:58.137528367
SIM01188,life_insurance,6,2025-07-02 13:22:58.137528367
SIM01188,investment_account,23,2026-12-23 13:55:34.105824265
SIM01189,credit_card,-1,2024-12-31 00:00:00.000000000
SIM01189,home_loan,23,2026-12-29 13:17:42.798200978
SIM01189,home_insurance,23,2026-12-30 13:17:42.798200978
SIM01189,life_insurance,23,2026-12-30 13:17:42.798200978
SIM01189,investment_account,19,2026-08-21 04:38:43.162789038
SIM01190,car_insurance,6,2025-07-13 19:23:44.131850126
SIM01190,car_loan,6,2025-07-10 19:23:44.131850126
SIM01191,credit_card,-1,2024-12-31 00:00:00.000000000
SIM01191,home_loan,21,2026-10-07 01:58:50.397939248
SIM01191,home_insurance,21,2026-10-08 01:58:50.397939248
SIM01191,life_insurance,21,2026-10-08 01:58:50.397939248
SIM01192,credit_card,-1,2024-12-31 00:00:00.000000000
SIM01192,car_insurance,15,2026-04-20 14:39:52.443257438
SIM01192,car_loan,15,2026-04-17 14:39:52.443257438
SIM01192,bike_insurance,21,2026-10-16 17:54:17.109270096
SIM01193,savings_account,-1,2024-12-31 00:00:00.000000000
SIM01193,credit_card,-1,2024-12-31 00:00:00.000000000
SIM01194,credit_card,-1,2024-12-31 00:00:00.000000000
SIM01195,savings_account,-1,2024-12-31 00:00:00.000000000
SIM01195,life_insurance,22,2026-11-24 19:10:28.812489576
SIM01195,bike_insurance,10,2025-11-06 03:10:27.081159371
SIM01196,savings_account,-1,2024-12-31 00:00:00.000000000
SIM01196,home_loan,11,2025-12-26 09:45:32.177986291
SIM01196,home_insurance,11,2025-12-27 09:45:32.177986291
SIM01196,life_insurance,11,2025-12-27 09:45:32.177986291
SIM01197,credit_card,-1,2024-12-31 00:00:00.000000000
SIM01197,bike_insurance,6,2025-07-24 16:23:06.907618286
SIM01199,car_insurance,17,2026-06-23 17:02:40.956268996
SIM01200,savings_account,-1,2024-12-31 00:00:00.000000000
SIM01200,credit_card,-1,2024-12-31 00:00:00.000000000
SIM01200,investment_account,22,2026-11-13 09:44:16.984858700
SIM01200,home_loan,18,2026-07-22 08:22:02.235155621
SIM01200,home_insurance,18,2026-07-23 08:22:02.235155621
SIM01200,life_insurance,18,2026-07-23 08:22:02.235155621
SIM01201,savings_account,-1,2024-12-31 00:00:00.000000000
SIM01201,investment_account,11,2025-12-10 07:49:44.206614061
SIM01201,home_loan,13,2026-02-17 06:29:10.031790025
SIM01201,home_insurance,13,2026-02-18 06:29:10.031790025
SIM01201,life_insurance,13,2026-02-18 06:29:10.031790025
SIM01202,savings_account,-1,2024-12-31 00:00:00.000000000
SIM01202,credit_card,-1,2024-12-31 00:00:00.000000000
SIM01203,savings_account,-1,2024-12-31 00:00:00.000000000
SIM01203,credit_card,-1,2024-12-31 00:00:00.000000000
SIM01204,credit_card,-1,2024-12-31 00:00:00.000000000
SIM01204,bike_insurance,22,2026-11-03 18:56:41.011293301
SIM01205,credit_card,-1,2024-12-31 00:00:00.000000000
SIM01205,bike_insurance,16,2026-05-19 08:33:18.363899242
SIM01206,credit_card,-1,2024-12-31 00:00:00.000000000
SIM01207,savings_account,-1,2024-12-31 00:00:00.000000000
SIM01207,car_insurance,12,2026-01-20 01:56:11.395451712
SIM01207,car_loan,12,2026-01-17 01:56:11.395451712
SIM01208,savings_account,-1,2024-12-31 00:00:00.000000000
SIM01208,credit_card,-1,2024-12-31 00:00:00.000000000
SIM01208,car_insurance,22,2026-11-07 23:46:05.455482278
SIM01208,car_loan,22,2026-11-04 23:46:05.455482278
SIM01209,savings_account,-1,2024-12-31 00:00:00.000000000
SIM01209,credit_card,-1,2024-12-31 00:00:00.000000000
SIM01210,savings_account,-1,2024-12-31 00:00:00.000000000
SIM01210,car_insurance,19,2026-08-15 03:00:16.987891832
SIM01210,car_loan,19,2026-08-12 03:00:16.987891832
SIM01211,bike_insurance,21,2026-10-10 19:34:15.521202717
SIM01212,home_loan,7,2025-08-03 20:57:17.765344384
SIM01212,home_insurance,7,2025-08-04 20:57:17.765344384
SIM01212,life_insurance,7,2025-08-04 20:57:17.765344384
SIM01213,credit_card,-1,2024-12-31 00:00:00.000000000
SIM01213,car_insurance,16,2026-05-11 10:11:12.623661213
SIM01213,car_loan,16,2026-05-08 10:11:12.623661213
SIM01213,investment_account,20,2026-09-25 05:28:02.514449591
SIM01214,savings_account,-1,2024-12-31 00:00:00.000000000
SIM01215,savings_account,-1,2024-12-31 00:00:00.000000000
SIM01215,credit_card,-1,2024-12-31 00:00:00.000000000
SIM01215,bike_insurance,4,2025-05-27 10:17:55.163028690
SIM01216,savings_account,-1,2024-12-31 00:00:00.000000000
SIM01216,home_loan,22,2026-11-29 07:32:29.662530679
SIM01216,home_insurance,22,2026-11-30 07:32:29.662530679
SIM01216,life_insurance,22,2026-11-30 07:32:29.662530679
SIM01217,savings_account,-1,2024-12-31 00:00:00.000000000
SIM01218,savings_account,-1,2024-12-31 00:00:00.000000000
SIM01219,savings_account,-1,2024-12-31 00:00:00.000000000
SIM01219,credit_card,-1,2024-12-31 00:00:00.000000000
SIM01219,investment_account,10,2025-11-10 04:51:32.696427665
SIM01219,home_loan,6,2025-07-19 00:47:58.069460813
SIM01219,home_insurance,6,2025-07-20 00:47:58.069460813
SIM01219,life_insurance,6,2025-07-20 00:47:58.069460813
SIM01220,savings_account,-1,2024-12-31 00:00:00.000000000
SIM01220,credit_card,-1,2024-12-31 00:00:00.000000000
SIM01221,savings_account,-1,2024-12-31 00:00:00.000000000
SIM01221,credit_card,-1,2024-12-31 00:00:00.000000000
SIM01221,car_insurance,12,2026-01-26 04:47:11.727355289
SIM01221,car_loan,12,2026-01-23 04:47:11.727355289
SIM01221,home_loan,23,2026-12-11 07:46:46.434448782
SIM01221,home_insurance,23,2026-12-12 07:46:46.434448782
SIM01221,life_insurance,23,2026-12-12 07:46:46.434448782
SIM01221,investment_account,16,2026-05-14 04:32:55.159452139
SIM01222,savings_account,-1,2024-12-31 00:00:00.000000000
SIM01222,credit_card,-1,2024-12-31 00:00:00.000000000
SIM01222,investment_account,8,2025-09-07 19:56:45.771419829
SIM01223,savings_account,-1,2024-12-31 00:00:00.000000000
SIM01223,credit_card,-1,2024-12-31 00:00:00.000000000
SIM01223,life_insurance,10,2025-11-14 04:19:01.647662891
SIM01223,bike_insurance,10,2025-11-27 22:54:13.903451528
SIM01224,savings_account,-1,2024-12-31 00:00:00.000000000
SIM01224,investment_account,15,2026-04-13 06:44:52.992166474
SIM01224,home_loan,17,2026-06-16 01:50:47.467312824
SIM01224,home_insurance,17,2026-06-17 01:50:47.467312824
SIM01224,life_insurance,17,2026-06-17 01:50:47.467312824
SIM01225,credit_card,-1,2024-12-31 00:00:00.000000000
SIM01225,bike_insurance,23,2026-12-08 11:48:02.641399920
SIM01226,savings_account,-1,2024-12-31 00:00:00.000000000
SIM01226,credit_card,-1,2024-12-31 00:00:00.000000000
SIM01226,investment_account,13,2026-02-07 18:23:51.184895336
SIM01226,car_insurance,13,2026-02-22 20:20:40.918291269
SIM01226,bike_insurance,5,2025-06-18 03:50:32.638267698
SIM01227,credit_card,-1,2024-12-31 00:00:00.000000000
SIM01229,savings_account,-1,2024-12-31 00:00:00.000000000
SIM01230,savings_account,-1,2024-12-31 00:00:00.000000000
SIM01230,credit_card,-1,2024-12-31 00:00:00.000000000
SIM01231,savings_account,-1,2024-12-31 00:00:00.000000000
SIM01231,credit_card,-1,2024-12-31 00:00:00.000000000
SIM01231,car_insurance,4,2025-05-26 12:20:57.295453374
SIM01231,car_loan,4,2025-05-23 12:20:57.295453374
SIM01232,savings_account,-1,2024-12-31 00:00:00.000000000
SIM01232,life_insurance,15,2026-04-05 16:54:21.444486481
SIM01232,investment_account,7,2025-08-06 05:06:15.011120654
SIM01233,savings_account,-1,2024-12-31 00:00:00.000000000
SIM01233,investment_account,3,2025-04-15 12:27:17.303451768
SIM01233,car_insurance,11,2025-12-19 06:28:10.460815820
SIM01233,car_loan,11,2025-12-16 06:28:10.460815820
SIM01234,savings_account,-1,2024-12-31 00:00:00.000000000
SIM01235,savings_account,-1,2024-12-31 00:00:00.000000000
SIM01236,credit_card,-1,2024-12-31 00:00:00.000000000
SIM01236,investment_account,4,2025-05-22 07:30:38.785757581
SIM01236,home_loan,21,2026-10-22 18:49:14.928081411
SIM01236,home_insurance,21,2026-10-23 18:49:14.928081411
SIM01236,life_insurance,21,2026-10-23 18:49:14.928081411
SIM01236,car_insurance,6,2025-07-30 12:06:36.947492603
SIM01236,car_loan,6,2025-07-27 12:06:36.947492603
SIM01238,savings_account,-1,2024-12-31 00:00:00.000000000
SIM01239,investment_account,13,2026-02-21 15:09:29.165901867
SIM01240,savings_account,-1,2024-12-31 00:00:00.000000000
SIM01240,credit_card,-1,2024-12-31 00:00:00.000000000
SIM01240,car_insurance,14,2026-03-12 18:16:20.226772312
SIM01240,home_loan,13,2026-02-10 03:33:00.868334813
SIM01240,home_insurance,13,2026-02-11 03:33:00.868334813
SIM01240,life_insurance,13,2026-02-11 03:33:00.868334813
SIM01241,credit_card,-1,2024-12-31 00:00:00.000000000
SIM01242,savings_account,-1,2024-12-31 00:00:00.000000000
SIM01242,investment_account,19,2026-08-04 18:05:27.430960456
SIM01242,car_insurance,4,2025-05-26 03:12:38.967379815
SIM01242,bike_insurance,22,2026-11-05 02:19:40.673447508
SIM01243,credit_card,-1,2024-12-31 00:00:00.000000000
SIM01243,investment_account,10,2025-11-27 23:25:49.882200720
SIM01244,savings_account,-1,2024-12-31 00:00:00.000000000
SIM01244,investment_account,16,2026-05-24 02:09:33.946952916
SIM01245,savings_account,-1,2024-12-31 00:00:00.000000000
SIM01245,car_insurance,4,2025-05-30 17:33:12.848612192
SIM01245,life_insurance,19,2026-08-06 04:57:26.163968082
SIM01246,savings_account,-1,2024-12-31 00:00:00.000000000
SIM01246,credit_card,-1,2024-12-31 00:00:00.000000000
SIM01246,home_loan,8,2025-09-01 10:38:17.158099685
SIM01246,home_insurance,8,2025-09-02 10:38:17.158099685
SIM01246,life_insurance,8,2025-09-02 10:38:17.158099685
SIM01246,investment_account,21,2026-10-16 08:53:45.519786793
SIM01247,savings_account,-1,2024-12-31 00:00:00.000000000
SIM01247,credit_card,-1,2024-12-31 00:00:00.000000000
SIM01247,car_insurance,10,2025-11-09 07:47:28.231824193
SIM01247,life_insurance,18,2026-07-11 15:37:42.923241360
SIM01247,bike_insurance,7,2025-08-19 14:11:27.069640976
SIM01248,savings_account,-1,2024-12-31 00:00:00.000000000
SIM01248,credit_card,-1,2024-12-31 00:00:00.000000000
SIM01249,savings_account,-1,2024-12-31 00:00:00.000000000
SIM01249,investment_account,5,2025-06-22 22:50:52.953978555
SIM01249,home_loan,16,2026-05-31 03:20:39.842875848
SIM01249,home_insurance,17,2026-06-01 03:20:39.842875848
SIM01249,life_insurance,17,2026-06-01 03:20:39.842875848
SIM01249,car_insurance,14,2026-03-26 20:58:35.836323414
SIM01250,savings_account,-1,2024-12-31 00:00:00.000000000
SIM01250,credit_card,-1,2024-12-31 00:00:00.000000000
SIM01250,investment_account,17,2026-06-19 00:14:44.024939944
SIM01251,savings_account,-1,2024-12-31 00:00:00.000000000
SIM01251,credit_card,-1,2024-12-31 00:00:00.000000000
SIM01251,life_insurance,21,2026-10-02 00:52:23.959347460
SIM01252,bike_insurance,6,2025-07-25 16:41:47.148653609
SIM01253,car_insurance,14,2026-03-23 20:20:25.914283530
SIM01253,car_loan,14,2026-03-20 20:20:25.914283530
SIM01254,savings_account,-1,2024-12-31 00:00:00.000000000
SIM01254,credit_card,-1,2024-12-31 00:00:00.000000000
SIM01254,investment_account,14,2026-03-27 05:10:44.593151311
SIM01254,home_loan,14,2026-03-25 14:31:53.759531174
SIM01254,home_insurance,14,2026-03-26 14:31:53.759531174
SIM01254,life_insurance,14,2026-03-26 14:31:53.759531174
SIM01254,bike_insurance,12,2026-01-17 02:59:50.667443853
SIM01255,savings_account,-1,2024-12-31 00:00:00.000000000
SIM01255,credit_card,-1,2024-12-31 00:00:00.000000000
SIM01256,credit_card,-1,2024-12-31 00:00:00.000000000
SIM01257,savings_account,-1,2024-12-31 00:00:00.000000000
SIM01257,credit_card,-1,2024-12-31 00:00:00.000000000
SIM01257,car_insurance,22,2026-11-13 00:44:52.013047043
SIM01257,car_loan,22,2026-11-10 00:44:52.013047043
SIM01257,home_loan,12,2026-01-04 01:36:51.837934129
SIM01257,home_insurance,12,2026-01-05 01:36:51.837934129
SIM01257,life_insurance,12,2026-01-05 01:36:51.837934129
SIM01258,savings_account,-1,2024-12-31 00:00:00.000000000
SIM01258,credit_card,-1,2024-12-31 00:00:00.000000000
SIM01258,home_loan,19,2026-08-16 13:33:36.958488235
SIM01258,home_insurance,19,2026-08-17 13:33:36.958488235
SIM01258,life_insurance,19,2026-08-17 13:33:36.958488235
SIM01259,savings_account,-1,2024-12-31 00:00:00.000000000
SIM01259,credit_card,-1,2024-12-31 00:00:00.000000000
SIM01260,savings_account,-1,2024-12-31 00:00:00.000000000
SIM01260,investment_account,9,2025-10-11 09:59:37.363736642
SIM01260,home_loan,4,2025-05-10 16:50:30.307204446
SIM01260,home_insurance,4,2025-05-11 16:50:30.307204446
SIM01260,life_insurance,4,2025-05-11 16:50:30.307204446
SIM01260,car_insurance,6,2025-07-23 23:43:21.255008069
SIM01260,car_loan,6,2025-07-20 23:43:21.255008069
SIM01261,bike_insurance,10,2025-11-26 15:51:46.244818208
SIM01262,car_insurance,12,2026-01-19 06:06:19.085976679
SIM01262,car_loan,12,2026-01-16 06:06:19.085976679
SIM01263,credit_card,-1,2024-12-31 00:00:00.000000000
SIM01263,bike_insurance,16,2026-05-23 11:53:17.273393046
SIM01264,savings_account,-1,2024-12-31 00:00:00.000000000
SIM01264,credit_card,-1,2024-12-31 00:00:00.000000000
SIM01264,bike_insurance,18,2026-07-26 01:57:31.392010174
SIM01265,savings_account,-1,2024-12-31 00:00:00.000000000
SIM01265,credit_card,-1,2024-12-31 00:00:00.000000000
SIM01265,investment_account,9,2025-10-21 13:33:42.006419679
SIM01265,home_loan,7,2025-08-21 23:15:17.577962103
SIM01265,home_insurance,7,2025-08-22 23:15:17.577962103
SIM01265,life_insurance,7,2025-08-22 23:15:17.577962103
SIM01265,car_insurance,13,2026-02-06 22:10:07.078918559
SIM01265,car_loan,13,2026-02-03 22:10:07.078918559
SIM01266,credit_card,-1,2024-12-31 00:00:00.000000000
SIM01266,bike_insurance,18,2026-07-06 22:21:28.938201181
SIM01267,savings_account,-1,2024-12-31 00:00:00.000000000
SIM01267,credit_card,-1,2024-12-31 00:00:00.000000000
SIM01267,investment_account,9,2025-10-18 19:44:44.991071051
SIM01268,car_insurance,4,2025-05-09 17:35:49.725773016
SIM01268,bike_insurance,21,2026-10-20 14:55:04.421537917
SIM01269,savings_account,-1,2024-12-31 00:00:00.000000000
SIM01269,credit_card,-1,2024-12-31 00:00:00.000000000
SIM01269,investment_account,13,2026-02-05 18:00:01.696118651
SIM01269,home_loan,9,2025-10-05 06:29:43.189850669
SIM01269,home_insurance,9,2025-10-06 06:29:43.189850669
SIM01269,life_insurance,9,2025-10-06 06:29:43.189850669
SIM01270,bike_insurance,21,2026-10-12 14:49:53.669560863
SIM01271,savings_account,-1,2024-12-31 00:00:00.000000000
SIM01271,life_insurance,20,2026-09-29 11:42:51.356530633
SIM01273,savings_account,-1,2024-12-31 00:00:00.000000000
SIM01273,credit_card,-1,2024-12-31 00:00:00.000000000
SIM01273,investment_account,21,2026-10-22 07:06:38.205460570
SIM01273,home_loan,15,2026-04-08 07:03:20.556779724
SIM01273,home_insurance,15,2026-04-09 07:03:20.556779724
SIM01273,life_insurance,15,2026-04-09 07:03:20.556779724
SIM01274,savings_account,-1,2024-12-31 00:00:00.000000000
SIM01274,credit_card,-1,2024-12-31 00:00:00.000000000
SIM01274,investment_account,3,2025-04-03 03:57:15.195655588
SIM01274,home_loan,11,2025-12-30 09:27:45.590353393
SIM01274,home_insurance,11,2025-12-31 09:27:45.590353393
SIM01274,life_insurance,11,2025-12-31 09:27:45.590353393
SIM01275,savings_account,-1,2024-12-31 00:00:00.000000000
SIM01275,credit_card,-1,2024-12-31 00:00:00.000000000
SIM01275,investment_account,23,2026-12-04 16:34:06.518295868
SIM01275,home_loan,6,2025-07-28 08:51:18.651165045
SIM01275,home_insurance,6,2025-07-29 08:51:18.651165045
SIM01275,life_insurance,6,2025-07-29 08:51:18.651165045
SIM01275,car_insurance,22,2026-11-25 05:52:46.855271533
SIM01275,car_loan,22,2026-11-22 05:52:46.855271533
SIM01276,savings_account,-1,2024-12-31 00:00:00.000000000
SIM01276,investment_account,22,2026-11-03 01:37:55.584214571
SIM01277,savings_account,-1,2024-12-31 00:00:00.000000000
SIM01277,credit_card,-1,2024-12-31 00:00:00.000000000
SIM01277,investment_account,23,2026-12-15 17:22:48.684848782
SIM01277,home_loan,8,2025-09-26 05:06:05.899027188
SIM01277,home_insurance,8,2025-09-27 05:06:05.899027188
SIM01277,life_insurance,8,2025-09-27 05:06:05.899027188
SIM01277,bike_insurance,10,2025-11-23 00:04:02.366759398
SIM01278,savings_account,-1,2024-12-31 00:00:00.000000000
SIM01278,bike_insurance,13,2026-02-27 01:19:36.273506632
SIM01279,savings_account,-1,2024-12-31 00:00:00.000000000
SIM01279,car_insurance,9,2025-10-16 11:34:00.520035815
SIM01279,bike_insurance,20,2026-09-17 09:11:05.377076759
SIM01280,savings_account,-1,2024-12-31 00:00:00.000000000
SIM01281,savings_account,-1,2024-12-31 00:00:00.000000000
SIM01281,credit_card,-1,2024-12-31 00:00:00.000000000
SIM01281,car_insurance,4,2025-05-20 15:10:07.544729377
SIM01281,home_loan,18,2026-07-10 14:37:30.381393467
SIM01281,home_insurance,18,2026-07-11 14:37:30.381393467
SIM01281,life_insurance,18,2026-07-11 14:37:30.381393467
SIM01282,savings_account,-1,2024-12-31 00:00:00.000000000
SIM01282,credit_card,-1,2024-12-31 00:00:00.000000000
SIM01282,home_loan,13,2026-02-27 13:17:44.958655623
SIM01282,home_insurance,13,2026-02-28 13:17:44.958655623
SIM01282,life_insurance,13,2026-02-28 13:17:44.958655623
SIM01283,savings_account,-1,2024-12-31 00:00:00.000000000
SIM01283,bike_insurance,11,2025-12-03 03:19:55.123560014
SIM01284,savings_account,-1,2024-12-31 00:00:00.000000000
SIM01284,bike_insurance,17,2026-06-08 06:56:55.846627653
SIM01285,savings_account,-1,2024-12-31 00:00:00.000000000
SIM01285,credit_card,-1,2024-12-31 00:00:00.000000000
SIM01285,investment_account,6,2025-07-08 15:53:16.686915462
SIM01285,car_insurance,8,2025-09-27 12:12:25.579028572
SIM01286,savings_account,-1,2024-12-31 00:00:00.000000000
SIM01286,credit_card,-1,2024-12-31 00:00:00.000000000
SIM01287,savings_account,-1,2024-12-31 00:00:00.000000000
SIM01287,credit_card,-1,2024-12-31 00:00:00.000000000
SIM01287,home_loan,9,2025-10-22 22:27:09.587393037
SIM01287,home_insurance,9,2025-10-23 22:27:09.587393037
SIM01287,life_insurance,9,2025-10-23 22:27:09.587393037
SIM01287,car_insurance,20,2026-09-25 00:20:40.574616424
SIM01287,car_loan,20,2026-09-22 00:20:40.574616424
SIM01288,savings_account,-1,2024-12-31 00:00:00.000000000
SIM01288,credit_card,-1,2024-12-31 00:00:00.000000000
SIM01288,car_insurance,5,2025-06-26 18:38:04.639345394
SIM01288,car_loan,5,2025-06-23 18:38:04.639345394
SIM01288,bike_insurance,3,2025-04-19 13:07:40.027243607
SIM01289,credit_card,-1,2024-12-31 00:00:00.000000000
SIM01289,home_loan,7,2025-08-03 23:08:20.535831199
SIM01289,home_insurance,7,2025-08-04 23:08:20.535831199
SIM01289,life_insurance,7,2025-08-04 23:08:20.535831199
SIM01290,savings_account,-1,2024-12-31 00:00:00.000000000
SIM01291,credit_card,-1,2024-12-31 00:00:00.000000000
SIM01291,home_loan,14,2026-03-25 16:46:23.900511006
SIM01291,home_insurance,14,2026-03-26 16:46:23.900511006
SIM01291,life_insurance,14,2026-03-26 16:46:23.900511006
SIM01291,bike_insurance,11,2025-12-07 02:43:44.490929065
SIM01292,credit_card,-1,2024-12-31 00:00:00.000000000
SIM01293,credit_card,-1,2024-12-31 00:00:00.000000000
SIM01293,bike_insurance,11,2025-12-25 16:06:28.036031534
SIM01294,savings_account,-1,2024-12-31 00:00:00.000000000
SIM01294,credit_card,-1,2024-12-31 00:00:00.000000000
SIM01296,credit_card,-1,2024-12-31 00:00:00.000000000
SIM01296,home_loan,4,2025-05-02 12:34:08.302482093
SIM01296,home_insurance,4,2025-05-03 12:34:08.302482093
SIM01296,life_insurance,4,2025-05-03 12:34:08.302482093
SIM01298,bike_insurance,15,2026-04-20 13:50:50.276849005
SIM01299,savings_account,-1,2024-12-31 00:00:00.000000000
SIM01299,home_loan,7,2025-08-28 07:42:58.266447962
SIM01299,home_insurance,7,2025-08-29 07:42:58.266447962
SIM01299,life_insurance,7,2025-08-29 07:42:58.266447962
SIM01300,bike_insurance,19,2026-08-06 04:39:02.446236808
SIM01301,savings_account,-1,2024-12-31 00:00:00.000000000
SIM01302,savings_account,-1,2024-12-31 00:00:00.000000000
SIM01302,credit_card,-1,2024-12-31 00:00:00.000000000
SIM01302,home_loan,19,2026-08-31 01:36:01.921886197
SIM01302,home_insurance,20,2026-09-01 01:36:01.921886197
SIM01302,life_insurance,20,2026-09-01 01:36:01.921886197
SIM01302,car_insurance,5,2025-06-07 13:26:11.154214239
SIM01302,car_loan,5,2025-06-04 13:26:11.154214239
SIM01303,savings_account,-1,2024-12-31 00:00:00.000000000
SIM01303,home_loan,20,2026-09-24 02:09:45.201471829
SIM01303,home_insurance,20,2026-09-25 02:09:45.201471829
SIM01303,life_insurance,20,2026-09-25 02:09:45.201471829
SIM01303,bike_insurance,4,2025-05-04 17:59:48.265407994
SIM01304,savings_account,-1,2024-12-31 00:00:00.000000000
SIM01305,savings_account,-1,2024-12-31 00:00:00.000000000
SIM01305,credit_card,-1,2024-12-31 00:00:00.000000000
SIM01306,savings_account,-1,2024-12-31 00:00:00.000000000
SIM01306,bike_insurance,16,2026-05-26 23:01:39.014301459
SIM01307,savings_account,-1,2024-12-31 00:00:00.000000000
SIM01308,car_insurance,7,2025-08-17 18:25:34.178879653
SIM01308,car_loan,7,2025-08-14 18:25:34.178879653
SIM01308,life_insurance,23,2026-12-30 11:26:54.642940559
SIM01309,savings_account,-1,2024-12-31 00:00:00.000000000
SIM01309,credit_card,-1,2024-12-31 00:00:00.000000000
SIM01311,savings_account,-1,2024-12-31 00:00:00.000000000
SIM01311,credit_card,-1,2024-12-31 00:00:00.000000000
SIM01312,savings_account,-1,2024-12-31 00:00:00.000000000
SIM01312,credit_card,-1,2024-12-31 00:00:00.000000000
SIM01312,home_loan,9,2025-10-16 12:42:32.110658206
SIM01312,home_insurance,9,2025-10-17 12:42:32.110658206
SIM01312,life_insurance,9,2025-10-17 12:42:32.110658206
SIM01313,credit_card,-1,2024-12-31 00:00:00.000000000
SIM01313,bike_insurance,9,2025-10-09 19:53:03.192129730
SIM01314,savings_account,-1,2024-12-31 00:00:00.000000000
SIM01314,car_insurance,17,2026-06-05 11:14:27.066550022
SIM01316,bike_insurance,21,2026-10-14 06:46:54.377536486
SIM01317,credit_card,-1,2024-12-31 00:00:00.000000000
SIM01318,savings_account,-1,2024-12-31 00:00:00.000000000
SIM01318,credit_card,-1,2024-12-31 00:00:00.000000000
SIM01318,car_insurance,8,2025-09-27 05:13:41.390220204
SIM01318,car_loan,8,2025-09-24 05:13:41.390220204
SIM01318,home_loan,23,2026-12-16 22:50:41.043373043
SIM01318,home_insurance,23,2026-12-17 22:50:41.043373043
SIM01318,life_insurance,23,2026-12-17 22:50:41.043373043
SIM01318,investment_account,9,2025-10-09 07:37:12.002864816
SIM01320,car_insurance,17,2026-06-13 16:12:35.089542325
SIM01320,bike_insurance,6,2025-07-11 23:03:57.968230354
SIM01321,credit_card,-1,2024-12-31 00:00:00.000000000
SIM01321,car_insurance,3,2025-04-26 22:32:00.477752041
SIM01322,bike_insurance,19,2026-08-25 23:28:52.306209476
SIM01323,savings_account,-1,2024-12-31 00:00:00.000000000
SIM01323,credit_card,-1,2024-12-31 00:00:00.000000000
SIM01323,investment_account,12,2026-01-07 22:34:57.785840197
SIM01323,car_insurance,20,2026-09-18 19:44:41.854173552
SIM01323,car_loan,20,2026-09-15 19:44:41.854173552
SIM01324,savings_account,-1,2024-12-31 00:00:00.000000000
SIM01324,credit_card,-1,2024-12-31 00:00:00.000000000
SIM01324,life_insurance,21,2026-10-15 15:14:18.623779985
SIM01325,savings_account,-1,2024-12-31 00:00:00.000000000
SIM01325,car_insurance,13,2026-02-22 01:06:07.914174703
SIM01325,car_loan,13,2026-02-19 01:06:07.914174703
SIM01325,home_loan,11,2025-12-23 07:52:33.371775115
SIM01325,home_insurance,11,2025-12-24 07:52:33.371775115
SIM01325,life_insurance,11,2025-12-24 07:52:33.371775115
SIM01326,savings_account,-1,2024-12-31 00:00:00.000000000
SIM01326,credit_card,-1,2024-12-31 00:00:00.000000000
SIM01326,investment_account,18,2026-07-08 03:14:52.998780348
SIM01326,home_loan,12,2026-01-10 19:36:11.950212819
SIM01326,home_insurance,12,2026-01-11 19:36:11.950212819
SIM01326,life_insurance,12,2026-01-11 19:36:11.950212819
SIM01326,car_insurance,10,2025-11-10 14:28:34.446387627
SIM01326,car_loan,10,2025-11-07 14:28:34.446387627
SIM01327,savings_account,-1,2024-12-31 00:00:00.000000000
SIM01327,investment_account,22,2026-11-26 12:32:45.474091745
SIM01327,car_insurance,17,2026-06-25 09:57:41.917400586
SIM01327,car_loan,17,2026-06-22 09:57:41.917400586
SIM01328,savings_account,-1,2024-12-31 00:00:00.000000000
SIM01328,credit_card,-1,2024-12-31 00:00:00.000000000
SIM01328,investment_account,10,2025-11-14 11:59:05.457976221
SIM01328,home_loan,5,2025-06-27 11:42:09.642216778
SIM01328,home_insurance,5,2025-06-28 11:42:09.642216778
SIM01328,life_insurance,5,2025-06-28 11:42:09.642216778
SIM01328,car_insurance,3,2025-04-15 03:54:39.576254824
SIM01329,savings_account,-1,2024-12-31 00:00:00.000000000
SIM01330,savings_account,-1,2024-12-31 00:00:00.000000000
SIM01330,credit_card,-1,2024-12-31 00:00:00.000000000
SIM01330,investment_account,3,2025-04-23 08:01:01.714374239
SIM01330,home_loan,7,2025-08-21 23:09:00.147575187
SIM01330,home_insurance,7,2025-08-22 23:09:00.147575187
SIM01330,life_insurance,7,2025-08-22 23:09:00.147575187
SIM01330,car_insurance,3,2025-04-26 19:52:24.777276941
SIM01331,savings_account,-1,2024-12-31 00:00:00.000000000
SIM01331,bike_insurance,13,2026-02-27 13:18:54.199547575
SIM01332,savings_account,-1,2024-12-31 00:00:00.000000000
SIM01333,credit_card,-1,2024-12-31 00:00:00.000000000
SIM01333,investment_account,14,2026-03-17 20:24:42.630386916
SIM01333,bike_insurance,23,2026-12-13 12:24:10.488168460
SIM01334,savings_account,-1,2024-12-31 00:00:00.000000000
SIM01334,car_insurance,11,2025-12-26 01:42:45.019413720
SIM01334,bike_insurance,11,2025-12-17 21:41:29.392123097
SIM01335,savings_account,-1,2024-12-31 00:00:00.000000000
SIM01335,investment_account,5,2025-06-11 07:01:46.839328629
SIM01336,savings_account,-1,2024-12-31 00:00:00.000000000
SIM01336,credit_card,-1,2024-12-31 00:00:00.000000000
SIM01336,life_insurance,14,2026-03-29 09:40:30.655583611
SIM01337,bike_insurance,14,2026-03-17 19:26:05.020575462
SIM01338,savings_account,-1,2024-12-31 00:00:00.000000000
SIM01338,credit_card,-1,2024-12-31 00:00:00.000000000
SIM01339,savings_account,-1,2024-12-31 00:00:00.000000000
SIM01339,credit_card,-1,2024-12-31 00:00:00.000000000
SIM01339,car_insurance,20,2026-09-12 11:59:22.132798932
SIM01339,car_loan,20,2026-09-09 11:59:22.132798932
SIM01340,savings_account,-1,2024-12-31 00:00:00.000000000
SIM01340,car_insurance,9,2025-10-13 15:28:42.398530187
SIM01340,car_loan,9,2025-10-10 15:28:42.398530187
SIM01340,home_loan,11,2025-12-25 08:43:06.929039352
SIM01340,home_insurance,11,2025-12-26 08:43:06.929039352
SIM01340,life_insurance,11,2025-12-26 08:43:06.929039352
SIM01341,savings_account,-1,2024-12-31 00:00:00.000000000
SIM01341,credit_card,-1,2024-12-31 00:00:00.000000000
SIM01341,investment_account,15,2026-04-11 19:21:48.642732422
SIM01341,home_loan,23,2026-12-25 05:46:39.998612141
SIM01341,home_insurance,23,2026-12-26 05:46:39.998612141
SIM01341,life_insurance,23,2026-12-26 05:46:39.998612141
SIM01341,bike_insurance,7,2025-08-30 08:17:50.173859138
SIM01342,savings_account,-1,2024-12-31 00:00:00.000000000
SIM01342,credit_card,-1,2024-12-31 00:00:00.000000000
SIM01342,home_loan,18,2026-07-29 03:22:09.456719742
SIM01342,home_insurance,18,2026-07-30 03:22:09.456719742
SIM01342,life_insurance,18,2026-07-30 03:22:09.456719742
SIM01343,savings_account,-1,2024-12-31 00:00:00.000000000
SIM01343,credit_card,-1,2024-12-31 00:00:00.000000000
SIM01343,investment_account,4,2025-05-05 13:25:21.981398274
SIM01344,credit_card,-1,2024-12-31 00:00:00.000000000
SIM01344,investment_account,5,2025-06-05 10:31:19.370534235
SIM01345,savings_account,-1,2024-12-31 00:00:00.000000000
SIM01345,credit_card,-1,2024-12-31 00:00:00.000000000
SIM01345,car_insurance,4,2025-05-15 20:12:24.851223896
SIM01346,savings_account,-1,2024-12-31 00:00:00.000000000
SIM01346,credit_card,-1,2024-12-31 00:00:00.000000000
SIM01346,car_insurance,20,2026-09-11 06:50:02.123160227
SIM01347,savings_account,-1,2024-12-31 00:00:00.000000000
SIM01348,savings_account,-1,2024-12-31 00:00:00.000000000
SIM01348,credit_card,-1,2024-12-31 00:00:00.000000000
SIM01348,home_loan,16,2026-05-21 16:00:06.833213994
SIM01348,home_insurance,16,2026-05-22 16:00:06.833213994
SIM01348,life_insurance,16,2026-05-22 16:00:06.833213994
SIM01348,car_insurance,11,2025-12-24 10:11:01.737806640
SIM01348,car_loan,11,2025-12-21 10:11:01.737806640
SIM01348,bike_insurance,11,2025-12-07 04:00:59.916249395
SIM01349,investment_account,22,2026-11-25 06:37:14.442444852
SIM01350,savings_account,-1,2024-12-31 00:00:00.000000000
SIM01350,credit_card,-1,2024-12-31 00:00:00.000000000
SIM01350,life_insurance,21,2026-10-22 10:07:08.094162739
SIM01352,savings_account,-1,2024-12-31 00:00:00.000000000
SIM01352,credit_card,-1,2024-12-31 00:00:00.000000000
SIM01352,car_insurance,21,2026-10-21 04:03:59.047930683
SIM01352,home_loan,6,2025-07-29 16:56:30.393720463
SIM01352,home_insurance,6,2025-07-30 16:56:30.393720463
SIM01352,life_insurance,6,2025-07-30 16:56:30.393720463
SIM01353,savings_account,-1,2024-12-31 00:00:00.000000000
SIM01353,credit_card,-1,2024-12-31 00:00:00.000000000
SIM01353,life_insurance,9,2025-10-16 01:27:56.263045344
SIM01354,savings_account,-1,2024-12-31 00:00:00.000000000
SIM01354,credit_card,-1,2024-12-31 00:00:00.000000000
SIM01354,car_insurance,16,2026-05-18 03:36:50.241862642
SIM01354,bike_insurance,6,2025-07-06 07:53:21.748256463
SIM01355,savings_account,-1,2024-12-31 00:00:00.000000000
SIM01355,credit_card,-1,2024-12-31 00:00:00.000000000
SIM01355,investment_account,7,2025-08-20 18:01:07.449182991
SIM01356,credit_card,-1,2024-12-31 00:00:00.000000000
SIM01357,savings_account,-1,2024-12-31 00:00:00.000000000
SIM01358,savings_account,-1,2024-12-31 00:00:00.000000000
SIM01358,credit_card,-1,2024-12-31 00:00:00.000000000
SIM01359,savings_account,-1,2024-12-31 00:00:00.000000000
SIM01359,credit_card,-1,2024-12-31 00:00:00.000000000
SIM01359,investment_account,12,2026-01-07 18:32:44.047258434
SIM01360,savings_account,-1,2024-12-31 00:00:00.000000000
SIM01361,savings_account,-1,2024-12-31 00:00:00.000000000
SIM01362,savings_account,-1,2024-12-31 00:00:00.000000000
SIM01362,credit_card,-1,2024-12-31 00:00:00.000000000
SIM01362,investment_account,19,2026-08-17 14:35:34.786299635
SIM01362,home_loan,18,2026-07-31 16:34:20.752804077
SIM01362,home_insurance,19,2026-08-01 16:34:20.752804077
SIM01362,life_insurance,19,2026-08-01 16:34:20.752804077
SIM01363,credit_card,-1,2024-12-31 00:00:00.000000000
SIM01363,car_insurance,9,2025-10-13 16:25:18.071345132
SIM01363,home_loan,23,2026-12-17 10:20:39.454455655
SIM01363,home_insurance,23,2026-12-18 10:20:39.454455655
SIM01363,life_insurance,15,2026-04-25 16:55:57.056949367
SIM01363,savings_account,15,2026-04-30 16:55:57.056949367
SIM01364,savings_account,-1,2024-12-31 00:00:00.000000000
SIM01364,credit_card,-1,2024-12-31 00:00:00.000000000
SIM01364,investment_account,19,2026-08-14 16:33:22.398336849
SIM01364,home_loan,23,2026-12-21 17:53:55.807894845
SIM01364,home_insurance,23,2026-12-22 17:53:55.807894845
SIM01364,life_insurance,23,2026-12-22 17:53:55.807894845
SIM01365,savings_account,-1,2024-12-31 00:00:00.000000000
SIM01365,credit_card,-1,2024-12-31 00:00:00.000000000
SIM01365,car_insurance,5,2025-06-10 11:52:18.202374965
SIM01367,savings_account,-1,2024-12-31 00:00:00.000000000
SIM01367,credit_card,-1,2024-12-31 00:00:00.000000000
SIM01367,car_insurance,4,2025-05-14 17:40:17.279068466
SIM01367,car_loan,4,2025-05-11 17:40:17.279068466
SIM01368,savings_account,-1,2024-12-31 00:00:00.000000000
SIM01368,credit_card,-1,2024-12-31 00:00:00.000000000
SIM01368,investment_account,19,2026-08-05 04:17:38.221086278
SIM01369,credit_card,-1,2024-12-31 00:00:00.000000000
SIM01372,savings_account,-1,2024-12-31 00:00:00.000000000
SIM01372,bike_insurance,10,2025-11-07 03:50:17.607823260
SIM01373,savings_account,-1,2024-12-31 00:00:00.000000000
SIM01374,savings_account,-1,2024-12-31 00:00:00.000000000
SIM01375,savings_account,-1,2024-12-31 00:00:00.000000000
SIM01375,credit_card,-1,2024-12-31 00:00:00.000000000
SIM01375,investment_account,10,2025-11-15 21:27:50.017544920
SIM01375,car_insurance,23,2026-12-14 08:38:17.184484666
SIM01375,car_loan,23,2026-12-11 08:38:17.184484666
SIM01376,savings_account,-1,2024-12-31 00:00:00.000000000
SIM01376,credit_card,-1,2024-12-31 00:00:00.000000000
SIM01377,savings_account,-1,2024-12-31 00:00:00.000000000
SIM01377,credit_card,-1,2024-12-31 00:00:00.000000000
SIM01377,investment_account,5,2025-06-15 10:58:51.385921635
SIM01377,car_insurance,17,2026-06-06 17:04:32.725994904
SIM01378,savings_account,-1,2024-12-31 00:00:00.000000000
SIM01378,credit_card,-1,2024-12-31 00:00:00.000000000
SIM01378,investment_account,21,2026-10-15 15:21:08.754184226
SIM01378,bike_insurance,12,2026-01-06 11:32:33.904511394
SIM01379,savings_account,-1,2024-12-31 00:00:00.000000000
SIM01380,savings_account,-1,2024-12-31 00:00:00.000000000
SIM01380,credit_card,-1,2024-12-31 00:00:00.000000000
SIM01380,car_insurance,23,2026-12-12 17:18:01.090865538
SIM01380,car_loan,23,2026-12-09 17:18:01.090865538
SIM01380,life_insurance,17,2026-06-29 08:00:17.954573864
SIM01380,bike_insurance,10,2025-11-28 16:54:42.106884800
SIM01381,savings_account,-1,2024-12-31 00:00:00.000000000
SIM01381,home_loan,17,2026-06-27 08:57:12.812261723
SIM01381,home_insurance,17,2026-06-28 08:57:12.812261723
SIM01381,life_insurance,17,2026-06-28 08:57:12.812261723
SIM01382,savings_account,-1,2024-12-31 00:00:00.000000000
SIM01382,credit_card,-1,2024-12-31 00:00:00.000000000
SIM01383,savings_account,-1,2024-12-31 00:00:00.000000000
SIM01383,credit_card,-1,2024-12-31 00:00:00.000000000
SIM01383,investment_account,4,2025-05-12 11:48:24.863610333
SIM01383,home_loan,18,2026-07-09 15:21:00.484418192
SIM01383,home_insurance,18,2026-07-10 15:21:00.484418192
SIM01383,life_insurance,18,2026-07-10 15:21:00.484418192
SIM01383,bike_insurance,5,2025-06-16 17:09:16.889843706
SIM01384,bike_insurance,21,2026-10-21 06:55:25.578178471
SIM01385,savings_account,-1,2024-12-31 00:00:00.000000000
SIM01386,savings_account,-1,2024-12-31 00:00:00.000000000
SIM01387,credit_card,-1,2024-12-31 00:00:00.000000000
SIM01387,car_insurance,4,2025-05-08 20:39:55.019976878
SIM01387,car_loan,4,2025-05-05 20:39:55.019976878
SIM01388,savings_account,-1,2024-12-31 00:00:00.000000000
SIM01389,savings_account,-1,2024-12-31 00:00:00.000000000
SIM01389,credit_card,-1,2024-12-31 00:00:00.000000000
SIM01389,investment_account,20,2026-09-20 11:21:16.016152291
SIM01390,credit_card,-1,2024-12-31 00:00:00.000000000
SIM01390,investment_account,21,2026-10-23 22:24:24.890472534
SIM01392,savings_account,-1,2024-12-31 00:00:00.000000000
SIM01392,credit_card,-1,2024-12-31 00:00:00.000000000
SIM01392,car_insurance,9,2025-10-09 03:13:48.420981673
SIM01392,home_loan,16,2026-05-31 04:07:19.848894112
SIM01392,home_insurance,17,2026-06-01 04:07:19.848894112
SIM01392,life_insurance,17,2026-06-01 04:07:19.848894112
SIM01393,savings_account,-1,2024-12-31 00:00:00.000000000
SIM01393,credit_card,-1,2024-12-31 00:00:00.000000000
SIM01393,life_insurance,15,2026-04-26 00:37:36.620159857
SIM01394,savings_account,-1,2024-12-31 00:00:00.000000000
SIM01394,credit_card,-1,2024-12-31 00:00:00.000000000
SIM01394,car_insurance,8,2025-09-12 00:07:35.803920756
SIM01394,car_loan,8,2025-09-09 00:07:35.803920756
SIM01395,savings_account,-1,2024-12-31 00:00:00.000000000
SIM01395,credit_card,-1,2024-12-31 00:00:00.000000000
SIM01396,savings_account,-1,2024-12-31 00:00:00.000000000
SIM01396,credit_card,-1,2024-12-31 00:00:00.000000000
SIM01396,investment_account,7,2025-08-21 19:08:58.128209425
SIM01397,credit_card,-1,2024-12-31 00:00:00.000000000
SIM01397,bike_insurance,11,2025-12-24 00:18:57.397781368
SIM01398,savings_account,-1,2024-12-31 00:00:00.000000000
SIM01398,credit_card,-1,2024-12-31 00:00:00.000000000
SIM01399,savings_account,-1,2024-12-31 00:00:00.000000000
SIM01399,credit_card,-1,2024-12-31 00:00:00.000000000
SIM01400,savings_account,-1,2024-12-31 00:00:00.000000000
SIM01401,savings_account,-1,2024-12-31 00:00:00.000000000
SIM01402,savings_account,-1,2024-12-31 00:00:00.000000000
SIM01402,credit_card,-1,2024-12-31 00:00:00.000000000
SIM01403,savings_account,-1,2024-12-31 00:00:00.000000000
SIM01403,credit_card,-1,2024-12-31 00:00:00.000000000
SIM01403,home_loan,18,2026-07-23 22:34:00.578791014
SIM01403,home_insurance,18,2026-07-24 22:34:00.578791014
SIM01403,life_insurance,18,2026-07-24 22:34:00.578791014
SIM01403,investment_account,12,2026-01-12 15:28:49.325896017
SIM01404,savings_account,-1,2024-12-31 00:00:00.000000000
SIM01404,bike_insurance,6,2025-07-28 19:59:42.141592486
SIM01404,investment_account,20,2026-09-14 14:49:02.768417586
SIM01406,savings_account,-1,2024-12-31 00:00:00.000000000
SIM01406,credit_card,-1,2024-12-31 00:00:00.000000000
SIM01406,investment_account,13,2026-02-03 03:34:35.034292958
SIM01407,savings_account,-1,2024-12-31 00:00:00.000000000
SIM01408,home_loan,4,2025-05-17 13:10:21.002171612
SIM01408,home_insurance,4,2025-05-18 13:10:21.002171612
SIM01408,life_insurance,4,2025-05-18 13:10:21.002171612
SIM01409,savings_account,-1,2024-12-31 00:00:00.000000000
SIM01409,car_insurance,23,2026-12-28 09:18:57.055687901
SIM01410,savings_account,-1,2024-12-31 00:00:00.000000000
SIM01410,credit_card,-1,2024-12-31 00:00:00.000000000
SIM01410,bike_insurance,21,2026-10-11 04:46:11.751407396
SIM01411,savings_account,-1,2024-12-31 00:00:00.000000000
SIM01411,investment_account,19,2026-08-26 00:09:58.474695330
SIM01411,home_loan,16,2026-05-08 07:42:04.016465842
SIM01411,home_insurance,16,2026-05-09 07:42:04.016465842
SIM01411,life_insurance,16,2026-05-09 07:42:04.016465842
SIM01412,savings_account,-1,2024-12-31 00:00:00.000000000
SIM01412,credit_card,-1,2024-12-31 00:00:00.000000000
SIM01412,car_insurance,22,2026-11-28 21:03:30.169148667
SIM01412,bike_insurance,19,2026-08-22 15:25:54.410209511
SIM01413,car_insurance,11,2025-12-21 05:52:15.834983160
SIM01414,savings_account,-1,2024-12-31 00:00:00.000000000
SIM01414,credit_card,-1,2024-12-31 00:00:00.000000000
SIM01414,home_loan,23,2026-12-24 03:47:12.892682625
SIM01414,home_insurance,23,2026-12-25 03:47:12.892682625
SIM01414,life_insurance,20,2026-09-14 19:25:33.619159796
SIM01415,car_insurance,4,2025-05-24 22:28:48.780626891
SIM01416,savings_account,-1,2024-12-31 00:00:00.000000000
SIM01416,investment_account,8,2025-09-27 05:02:14.639280051
SIM01417,savings_account,-1,2024-12-31 00:00:00.000000000
SIM01417,credit_card,-1,2024-12-31 00:00:00.000000000
SIM01417,bike_insurance,21,2026-10-08 17:50:23.559458211
SIM01419,credit_card,-1,2024-12-31 00:00:00.000000000
SIM01419,car_insurance,6,2025-07-21 06:18:01.692382435
SIM01419,car_loan,6,2025-07-18 06:18:01.692382435
SIM01419,home_loan,9,2025-10-04 20:22:24.526848822
SIM01419,home_insurance,9,2025-10-05 20:22:24.526848822
SIM01419,life_insurance,9,2025-10-05 20:22:24.526848822
SIM01420,car_insurance,16,2026-05-31 15:04:16.561003955
SIM01420,car_loan,16,2026-05-28 15:04:16.561003955
SIM01420,bike_insurance,13,2026-02-09 01:27:07.091357707
SIM01421,savings_account,-1,2024-12-31 00:00:00.000000000
SIM01422,savings_account,-1,2024-12-31 00:00:00.000000000
SIM01422,investment_account,7,2025-08-27 13:45:39.407499889
SIM01422,life_insurance,19,2026-08-01 14:26:59.518052573
SIM01423,credit_card,-1,2024-12-31 00:00:00.000000000
SIM01423,home_loan,7,2025-08-06 04:10:11.866725414
SIM01423,home_insurance,7,2025-08-07 04:10:11.866725414
SIM01423,life_insurance,7,2025-08-07 04:10:11.866725414
SIM01423,bike_insurance,15,2026-04-16 12:51:33.782980523
SIM01424,savings_account,-1,2024-12-31 00:00:00.000000000
SIM01424,credit_card,-1,2024-12-31 00:00:00.000000000
SIM01424,car_insurance,21,2026-10-18 20:50:51.916193060
SIM01424,car_loan,21,2026-10-15 20:50:51.916193060
SIM01425,bike_insurance,14,2026-03-14 14:56:45.172352774
SIM01426,savings_account,-1,2024-12-31 00:00:00.000000000
SIM01427,life_insurance,22,2026-11-11 18:02:32.941218909
SIM01427,investment_account,7,2025-08-06 10:59:24.242651334
SIM01428,investment_account,17,2026-06-05 04:07:02.845165020
SIM01429,savings_account,-1,2024-12-31 00:00:00.000000000
SIM01429,credit_card,-1,2024-12-31 00:00:00.000000000
SIM01430,savings_account,-1,2024-12-31 00:00:00.000000000
SIM01430,credit_card,-1,2024-12-31 00:00:00.000000000
SIM01431,savings_account,-1,2024-12-31 00:00:00.000000000
SIM01432,savings_account,-1,2024-12-31 00:00:00.000000000
SIM01432,home_loan,13,2026-02-22 21:59:56.290725780
SIM01432,home_insurance,13,2026-02-23 21:59:56.290725780
SIM01432,life_insurance,13,2026-02-23 21:59:56.290725780
SIM01433,savings_account,-1,2024-12-31 00:00:00.000000000
SIM01433,credit_card,-1,2024-12-31 00:00:00.000000000
SIM01434,bike_insurance,5,2025-06-15 19:05:25.758283593
SIM01435,savings_account,-1,2024-12-31 00:00:00.000000000
SIM01435,car_insurance,21,2026-10-21 18:01:50.749782805
SIM01435,bike_insurance,8,2025-09-20 18:10:58.571028479
SIM01435,life_insurance,17,2026-06-05 21:13:33.751145690
SIM01436,savings_account,-1,2024-12-31 00:00:00.000000000
SIM01438,credit_card,-1,2024-12-31 00:00:00.000000000
SIM01439,credit_card,-1,2024-12-31 00:00:00.000000000
SIM01439,investment_account,9,2025-10-14 05:14:17.926081832
SIM01439,car_insurance,6,2025-07-28 09:23:46.967189687
SIM01439,car_loan,6,2025-07-25 09:23:46.967189687
SIM01440,savings_account,-1,2024-12-31 00:00:00.000000000
SIM01440,credit_card,-1,2024-12-31 00:00:00.000000000
SIM01440,home_loan,17,2026-06-04 22:53:36.145639653
SIM01440,home_insurance,17,2026-06-05 22:53:36.145639653
SIM01440,life_insurance,17,2026-06-05 22:53:36.145639653
SIM01440,investment_account,15,2026-04-21 16:43:28.987128656
SIM01441,savings_account,-1,2024-12-31 00:00:00.000000000
SIM01441,credit_card,-1,2024-12-31 00:00:00.000000000
SIM01441,home_loan,22,2026-11-16 06:33:27.857031831
SIM01441,home_insurance,22,2026-11-17 06:33:27.857031831
SIM01441,life_insurance,17,2026-06-15 16:52:41.566669249
SIM01442,savings_account,-1,2024-12-31 00:00:00.000000000
SIM01442,bike_insurance,17,2026-06-09 02:36:57.410269817
SIM01444,savings_account,-1,2024-12-31 00:00:00.000000000
SIM01444,life_insurance,12,2026-01-22 12:03:59.261438434
SIM01445,savings_account,-1,2024-12-31 00:00:00.000000000
SIM01445,credit_card,-1,2024-12-31 00:00:00.000000000
SIM01445,home_loan,13,2026-02-04 10:31:29.158787176
SIM01445,home_insurance,13,2026-02-05 10:31:29.158787176
SIM01445,life_insurance,13,2026-02-05 10:31:29.158787176
SIM01446,savings_account,-1,2024-12-31 00:00:00.000000000
SIM01446,credit_card,-1,2024-12-31 00:00:00.000000000
SIM01446,home_loan,11,2025-12-10 11:31:48.193773470
SIM01446,home_insurance,11,2025-12-11 11:31:48.193773470
SIM01446,life_insurance,11,2025-12-11 11:31:48.193773470
SIM01447,savings_account,-1,2024-12-31 00:00:00.000000000
SIM01447,car_insurance,18,2026-07-25 20:11:54.434575433
SIM01447,home_loan,8,2025-09-24 11:03:54.853706443
SIM01447,home_insurance,8,2025-09-25 11:03:54.853706443
SIM01447,life_insurance,8,2025-09-25 11:03:54.853706443
SIM01448,savings_account,-1,2024-12-31 00:00:00.000000000
SIM01448,credit_card,-1,2024-12-31 00:00:00.000000000
SIM01448,car_insurance,13,2026-02-21 18:07:58.227212596
SIM01449,savings_account,-1,2024-12-31 00:00:00.000000000
SIM01449,credit_card,-1,2024-12-31 00:00:00.000000000
SIM01450,savings_account,-1,2024-12-31 00:00:00.000000000
SIM01450,credit_card,-1,2024-12-31 00:00:00.000000000
SIM01451,savings_account,-1,2024-12-31 00:00:00.000000000
SIM01451,credit_card,-1,2024-12-31 00:00:00.000000000
SIM01452,savings_account,-1,2024-12-31 00:00:00.000000000
SIM01452,investment_account,5,2025-06-25 14:10:23.691826026
SIM01452,home_loan,21,2026-10-06 14:10:43.682646081
SIM01452,home_insurance,21,2026-10-07 14:10:43.682646081
SIM01452,life_insurance,21,2026-10-07 14:10:43.682646081
SIM01452,car_insurance,20,2026-09-05 08:29:59.477595615
SIM01452,car_loan,20,2026-09-02 08:29:59.477595615
SIM01453,savings_account,-1,2024-12-31 00:00:00.000000000
SIM01454,savings_account,-1,2024-12-31 00:00:00.000000000
SIM01454,bike_insurance,10,2025-11-17 20:12:03.856134403
SIM01455,savings_account,-1,2024-12-31 00:00:00.000000000
SIM01455,credit_card,-1,2024-12-31 00:00:00.000000000
SIM01455,bike_insurance,17,2026-06-05 21:14:47.592461294
SIM01455,life_insurance,21,2026-10-25 02:06:06.276514420
SIM01457,credit_card,-1,2024-12-31 00:00:00.000000000
SIM01458,credit_card,-1,2024-12-31 00:00:00.000000000
SIM01458,bike_insurance,18,2026-07-20 23:20:32.840491291
SIM01459,savings_account,-1,2024-12-31 00:00:00.000000000
SIM01459,investment_account,13,2026-02-26 20:28:56.210260094
SIM01459,car_insurance,23,2026-12-01 11:56:11.479221389
SIM01459,car_loan,22,2026-11-28 11:56:11.479221389
SIM01459,bike_insurance,19,2026-08-17 10:16:40.943906556
SIM01460,savings_account,-1,2024-12-31 00:00:00.000000000
SIM01460,credit_card,-1,2024-12-31 00:00:00.000000000
SIM01461,savings_account,-1,2024-12-31 00:00:00.000000000
SIM01461,car_insurance,7,2025-08-15 05:57:07.265665896
SIM01461,car_loan,7,2025-08-12 05:57:07.265665896
SIM01461,bike_insurance,6,2025-07-18 08:34:36.207850937
SIM01462,savings_account,-1,2024-12-31 00:00:00.000000000
SIM01462,car_insurance,5,2025-06-10 13:13:45.727351636
SIM01462,car_loan,5,2025-06-07 13:13:45.727351636
SIM01462,home_loan,19,2026-08-29 19:38:05.724505743
SIM01462,home_insurance,19,2026-08-30 19:38:05.724505743
SIM01462,life_insurance,19,2026-08-30 19:38:05.724505743
SIM01462,bike_insurance,7,2025-08-22 02:57:59.922074165
SIM01463,bike_insurance,17,2026-06-14 08:56:23.452732432
SIM01463,life_insurance,12,2026-01-26 05:57:34.950934736
SIM01463,savings_account,12,2026-01-31 05:57:34.950934736
SIM01464,savings_account,-1,2024-12-31 00:00:00.000000000
SIM01464,credit_card,-1,2024-12-31 00:00:00.000000000
SIM01464,life_insurance,13,2026-02-28 08:41:36.833176386
SIM01464,investment_account,17,2026-06-27 19:11:32.629247387
SIM01467,savings_account,-1,2024-12-31 00:00:00.000000000
SIM01467,bike_insurance,7,2025-08-12 03:38:02.261493896
SIM01468,savings_account,-1,2024-12-31 00:00:00.000000000
SIM01468,credit_card,-1,2024-12-31 00:00:00.000000000
SIM01468,car_insurance,20,2026-09-07 08:21:37.359981376
SIM01469,savings_account,-1,2024-12-31 00:00:00.000000000
SIM01469,credit_card,-1,2024-12-31 00:00:00.000000000
SIM01469,life_insurance,14,2026-03-29 13:26:00.709446364
SIM01470,savings_account,-1,2024-12-31 00:00:00.000000000
SIM01470,credit_card,-1,2024-12-31 00:00:00.000000000
SIM01470,car_insurance,6,2025-07-09 04:52:58.434132820
SIM01470,bike_insurance,7,2025-08-15 08:49:43.059389917
SIM01471,savings_account,-1,2024-12-31 00:00:00.000000000
SIM01471,credit_card,-1,2024-12-31 00:00:00.000000000
SIM01471,car_insurance,23,2026-12-09 00:52:22.263888764
SIM01471,car_loan,23,2026-12-06 00:52:22.263888764
SIM01472,savings_account,-1,2024-12-31 00:00:00.000000000
SIM01473,home_loan,9,2025-10-18 17:42:16.153948406
SIM01473,home_insurance,9,2025-10-19 17:42:16.153948406
SIM01473,life_insurance,9,2025-10-19 17:42:16.153948406
SIM01473,savings_account,23,2026-12-20 01:44:21.345129997
SIM01474,savings_account,-1,2024-12-31 00:00:00.000000000
SIM01475,savings_account,-1,2024-12-31 00:00:00.000000000
SIM01475,credit_card,-1,2024-12-31 00:00:00.000000000
SIM01475,car_insurance,4,2025-05-04 22:45:31.147735304
SIM01475,car_loan,4,2025-05-01 22:45:31.147735304
SIM01475,life_insurance,7,2025-08-08 03:07:28.265119199
SIM01476,bike_insurance,18,2026-07-29 15:07:45.967951008
SIM01477,credit_card,-1,2024-12-31 00:00:00.000000000
SIM01478,savings_account,-1,2024-12-31 00:00:00.000000000
SIM01478,investment_account,16,2026-05-05 01:30:45.397906639
SIM01479,savings_account,-1,2024-12-31 00:00:00.000000000
SIM01479,car_insurance,16,2026-05-11 13:36:10.673548949
SIM01479,car_loan,16,2026-05-08 13:36:10.673548949
SIM01481,savings_account,-1,2024-12-31 00:00:00.000000000
SIM01481,credit_card,-1,2024-12-31 00:00:00.000000000
SIM01481,car_insurance,15,2026-04-19 00:37:36.830497135
SIM01481,home_loan,11,2025-12-23 19:30:38.683089634
SIM01481,home_insurance,11,2025-12-24 19:30:38.683089634
SIM01481,life_insurance,11,2025-12-24 19:30:38.683089634
SIM01482,savings_account,-1,2024-12-31 00:00:00.000000000
SIM01482,credit_card,-1,2024-12-31 00:00:00.000000000
SIM01482,investment_account,8,2025-09-23 23:25:33.253598474
SIM01483,savings_account,-1,2024-12-31 00:00:00.000000000
SIM01483,credit_card,-1,2024-12-31 00:00:00.000000000
SIM01484,savings_account,-1,2024-12-31 00:00:00.000000000
SIM01484,credit_card,-1,2024-12-31 00:00:00.000000000
SIM01484,home_loan,15,2026-04-16 23:24:22.461174757
SIM01484,home_insurance,15,2026-04-17 23:24:22.461174757
SIM01484,life_insurance,15,2026-04-17 23:24:22.461174757
SIM01484,bike_insurance,8,2025-09-17 01:18:14.988152750
SIM01485,life_insurance,20,2026-09-23 12:54:59.291851917
SIM01485,bike_insurance,11,2025-12-22 14:33:33.947777954
SIM01485,investment_account,5,2025-06-22 12:01:27.789875282
SIM01486,credit_card,-1,2024-12-31 00:00:00.000000000
SIM01486,car_insurance,6,2025-07-21 22:43:50.508966461
SIM01486,car_loan,6,2025-07-18 22:43:50.508966461
SIM01486,life_insurance,7,2025-08-30 16:54:18.400391472
SIM01486,savings_account,8,2025-09-04 16:54:18.400391472
SIM01486,bike_insurance,6,2025-07-29 10:45:34.681622254
SIM01487,savings_account,-1,2024-12-31 00:00:00.000000000
SIM01487,credit_card,-1,2024-12-31 00:00:00.000000000
SIM01488,savings_account,-1,2024-12-31 00:00:00.000000000
SIM01488,credit_card,-1,2024-12-31 00:00:00.000000000
SIM01488,car_insurance,3,2025-04-07 10:32:58.462237232
SIM01488,car_loan,3,2025-04-04 10:32:58.462237232
SIM01488,life_insurance,22,2026-11-11 23:12:14.772620871
SIM01489,car_insurance,4,2025-05-17 01:20:43.598793011
SIM01489,car_loan,4,2025-05-14 01:20:43.598793011
SIM01490,savings_account,-1,2024-12-31 00:00:00.000000000
SIM01490,bike_insurance,5,2025-06-03 20:41:32.369366892
SIM01491,savings_account,-1,2024-12-31 00:00:00.000000000
SIM01491,credit_card,-1,2024-12-31 00:00:00.000000000
SIM01491,car_insurance,19,2026-08-27 01:56:07.893893949
SIM01492,savings_account,-1,2024-12-31 00:00:00.000000000
SIM01492,credit_card,-1,2024-12-31 00:00:00.000000000
SIM01493,savings_account,-1,2024-12-31 00:00:00.000000000
SIM01493,credit_card,-1,2024-12-31 00:00:00.000000000
SIM01493,investment_account,17,2026-06-09 00:12:38.132125131
SIM01493,car_insurance,4,2025-05-01 10:10:02.070457695
SIM01494,credit_card,-1,2024-12-31 00:00:00.000000000
SIM01494,home_loan,9,2025-10-04 03:19:29.538658051
SIM01494,home_insurance,9,2025-10-05 03:19:29.538658051
SIM01494,life_insurance,9,2025-10-05 03:19:29.538658051
SIM01495,savings_account,-1,2024-12-31 00:00:00.000000000
SIM01495,life_insurance,16,2026-05-08 01:27:49.344555038
SIM01495,investment_account,6,2025-07-22 09:12:31.119108097
SIM01496,bike_insurance,4,2025-05-13 04:26:31.169628204
SIM01496,car_insurance,13,2026-02-19 07:15:08.700993340
SIM01496,car_loan,13,2026-02-16 07:15:08.700993340
SIM01497,savings_account,-1,2024-12-31 00:00:00.000000000
SIM01497,credit_card,-1,2024-12-31 00:00:00.000000000
SIM01498,savings_account,-1,2024-12-31 00:00:00.000000000
SIM01498,credit_card,-1,2024-12-31 00:00:00.000000000
SIM01498,car_insurance,5,2025-06-26 01:14:33.647554071
SIM01498,car_loan,5,2025-06-23 01:14:33.647554071
SIM01498,bike_insurance,19,2026-08-29 00:58:54.314967719
SIM01499,credit_card,-1,2024-12-31 00:00:00.000000000
SIM01499,bike_insurance,8,2025-09-03 20:10:08.271734966
SIM01500,savings_account,-1,2024-12-31 00:00:00.000000000
SIM01500,home_loan,13,2026-02-17 06:46:12.559639100
SIM01500,home_insurance,13,2026-02-18 06:46:12.559639100
SIM01500,life_insurance,13,2026-02-18 06:46:12.559639100
SIM01501,savings_account,-1,2024-12-31 00:00:00.000000000
SIM01501,car_insurance,11,2025-12-18 10:41:11.878251331
SIM01501,bike_insurance,21,2026-10-17 16:31:08.067286933
SIM01502,credit_card,-1,2024-12-31 00:00:00.000000000
SIM01502,car_insurance,23,2026-12-28 02:15:00.785214845
SIM01502,car_loan,23,2026-12-25 02:15:00.785214845
SIM01502,home_loan,15,2026-04-21 22:00:11.457024438
SIM01502,home_insurance,15,2026-04-22 22:00:11.457024438
SIM01502,life_insurance,15,2026-04-22 22:00:11.457024438
SIM01503,savings_account,-1,2024-12-31 00:00:00.000000000
SIM01503,credit_card,-1,2024-12-31 00:00:00.000000000
SIM01503,car_insurance,23,2026-12-13 05:28:25.690175689
SIM01503,car_loan,23,2026-12-10 05:28:25.690175689
SIM01503,bike_insurance,18,2026-07-18 05:17:33.426494807
SIM01504,investment_account,11,2025-12-14 09:32:20.723279113
SIM01504,car_insurance,11,2025-12-01 16:29:59.376657553
SIM01504,car_loan,10,2025-11-28 16:29:59.376657553
SIM01505,savings_account,-1,2024-12-31 00:00:00.000000000
SIM01506,savings_account,-1,2024-12-31 00:00:00.000000000
SIM01506,investment_account,21,2026-10-11 11:33:55.253642929
SIM01508,savings_account,-1,2024-12-31 00:00:00.000000000
SIM01508,credit_card,-1,2024-12-31 00:00:00.000000000
SIM01508,home_loan,5,2025-06-04 04:02:01.293344380
SIM01508,home_insurance,5,2025-06-05 04:02:01.293344380
SIM01508,life_insurance,5,2025-06-05 04:02:01.293344380
SIM01508,bike_insurance,15,2026-04-08 00:23:29.777744164
SIM01509,savings_account,-1,2024-12-31 00:00:00.000000000
SIM01509,credit_card,-1,2024-12-31 00:00:00.000000000
SIM01510,savings_account,-1,2024-12-31 00:00:00.000000000
SIM01510,credit_card,-1,2024-12-31 00:00:00.000000000
SIM01511,bike_insurance,14,2026-03-22 00:28:43.691345415
SIM01512,savings_account,-1,2024-12-31 00:00:00.000000000
SIM01512,home_loan,14,2026-03-06 14:56:57.738530882
SIM01512,home_insurance,14,2026-03-07 14:56:57.738530882
SIM01512,life_insurance,14,2026-03-07 14:56:57.738530882
SIM01513,savings_account,-1,2024-12-31 00:00:00.000000000
SIM01513,car_insurance,20,2026-09-11 20:30:23.049881104
SIM01513,car_loan,20,2026-09-08 20:30:23.049881104
SIM01514,savings_account,-1,2024-12-31 00:00:00.000000000
SIM01514,investment_account,17,2026-06-17 21:20:43.148369762
SIM01515,car_insurance,17,2026-06-12 08:15:52.008203466
SIM01515,bike_insurance,4,2025-05-08 02:13:25.528693075
SIM01516,credit_card,-1,2024-12-31 00:00:00.000000000
SIM01516,investment_account,6,2025-07-19 00:01:10.319739736
SIM01516,car_insurance,5,2025-06-26 12:31:41.631474024
SIM01516,car_loan,5,2025-06-23 12:31:41.631474024
SIM01516,bike_insurance,13,2026-02-28 20:52:49.881079184
SIM01517,savings_account,-1,2024-12-31 00:00:00.000000000
SIM01517,credit_card,-1,2024-12-31 00:00:00.000000000
SIM01517,bike_insurance,13,2026-02-12 05:07:41.576611998
SIM01517,life_insurance,7,2025-08-01 16:16:52.889764660
SIM01518,savings_account,-1,2024-12-31 00:00:00.000000000
SIM01519,savings_account,-1,2024-12-31 00:00:00.000000000
SIM01519,credit_card,-1,2024-12-31 00:00:00.000000000
SIM01519,bike_insurance,15,2026-04-04 14:01:56.361790705
SIM01520,savings_account,-1,2024-12-31 00:00:00.000000000
SIM01520,investment_account,7,2025-08-14 10:54:43.543309947
SIM01520,home_loan,16,2026-05-19 17:17:45.664666352
SIM01520,home_insurance,16,2026-05-20 17:17:45.664666352
SIM01520,life_insurance,16,2026-05-20 17:17:45.664666352
SIM01520,car_insurance,12,2026-01-09 08:34:02.936449269
SIM01521,savings_account,-1,2024-12-31 00:00:00.000000000
SIM01521,investment_account,9,2025-10-07 12:53:06.391117239
SIM01521,home_loan,9,2025-10-09 13:30:35.004408363
SIM01521,home_insurance,9,2025-10-10 13:30:35.004408363
SIM01521,life_insurance,9,2025-10-10 13:30:35.004408363
SIM01521,car_insurance,13,2026-02-17 21:13:52.682301593
SIM01522,savings_account,-1,2024-12-31 00:00:00.000000000
SIM01522,credit_card,-1,2024-12-31 00:00:00.000000000
SIM01522,car_insurance,4,2025-05-14 15:52:00.684951941
SIM01522,car_loan,4,2025-05-11 15:52:00.684951941
SIM01522,life_insurance,23,2026-12-22 16:26:13.240025177
SIM01522,bike_insurance,7,2025-08-11 11:54:32.572843465
SIM01523,savings_account,-1,2024-12-31 00:00:00.000000000
SIM01523,credit_card,-1,2024-12-31 00:00:00.000000000
SIM01523,investment_account,14,2026-03-20 01:35:11.649894539
SIM01524,credit_card,-1,2024-12-31 00:00:00.000000000
SIM01524,home_loan,22,2026-11-01 22:05:36.955806844
SIM01524,home_insurance,22,2026-11-02 22:05:36.955806844
SIM01524,life_insurance,22,2026-11-02 22:05:36.955806844
SIM01525,car_insurance,17,2026-06-18 12:34:05.968414941
SIM01525,home_loan,11,2025-12-27 14:27:26.357010609
SIM01525,home_insurance,11,2025-12-28 14:27:26.357010609
SIM01525,life_insurance,11,2025-12-28 14:27:26.357010609
SIM01526,savings_account,-1,2024-12-31 00:00:00.000000000
SIM01526,credit_card,-1,2024-12-31 00:00:00.000000000
SIM01526,home_loan,16,2026-05-23 20:36:26.021825540
SIM01526,home_insurance,16,2026-05-24 20:36:26.021825540
SIM01526,life_insurance,16,2026-05-24 20:36:26.021825540
SIM01526,bike_insurance,14,2026-03-21 22:57:29.736160092
SIM01526,investment_account,22,2026-11-08 21:26:32.598238387
SIM01527,savings_account,-1,2024-12-31 00:00:00.000000000
SIM01527,credit_card,-1,2024-12-31 00:00:00.000000000
SIM01527,car_insurance,10,2025-11-10 19:17:58.775087424
SIM01528,bike_insurance,3,2025-04-03 13:27:30.319816727
SIM01529,savings_account,-1,2024-12-31 00:00:00.000000000
SIM01529,credit_card,-1,2024-12-31 00:00:00.000000000
SIM01529,home_loan,17,2026-06-09 04:12:35.162348088
SIM01529,home_insurance,17,2026-06-10 04:12:35.162348088
SIM01529,life_insurance,10,2025-11-22 16:51:48.636674228
SIM01531,bike_insurance,23,2026-12-09 08:57:07.067281060
SIM01532,savings_account,-1,2024-12-31 00:00:00.000000000
SIM01532,credit_card,-1,2024-12-31 00:00:00.000000000
SIM01532,investment_account,13,2026-02-12 10:36:52.873010769
SIM01533,savings_account,-1,2024-12-31 00:00:00.000000000
SIM01533,bike_insurance,9,2025-10-27 02:00:52.820505144
SIM01533,car_insurance,5,2025-06-16 04:41:17.672289912
SIM01534,savings_account,-1,2024-12-31 00:00:00.000000000
SIM01534,credit_card,-1,2024-12-31 00:00:00.000000000
SIM01534,car_insurance,20,2026-09-28 07:22:36.831942025
SIM01534,car_loan,20,2026-09-25 07:22:36.831942025
SIM01535,savings_account,-1,2024-12-31 00:00:00.000000000
SIM01535,car_insurance,8,2025-09-18 20:08:07.454916058
SIM01535,car_loan,8,2025-09-15 20:08:07.454916058
SIM01536,savings_account,-1,2024-12-31 00:00:00.000000000
SIM01536,credit_card,-1,2024-12-31 00:00:00.000000000
SIM01536,investment_account,22,2026-11-09 17:56:49.669678644
SIM01536,car_insurance,23,2026-12-19 21:25:24.632603269
SIM01537,bike_insurance,4,2025-05-26 07:41:50.559081314
SIM01538,savings_account,-1,2024-12-31 00:00:00.000000000
SIM01538,credit_card,-1,2024-12-31 00:00:00.000000000
SIM01538,car_insurance,3,2025-04-22 22:22:15.138965231
SIM01539,savings_account,-1,2024-12-31 00:00:00.000000000
SIM01539,credit_card,-1,2024-12-31 00:00:00.000000000
SIM01540,savings_account,-1,2024-12-31 00:00:00.000000000
SIM01540,credit_card,-1,2024-12-31 00:00:00.000000000
SIM01540,car_insurance,11,2025-12-31 04:15:13.618701015
SIM01540,investment_account,6,2025-07-15 07:10:49.414247367
SIM01541,savings_account,-1,2024-12-31 00:00:00.000000000
SIM01541,home_loan,18,2026-07-26 19:55:46.253428748
SIM01541,home_insurance,18,2026-07-27 19:55:46.253428748
SIM01541,life_insurance,18,2026-07-27 19:55:46.253428748
SIM01542,car_insurance,7,2025-08-07 07:05:17.307075659
SIM01542,car_loan,7,2025-08-04 07:05:17.307075659
SIM01542,bike_insurance,21,2026-10-10 17:42:03.632836947
SIM01543,savings_account,-1,2024-12-31 00:00:00.000000000
SIM01544,savings_account,-1,2024-12-31 00:00:00.000000000
SIM01545,savings_account,-1,2024-12-31 00:00:00.000000000
SIM01545,credit_card,-1,2024-12-31 00:00:00.000000000
SIM01545,investment_account,17,2026-06-21 16:33:56.088512581
SIM01545,car_insurance,16,2026-05-27 14:04:01.062811201
SIM01545,car_loan,16,2026-05-24 14:04:01.062811201
SIM01546,savings_account,-1,2024-12-31 00:00:00.000000000
SIM01546,credit_card,-1,2024-12-31 00:00:00.000000000
SIM01546,bike_insurance,23,2026-12-19 21:49:41.520016470
SIM01548,savings_account,-1,2024-12-31 00:00:00.000000000
SIM01548,credit_card,-1,2024-12-31 00:00:00.000000000
SIM01548,car_insurance,22,2026-11-06 12:39:00.278453383
SIM01549,savings_account,-1,2024-12-31 00:00:00.000000000
SIM01549,home_loan,10,2025-11-24 04:54:00.383637952
SIM01549,home_insurance,10,2025-11-25 04:54:00.383637952
SIM01549,life_insurance,10,2025-11-25 04:54:00.383637952
SIM01550,car_insurance,17,2026-06-07 22:50:39.903603882
SIM01551,savings_account,-1,2024-12-31 00:00:00.000000000
SIM01551,credit_card,-1,2024-12-31 00:00:00.000000000
SIM01551,bike_insurance,16,2026-05-29 02:25:17.153473684
SIM01552,savings_account,-1,2024-12-31 00:00:00.000000000
SIM01552,credit_card,-1,2024-12-31 00:00:00.000000000
SIM01553,savings_account,-1,2024-12-31 00:00:00.000000000
SIM01553,credit_card,-1,2024-12-31 00:00:00.000000000
SIM01554,savings_account,-1,2024-12-31 00:00:00.000000000
SIM01555,bike_insurance,10,2025-11-08 06:20:13.932712530
SIM01556,car_insurance,4,2025-05-07 12:16:20.693566366
SIM01556,car_loan,4,2025-05-04 12:16:20.693566366
SIM01557,credit_card,-1,2024-12-31 00:00:00.000000000
SIM01557,car_insurance,3,2025-04-23 23:57:09.674828007
SIM01557,car_loan,3,2025-04-20 23:57:09.674828007
SIM01557,life_insurance,12,2026-01-28 00:17:59.187283316
SIM01557,bike_insurance,10,2025-11-18 07:18:02.156284682
SIM01557,investment_account,19,2026-08-09 22:38:06.091748897
SIM01558,bike_insurance,19,2026-08-26 21:08:17.724708643
SIM01558,investment_account,11,2025-12-13 07:19:30.182480621
SIM01559,credit_card,-1,2024-12-31 00:00:00.000000000
SIM01559,home_loan,9,2025-10-02 06:33:07.654005914
SIM01559,home_insurance,9,2025-10-03 06:33:07.654005914
SIM01559,life_insurance,9,2025-10-03 06:33:07.654005914
SIM01560,savings_account,-1,2024-12-31 00:00:00.000000000
SIM01560,life_insurance,16,2026-05-13 05:42:46.983362381
SIM01562,savings_account,-1,2024-12-31 00:00:00.000000000
SIM01562,credit_card,-1,2024-12-31 00:00:00.000000000
SIM01562,investment_account,7,2025-08-08 22:20:13.283261456
SIM01562,car_insurance,7,2025-08-23 08:05:21.535367507
SIM01563,bike_insurance,15,2026-04-25 10:55:13.232941153
SIM01564,savings_account,-1,2024-12-31 00:00:00.000000000
SIM01564,credit_card,-1,2024-12-31 00:00:00.000000000
SIM01564,bike_insurance,6,2025-07-19 02:57:11.356393580
SIM01565,credit_card,-1,2024-12-31 00:00:00.000000000
SIM01565,investment_account,15,2026-04-06 05:09:22.404915805
SIM01565,car_insurance,16,2026-05-19 22:07:11.595069677
SIM01566,savings_account,-1,2024-12-31 00:00:00.000000000
SIM01566,credit_card,-1,2024-12-31 00:00:00.000000000
SIM01566,investment_account,4,2025-05-16 13:18:59.095788256
SIM01566,bike_insurance,21,2026-10-22 04:38:49.877056846
SIM01567,savings_account,-1,2024-12-31 00:00:00.000000000
SIM01567,credit_card,-1,2024-12-31 00:00:00.000000000
SIM01567,car_insurance,14,2026-03-08 15:52:43.789606533
SIM01567,car_loan,14,2026-03-05 15:52:43.789606533
SIM01568,savings_account,-1,2024-12-31 00:00:00.000000000
SIM01568,credit_card,-1,2024-12-31 00:00:00.000000000
SIM01568,car_insurance,16,2026-05-14 17:11:14.963169085
SIM01568,car_loan,16,2026-05-11 17:11:14.963169085
SIM01568,home_loan,8,2025-09-09 07:20:28.799009041
SIM01568,home_insurance,8,2025-09-10 07:20:28.799009041
SIM01568,life_insurance,8,2025-09-10 07:20:28.799009041
SIM01569,savings_account,-1,2024-12-31 00:00:00.000000000
SIM01569,home_loan,15,2026-04-30 17:03:30.752122867
SIM01569,home_insurance,16,2026-05-01 17:03:30.752122867
SIM01569,life_insurance,15,2026-04-15 13:58:24.756547985
SIM01570,credit_card,-1,2024-12-31 00:00:00.000000000
SIM01572,savings_account,-1,2024-12-31 00:00:00.000000000
SIM01572,credit_card,-1,2024-12-31 00:00:00.000000000
SIM01572,bike_insurance,16,2026-05-24 05:45:02.489810501
SIM01574,savings_account,-1,2024-12-31 00:00:00.000000000
SIM01574,credit_card,-1,2024-12-31 00:00:00.000000000
SIM01575,savings_account,-1,2024-12-31 00:00:00.000000000
SIM01576,savings_account,-1,2024-12-31 00:00:00.000000000
SIM01576,credit_card,-1,2024-12-31 00:00:00.000000000
SIM01577,savings_account,-1,2024-12-31 00:00:00.000000000
SIM01577,investment_account,10,2025-11-27 12:10:26.560712640
SIM01578,savings_account,-1,2024-12-31 00:00:00.000000000
SIM01578,credit_card,-1,2024-12-31 00:00:00.000000000
SIM01578,car_insurance,23,2026-12-16 11:18:16.682301339
SIM01578,car_loan,23,2026-12-13 11:18:16.682301339
SIM01578,life_insurance,12,2026-01-16 16:13:36.170346596
SIM01578,investment_account,7,2025-08-09 23:04:45.929858875
SIM01579,savings_account,-1,2024-12-31 00:00:00.000000000
SIM01579,credit_card,-1,2024-12-31 00:00:00.000000000
SIM01580,savings_account,-1,2024-12-31 00:00:00.000000000
SIM01580,credit_card,-1,2024-12-31 00:00:00.000000000
SIM01581,savings_account,-1,2024-12-31 00:00:00.000000000
SIM01581,car_insurance,13,2026-02-25 17:37:15.724521680
SIM01581,car_loan,13,2026-02-22 17:37:15.724521680
SIM01582,savings_account,-1,2024-12-31 00:00:00.000000000
SIM01582,car_insurance,11,2025-12-14 06:57:57.946950250
SIM01582,car_loan,11,2025-12-11 06:57:57.946950250
SIM01583,savings_account,-1,2024-12-31 00:00:00.000000000
SIM01583,credit_card,-1,2024-12-31 00:00:00.000000000
SIM01584,savings_account,-1,2024-12-31 00:00:00.000000000
SIM01584,credit_card,-1,2024-12-31 00:00:00.000000000
SIM01584,home_loan,18,2026-07-16 05:03:53.509815457
SIM01584,home_insurance,18,2026-07-17 05:03:53.509815457
SIM01584,life_insurance,18,2026-07-17 05:03:53.509815457
SIM01585,savings_account,-1,2024-12-31 00:00:00.000000000
SIM01585,credit_card,-1,2024-12-31 00:00:00.000000000
SIM01586,savings_account,-1,2024-12-31 00:00:00.000000000
SIM01586,home_loan,16,2026-05-09 11:43:21.183559435
SIM01586,home_insurance,16,2026-05-10 11:43:21.183559435
SIM01586,life_insurance,16,2026-05-10 11:43:21.183559435
SIM01586,car_insurance,10,2025-11-07 12:45:07.853729514
SIM01586,car_loan,10,2025-11-04 12:45:07.853729514
SIM01587,savings_account,-1,2024-12-31 00:00:00.000000000
SIM01587,credit_card,-1,2024-12-31 00:00:00.000000000
SIM01587,car_insurance,5,2025-06-24 21:51:00.894444974
SIM01587,car_loan,5,2025-06-21 21:51:00.894444974
SIM01587,investment_account,4,2025-05-07 00:32:49.037009508
SIM01588,savings_account,-1,2024-12-31 00:00:00.000000000
SIM01588,car_insurance,4,2025-05-17 10:59:06.967329116
SIM01588,car_loan,4,2025-05-14 10:59:06.967329116
SIM01589,credit_card,-1,2024-12-31 00:00:00.000000000
SIM01589,life_insurance,11,2025-12-25 14:22:09.362180901
SIM01589,savings_account,11,2025-12-30 14:22:09.362180901
SIM01590,savings_account,-1,2024-12-31 00:00:00.000000000
SIM01590,credit_card,-1,2024-12-31 00:00:00.000000000
SIM01590,bike_insurance,15,2026-04-18 23:07:40.749789996
SIM01590,investment_account,18,2026-07-20 07:39:20.381508891
SIM01591,credit_card,-1,2024-12-31 00:00:00.000000000
SIM01591,investment_account,23,2026-12-20 04:19:53.403819001
SIM01591,home_loan,5,2025-06-16 01:12:41.662918434
SIM01591,home_insurance,5,2025-06-17 01:12:41.662918434
SIM01591,life_insurance,5,2025-06-17 01:12:41.662918434
SIM01592,savings_account,-1,2024-12-31 00:00:00.000000000
SIM01595,credit_card,-1,2024-12-31 00:00:00.000000000
SIM01595,car_insurance,10,2025-11-12 10:17:12.023581382
SIM01595,bike_insurance,9,2025-10-06 13:35:59.039656892
SIM01595,life_insurance,23,2026-12-16 22:20:17.018933139
SIM01596,savings_account,-1,2024-12-31 00:00:00.000000000
SIM01596,investment_account,17,2026-06-27 13:22:47.304992938
SIM01596,life_insurance,18,2026-07-27 11:17:20.063673295
SIM01597,savings_account,-1,2024-12-31 00:00:00.000000000
SIM01597,credit_card,-1,2024-12-31 00:00:00.000000000
SIM01597,bike_insurance,16,2026-05-25 01:12:33.951432065
SIM01597,investment_account,15,2026-04-13 10:01:25.826726866
SIM01598,life_insurance,10,2025-11-24 15:34:00.797202647
SIM01598,savings_account,10,2025-11-29 15:34:00.797202647
SIM01599,savings_account,-1,2024-12-31 00:00:00.000000000
SIM01600,savings_account,-1,2024-12-31 00:00:00.000000000
SIM01601,savings_account,-1,2024-12-31 00:00:00.000000000
SIM01601,credit_card,-1,2024-12-31 00:00:00.000000000
SIM01602,savings_account,-1,2024-12-31 00:00:00.000000000
SIM01602,home_loan,6,2025-07-06 20:35:38.382167277
SIM01602,home_insurance,6,2025-07-07 20:35:38.382167277
SIM01602,life_insurance,6,2025-07-07 20:35:38.382167277
SIM01603,credit_card,-1,2024-12-31 00:00:00.000000000
SIM01603,home_loan,12,2026-01-19 13:59:58.553677284
SIM01603,home_insurance,12,2026-01-20 13:59:58.553677284
SIM01603,life_insurance,12,2026-01-20 13:59:58.553677284
SIM01604,credit_card,-1,2024-12-31 00:00:00.000000000
SIM01604,investment_account,21,2026-10-22 08:19:01.891616719
SIM01605,savings_account,-1,2024-12-31 00:00:00.000000000
SIM01605,credit_card,-1,2024-12-31 00:00:00.000000000
SIM01605,car_insurance,10,2025-11-22 17:25:49.223529893
SIM01605,investment_account,19,2026-08-05 16:01:31.010537751
SIM01606,savings_account,-1,2024-12-31 00:00:00.000000000
SIM01606,credit_card,-1,2024-12-31 00:00:00.000000000
SIM01606,car_insurance,8,2025-09-28 21:47:06.878411573
SIM01606,car_loan,8,2025-09-25 21:47:06.878411573
SIM01606,home_loan,7,2025-08-22 20:20:42.700962170
SIM01606,home_insurance,7,2025-08-23 20:20:42.700962170
SIM01606,life_insurance,7,2025-08-23 20:20:42.700962170
SIM01607,savings_account,-1,2024-12-31 00:00:00.000000000
SIM01607,credit_card,-1,2024-12-31 00:00:00.000000000
SIM01607,home_loan,14,2026-03-23 21:50:04.083504844
SIM01607,home_insurance,14,2026-03-24 21:50:04.083504844
SIM01607,life_insurance,14,2026-03-24 21:50:04.083504844
SIM01608,savings_account,-1,2024-12-31 00:00:00.000000000
SIM01608,home_loan,7,2025-08-25 10:41:20.780907347
SIM01608,home_insurance,7,2025-08-26 10:41:20.780907347
SIM01608,life_insurance,7,2025-08-26 10:41:20.780907347
SIM01608,bike_insurance,18,2026-07-11 00:13:07.367077793
SIM01609,car_insurance,12,2026-01-12 20:44:38.511040578
SIM01609,car_loan,12,2026-01-09 20:44:38.511040578
SIM01610,savings_account,-1,2024-12-31 00:00:00.000000000
SIM01610,credit_card,-1,2024-12-31 00:00:00.000000000
SIM01610,bike_insurance,3,2025-04-14 18:44:28.742162535
SIM01611,savings_account,-1,2024-12-31 00:00:00.000000000
SIM01611,credit_card,-1,2024-12-31 00:00:00.000000000
SIM01611,bike_insurance,6,2025-07-15 04:30:08.588723371
SIM01611,investment_account,21,2026-10-26 16:46:06.355092113
SIM01612,credit_card,-1,2024-12-31 00:00:00.000000000
SIM01612,life_insurance,16,2026-05-25 02:14:57.290296827
SIM01612,savings_account,16,2026-05-30 02:14:57.290296827
SIM01613,savings_account,-1,2024-12-31 00:00:00.000000000
SIM01613,life_insurance,7,2025-08-22 09:21:37.984363030
SIM01616,savings_account,-1,2024-12-31 00:00:00.000000000
SIM01617,credit_card,-1,2024-12-31 00:00:00.000000000
SIM01618,bike_insurance,22,2026-11-21 05:27:56.059576875
SIM01619,savings_account,-1,2024-12-31 00:00:00.000000000
SIM01619,credit_card,-1,2024-12-31 00:00:00.000000000
SIM01619,investment_account,16,2026-05-19 23:11:41.967018629
SIM01619,home_loan,9,2025-10-21 19:17:24.424154416
SIM01619,home_insurance,9,2025-10-22 19:17:24.424154416
SIM01619,life_insurance,9,2025-10-22 19:17:24.424154416
SIM01620,bike_insurance,23,2026-12-16 15:18:20.635286387
SIM01620,car_insurance,20,2026-09-27 14:54:31.263438298
SIM01620,car_loan,20,2026-09-24 14:54:31.263438298
SIM01621,savings_account,-1,2024-12-31 00:00:00.000000000
SIM01621,credit_card,-1,2024-12-31 00:00:00.000000000
SIM01621,home_loan,11,2025-12-27 20:08:48.892730278
SIM01621,home_insurance,11,2025-12-28 20:08:48.892730278
SIM01621,life_insurance,11,2025-12-28 20:08:48.892730278
SIM01622,savings_account,-1,2024-12-31 00:00:00.000000000
SIM01622,credit_card,-1,2024-12-31 00:00:00.000000000
SIM01622,life_insurance,14,2026-03-22 21:53:12.139390111
SIM01622,bike_insurance,21,2026-10-16 19:27:33.070051383
SIM01623,savings_account,-1,2024-12-31 00:00:00.000000000
SIM01623,investment_account,21,2026-10-08 05:06:21.500422968
SIM01624,savings_account,-1,2024-12-31 00:00:00.000000000
SIM01624,investment_account,9,2025-10-13 18:02:06.932750188
SIM01624,home_loan,11,2025-12-25 22:50:58.319316056
SIM01624,home_insurance,11,2025-12-26 22:50:58.319316056
SIM01624,life_insurance,11,2025-12-26 22:50:58.319316056
SIM01624,bike_insurance,21,2026-10-16 23:25:23.473815058
SIM01627,credit_card,-1,2024-12-31 00:00:00.000000000
SIM01627,car_insurance,23,2026-12-15 12:16:16.164431927
SIM01627,car_loan,23,2026-12-12 12:16:16.164431927
SIM01628,bike_insurance,12,2026-01-21 07:30:30.633232989
SIM01629,savings_account,-1,2024-12-31 00:00:00.000000000
SIM01630,savings_account,-1,2024-12-31 00:00:00.000000000
SIM01630,credit_card,-1,2024-12-31 00:00:00.000000000
SIM01631,credit_card,-1,2024-12-31 00:00:00.000000000
SIM01632,bike_insurance,13,2026-02-10 07:11:04.638822088
SIM01633,savings_account,-1,2024-12-31 00:00:00.000000000
SIM01633,credit_card,-1,2024-12-31 00:00:00.000000000
SIM01633,investment_account,9,2025-10-19 08:05:33.531523015
SIM01633,bike_insurance,17,2026-06-21 11:56:02.543223274
SIM01634,savings_account,-1,2024-12-31 00:00:00.000000000
SIM01634,credit_card,-1,2024-12-31 00:00:00.000000000
SIM01634,car_insurance,7,2025-08-30 07:51:28.703036602
SIM01634,car_loan,7,2025-08-27 07:51:28.703036602
SIM01636,savings_account,-1,2024-12-31 00:00:00.000000000
SIM01636,credit_card,-1,2024-12-31 00:00:00.000000000
SIM01637,savings_account,-1,2024-12-31 00:00:00.000000000
SIM01637,car_insurance,8,2025-09-26 14:21:13.975111272
SIM01638,savings_account,-1,2024-12-31 00:00:00.000000000
SIM01638,credit_card,-1,2024-12-31 00:00:00.000000000
SIM01638,car_insurance,9,2025-10-26 07:40:50.015888646
SIM01638,car_loan,9,2025-10-23 07:40:50.015888646
SIM01638,home_loan,10,2025-11-29 01:32:23.764437082
SIM01638,home_insurance,10,2025-11-30 01:32:23.764437082
SIM01638,life_insurance,10,2025-11-30 01:32:23.764437082
SIM01639,savings_account,-1,2024-12-31 00:00:00.000000000
SIM01639,credit_card,-1,2024-12-31 00:00:00.000000000
SIM01639,investment_account,8,2025-09-05 17:05:29.301509367
SIM01639,bike_insurance,9,2025-10-22 18:20:48.281780039
SIM01640,savings_account,-1,2024-12-31 00:00:00.000000000
SIM01640,credit_card,-1,2024-12-31 00:00:00.000000000
SIM01641,savings_account,-1,2024-12-31 00:00:00.000000000
SIM01641,credit_card,-1,2024-12-31 00:00:00.000000000
SIM01643,savings_account,-1,2024-12-31 00:00:00.000000000
SIM01643,credit_card,-1,2024-12-31 00:00:00.000000000
SIM01643,car_insurance,12,2026-01-11 15:16:12.370886017
SIM01644,savings_account,-1,2024-12-31 00:00:00.000000000
SIM01644,car_insurance,8,2025-09-20 10:10:39.328054227
SIM01644,bike_insurance,17,2026-06-21 14:58:46.468640536
SIM01645,savings_account,-1,2024-12-31 00:00:00.000000000
SIM01645,car_insurance,14,2026-03-05 13:05:04.991010302
SIM01645,car_loan,14,2026-03-02 13:05:04.991010302
SIM01645,life_insurance,23,2026-12-23 04:35:06.195158482
SIM01646,savings_account,-1,2024-12-31 00:00:00.000000000
SIM01646,credit_card,-1,2024-12-31 00:00:00.000000000
SIM01646,investment_account,14,2026-03-06 20:52:28.501936402
SIM01646,car_insurance,14,2026-03-29 15:47:52.320877415
SIM01646,car_loan,14,2026-03-26 15:47:52.320877415
SIM01647,savings_account,-1,2024-12-31 00:00:00.000000000
SIM01647,credit_card,-1,2024-12-31 00:00:00.000000000
SIM01648,car_insurance,10,2025-11-12 18:45:21.744526857
SIM01648,car_loan,10,2025-11-09 18:45:21.744526857
SIM01649,savings_account,-1,2024-12-31 00:00:00.000000000
SIM01649,credit_card,-1,2024-12-31 00:00:00.000000000
SIM01649,home_loan,11,2025-12-31 16:40:01.517434634
SIM01649,home_insurance,12,2026-01-01 16:40:01.517434634
SIM01649,life_insurance,12,2026-01-01 16:40:01.517434634
SIM01650,savings_account,-1,2024-12-31 00:00:00.000000000
SIM01650,credit_card,-1,2024-12-31 00:00:00.000000000
SIM01650,car_insurance,20,2026-09-30 12:04:51.588007565
SIM01650,home_loan,15,2026-04-10 22:21:02.976058296
SIM01650,home_insurance,15,2026-04-11 22:21:02.976058296
SIM01650,life_insurance,15,2026-04-11 22:21:02.976058296
SIM01652,savings_account,-1,2024-12-31 00:00:00.000000000
SIM01653,car_insurance,18,2026-07-25 06:21:49.243849167
SIM01653,car_loan,18,2026-07-22 06:21:49.243849167
SIM01654,savings_account,-1,2024-12-31 00:00:00.000000000
SIM01654,credit_card,-1,2024-12-31 00:00:00.000000000
SIM01654,car_insurance,14,2026-03-07 14:14:29.064756357
SIM01654,car_loan,14,2026-03-04 14:14:29.064756357
SIM01655,savings_account,-1,2024-12-31 00:00:00.000000000
SIM01655,car_insurance,15,2026-04-29 10:55:35.238226412
SIM01655,car_loan,15,2026-04-26 10:55:35.238226412
SIM01656,savings_account,-1,2024-12-31 00:00:00.000000000
SIM01656,credit_card,-1,2024-12-31 00:00:00.000000000
SIM01656,home_loan,9,2025-10-10 13:38:19.041649115
SIM01656,home_insurance,9,2025-10-11 13:38:19.041649115
SIM01656,life_insurance,9,2025-10-11 13:38:19.041649115
SIM01657,credit_card,-1,2024-12-31 00:00:00.000000000
SIM01657,home_loan,6,2025-07-24 08:19:00.091788434
SIM01657,home_insurance,6,2025-07-25 08:19:00.091788434
SIM01657,life_insurance,6,2025-07-25 08:19:00.091788434
SIM01658,savings_account,-1,2024-12-31 00:00:00.000000000
SIM01658,car_insurance,3,2025-04-15 05:48:45.342741704
SIM01658,car_loan,3,2025-04-12 05:48:45.342741704
SIM01658,bike_insurance,20,2026-09-11 14:46:44.123458019
SIM01658,life_insurance,20,2026-09-06 07:26:37.950194711
SIM01659,savings_account,-1,2024-12-31 00:00:00.000000000
SIM01659,credit_card,-1,2024-12-31 00:00:00.000000000
SIM01659,bike_insurance,12,2026-01-06 20:14:06.217851287
SIM01659,car_insurance,15,2026-04-08 05:35:03.685258139
SIM01661,savings_account,-1,2024-12-31 00:00:00.000000000
SIM01662,credit_card,-1,2024-12-31 00:00:00.000000000
SIM01663,car_insurance,19,2026-08-18 08:58:40.961504654
SIM01663,home_loan,10,2025-11-02 01:01:20.274794327
SIM01663,home_insurance,10,2025-11-03 01:01:20.274794327
SIM01663,life_insurance,8,2025-09-17 08:01:25.707010357
SIM01664,savings_account,-1,2024-12-31 00:00:00.000000000
SIM01664,credit_card,-1,2024-12-31 00:00:00.000000000
SIM01664,car_insurance,21,2026-10-31 13:18:32.487295031
SIM01664,car_loan,21,2026-10-28 13:18:32.487295031
SIM01665,savings_account,-1,2024-12-31 00:00:00.000000000
SIM01665,credit_card,-1,2024-12-31 00:00:00.000000000
SIM01665,investment_account,13,2026-02-08 21:41:26.095365439
SIM01666,credit_card,-1,2024-12-31 00:00:00.000000000
SIM01666,bike_insurance,17,2026-06-26 02:31:31.198130132
SIM01667,savings_account,-1,2024-12-31 00:00:00.000000000
SIM01667,credit_card,-1,2024-12-31 00:00:00.000000000
SIM01667,investment_account,8,2025-09-11 13:24:26.944060839
SIM01668,savings_account,-1,2024-12-31 00:00:00.000000000
SIM01668,bike_insurance,21,2026-10-25 21:06:53.121420635
SIM01669,savings_account,-1,2024-12-31 00:00:00.000000000
SIM01669,investment_account,23,2026-12-22 09:59:26.333318483
SIM01669,car_insurance,9,2025-10-27 13:21:09.761470644
SIM01671,savings_account,-1,2024-12-31 00:00:00.000000000
SIM01671,credit_card,-1,2024-12-31 00:00:00.000000000
SIM01672,savings_account,-1,2024-12-31 00:00:00.000000000
SIM01672,bike_insurance,16,2026-05-06 16:06:42.690788892
SIM01672,investment_account,9,2025-10-03 03:48:33.802055297
SIM01673,credit_card,-1,2024-12-31 00:00:00.000000000
SIM01674,savings_account,-1,2024-12-31 00:00:00.000000000
SIM01674,investment_account,3,2025-04-06 16:56:39.074816425
SIM01675,savings_account,-1,2024-12-31 00:00:00.000000000
SIM01676,savings_account,-1,2024-12-31 00:00:00.000000000
SIM01676,credit_card,-1,2024-12-31 00:00:00.000000000
SIM01676,car_insurance,4,2025-05-27 10:51:16.430942422
SIM01676,car_loan,4,2025-05-24 10:51:16.430942422
SIM01677,credit_card,-1,2024-12-31 00:00:00.000000000
SIM01677,investment_account,17,2026-06-13 02:21:55.567487432
SIM01678,savings_account,-1,2024-12-31 00:00:00.000000000
SIM01678,credit_card,-1,2024-12-31 00:00:00.000000000
SIM01678,home_loan,15,2026-04-25 21:24:45.556489198
SIM01678,home_insurance,15,2026-04-26 21:24:45.556489198
SIM01678,life_insurance,15,2026-04-26 21:24:45.556489198
SIM01679,savings_account,-1,2024-12-31 00:00:00.000000000
SIM01679,home_loan,14,2026-03-25 19:59:33.140184177
SIM01679,home_insurance,14,2026-03-26 19:59:33.140184177
SIM01679,life_insurance,14,2026-03-26 19:59:33.140184177
SIM01680,savings_account,-1,2024-12-31 00:00:00.000000000
SIM01680,credit_card,-1,2024-12-31 00:00:00.000000000
SIM01680,home_loan,13,2026-02-22 04:06:39.143691375
SIM01680,home_insurance,13,2026-02-23 04:06:39.143691375
SIM01680,life_insurance,13,2026-02-23 04:06:39.143691375
SIM01681,savings_account,-1,2024-12-31 00:00:00.000000000
SIM01682,home_loan,11,2025-12-23 16:23:20.857220997
SIM01682,home_insurance,11,2025-12-24 16:23:20.857220997
SIM01682,life_insurance,11,2025-12-24 16:23:20.857220997
SIM01683,savings_account,-1,2024-12-31 00:00:00.000000000
SIM01684,savings_account,-1,2024-12-31 00:00:00.000000000
SIM01684,credit_card,-1,2024-12-31 00:00:00.000000000
SIM01684,investment_account,16,2026-05-24 01:22:06.906273603
SIM01684,home_loan,10,2025-11-09 15:08:23.580893455
SIM01684,home_insurance,10,2025-11-10 15:08:23.580893455
SIM01684,life_insurance,10,2025-11-10 15:08:23.580893455
SIM01685,bike_insurance,11,2025-12-25 10:12:38.162883431
SIM01686,credit_card,-1,2024-12-31 00:00:00.000000000
SIM01686,car_insurance,9,2025-10-19 08:27:02.740361015
SIM01686,car_loan,9,2025-10-16 08:27:02.740361015
SIM01686,home_loan,19,2026-08-06 12:47:02.172301015
SIM01686,home_insurance,19,2026-08-07 12:47:02.172301015
SIM01686,life_insurance,19,2026-08-07 12:47:02.172301015
SIM01689,savings_account,-1,2024-12-31 00:00:00.000000000
SIM01689,car_insurance,15,2026-04-09 17:05:01.487231647
SIM01689,car_loan,15,2026-04-06 17:05:01.487231647
SIM01689,bike_insurance,10,2025-11-28 04:08:08.853430139
SIM01689,investment_account,20,2026-09-28 21:18:24.762670742
SIM01690,savings_account,-1,2024-12-31 00:00:00.000000000
SIM01690,credit_card,-1,2024-12-31 00:00:00.000000000
SIM01691,savings_account,-1,2024-12-31 00:00:00.000000000
SIM01693,savings_account,-1,2024-12-31 00:00:00.000000000
SIM01693,credit_card,-1,2024-12-31 00:00:00.000000000
SIM01693,home_loan,22,2026-11-04 00:46:34.339082895
SIM01693,home_insurance,22,2026-11-05 00:46:34.339082895
SIM01693,life_insurance,19,2026-08-22 16:42:17.123698055
SIM01694,savings_account,-1,2024-12-31 00:00:00.000000000
SIM01694,credit_card,-1,2024-12-31 00:00:00.000000000
SIM01694,home_loan,8,2025-09-24 10:56:09.630167792
SIM01694,home_insurance,8,2025-09-25 10:56:09.630167792
SIM01694,life_insurance,8,2025-09-25 10:56:09.630167792
SIM01695,bike_insurance,21,2026-10-15 17:31:28.078562397
SIM01696,bike_insurance,17,2026-06-15 21:10:21.448242643
SIM01698,savings_account,-1,2024-12-31 00:00:00.000000000
SIM01698,credit_card,-1,2024-12-31 00:00:00.000000000
SIM01698,car_insurance,23,2026-12-16 01:45:42.430491237
SIM01698,car_loan,23,2026-12-13 01:45:42.430491237
SIM01698,life_insurance,11,2025-12-07 02:01:26.040919590
SIM01698,investment_account,23,2026-12-11 07:56:26.277758867
SIM01699,savings_account,-1,2024-12-31 00:00:00.000000000
SIM01700,savings_account,-1,2024-12-31 00:00:00.000000000
SIM01700,bike_insurance,8,2025-09-23 19:00:45.707285848
SIM01702,savings_account,-1,2024-12-31 00:00:00.000000000
SIM01702,credit_card,-1,2024-12-31 00:00:00.000000000
SIM01702,life_insurance,13,2026-02-17 21:27:08.729652674
SIM01704,credit_card,-1,2024-12-31 00:00:00.000000000
SIM01704,car_insurance,10,2025-11-17 08:58:09.919195798
SIM01705,savings_account,-1,2024-12-31 00:00:00.000000000
SIM01705,credit_card,-1,2024-12-31 00:00:00.000000000
SIM01705,investment_account,19,2026-08-08 22:31:39.507555938
SIM01705,car_insurance,6,2025-07-13 03:48:25.584338285
SIM01706,credit_card,-1,2024-12-31 00:00:00.000000000
SIM01706,car_insurance,14,2026-03-21 04:15:20.925975967
SIM01706,car_loan,14,2026-03-18 04:15:20.925975967
SIM01706,home_loan,17,2026-06-15 21:08:13.716268148
SIM01706,home_insurance,17,2026-06-16 21:08:13.716268148
SIM01706,life_insurance,17,2026-06-16 21:08:13.716268148
SIM01706,investment_account,6,2025-07-13 20:44:21.079844287
SIM01707,savings_account,-1,2024-12-31 00:00:00.000000000
SIM01708,savings_account,-1,2024-12-31 00:00:00.000000000
SIM01708,home_loan,20,2026-09-15 09:37:10.294179927
SIM01708,home_insurance,20,2026-09-16 09:37:10.294179927
SIM01708,life_insurance,20,2026-09-16 09:37:10.294179927
SIM01709,savings_account,-1,2024-12-31 00:00:00.000000000
SIM01709,credit_card,-1,2024-12-31 00:00:00.000000000
SIM01709,car_insurance,16,2026-05-22 12:57:50.402625182
SIM01709,car_loan,16,2026-05-19 12:57:50.402625182
SIM01710,savings_account,-1,2024-12-31 00:00:00.000000000
SIM01710,credit_card,-1,2024-12-31 00:00:00.000000000
SIM01711,savings_account,-1,2024-12-31 00:00:00.000000000
SIM01711,investment_account,14,2026-03-12 10:58:24.083157340
SIM01712,savings_account,-1,2024-12-31 00:00:00.000000000
SIM01712,credit_card,-1,2024-12-31 00:00:00.000000000
SIM01712,car_insurance,12,2026-01-31 11:53:57.733762354
SIM01712,investment_account,16,2026-05-21 08:13:16.962942508
SIM01713,car_insurance,22,2026-11-23 08:22:40.581340538
SIM01713,home_loan,9,2025-10-21 01:58:14.398710877
SIM01713,home_insurance,9,2025-10-22 01:58:14.398710877
SIM01713,life_insurance,9,2025-10-22 01:58:14.398710877
SIM01714,savings_account,-1,2024-12-31 00:00:00.000000000
SIM01714,home_loan,12,2026-01-22 19:36:40.546221921
SIM01714,home_insurance,12,2026-01-23 19:36:40.546221921
SIM01714,life_insurance,12,2026-01-23 19:36:40.546221921
SIM01715,savings_account,-1,2024-12-31 00:00:00.000000000
SIM01716,car_insurance,6,2025-07-18 07:37:59.957563779
SIM01716,car_loan,6,2025-07-15 07:37:59.957563779
SIM01716,bike_insurance,22,2026-11-17 17:20:26.542072454
SIM01717,savings_account,-1,2024-12-31 00:00:00.000000000
SIM01717,car_insurance,12,2026-01-11 04:35:14.580741410
SIM01717,car_loan,12,2026-01-08 04:35:14.580741410
SIM01718,savings_account,-1,2024-12-31 00:00:00.000000000
SIM01718,credit_card,-1,2024-12-31 00:00:00.000000000
SIM01718,investment_account,23,2026-12-24 05:54:23.381811902
SIM01718,car_insurance,10,2025-11-15 11:08:57.710192283
SIM01718,car_loan,10,2025-11-12 11:08:57.710192283
SIM01720,savings_account,-1,2024-12-31 00:00:00.000000000
SIM01720,investment_account,17,2026-06-13 13:41:45.713167944
SIM01720,car_insurance,21,2026-10-19 21:15:02.213945016
SIM01721,bike_insurance,12,2026-01-06 14:27:20.967275418
SIM01722,savings_account,-1,2024-12-31 00:00:00.000000000
SIM01722,car_insurance,6,2025-07-24 20:43:06.182570347
SIM01722,car_loan,6,2025-07-21 20:43:06.182570347
SIM01723,investment_account,5,2025-06-25 18:52:06.640892600
SIM01724,savings_account,-1,2024-12-31 00:00:00.000000000
SIM01724,credit_card,-1,2024-12-31 00:00:00.000000000
SIM01724,car_insurance,12,2026-01-22 18:56:32.164844805
SIM01724,home_loan,8,2025-09-07 23:23:41.964881438
SIM01724,home_insurance,8,2025-09-08 23:23:41.964881438
SIM01724,life_insurance,8,2025-09-08 23:23:41.964881438
SIM01724,investment_account,12,2026-01-08 00:55:53.745404761
SIM01725,savings_account,-1,2024-12-31 00:00:00.000000000
SIM01725,bike_insurance,23,2026-12-20 11:06:28.423885318
SIM01725,investment_account,18,2026-07-18 01:50:05.012865870
SIM01726,savings_account,-1,2024-12-31 00:00:00.000000000
SIM01726,credit_card,-1,2024-12-31 00:00:00.000000000
SIM01726,car_insurance,22,2026-11-20 10:31:25.251456905
SIM01726,bike_insurance,7,2025-08-29 16:52:11.370693142
SIM01726,life_insurance,17,2026-06-30 18:12:56.191900910
SIM01727,savings_account,-1,2024-12-31 00:00:00.000000000
SIM01727,credit_card,-1,2024-12-31 00:00:00.000000000
SIM01727,investment_account,17,2026-06-02 13:06:31.807952551
SIM01727,home_loan,13,2026-02-24 01:54:06.154132416
SIM01727,home_insurance,13,2026-02-25 01:54:06.154132416
SIM01727,life_insurance,13,2026-02-25 01:54:06.154132416
SIM01728,car_insurance,7,2025-08-14 10:08:42.551830919
SIM01728,car_loan,7,2025-08-11 10:08:42.551830919
SIM01728,home_loan,6,2025-07-26 08:31:00.342059338
SIM01728,home_insurance,6,2025-07-27 08:31:00.342059338
SIM01728,life_insurance,6,2025-07-27 08:31:00.342059338
SIM01728,bike_insurance,11,2025-12-10 21:39:50.214736815
SIM01728,investment_account,5,2025-06-19 11:30:37.595991888
SIM01730,savings_account,-1,2024-12-31 00:00:00.000000000
SIM01730,life_insurance,6,2025-07-28 00:31:18.815785713
SIM01731,savings_account,-1,2024-12-31 00:00:00.000000000
SIM01731,credit_card,-1,2024-12-31 00:00:00.000000000
SIM01732,savings_account,-1,2024-12-31 00:00:00.000000000
SIM01733,savings_account,-1,2024-12-31 00:00:00.000000000
SIM01733,credit_card,-1,2024-12-31 00:00:00.000000000
SIM01733,home_loan,14,2026-03-27 22:29:28.893753918
SIM01733,home_insurance,14,2026-03-28 22:29:28.893753918
SIM01733,life_insurance,14,2026-03-28 22:29:28.893753918
SIM01734,savings_account,-1,2024-12-31 00:00:00.000000000
SIM01734,credit_card,-1,2024-12-31 00:00:00.000000000
SIM01734,investment_account,19,2026-08-15 09:30:51.331642280
SIM01734,car_insurance,5,2025-06-06 22:18:04.515920960
SIM01735,savings_account,-1,2024-12-31 00:00:00.000000000
SIM01735,bike_insurance,3,2025-04-12 00:57:35.022974893
SIM01736,savings_account,-1,2024-12-31 00:00:00.000000000
SIM01736,car_insurance,17,2026-06-26 02:42:42.994561707
SIM01736,home_loan,23,2026-12-03 18:12:50.297270542
SIM01736,home_insurance,23,2026-12-04 18:12:50.297270542
SIM01736,life_insurance,23,2026-12-04 18:12:50.297270542
SIM01737,credit_card,-1,2024-12-31 00:00:00.000000000
SIM01737,bike_insurance,15,2026-04-28 07:52:32.657130051
SIM01738,savings_account,-1,2024-12-31 00:00:00.000000000
SIM01738,credit_card,-1,2024-12-31 00:00:00.000000000
SIM01738,home_loan,11,2025-12-16 23:04:21.669542497
SIM01738,home_insurance,11,2025-12-17 23:04:21.669542497
SIM01738,life_insurance,11,2025-12-17 23:04:21.669542497
SIM01738,car_insurance,12,2026-01-08 04:07:56.057530253
SIM01738,car_loan,12,2026-01-05 04:07:56.057530253
SIM01739,credit_card,-1,2024-12-31 00:00:00.000000000
SIM01739,car_insurance,11,2025-12-07 18:43:18.843046780
SIM01739,car_loan,11,2025-12-04 18:43:18.843046780
SIM01739,investment_account,7,2025-08-24 13:45:17.943970352
SIM01740,savings_account,-1,2024-12-31 00:00:00.000000000
SIM01740,credit_card,-1,2024-12-31 00:00:00.000000000
SIM01741,credit_card,-1,2024-12-31 00:00:00.000000000
SIM01742,savings_account,-1,2024-12-31 00:00:00.000000000
SIM01742,bike_insurance,12,2026-01-08 09:38:56.985039236
SIM01743,savings_account,-1,2024-12-31 00:00:00.000000000
SIM01743,credit_card,-1,2024-12-31 00:00:00.000000000
SIM01743,investment_account,15,2026-04-19 02:56:01.746753691
SIM01743,car_insurance,12,2026-01-05 12:32:10.643718124
SIM01744,savings_account,-1,2024-12-31 00:00:00.000000000
SIM01744,home_loan,13,2026-02-02 05:44:37.825028708
SIM01744,home_insurance,13,2026-02-03 05:44:37.825028708
SIM01744,life_insurance,13,2026-02-03 05:44:37.825028708
SIM01746,life_insurance,9,2025-10-31 23:58:21.382310347
SIM01747,savings_account,-1,2024-12-31 00:00:00.000000000
SIM01747,investment_account,18,2026-07-28 15:08:11.389258696
SIM01747,car_insurance,11,2025-12-30 15:30:18.833569025
SIM01747,car_loan,11,2025-12-27 15:30:18.833569025
SIM01748,savings_account,-1,2024-12-31 00:00:00.000000000
SIM01748,life_insurance,17,2026-06-15 12:25:30.562279408
SIM01748,bike_insurance,10,2025-11-16 03:54:38.307140044
SIM01749,savings_account,-1,2024-12-31 00:00:00.000000000
SIM01749,credit_card,-1,2024-12-31 00:00:00.000000000
SIM01749,home_loan,19,2026-08-16 00:18:09.405718408
SIM01749,home_insurance,19,2026-08-17 00:18:09.405718408
SIM01749,life_insurance,19,2026-08-17 00:18:09.405718408
SIM01751,savings_account,-1,2024-12-31 00:00:00.000000000
SIM01751,credit_card,-1,2024-12-31 00:00:00.000000000
SIM01751,investment_account,21,2026-10-17 19:32:57.970865053
SIM01751,home_loan,12,2026-01-30 17:53:28.584140030
SIM01751,home_insurance,12,2026-01-31 17:53:28.584140030
SIM01751,life_insurance,12,2026-01-31 17:53:28.584140030
SIM01751,car_insurance,10,2025-11-05 21:34:20.086513463
SIM01752,savings_account,-1,2024-12-31 00:00:00.000000000
SIM01752,credit_card,-1,2024-12-31 00:00:00.000000000
SIM01752,life_insurance,12,2026-01-06 19:26:31.231547900
SIM01752,investment_account,8,2025-09-16 14:04:44.323796769
SIM01753,savings_account,-1,2024-12-31 00:00:00.000000000
SIM01753,bike_insurance,9,2025-10-03 00:34:10.429128041
SIM01754,bike_insurance,7,2025-08-14 14:01:27.865354021
SIM01757,savings_account,-1,2024-12-31 00:00:00.000000000
SIM01758,savings_account,-1,2024-12-31 00:00:00.000000000
SIM01758,bike_insurance,10,2025-11-24 07:19:58.821076327
SIM01759,savings_account,-1,2024-12-31 00:00:00.000000000
SIM01759,bike_insurance,12,2026-01-10 21:40:38.046405719
SIM01760,savings_account,-1,2024-12-31 00:00:00.000000000
SIM01761,credit_card,-1,2024-12-31 00:00:00.000000000
SIM01762,savings_account,-1,2024-12-31 00:00:00.000000000
SIM01762,credit_card,-1,2024-12-31 00:00:00.000000000
SIM01762,car_insurance,11,2025-12-29 05:49:54.481393702
SIM01762,home_loan,23,2026-12-09 13:21:52.842978366
SIM01762,home_insurance,23,2026-12-10 13:21:52.842978366
SIM01762,life_insurance,23,2026-12-10 13:21:52.842978366
SIM01763,savings_account,-1,2024-12-31 00:00:00.000000000
SIM01763,credit_card,-1,2024-12-31 00:00:00.000000000
SIM01763,bike_insurance,8,2025-09-20 19:09:01.119389896
SIM01764,home_loan,6,2025-07-08 10:54:00.755640543
SIM01764,home_insurance,6,2025-07-09 10:54:00.755640543
SIM01764,life_insurance,6,2025-07-09 10:54:00.755640543
SIM01765,savings_account,-1,2024-12-31 00:00:00.000000000
SIM01765,credit_card,-1,2024-12-31 00:00:00.000000000
SIM01765,car_insurance,23,2026-12-28 04:49:46.642188649
SIM01765,car_loan,23,2026-12-25 04:49:46.642188649
SIM01766,savings_account,-1,2024-12-31 00:00:00.000000000
SIM01766,credit_card,-1,2024-12-31 00:00:00.000000000
SIM01766,life_insurance,8,2025-09-17 05:28:16.580742467
SIM01766,bike_insurance,16,2026-05-26 21:19:41.674259612
SIM01767,savings_account,-1,2024-12-31 00:00:00.000000000
SIM01767,credit_card,-1,2024-12-31 00:00:00.000000000
SIM01767,bike_insurance,11,2025-12-15 00:03:02.545053819
SIM01768,savings_account,-1,2024-12-31 00:00:00.000000000
SIM01768,car_insurance,17,2026-06-11 17:23:18.178706000
SIM01768,car_loan,17,2026-06-08 17:23:18.178706000
SIM01768,home_loan,20,2026-09-05 16:03:58.410158650
SIM01768,home_insurance,20,2026-09-06 16:03:58.410158650
SIM01768,life_insurance,20,2026-09-06 16:03:58.410158650
SIM01769,credit_card,-1,2024-12-31 00:00:00.000000000
SIM01769,car_insurance,8,2025-09-23 12:09:40.868085321
SIM01769,home_loan,14,2026-03-22 04:46:06.719935831
SIM01769,home_insurance,14,2026-03-23 04:46:06.719935831
SIM01769,life_insurance,10,2025-11-11 09:42:38.756454127
SIM01769,savings_account,10,2025-11-16 09:42:38.756454127
SIM01770,savings_account,-1,2024-12-31 00:00:00.000000000
SIM01770,credit_card,-1,2024-12-31 00:00:00.000000000
SIM01770,car_insurance,3,2025-04-10 22:14:49.140425019
SIM01770,life_insurance,22,2026-11-06 23:01:29.069745598
SIM01771,car_insurance,10,2025-11-12 22:25:29.959539192
SIM01771,car_loan,10,2025-11-09 22:25:29.959539192
SIM01772,savings_account,-1,2024-12-31 00:00:00.000000000
SIM01772,credit_card,-1,2024-12-31 00:00:00.000000000
SIM01773,savings_account,-1,2024-12-31 00:00:00.000000000
SIM01773,credit_card,-1,2024-12-31 00:00:00.000000000
SIM01773,home_loan,16,2026-05-21 18:13:32.746997395
SIM01773,home_insurance,16,2026-05-22 18:13:32.746997395
SIM01773,life_insurance,16,2026-05-22 18:13:32.746997395
SIM01773,investment_account,23,2026-12-27 17:26:04.048954862
SIM01774,savings_account,-1,2024-12-31 00:00:00.000000000
SIM01774,credit_card,-1,2024-12-31 00:00:00.000000000
SIM01774,home_loan,10,2025-11-20 17:44:51.909733443
SIM01774,home_insurance,10,2025-11-21 17:44:51.909733443
SIM01774,life_insurance,10,2025-11-21 17:44:51.909733443
SIM01774,bike_insurance,8,2025-09-08 02:56:46.522047443
SIM01775,savings_account,-1,2024-12-31 00:00:00.000000000
SIM01775,credit_card,-1,2024-12-31 00:00:00.000000000
SIM01776,savings_account,-1,2024-12-31 00:00:00.000000000
SIM01776,home_loan,9,2025-10-03 14:52:33.388888466
SIM01776,home_insurance,9,2025-10-04 14:52:33.388888466
SIM01776,life_insurance,9,2025-10-04 14:52:33.388888466
SIM01776,investment_account,12,2026-01-25 08:12:00.447916057
SIM01777,credit_card,-1,2024-12-31 00:00:00.000000000
SIM01778,savings_account,-1,2024-12-31 00:00:00.000000000
SIM01779,savings_account,-1,2024-12-31 00:00:00.000000000
SIM01779,credit_card,-1,2024-12-31 00:00:00.000000000
SIM01780,bike_insurance,3,2025-04-18 18:55:40.588849100
SIM01781,savings_account,-1,2024-12-31 00:00:00.000000000
SIM01781,investment_account,12,2026-01-15 14:11:03.163172958
SIM01782,savings_account,-1,2024-12-31 00:00:00.000000000
SIM01782,car_insurance,11,2025-12-26 07:24:50.355807263
SIM01782,car_loan,11,2025-12-23 07:24:50.355807263
SIM01782,home_loan,3,2025-04-24 10:54:46.057078521
SIM01782,home_insurance,3,2025-04-25 10:54:46.057078521
SIM01782,life_insurance,3,2025-04-25 10:54:46.057078521
SIM01783,savings_account,-1,2024-12-31 00:00:00.000000000
SIM01783,credit_card,-1,2024-12-31 00:00:00.000000000
SIM01783,investment_account,9,2025-10-11 10:33:29.572231833
SIM01784,credit_card,-1,2024-12-31 00:00:00.000000000
SIM01785,savings_account,-1,2024-12-31 00:00:00.000000000
SIM01786,credit_card,-1,2024-12-31 00:00:00.000000000
SIM01786,bike_insurance,3,2025-04-26 21:03:44.560123730
SIM01787,savings_account,-1,2024-12-31 00:00:00.000000000
SIM01787,bike_insurance,9,2025-10-08 08:41:29.495093205
SIM01788,savings_account,-1,2024-12-31 00:00:00.000000000
SIM01788,home_loan,4,2025-05-30 01:15:13.583376942
SIM01788,home_insurance,4,2025-05-31 01:15:13.583376942
SIM01788,life_insurance,4,2025-05-31 01:15:13.583376942
SIM01789,credit_card,-1,2024-12-31 00:00:00.000000000
SIM01789,home_loan,6,2025-07-07 01:26:40.150788900
SIM01789,home_insurance,6,2025-07-08 01:26:40.150788900
SIM01789,life_insurance,6,2025-07-08 01:26:40.150788900
SIM01790,car_insurance,10,2025-11-19 08:03:14.618971049
SIM01790,car_loan,10,2025-11-16 08:03:14.618971049
SIM01791,savings_account,-1,2024-12-31 00:00:00.000000000
SIM01791,credit_card,-1,2024-12-31 00:00:00.000000000
SIM01791,home_loan,7,2025-08-08 10:09:14.484002660
SIM01791,home_insurance,7,2025-08-09 10:09:14.484002660
SIM01791,life_insurance,7,2025-08-09 10:09:14.484002660
SIM01793,savings_account,-1,2024-12-31 00:00:00.000000000
SIM01793,credit_card,-1,2024-12-31 00:00:00.000000000
SIM01793,home_loan,14,2026-03-20 00:31:41.892561751
SIM01793,home_insurance,14,2026-03-21 00:31:41.892561751
SIM01793,life_insurance,14,2026-03-21 00:31:41.892561751
SIM01793,bike_insurance,20,2026-09-25 00:24:07.664137169
SIM01794,savings_account,-1,2024-12-31 00:00:00.000000000
SIM01794,credit_card,-1,2024-12-31 00:00:00.000000000
SIM01794,car_insurance,12,2026-01-18 11:24:17.932645594
SIM01794,car_loan,12,2026-01-15 11:24:17.932645594
SIM01794,home_loan,17,2026-06-23 07:37:37.074751831
SIM01794,home_insurance,17,2026-06-24 07:37:37.074751831
SIM01794,life_insurance,17,2026-06-24 07:37:37.074751831
SIM01795,savings_account,-1,2024-12-31 00:00:00.000000000
SIM01795,credit_card,-1,2024-12-31 00:00:00.000000000
SIM01795,investment_account,6,2025-07-19 02:39:48.410504226
SIM01795,home_loan,20,2026-09-10 14:09:35.145525965
SIM01795,home_insurance,20,2026-09-11 14:09:35.145525965
SIM01795,life_insurance,20,2026-09-11 14:09:35.145525965
SIM01796,savings_account,-1,2024-12-31 00:00:00.000000000
SIM01796,credit_card,-1,2024-12-31 00:00:00.000000000
SIM01796,car_insurance,4,2025-05-17 13:17:40.574185927
SIM01796,car_loan,4,2025-05-14 13:17:40.574185927
SIM01797,credit_card,-1,2024-12-31 00:00:00.000000000
SIM01797,investment_account,3,2025-04-28 17:38:12.847912143
SIM01797,home_loan,20,2026-09-28 22:20:46.407936047
SIM01797,home_insurance,20,2026-09-29 22:20:46.407936047
SIM01797,life_insurance,20,2026-09-29 22:20:46.407936047
SIM01798,credit_card,-1,2024-12-31 00:00:00.000000000
SIM01798,investment_account,3,2025-04-23 13:31:15.947239571
SIM01798,home_loan,10,2025-11-04 01:28:04.756717940
SIM01798,home_insurance,10,2025-11-05 01:28:04.756717940
SIM01798,life_insurance,10,2025-11-05 01:28:04.756717940
SIM01799,savings_account,-1,2024-12-31 00:00:00.000000000
SIM01799,credit_card,-1,2024-12-31 00:00:00.000000000
SIM01799,life_insurance,14,2026-03-14 04:30:18.522873326
SIM01800,credit_card,-1,2024-12-31 00:00:00.000000000
SIM01801,savings_account,-1,2024-12-31 00:00:00.000000000
SIM01801,credit_card,-1,2024-12-31 00:00:00.000000000
SIM01802,savings_account,-1,2024-12-31 00:00:00.000000000
SIM01802,credit_card,-1,2024-12-31 00:00:00.000000000
SIM01802,bike_insurance,14,2026-03-22 22:37:27.898676416
SIM01803,savings_account,-1,2024-12-31 00:00:00.000000000
SIM01803,credit_card,-1,2024-12-31 00:00:00.000000000
SIM01803,home_loan,13,2026-02-09 18:30:23.662400417
SIM01803,home_insurance,13,2026-02-10 18:30:23.662400417
SIM01803,life_insurance,13,2026-02-10 18:30:23.662400417
SIM01803,bike_insurance,11,2025-12-21 19:05:04.043515238
SIM01804,savings_account,-1,2024-12-31 00:00:00.000000000
SIM01805,savings_account,-1,2024-12-31 00:00:00.000000000
SIM01805,credit_card,-1,2024-12-31 00:00:00.000000000
SIM01805,car_insurance,10,2025-11-22 09:51:14.305051913
SIM01805,car_loan,10,2025-11-19 09:51:14.305051913
SIM01806,savings_account,-1,2024-12-31 00:00:00.000000000
SIM01806,credit_card,-1,2024-12-31 00:00:00.000000000
SIM01807,savings_account,-1,2024-12-31 00:00:00.000000000
SIM01807,credit_card,-1,2024-12-31 00:00:00.000000000
SIM01807,car_insurance,14,2026-03-28 22:39:24.834765537
SIM01807,car_loan,14,2026-03-25 22:39:24.834765537
SIM01808,credit_card,-1,2024-12-31 00:00:00.000000000
SIM01808,investment_account,13,2026-02-27 04:24:29.799247876
SIM01810,bike_insurance,10,2025-11-17 01:01:04.060035476
SIM01810,car_insurance,19,2026-08-26 11:11:08.286973405
SIM01811,savings_account,-1,2024-12-31 00:00:00.000000000
SIM01811,home_loan,7,2025-08-31 12:42:14.244709485
SIM01811,home_insurance,8,2025-09-01 12:42:14.244709485
SIM01811,life_insurance,8,2025-09-01 12:42:14.244709485
SIM01811,bike_insurance,15,2026-04-11 09:06:04.763456011
SIM01812,savings_account,-1,2024-12-31 00:00:00.000000000
SIM01812,credit_card,-1,2024-12-31 00:00:00.000000000
SIM01812,investment_account,16,2026-05-16 12:27:24.479428526
SIM01814,savings_account,-1,2024-12-31 00:00:00.000000000
SIM01815,savings_account,-1,2024-12-31 00:00:00.000000000
SIM01815,credit_card,-1,2024-12-31 00:00:00.000000000
SIM01815,car_insurance,23,2026-12-06 04:16:29.564366334
SIM01815,car_loan,23,2026-12-03 04:16:29.564366334
SIM01815,life_insurance,14,2026-03-30 18:55:24.761906539
SIM01817,savings_account,-1,2024-12-31 00:00:00.000000000
SIM01817,credit_card,-1,2024-12-31 00:00:00.000000000
SIM01818,savings_account,-1,2024-12-31 00:00:00.000000000
SIM01819,savings_account,-1,2024-12-31 00:00:00.000000000
SIM01819,credit_card,-1,2024-12-31 00:00:00.000000000
SIM01819,investment_account,8,2025-09-10 11:47:43.056613342
SIM01819,home_loan,4,2025-05-30 02:41:27.348286560
SIM01819,home_insurance,4,2025-05-31 02:41:27.348286560
SIM01819,life_insurance,4,2025-05-31 02:41:27.348286560
SIM01819,bike_insurance,9,2025-10-08 04:00:22.430953051
SIM01820,savings_account,-1,2024-12-31 00:00:00.000000000
SIM01820,credit_card,-1,2024-12-31 00:00:00.000000000
SIM01820,investment_account,16,2026-05-13 02:56:48.476831276
SIM01820,car_insurance,6,2025-07-19 20:17:48.478778851
SIM01820,car_loan,6,2025-07-16 20:17:48.478778851
SIM01821,savings_account,-1,2024-12-31 00:00:00.000000000
SIM01821,credit_card,-1,2024-12-31 00:00:00.000000000
SIM01821,investment_account,15,2026-04-08 14:18:07.725220223
SIM01822,savings_account,-1,2024-12-31 00:00:00.000000000
SIM01822,credit_card,-1,2024-12-31 00:00:00.000000000
SIM01822,car_insurance,6,2025-07-10 09:13:12.536314521
SIM01822,car_loan,6,2025-07-07 09:13:12.536314521
SIM01822,home_loan,19,2026-08-25 20:00:59.109009544
SIM01822,home_insurance,19,2026-08-26 20:00:59.109009544
SIM01822,life_insurance,19,2026-08-16 05:50:57.550454781
SIM01823,savings_account,-1,2024-12-31 00:00:00.000000000
SIM01823,investment_account,3,2025-04-11 10:50:56.319864546
SIM01824,credit_card,-1,2024-12-31 00:00:00.000000000
SIM01824,bike_insurance,16,2026-05-15 21:21:58.472652694
SIM01825,savings_account,-1,2024-12-31 00:00:00.000000000
SIM01825,credit_card,-1,2024-12-31 00:00:00.000000000
SIM01825,home_loan,19,2026-08-29 04:41:58.790557853
SIM01825,home_insurance,19,2026-08-30 04:41:58.790557853
SIM01825,life_insurance,19,2026-08-30 04:41:58.790557853
SIM01825,bike_insurance,17,2026-06-19 21:35:34.403796817
SIM01827,savings_account,-1,2024-12-31 00:00:00.000000000
SIM01828,savings_account,-1,2024-12-31 00:00:00.000000000
SIM01828,credit_card,-1,2024-12-31 00:00:00.000000000
SIM01828,investment_account,10,2025-11-16 17:11:42.758572223
SIM01829,savings_account,-1,2024-12-31 00:00:00.000000000
SIM01829,home_loan,21,2026-10-18 07:44:58.110035906
SIM01829,home_insurance,21,2026-10-19 07:44:58.110035906
SIM01829,life_insurance,21,2026-10-19 07:44:58.110035906
SIM01830,savings_account,-1,2024-12-31 00:00:00.000000000
SIM01830,bike_insurance,14,2026-03-22 10:03:45.725690764
SIM01831,bike_insurance,20,2026-09-18 06:22:43.017006826
SIM01832,savings_account,-1,2024-12-31 00:00:00.000000000
SIM01833,bike_insurance,20,2026-09-27 22:01:56.035468380
SIM01834,savings_account,-1,2024-12-31 00:00:00.000000000
SIM01834,life_insurance,18,2026-07-03 05:48:58.313417867
SIM01835,savings_account,-1,2024-12-31 00:00:00.000000000
SIM01835,credit_card,-1,2024-12-31 00:00:00.000000000
SIM01835,home_loan,12,2026-01-10 16:35:16.884300657
SIM01835,home_insurance,12,2026-01-11 16:35:16.884300657
SIM01835,life_insurance,12,2026-01-11 16:35:16.884300657
SIM01835,car_insurance,17,2026-06-22 00:48:30.440420107
SIM01835,car_loan,17,2026-06-19 00:48:30.440420107
SIM01836,savings_account,-1,2024-12-31 00:00:00.000000000
SIM01837,credit_card,-1,2024-12-31 00:00:00.000000000
SIM01837,bike_insurance,18,2026-07-10 20:55:02.774135384
SIM01838,savings_account,-1,2024-12-31 00:00:00.000000000
SIM01839,savings_account,-1,2024-12-31 00:00:00.000000000
SIM01839,investment_account,16,2026-05-16 20:57:31.949631213
SIM01840,car_insurance,13,2026-02-16 18:26:15.815353130
SIM01840,car_loan,13,2026-02-13 18:26:15.815353130
SIM01841,savings_account,-1,2024-12-31 00:00:00.000000000
SIM01841,credit_card,-1,2024-12-31 00:00:00.000000000
SIM01841,car_insurance,9,2025-10-26 19:37:22.596793502
SIM01841,car_loan,9,2025-10-23 19:37:22.596793502
SIM01841,home_loan,11,2025-12-10 17:18:18.098717323
SIM01841,home_insurance,11,2025-12-11 17:18:18.098717323
SIM01841,life_insurance,11,2025-12-11 17:18:18.098717323
SIM01842,savings_account,-1,2024-12-31 00:00:00.000000000
SIM01842,credit_card,-1,2024-12-31 00:00:00.000000000
SIM01842,life_insurance,8,2025-09-02 07:16:44.703560204
SIM01844,investment_account,5,2025-06-13 08:16:27.660526373
SIM01845,savings_account,-1,2024-12-31 00:00:00.000000000
SIM01845,credit_card,-1,2024-12-31 00:00:00.000000000
SIM01846,credit_card,-1,2024-12-31 00:00:00.000000000
SIM01846,bike_insurance,19,2026-08-07 03:02:35.382351087
SIM01846,investment_account,13,2026-02-20 12:19:22.470949930
SIM01848,savings_account,-1,2024-12-31 00:00:00.000000000
SIM01848,credit_card,-1,2024-12-31 00:00:00.000000000
SIM01848,investment_account,15,2026-04-26 10:17:38.491199993
SIM01848,car_insurance,21,2026-10-27 06:54:16.743214595
SIM01849,savings_account,-1,2024-12-31 00:00:00.000000000
SIM01849,life_insurance,12,2026-01-12 10:44:23.761150377
SIM01850,savings_account,-1,2024-12-31 00:00:00.000000000
SIM01850,credit_card,-1,2024-12-31 00:00:00.000000000
SIM01850,life_insurance,14,2026-03-17 18:14:12.300474155
SIM01850,investment_account,19,2026-08-14 20:52:48.797516683
SIM01851,savings_account,-1,2024-12-31 00:00:00.000000000
SIM01851,credit_card,-1,2024-12-31 00:00:00.000000000
SIM01851,investment_account,20,2026-09-06 04:36:23.469004717
SIM01852,savings_account,-1,2024-12-31 00:00:00.000000000
SIM01852,car_insurance,3,2025-04-30 22:14:21.115853052
SIM01852,car_loan,3,2025-04-27 22:14:21.115853052
SIM01853,savings_account,-1,2024-12-31 00:00:00.000000000
SIM01853,home_loan,11,2025-12-17 02:34:54.163724056
SIM01853,home_insurance,11,2025-12-18 02:34:54.163724056
SIM01853,life_insurance,11,2025-12-18 02:34:54.163724056
SIM01854,savings_account,-1,2024-12-31 00:00:00.000000000
SIM01854,life_insurance,21,2026-10-06 18:31:35.109067074
SIM01855,savings_account,-1,2024-12-31 00:00:00.000000000
SIM01857,savings_account,-1,2024-12-31 00:00:00.000000000
SIM01857,credit_card,-1,2024-12-31 00:00:00.000000000
SIM01857,investment_account,22,2026-11-02 14:14:21.397859033
SIM01858,savings_account,-1,2024-12-31 00:00:00.000000000
SIM01858,credit_card,-1,2024-12-31 00:00:00.000000000
SIM01858,bike_insurance,16,2026-05-19 19:54:35.818184976
SIM01859,savings_account,-1,2024-12-31 00:00:00.000000000
SIM01860,credit_card,-1,2024-12-31 00:00:00.000000000
SIM01860,car_insurance,16,2026-05-14 20:01:53.109147606
SIM01860,car_loan,16,2026-05-11 20:01:53.109147606
SIM01861,car_insurance,8,2025-09-08 21:09:56.309082676
SIM01861,car_loan,8,2025-09-05 21:09:56.309082676
SIM01861,home_loan,15,2026-04-10 21:57:15.667860376
SIM01861,home_insurance,15,2026-04-11 21:57:15.667860376
SIM01861,life_insurance,15,2026-04-11 21:57:15.667860376
SIM01862,savings_account,-1,2024-12-31 00:00:00.000000000
SIM01862,car_insurance,3,2025-04-27 17:43:51.998607110
SIM01862,car_loan,3,2025-04-24 17:43:51.998607110
SIM01863,home_loan,15,2026-04-14 23:36:36.450912182
SIM01863,home_insurance,15,2026-04-15 23:36:36.450912182
SIM01863,life_insurance,15,2026-04-15 23:36:36.450912182
SIM01864,savings_account,-1,2024-12-31 00:00:00.000000000
SIM01864,credit_card,-1,2024-12-31 00:00:00.000000000
SIM01864,home_loan,19,2026-08-08 17:05:52.624653923
SIM01864,home_insurance,19,2026-08-09 17:05:52.624653923
SIM01864,life_insurance,19,2026-08-09 17:05:52.624653923
SIM01865,credit_card,-1,2024-12-31 00:00:00.000000000
SIM01866,savings_account,-1,2024-12-31 00:00:00.000000000
SIM01866,car_insurance,7,2025-08-23 01:43:41.283346874
SIM01866,car_loan,7,2025-08-20 01:43:41.283346874
SIM01867,savings_account,-1,2024-12-31 00:00:00.000000000
SIM01867,credit_card,-1,2024-12-31 00:00:00.000000000
SIM01867,car_insurance,21,2026-10-29 22:10:47.851422133
SIM01867,car_loan,21,2026-10-26 22:10:47.851422133
SIM01867,home_loan,3,2025-04-17 00:21:30.885553228
SIM01867,home_insurance,3,2025-04-18 00:21:30.885553228
SIM01867,life_insurance,3,2025-04-18 00:21:30.885553228
SIM01868,savings_account,-1,2024-12-31 00:00:00.000000000
SIM01868,credit_card,-1,2024-12-31 00:00:00.000000000
SIM01868,car_insurance,22,2026-11-21 04:44:44.115686617
SIM01868,home_loan,10,2025-11-30 22:04:06.691167460
SIM01868,home_insurance,11,2025-12-01 22:04:06.691167460
SIM01868,life_insurance,11,2025-12-01 22:04:06.691167460
SIM01868,investment_account,23,2026-12-11 05:39:29.057822962
SIM01869,credit_card,-1,2024-12-31 00:00:00.000000000
SIM01869,car_insurance,9,2025-10-23 03:11:53.981800082
SIM01869,bike_insurance,5,2025-06-23 03:08:47.039525376
SIM01870,savings_account,-1,2024-12-31 00:00:00.000000000
SIM01870,credit_card,-1,2024-12-31 00:00:00.000000000
SIM01870,investment_account,11,2025-12-17 06:54:20.221211179
SIM01871,savings_account,-1,2024-12-31 00:00:00.000000000
SIM01871,credit_card,-1,2024-12-31 00:00:00.000000000
SIM01872,savings_account,-1,2024-12-31 00:00:00.000000000
SIM01872,credit_card,-1,2024-12-31 00:00:00.000000000
SIM01872,bike_insurance,17,2026-06-16 22:29:25.331463387
SIM01872,car_insurance,10,2025-11-11 09:12:04.570930138
SIM01873,savings_account,-1,2024-12-31 00:00:00.000000000
SIM01873,credit_card,-1,2024-12-31 00:00:00.000000000
SIM01873,home_loan,21,2026-10-08 04:50:13.808091977
SIM01873,home_insurance,21,2026-10-09 04:50:13.808091977
SIM01873,life_insurance,21,2026-10-09 04:50:13.808091977
SIM01874,savings_account,-1,2024-12-31 00:00:00.000000000
SIM01875,savings_account,-1,2024-12-31 00:00:00.000000000
SIM01875,bike_insurance,22,2026-11-18 16:51:11.409015085
SIM01875,investment_account,4,2025-05-14 03:20:12.285320741
SIM01876,savings_account,-1,2024-12-31 00:00:00.000000000
SIM01876,credit_card,-1,2024-12-31 00:00:00.000000000
SIM01876,car_insurance,16,2026-05-23 05:52:53.686162896
SIM01876,car_loan,16,2026-05-20 05:52:53.686162896
SIM01877,savings_account,-1,2024-12-31 00:00:00.000000000
SIM01877,credit_card,-1,2024-12-31 00:00:00.000000000
SIM01877,investment_account,15,2026-04-21 11:44:40.416356467
SIM01878,savings_account,-1,2024-12-31 00:00:00.000000000
SIM01878,credit_card,-1,2024-12-31 00:00:00.000000000
SIM01879,savings_account,-1,2024-12-31 00:00:00.000000000
SIM01879,credit_card,-1,2024-12-31 00:00:00.000000000
SIM01879,investment_account,20,2026-09-23 02:26:08.853121269
SIM01880,savings_account,-1,2024-12-31 00:00:00.000000000
SIM01880,credit_card,-1,2024-12-31 00:00:00.000000000
SIM01880,investment_account,23,2026-12-19 17:07:46.874322828
SIM01880,car_insurance,8,2025-09-06 13:09:50.336684898
SIM01880,car_loan,8,2025-09-03 13:09:50.336684898
SIM01882,bike_insurance,17,2026-06-19 23:24:28.236323903
SIM01884,savings_account,-1,2024-12-31 00:00:00.000000000
SIM01884,bike_insurance,8,2025-09-19 14:00:01.858461556
SIM01885,savings_account,-1,2024-12-31 00:00:00.000000000
SIM01885,home_loan,21,2026-10-23 07:37:15.927661426
SIM01885,home_insurance,21,2026-10-24 07:37:15.927661426
SIM01885,life_insurance,21,2026-10-24 07:37:15.927661426
SIM01887,savings_account,-1,2024-12-31 00:00:00.000000000
SIM01887,car_insurance,10,2025-11-18 05:26:53.630155783
SIM01888,savings_account,-1,2024-12-31 00:00:00.000000000
SIM01888,credit_card,-1,2024-12-31 00:00:00.000000000
SIM01888,home_loan,21,2026-10-24 18:00:07.711831647
SIM01888,home_insurance,21,2026-10-25 18:00:07.711831647
SIM01888,life_insurance,21,2026-10-25 18:00:07.711831647
SIM01889,savings_account,-1,2024-12-31 00:00:00.000000000
SIM01889,investment_account,3,2025-04-02 21:31:47.376791420
SIM01889,home_loan,15,2026-04-02 12:35:03.290504974
SIM01889,home_insurance,15,2026-04-03 12:35:03.290504974
SIM01889,life_insurance,15,2026-04-03 12:35:03.290504974
SIM01889,car_insurance,19,2026-08-19 17:58:48.545984787
SIM01890,savings_account,-1,2024-12-31 00:00:00.000000000
SIM01890,car_insurance,10,2025-11-27 04:37:43.392030385
SIM01890,investment_account,19,2026-08-20 23:12:42.643252440
SIM01891,savings_account,-1,2024-12-31 00:00:00.000000000
SIM01891,credit_card,-1,2024-12-31 00:00:00.000000000
SIM01891,bike_insurance,15,2026-04-28 08:27:01.790566370
SIM01892,savings_account,-1,2024-12-31 00:00:00.000000000
SIM01892,credit_card,-1,2024-12-31 00:00:00.000000000
SIM01892,home_loan,21,2026-10-16 11:37:25.341732675
SIM01892,home_insurance,21,2026-10-17 11:37:25.341732675
SIM01892,life_insurance,21,2026-10-17 11:37:25.341732675
SIM01893,savings_account,-1,2024-12-31 00:00:00.000000000
SIM01894,savings_account,-1,2024-12-31 00:00:00.000000000
SIM01895,savings_account,-1,2024-12-31 00:00:00.000000000
SIM01895,credit_card,-1,2024-12-31 00:00:00.000000000
SIM01895,car_insurance,21,2026-10-27 21:23:17.111629520
SIM01895,car_loan,21,2026-10-24 21:23:17.111629520
SIM01896,savings_account,-1,2024-12-31 00:00:00.000000000
SIM01896,credit_card,-1,2024-12-31 00:00:00.000000000
SIM01896,investment_account,14,2026-03-07 03:07:37.030858499
SIM01897,savings_account,-1,2024-12-31 00:00:00.000000000
SIM01897,credit_card,-1,2024-12-31 00:00:00.000000000
SIM01897,home_loan,6,2025-07-29 10:59:22.685038272
SIM01897,home_insurance,6,2025-07-30 10:59:22.685038272
SIM01897,life_insurance,6,2025-07-30 10:59:22.685038272
SIM01898,savings_account,-1,2024-12-31 00:00:00.000000000
SIM01898,credit_card,-1,2024-12-31 00:00:00.000000000
SIM01898,life_insurance,22,2026-11-07 01:27:29.731530971
SIM01899,bike_insurance,4,2025-05-26 01:00:54.927187875
SIM01900,savings_account,-1,2024-12-31 00:00:00.000000000
SIM01900,credit_card,-1,2024-12-31 00:00:00.000000000
SIM01900,home_loan,19,2026-08-08 18:01:28.662709429
SIM01900,home_insurance,19,2026-08-09 18:01:28.662709429
SIM01900,life_insurance,19,2026-08-09 18:01:28.662709429
SIM01900,car_insurance,3,2025-04-29 07:12:54.219691550
SIM01901,savings_account,-1,2024-12-31 00:00:00.000000000
SIM01901,credit_card,-1,2024-12-31 00:00:00.000000000
SIM01901,bike_insurance,4,2025-05-03 13:02:54.037409657
SIM01902,savings_account,-1,2024-12-31 00:00:00.000000000
SIM01902,investment_account,3,2025-04-05 21:19:10.714996541
SIM01902,home_loan,6,2025-07-02 05:43:41.306198709
SIM01902,home_insurance,6,2025-07-03 05:43:41.306198709
SIM01902,life_insurance,6,2025-07-03 05:43:41.306198709
SIM01902,car_insurance,23,2026-12-25 20:35:19.027902380
SIM01902,bike_insurance,4,2025-05-20 04:43:35.333638530
SIM01903,credit_card,-1,2024-12-31 00:00:00.000000000
SIM01903,life_insurance,14,2026-03-20 06:58:56.798040553
SIM01903,savings_account,14,2026-03-25 06:58:56.798040553
SIM01904,savings_account,-1,2024-12-31 00:00:00.000000000
SIM01904,car_insurance,18,2026-07-16 19:14:48.229782388
SIM01904,home_loan,5,2025-06-27 13:14:30.562211818
SIM01904,home_insurance,5,2025-06-28 13:14:30.562211818
SIM01904,life_insurance,5,2025-06-28 13:14:30.562211818
SIM01905,savings_account,-1,2024-12-31 00:00:00.000000000
SIM01905,credit_card,-1,2024-12-31 00:00:00.000000000
SIM01905,car_insurance,12,2026-01-05 15:05:15.053397927
SIM01905,car_loan,12,2026-01-02 15:05:15.053397927
SIM01905,life_insurance,23,2026-12-04 01:35:07.880861038
SIM01905,bike_insurance,19,2026-08-03 09:18:38.421298242
SIM01905,investment_account,11,2025-12-21 05:05:47.427511604
SIM01906,savings_account,-1,2024-12-31 00:00:00.000000000
SIM01906,credit_card,-1,2024-12-31 00:00:00.000000000
SIM01906,home_loan,9,2025-10-18 20:00:16.165052725
SIM01906,home_insurance,9,2025-10-19 20:00:16.165052725
SIM01906,life_insurance,9,2025-10-19 20:00:16.165052725
SIM01907,savings_account,-1,2024-12-31 00:00:00.000000000
SIM01907,credit_card,-1,2024-12-31 00:00:00.000000000
SIM01907,car_insurance,10,2025-11-06 07:10:00.443697351
SIM01907,car_loan,10,2025-11-03 07:10:00.443697351
SIM01907,home_loan,4,2025-05-07 09:33:25.056251477
SIM01907,home_insurance,4,2025-05-08 09:33:25.056251477
SIM01907,life_insurance,4,2025-05-08 09:33:25.056251477
SIM01907,bike_insurance,4,2025-05-11 06:14:49.111867452
SIM01908,savings_account,-1,2024-12-31 00:00:00.000000000
SIM01908,credit_card,-1,2024-12-31 00:00:00.000000000
SIM01909,savings_account,-1,2024-12-31 00:00:00.000000000
SIM01909,credit_card,-1,2024-12-31 00:00:00.000000000
SIM01909,home_loan,16,2026-05-05 19:51:39.722998178
SIM01909,home_insurance,16,2026-05-06 19:51:39.722998178
SIM01909,life_insurance,16,2026-05-06 19:51:39.722998178
SIM01909,bike_insurance,11,2025-12-05 16:41:12.335057445
SIM01911,savings_account,-1,2024-12-31 00:00:00.000000000
SIM01911,credit_card,-1,2024-12-31 00:00:00.000000000
SIM01912,investment_account,22,2026-11-10 00:03:25.995087750
SIM01913,savings_account,-1,2024-12-31 00:00:00.000000000
SIM01913,bike_insurance,20,2026-09-10 18:10:38.003727509
SIM01914,savings_account,-1,2024-12-31 00:00:00.000000000
SIM01915,savings_account,-1,2024-12-31 00:00:00.000000000
SIM01915,credit_card,-1,2024-12-31 00:00:00.000000000
SIM01915,car_insurance,9,2025-10-15 10:08:51.556974130
SIM01915,car_loan,9,2025-10-12 10:08:51.556974130
SIM01915,life_insurance,12,2026-01-25 14:21:39.011496820
SIM01916,credit_card,-1,2024-12-31 00:00:00.000000000
SIM01917,savings_account,-1,2024-12-31 00:00:00.000000000
SIM01917,credit_card,-1,2024-12-31 00:00:00.000000000
SIM01919,car_insurance,3,2025-04-17 09:45:35.709183889
SIM01919,car_loan,3,2025-04-14 09:45:35.709183889
SIM01920,bike_insurance,16,2026-05-04 05:32:14.757885968
SIM01921,savings_account,-1,2024-12-31 00:00:00.000000000
SIM01921,bike_insurance,5,2025-06-05 17:23:57.295661790
SIM01922,savings_account,-1,2024-12-31 00:00:00.000000000
SIM01922,credit_card,-1,2024-12-31 00:00:00.000000000
SIM01922,home_loan,15,2026-04-08 17:11:56.857160690
SIM01922,home_insurance,15,2026-04-09 17:11:56.857160690
SIM01922,life_insurance,15,2026-04-09 17:11:56.857160690
SIM01923,bike_insurance,20,2026-09-14 10:11:12.585856105
SIM01924,savings_account,-1,2024-12-31 00:00:00.000000000
SIM01924,credit_card,-1,2024-12-31 00:00:00.000000000
SIM01924,car_insurance,22,2026-11-14 07:19:52.337787199
SIM01924,car_loan,22,2026-11-11 07:19:52.337787199
SIM01924,bike_insurance,22,2026-11-04 04:53:37.464331160
SIM01925,savings_account,-1,2024-12-31 00:00:00.000000000
SIM01925,credit_card,-1,2024-12-31 00:00:00.000000000
SIM01925,car_insurance,4,2025-05-22 08:19:51.083970296
SIM01925,car_loan,4,2025-05-19 08:19:51.083970296
SIM01926,savings_account,-1,2024-12-31 00:00:00.000000000
SIM01926,car_insurance,6,2025-07-07 17:24:24.465846836
SIM01927,bike_insurance,10,2025-11-28 12:51:59.318275554
SIM01929,savings_account,-1,2024-12-31 00:00:00.000000000
SIM01929,credit_card,-1,2024-12-31 00:00:00.000000000
SIM01929,bike_insurance,21,2026-10-27 15:40:08.971481501
SIM01930,savings_account,-1,2024-12-31 00:00:00.000000000
SIM01930,credit_card,-1,2024-12-31 00:00:00.000000000
SIM01930,car_insurance,3,2025-04-19 20:41:51.666728683
SIM01930,car_loan,3,2025-04-16 20:41:51.666728683
SIM01931,car_insurance,13,2026-02-12 02:49:20.302201344
SIM01931,bike_insurance,20,2026-09-05 14:38:52.202559294
SIM01932,savings_account,-1,2024-12-31 00:00:00.000000000
SIM01932,bike_insurance,19,2026-08-18 01:31:23.860548370
SIM01933,savings_account,-1,2024-12-31 00:00:00.000000000
SIM01933,credit_card,-1,2024-12-31 00:00:00.000000000
SIM01933,car_insurance,21,2026-10-24 15:28:49.189241939
SIM01933,car_loan,21,2026-10-21 15:28:49.189241939
SIM01934,home_loan,12,2026-01-21 00:00:12.295816781
SIM01934,home_insurance,12,2026-01-22 00:00:12.295816781
SIM01934,life_insurance,12,2026-01-22 00:00:12.295816781
SIM01934,car_insurance,21,2026-10-30 06:51:01.576879611
SIM01936,savings_account,-1,2024-12-31 00:00:00.000000000
SIM01936,investment_account,10,2025-11-19 10:09:54.843214835
SIM01938,savings_account,-1,2024-12-31 00:00:00.000000000
SIM01938,investment_account,21,2026-10-27 12:01:23.580100328
SIM01939,savings_account,-1,2024-12-31 00:00:00.000000000
SIM01939,life_insurance,13,2026-02-28 06:27:19.884464773
SIM01940,home_loan,7,2025-08-20 22:22:12.405104663
SIM01940,home_insurance,7,2025-08-21 22:22:12.405104663
SIM01940,life_insurance,7,2025-08-21 22:22:12.405104663
SIM01940,savings_account,15,2026-04-16 11:38:42.594894950
SIM01941,credit_card,-1,2024-12-31 00:00:00.000000000
SIM01941,bike_insurance,11,2025-12-04 07:14:58.184209899
SIM01942,car_insurance,17,2026-06-30 05:04:21.817370722
SIM01942,life_insurance,11,2025-12-28 11:20:45.326779068
SIM01942,savings_account,12,2026-01-02 11:20:45.326779068
SIM01943,savings_account,-1,2024-12-31 00:00:00.000000000
SIM01943,credit_card,-1,2024-12-31 00:00:00.000000000
SIM01943,bike_insurance,19,2026-08-06 09:02:38.505814912
SIM01944,savings_account,-1,2024-12-31 00:00:00.000000000
SIM01944,credit_card,-1,2024-12-31 00:00:00.000000000
SIM01944,car_insurance,21,2026-10-08 23:16:23.406144091
SIM01945,savings_account,-1,2024-12-31 00:00:00.000000000
SIM01945,credit_card,-1,2024-12-31 00:00:00.000000000
SIM01945,investment_account,23,2026-12-13 20:56:36.201908916
SIM01945,home_loan,13,2026-02-06 23:27:25.309625061
SIM01945,home_insurance,13,2026-02-07 23:27:25.309625061
SIM01945,life_insurance,13,2026-02-07 23:27:25.309625061
SIM01946,savings_account,-1,2024-12-31 00:00:00.000000000
SIM01947,savings_account,-1,2024-12-31 00:00:00.000000000
SIM01947,credit_card,-1,2024-12-31 00:00:00.000000000
SIM01947,investment_account,7,2025-08-07 10:54:48.726554502
SIM01947,home_loan,19,2026-08-07 17:37:34.229909101
SIM01947,home_insurance,19,2026-08-08 17:37:34.229909101
SIM01947,life_insurance,19,2026-08-08 17:37:34.229909101
SIM01947,car_insurance,14,2026-03-03 05:35:20.128148456
SIM01948,savings_account,-1,2024-12-31 00:00:00.000000000
SIM01948,credit_card,-1,2024-12-31 00:00:00.000000000
SIM01948,car_insurance,14,2026-03-12 21:29:01.226659906
SIM01948,car_loan,14,2026-03-09 21:29:01.226659906
SIM01949,savings_account,-1,2024-12-31 00:00:00.000000000
SIM01950,savings_account,-1,2024-12-31 00:00:00.000000000
SIM01950,credit_card,-1,2024-12-31 00:00:00.000000000
SIM01950,investment_account,10,2025-11-11 09:57:30.662864460
SIM01950,home_loan,6,2025-07-08 04:23:05.310600609
SIM01950,home_insurance,6,2025-07-09 04:23:05.310600609
SIM01950,life_insurance,6,2025-07-09 04:23:05.310600609
SIM01951,savings_account,-1,2024-12-31 00:00:00.000000000
SIM01951,car_insurance,23,2026-12-27 01:31:17.185819639
SIM01951,car_loan,23,2026-12-24 01:31:17.185819639
SIM01953,savings_account,-1,2024-12-31 00:00:00.000000000
SIM01953,credit_card,-1,2024-12-31 00:00:00.000000000
SIM01953,investment_account,16,2026-05-04 11:37:28.954464664
SIM01953,car_insurance,22,2026-11-12 13:44:16.126974438
SIM01954,savings_account,-1,2024-12-31 00:00:00.000000000
SIM01954,credit_card,-1,2024-12-31 00:00:00.000000000
SIM01955,savings_account,-1,2024-12-31 00:00:00.000000000
SIM01955,credit_card,-1,2024-12-31 00:00:00.000000000
SIM01955,bike_insurance,13,2026-02-14 07:22:28.045985887
SIM01955,investment_account,6,2025-07-19 16:34:50.016259007
SIM01956,savings_account,-1,2024-12-31 00:00:00.000000000
SIM01956,credit_card,-1,2024-12-31 00:00:00.000000000
SIM01956,investment_account,16,2026-05-11 07:06:40.524723698
SIM01957,credit_card,-1,2024-12-31 00:00:00.000000000
SIM01957,car_insurance,22,2026-11-19 04:07:36.017492191
SIM01958,savings_account,-1,2024-12-31 00:00:00.000000000
SIM01959,credit_card,-1,2024-12-31 00:00:00.000000000
SIM01960,credit_card,-1,2024-12-31 00:00:00.000000000
SIM01960,bike_insurance,12,2026-01-14 17:45:21.696630665
SIM01963,savings_account,-1,2024-12-31 00:00:00.000000000
SIM01963,credit_card,-1,2024-12-31 00:00:00.000000000
SIM01963,car_insurance,10,2025-11-12 08:32:20.125763905
SIM01963,life_insurance,9,2025-10-01 09:51:36.367554263
SIM01963,bike_insurance,8,2025-09-27 09:06:20.963707742
SIM01963,investment_account,13,2026-02-25 03:21:04.571496514
SIM01964,savings_account,-1,2024-12-31 00:00:00.000000000
SIM01964,credit_card,-1,2024-12-31 00:00:00.000000000
SIM01964,home_loan,9,2025-10-31 03:06:51.868149749
SIM01964,home_insurance,10,2025-11-01 03:06:51.868149749
SIM01964,life_insurance,10,2025-11-01 03:06:51.868149749
SIM01965,savings_account,-1,2024-12-31 00:00:00.000000000
SIM01965,credit_card,-1,2024-12-31 00:00:00.000000000
SIM01966,bike_insurance,3,2025-04-08 00:54:01.924102885
SIM01968,savings_account,-1,2024-12-31 00:00:00.000000000
SIM01968,credit_card,-1,2024-12-31 00:00:00.000000000
SIM01968,car_insurance,20,2026-09-12 11:34:41.266573981
SIM01968,life_insurance,14,2026-03-20 15:00:41.782337172
SIM01969,savings_account,-1,2024-12-31 00:00:00.000000000
SIM01971,savings_account,-1,2024-12-31 00:00:00.000000000
SIM01971,credit_card,-1,2024-12-31 00:00:00.000000000
SIM01972,car_insurance,16,2026-05-19 23:48:43.847707457
SIM01972,car_loan,16,2026-05-16 23:48:43.847707457
SIM01973,savings_account,-1,2024-12-31 00:00:00.000000000
SIM01973,car_insurance,21,2026-10-01 18:53:25.728460273
SIM01973,car_loan,20,2026-09-28 18:53:25.728460273
SIM01973,life_insurance,9,2025-10-17 16:59:42.318079598
SIM01974,credit_card,-1,2024-12-31 00:00:00.000000000
SIM01974,bike_insurance,5,2025-06-16 17:34:52.757737981
SIM01975,car_insurance,15,2026-04-05 09:13:45.036524044
SIM01976,credit_card,-1,2024-12-31 00:00:00.000000000
SIM01976,investment_account,9,2025-10-17 01:26:02.486000952
SIM01977,savings_account,-1,2024-12-31 00:00:00.000000000
SIM01977,investment_account,10,2025-11-20 05:45:27.329466509
SIM01977,car_insurance,4,2025-05-30 06:01:53.814920082
SIM01977,car_loan,4,2025-05-27 06:01:53.814920082
SIM01977,bike_insurance,19,2026-08-07 23:16:28.808498673
SIM01978,savings_account,-1,2024-12-31 00:00:00.000000000
SIM01978,life_insurance,16,2026-05-10 18:33:16.037919327
SIM01979,credit_card,-1,2024-12-31 00:00:00.000000000
SIM01979,car_insurance,18,2026-07-30 18:37:58.036542829
SIM01979,bike_insurance,3,2025-04-14 09:19:55.630551365
SIM01980,credit_card,-1,2024-12-31 00:00:00.000000000
SIM01980,car_insurance,3,2025-04-26 23:27:16.422537466
SIM01980,car_loan,3,2025-04-23 23:27:16.422537466
SIM01980,life_insurance,13,2026-02-01 03:25:33.166192330
SIM01980,savings_account,13,2026-02-06 03:25:33.166192330
SIM01981,savings_account,-1,2024-12-31 00:00:00.000000000
SIM01981,credit_card,-1,2024-12-31 00:00:00.000000000
SIM01981,bike_insurance,14,2026-03-17 17:46:11.710121560
SIM01982,savings_account,-1,2024-12-31 00:00:00.000000000
SIM01982,credit_card,-1,2024-12-31 00:00:00.000000000
SIM01982,bike_insurance,9,2025-10-05 16:39:15.083443112
SIM01983,savings_account,-1,2024-12-31 00:00:00.000000000
SIM01983,credit_card,-1,2024-12-31 00:00:00.000000000
SIM01983,car_insurance,17,2026-06-10 21:55:10.841762755
SIM01984,bike_insurance,5,2025-06-22 10:11:59.015044894
SIM01985,savings_account,-1,2024-12-31 00:00:00.000000000
SIM01985,credit_card,-1,2024-12-31 00:00:00.000000000
SIM01985,home_loan,9,2025-10-25 21:40:48.320480892
SIM01985,home_insurance,9,2025-10-26 21:40:48.320480892
SIM01985,life_insurance,9,2025-10-26 21:40:48.320480892
SIM01986,bike_insurance,9,2025-10-17 13:03:25.605944737
SIM01987,savings_account,-1,2024-12-31 00:00:00.000000000
SIM01987,credit_card,-1,2024-12-31 00:00:00.000000000
SIM01987,bike_insurance,15,2026-04-26 20:02:42.599332783
SIM01988,savings_account,-1,2024-12-31 00:00:00.000000000
SIM01989,savings_account,-1,2024-12-31 00:00:00.000000000
SIM01989,credit_card,-1,2024-12-31 00:00:00.000000000
SIM01991,savings_account,-1,2024-12-31 00:00:00.000000000
SIM01991,credit_card,-1,2024-12-31 00:00:00.000000000
SIM01992,savings_account,-1,2024-12-31 00:00:00.000000000
SIM01992,credit_card,-1,2024-12-31 00:00:00.000000000
SIM01992,investment_account,21,2026-10-11 11:10:04.125851192
SIM01992,home_loan,17,2026-06-08 08:56:06.748639521
SIM01992,home_insurance,17,2026-06-09 08:56:06.748639521
SIM01992,life_insurance,17,2026-06-09 08:56:06.748639521
SIM01993,savings_account,-1,2024-12-31 00:00:00.000000000
SIM01993,bike_insurance,15,2026-04-13 20:10:53.683352870
SIM01994,savings_account,-1,2024-12-31 00:00:00.000000000
SIM01994,home_loan,15,2026-04-09 18:31:12.626779442
SIM01994,home_insurance,15,2026-04-10 18:31:12.626779442
SIM01994,life_insurance,6,2025-07-23 07:22:22.376764603
SIM01995,credit_card,-1,2024-12-31 00:00:00.000000000
SIM01995,home_loan,13,2026-02-06 12:32:50.039711269
SIM01995,home_insurance,13,2026-02-07 12:32:50.039711269
SIM01995,life_insurance,13,2026-02-07 12:32:50.039711269
SIM01996,savings_account,-1,2024-12-31 00:00:00.000000000
SIM01996,home_loan,23,2026-12-07 09:43:14.038737998
SIM01996,home_insurance,23,2026-12-08 09:43:14.038737998
SIM01996,life_insurance,8,2025-09-04 22:01:01.150187537
SIM01997,savings_account,-1,2024-12-31 00:00:00.000000000
SIM01997,credit_card,-1,2024-12-31 00:00:00.000000000
SIM01997,investment_account,3,2025-04-21 02:15:20.980323753
SIM01997,car_insurance,20,2026-09-10 18:53:17.957666910
SIM01998,savings_account,-1,2024-12-31 00:00:00.000000000
SIM01998,credit_card,-1,2024-12-31 00:00:00.000000000
SIM01998,car_insurance,21,2026-10-29 07:36:50.810073570
SIM01998,home_loan,8,2025-09-29 12:01:12.686612028
SIM01998,home_insurance,8,2025-09-30 12:01:12.686612028
SIM01998,life_insurance,8,2025-09-30 12:01:12.686612028
SIM01999,bike_insurance,3,2025-04-21 19:51:10.571012142
SIM02000,savings_account,-1,2024-12-31 00:00:00.000000000
SIM02000,home_loan,6,2025-07-31 01:43:06.421650494
SIM02000,home_insurance,7,2025-08-01 01:43:06.421650494
SIM02000,life_insurance,7,2025-08-01 01:43:06.421650494
SIM02001,savings_account,-1,2024-12-31 00:00:00.000000000
SIM02001,credit_card,-1,2024-12-31 00:00:00.000000000
SIM02001,investment_account,9,2025-10-18 18:04:22.374899888
SIM02002,savings_account,-1,2024-12-31 00:00:00.000000000
SIM02002,home_loan,3,2025-04-24 12:43:05.633122158
SIM02002,home_insurance,3,2025-04-25 12:43:05.633122158
SIM02002,life_insurance,3,2025-04-25 12:43:05.633122158
SIM02003,savings_account,-1,2024-12-31 00:00:00.000000000
SIM02003,credit_card,-1,2024-12-31 00:00:00.000000000
SIM02003,home_loan,12,2026-01-05 22:57:00.947459962
SIM02003,home_insurance,12,2026-01-06 22:57:00.947459962
SIM02003,life_insurance,12,2026-01-06 22:57:00.947459962
SIM02003,bike_insurance,3,2025-04-19 02:21:36.026306648
SIM02005,savings_account,-1,2024-12-31 00:00:00.000000000
SIM02005,car_insurance,19,2026-08-22 04:22:45.168696283
SIM02005,car_loan,19,2026-08-19 04:22:45.168696283
SIM02005,investment_account,3,2025-04-03 23:01:06.725430280
SIM02007,savings_account,-1,2024-12-31 00:00:00.000000000
SIM02007,car_insurance,3,2025-04-23 17:31:20.661214647
SIM02007,investment_account,9,2025-10-04 17:23:59.387905760
SIM02007,life_insurance,14,2026-03-08 06:46:29.761200610
SIM02008,savings_account,-1,2024-12-31 00:00:00.000000000
SIM02008,credit_card,-1,2024-12-31 00:00:00.000000000
SIM02008,investment_account,8,2025-09-22 17:07:37.034189612
SIM02008,car_insurance,22,2026-11-27 20:30:39.289436209
SIM02008,car_loan,22,2026-11-24 20:30:39.289436209
SIM02008,bike_insurance,18,2026-07-22 00:51:31.258767230
SIM02009,car_insurance,13,2026-02-27 14:31:44.612876833
SIM02009,car_loan,13,2026-02-24 14:31:44.612876833
SIM02009,investment_account,4,2025-05-21 19:55:41.072032301
SIM02009,life_insurance,23,2026-12-29 12:07:35.276710802
SIM02010,savings_account,-1,2024-12-31 00:00:00.000000000
SIM02010,car_insurance,14,2026-03-27 19:45:52.825374457
SIM02010,car_loan,14,2026-03-24 19:45:52.825374457
SIM02011,credit_card,-1,2024-12-31 00:00:00.000000000
SIM02012,savings_account,-1,2024-12-31 00:00:00.000000000
SIM02012,life_insurance,23,2026-12-24 04:54:47.476990987
SIM02014,savings_account,-1,2024-12-31 00:00:00.000000000
SIM02014,life_insurance,9,2025-10-30 06:55:52.057210152
SIM02014,bike_insurance,5,2025-06-25 05:00:49.265175341
SIM02015,savings_account,-1,2024-12-31 00:00:00.000000000
SIM02015,car_insurance,3,2025-04-08 14:10:57.979406265
SIM02015,car_loan,3,2025-04-05 14:10:57.979406265
SIM02015,investment_account,10,2025-11-04 03:11:23.290086511
SIM02016,savings_account,-1,2024-12-31 00:00:00.000000000
SIM02016,investment_account,5,2025-06-25 06:34:00.216770558
SIM02017,credit_card,-1,2024-12-31 00:00:00.000000000
SIM02017,car_insurance,20,2026-09-22 22:30:44.654415019
SIM02017,car_loan,20,2026-09-19 22:30:44.654415019
SIM02017,bike_insurance,21,2026-10-29 04:04:00.830309679
SIM02018,savings_account,-1,2024-12-31 00:00:00.000000000
SIM02018,credit_card,-1,2024-12-31 00:00:00.000000000
SIM02018,home_loan,17,2026-06-25 20:32:15.048018692
SIM02018,home_insurance,17,2026-06-26 20:32:15.048018692
SIM02018,life_insurance,17,2026-06-26 20:32:15.048018692
SIM02019,savings_account,-1,2024-12-31 00:00:00.000000000
SIM02020,car_insurance,5,2025-06-29 09:12:35.564849204
SIM02020,bike_insurance,15,2026-04-20 06:01:22.519519383
SIM02020,life_insurance,21,2026-10-04 09:48:42.885963815
SIM02021,savings_account,-1,2024-12-31 00:00:00.000000000
SIM02021,credit_card,-1,2024-12-31 00:00:00.000000000
SIM02021,investment_account,19,2026-08-07 14:34:36.029310515
SIM02021,car_insurance,19,2026-08-07 05:09:08.785952931
SIM02021,car_loan,19,2026-08-04 05:09:08.785952931
SIM02022,credit_card,-1,2024-12-31 00:00:00.000000000
SIM02022,life_insurance,11,2025-12-24 15:17:53.740489061
SIM02022,savings_account,11,2025-12-29 15:17:53.740489061
SIM02023,savings_account,-1,2024-12-31 00:00:00.000000000
SIM02023,credit_card,-1,2024-12-31 00:00:00.000000000
SIM02023,home_loan,17,2026-06-21 14:46:14.507941127
SIM02023,home_insurance,17,2026-06-22 14:46:14.507941127
SIM02023,life_insurance,17,2026-06-22 14:46:14.507941127
SIM02023,bike_insurance,17,2026-06-10 14:38:14.580888386
SIM02023,investment_account,19,2026-08-16 18:09:47.050489869
SIM02024,savings_account,-1,2024-12-31 00:00:00.000000000
SIM02024,bike_insurance,10,2025-11-15 04:44:00.731606653
SIM02025,savings_account,-1,2024-12-31 00:00:00.000000000
SIM02025,investment_account,17,2026-06-05 04:48:50.731527372
SIM02026,savings_account,-1,2024-12-31 00:00:00.000000000
SIM02026,credit_card,-1,2024-12-31 00:00:00.000000000
SIM02026,bike_insurance,15,2026-04-22 05:13:26.079652999
SIM02027,savings_account,-1,2024-12-31 00:00:00.000000000
SIM02027,credit_card,-1,2024-12-31 00:00:00.000000000
SIM02027,car_insurance,5,2025-06-28 01:29:14.658641372
SIM02027,life_insurance,7,2025-08-13 11:18:14.612379231
SIM02027,bike_insurance,6,2025-07-19 05:45:44.906234890
SIM02028,savings_account,-1,2024-12-31 00:00:00.000000000
SIM02028,credit_card,-1,2024-12-31 00:00:00.000000000
SIM02028,investment_account,22,2026-11-19 07:27:21.219049750
SIM02028,home_loan,13,2026-02-09 06:14:07.246341155
SIM02028,home_insurance,13,2026-02-10 06:14:07.246341155
SIM02028,life_insurance,13,2026-02-10 06:14:07.246341155
SIM02028,car_insurance,23,2026-12-18 10:05:52.876458738
SIM02029,savings_account,-1,2024-12-31 00:00:00.000000000
SIM02029,credit_card,-1,2024-12-31 00:00:00.000000000
SIM02029,investment_account,18,2026-07-26 19:07:09.746151056
SIM02029,bike_insurance,20,2026-09-29 18:23:47.714893540
SIM02030,savings_account,-1,2024-12-31 00:00:00.000000000
SIM02032,savings_account,-1,2024-12-31 00:00:00.000000000
SIM02032,credit_card,-1,2024-12-31 00:00:00.000000000
SIM02032,investment_account,15,2026-04-02 13:16:40.158102919
SIM02032,car_insurance,3,2025-04-08 20:05:03.464636559
SIM02033,savings_account,-1,2024-12-31 00:00:00.000000000
SIM02033,credit_card,-1,2024-12-31 00:00:00.000000000
SIM02033,home_loan,23,2026-12-01 18:28:56.196726145
SIM02033,home_insurance,23,2026-12-02 18:28:56.196726145
SIM02033,life_insurance,23,2026-12-02 18:28:56.196726145
SIM02033,investment_account,6,2025-07-14 06:25:28.780700075
SIM02034,bike_insurance,23,2026-12-11 21:44:32.183740432
SIM02034,investment_account,8,2025-09-25 10:37:16.907730851
SIM02035,savings_account,-1,2024-12-31 00:00:00.000000000
SIM02035,credit_card,-1,2024-12-31 00:00:00.000000000
SIM02035,bike_insurance,3,2025-04-09 09:06:05.328666284
SIM02036,savings_account,-1,2024-12-31 00:00:00.000000000
SIM02036,credit_card,-1,2024-12-31 00:00:00.000000000
SIM02036,investment_account,18,2026-07-15 10:55:06.239448183
SIM02037,savings_account,-1,2024-12-31 00:00:00.000000000
SIM02037,credit_card,-1,2024-12-31 00:00:00.000000000
SIM02037,bike_insurance,11,2025-12-23 06:46:59.684251165
SIM02038,bike_insurance,14,2026-03-22 22:07:56.896799273
SIM02039,savings_account,-1,2024-12-31 00:00:00.000000000
SIM02039,car_insurance,19,2026-08-28 07:10:04.565634085
SIM02039,bike_insurance,14,2026-03-07 17:06:48.229797347
SIM02040,bike_insurance,13,2026-02-25 03:25:52.764808973
SIM02041,savings_account,-1,2024-12-31 00:00:00.000000000
SIM02041,credit_card,-1,2024-12-31 00:00:00.000000000
SIM02042,savings_account,-1,2024-12-31 00:00:00.000000000
SIM02042,home_loan,22,2026-11-11 02:24:33.729936583
SIM02042,home_insurance,22,2026-11-12 02:24:33.729936583
SIM02042,life_insurance,22,2026-11-12 02:24:33.729936583
SIM02043,savings_account,-1,2024-12-31 00:00:00.000000000
SIM02044,savings_account,-1,2024-12-31 00:00:00.000000000
SIM02045,credit_card,-1,2024-12-31 00:00:00.000000000
SIM02045,bike_insurance,3,2025-04-07 06:19:32.826576364
SIM02046,savings_account,-1,2024-12-31 00:00:00.000000000
SIM02046,bike_insurance,17,2026-06-29 21:33:17.121442227
SIM02047,savings_account,-1,2024-12-31 00:00:00.000000000
SIM02047,credit_card,-1,2024-12-31 00:00:00.000000000
SIM02047,home_loan,8,2025-09-20 10:52:37.312393051
SIM02047,home_insurance,8,2025-09-21 10:52:37.312393051
SIM02047,life_insurance,8,2025-09-21 10:52:37.312393051
SIM02047,bike_insurance,17,2026-06-19 22:48:25.855286053
SIM02048,savings_account,-1,2024-12-31 00:00:00.000000000
SIM02048,bike_insurance,7,2025-08-19 16:26:09.406748376
SIM02048,life_insurance,13,2026-02-16 12:41:55.328281531
SIM02049,savings_account,-1,2024-12-31 00:00:00.000000000
SIM02049,home_loan,15,2026-04-25 07:39:17.525957007
SIM02049,home_insurance,15,2026-04-26 07:39:17.525957007
SIM02049,life_insurance,15,2026-04-26 07:39:17.525957007
SIM02050,savings_account,-1,2024-12-31 00:00:00.000000000
SIM02050,car_insurance,19,2026-08-26 00:52:18.776271591
SIM02050,car_loan,19,2026-08-23 00:52:18.776271591
SIM02050,life_insurance,14,2026-03-07 00:34:10.734890455
SIM02051,savings_account,-1,2024-12-31 00:00:00.000000000
SIM02051,car_insurance,13,2026-02-11 22:08:28.205818269
SIM02051,car_loan,13,2026-02-08 22:08:28.205818269
SIM02052,savings_account,-1,2024-12-31 00:00:00.000000000
SIM02052,bike_insurance,10,2025-11-26 02:23:28.650974974
SIM02053,credit_card,-1,2024-12-31 00:00:00.000000000
SIM02053,investment_account,6,2025-07-04 12:23:56.927192325
SIM02054,savings_account,-1,2024-12-31 00:00:00.000000000
SIM02055,savings_account,-1,2024-12-31 00:00:00.000000000
SIM02055,investment_account,18,2026-07-11 04:08:29.268579466
SIM02055,car_insurance,23,2026-12-23 11:31:16.161361646
SIM02056,savings_account,-1,2024-12-31 00:00:00.000000000
SIM02056,credit_card,-1,2024-12-31 00:00:00.000000000
SIM02056,life_insurance,13,2026-02-10 03:21:49.667704989
SIM02057,savings_account,-1,2024-12-31 00:00:00.000000000
SIM02057,credit_card,-1,2024-12-31 00:00:00.000000000
SIM02057,bike_insurance,19,2026-08-10 19:12:47.816801516
SIM02058,savings_account,-1,2024-12-31 00:00:00.000000000
SIM02058,credit_card,-1,2024-12-31 00:00:00.000000000
SIM02058,car_insurance,8,2025-09-14 10:52:55.006136825
SIM02058,bike_insurance,18,2026-07-22 03:28:27.627102766
SIM02059,savings_account,-1,2024-12-31 00:00:00.000000000
SIM02059,credit_card,-1,2024-12-31 00:00:00.000000000
SIM02059,investment_account,18,2026-07-05 18:02:01.120758639
SIM02060,savings_account,-1,2024-12-31 00:00:00.000000000
SIM02060,credit_card,-1,2024-12-31 00:00:00.000000000
SIM02060,life_insurance,7,2025-08-09 23:15:53.169814223
SIM02061,credit_card,-1,2024-12-31 00:00:00.000000000
SIM02061,home_loan,20,2026-09-30 10:42:28.305736534
SIM02061,home_insurance,21,2026-10-01 10:42:28.305736534
SIM02061,life_insurance,21,2026-10-01 10:42:28.305736534
SIM02061,savings_account,22,2026-11-16 19:03:56.937096613
SIM02062,credit_card,-1,2024-12-31 00:00:00.000000000
SIM02062,home_loan,8,2025-09-01 06:47:33.609914430
SIM02062,home_insurance,8,2025-09-02 06:47:33.609914430
SIM02062,life_insurance,7,2025-08-14 13:43:15.229497094
SIM02063,savings_account,-1,2024-12-31 00:00:00.000000000
SIM02063,credit_card,-1,2024-12-31 00:00:00.000000000
SIM02063,investment_account,9,2025-10-05 19:06:51.970134364
SIM02063,bike_insurance,16,2026-05-04 10:08:27.186135101
SIM02064,savings_account,-1,2024-12-31 00:00:00.000000000
SIM02064,bike_insurance,9,2025-10-27 01:44:37.488321596
SIM02065,credit_card,-1,2024-12-31 00:00:00.000000000
SIM02065,investment_account,11,2025-12-18 03:26:50.905671523
SIM02066,savings_account,-1,2024-12-31 00:00:00.000000000
SIM02066,credit_card,-1,2024-12-31 00:00:00.000000000
SIM02066,car_insurance,16,2026-05-09 01:49:40.269575494
SIM02067,savings_account,-1,2024-12-31 00:00:00.000000000
SIM02067,credit_card,-1,2024-12-31 00:00:00.000000000
SIM02067,investment_account,9,2025-10-20 00:54:21.113955425
SIM02067,car_insurance,13,2026-02-17 23:26:33.831255999
SIM02068,savings_account,-1,2024-12-31 00:00:00.000000000
SIM02068,credit_card,-1,2024-12-31 00:00:00.000000000
SIM02069,savings_account,-1,2024-12-31 00:00:00.000000000
SIM02069,home_loan,17,2026-06-28 16:00:06.141013654
SIM02069,home_insurance,17,2026-06-29 16:00:06.141013654
SIM02069,life_insurance,17,2026-06-29 16:00:06.141013654
SIM02069,investment_account,13,2026-02-03 01:20:58.359607009
SIM02070,credit_card,-1,2024-12-31 00:00:00.000000000
SIM02070,life_insurance,15,2026-04-16 11:55:43.507105021
SIM02070,savings_account,15,2026-04-21 11:55:43.507105021
SIM02071,savings_account,-1,2024-12-31 00:00:00.000000000
SIM02071,credit_card,-1,2024-12-31 00:00:00.000000000
SIM02071,life_insurance,7,2025-08-16 19:16:42.950454550
SIM02072,savings_account,-1,2024-12-31 00:00:00.000000000
SIM02072,credit_card,-1,2024-12-31 00:00:00.000000000
SIM02072,home_loan,16,2026-05-21 22:41:18.688508763
SIM02072,home_insurance,16,2026-05-22 22:41:18.688508763
SIM02072,life_insurance,16,2026-05-22 22:41:18.688508763
SIM02072,bike_insurance,6,2025-07-03 22:54:01.967257059
SIM02073,savings_account,-1,2024-12-31 00:00:00.000000000
SIM02073,bike_insurance,5,2025-06-28 17:06:37.892028815
SIM02074,savings_account,-1,2024-12-31 00:00:00.000000000
SIM02074,credit_card,-1,2024-12-31 00:00:00.000000000
SIM02074,investment_account,5,2025-06-05 06:03:55.430173803
SIM02075,savings_account,-1,2024-12-31 00:00:00.000000000
SIM02075,credit_card,-1,2024-12-31 00:00:00.000000000
SIM02075,car_insurance,17,2026-06-16 19:37:56.327567513
SIM02075,car_loan,17,2026-06-13 19:37:56.327567513
SIM02075,bike_insurance,9,2025-10-06 14:48:29.759726370
SIM02076,savings_account,-1,2024-12-31 00:00:00.000000000
SIM02076,credit_card,-1,2024-12-31 00:00:00.000000000
SIM02076,investment_account,4,2025-05-23 06:40:41.460134376
SIM02076,home_loan,17,2026-06-17 09:35:36.616491747
SIM02076,home_insurance,17,2026-06-18 09:35:36.616491747
SIM02076,life_insurance,17,2026-06-18 09:35:36.616491747
SIM02077,savings_account,-1,2024-12-31 00:00:00.000000000
SIM02077,credit_card,-1,2024-12-31 00:00:00.000000000
SIM02077,home_loan,20,2026-09-03 09:17:05.728087214
SIM02077,home_insurance,20,2026-09-04 09:17:05.728087214
SIM02077,life_insurance,20,2026-09-04 09:17:05.728087214
SIM02077,car_insurance,15,2026-04-21 16:31:44.316102001
SIM02077,car_loan,15,2026-04-18 16:31:44.316102001
SIM02078,savings_account,-1,2024-12-31 00:00:00.000000000
SIM02078,credit_card,-1,2024-12-31 00:00:00.000000000
SIM02079,savings_account,-1,2024-12-31 00:00:00.000000000
SIM02079,credit_card,-1,2024-12-31 00:00:00.000000000
SIM02080,credit_card,-1,2024-12-31 00:00:00.000000000
SIM02080,bike_insurance,4,2025-05-03 03:52:49.520613139
SIM02081,savings_account,-1,2024-12-31 00:00:00.000000000
SIM02081,credit_card,-1,2024-12-31 00:00:00.000000000
SIM02081,investment_account,13,2026-02-28 01:54:06.477761869
SIM02082,savings_account,-1,2024-12-31 00:00:00.000000000
SIM02082,car_insurance,18,2026-07-16 21:59:32.958026448
SIM02082,car_loan,18,2026-07-13 21:59:32.958026448
SIM02082,life_insurance,21,2026-10-31 03:52:49.294639715
SIM02083,savings_account,-1,2024-12-31 00:00:00.000000000
SIM02084,savings_account,-1,2024-12-31 00:00:00.000000000
SIM02085,savings_account,-1,2024-12-31 00:00:00.000000000
SIM02085,credit_card,-1,2024-12-31 00:00:00.000000000
SIM02086,savings_account,-1,2024-12-31 00:00:00.000000000
SIM02086,home_loan,9,2025-10-19 06:25:24.890574705
SIM02086,home_insurance,9,2025-10-20 06:25:24.890574705
SIM02086,life_insurance,9,2025-10-20 06:25:24.890574705
SIM02087,savings_account,-1,2024-12-31 00:00:00.000000000
SIM02087,bike_insurance,6,2025-07-22 19:45:48.045233545
SIM02088,savings_account,-1,2024-12-31 00:00:00.000000000
SIM02088,credit_card,-1,2024-12-31 00:00:00.000000000
SIM02088,car_insurance,20,2026-09-26 04:10:53.223035133
SIM02088,car_loan,20,2026-09-23 04:10:53.223035133
SIM02088,life_insurance,23,2026-12-25 11:45:22.522240911
SIM02089,savings_account,-1,2024-12-31 00:00:00.000000000
SIM02089,credit_card,-1,2024-12-31 00:00:00.000000000
SIM02089,investment_account,7,2025-08-06 08:07:12.292931611
SIM02089,car_insurance,19,2026-08-20 21:09:46.111344568
SIM02089,car_loan,19,2026-08-17 21:09:46.111344568
SIM02090,savings_account,-1,2024-12-31 00:00:00.000000000
SIM02090,credit_card,-1,2024-12-31 00:00:00.000000000
SIM02091,savings_account,-1,2024-12-31 00:00:00.000000000
SIM02091,credit_card,-1,2024-12-31 00:00:00.000000000
SIM02091,investment_account,13,2026-02-05 01:52:38.884046715
SIM02091,car_insurance,21,2026-10-20 01:48:27.574220998
SIM02091,car_loan,21,2026-10-17 01:48:27.574220998
SIM02092,savings_account,-1,2024-12-31 00:00:00.000000000
SIM02092,credit_card,-1,2024-12-31 00:00:00.000000000
SIM02092,home_loan,15,2026-04-07 02:52:31.568469993
SIM02092,home_insurance,15,2026-04-08 02:52:31.568469993
SIM02092,life_insurance,15,2026-04-08 02:52:31.568469993
SIM02093,savings_account,-1,2024-12-31 00:00:00.000000000
SIM02093,credit_card,-1,2024-12-31 00:00:00.000000000
SIM02093,investment_account,20,2026-09-17 15:39:24.735606258
SIM02094,savings_account,-1,2024-12-31 00:00:00.000000000
SIM02095,savings_account,-1,2024-12-31 00:00:00.000000000
SIM02095,credit_card,-1,2024-12-31 00:00:00.000000000
SIM02096,savings_account,-1,2024-12-31 00:00:00.000000000
SIM02097,savings_account,-1,2024-12-31 00:00:00.000000000
SIM02097,credit_card,-1,2024-12-31 00:00:00.000000000
SIM02097,life_insurance,17,2026-06-16 00:53:32.742027899
SIM02099,savings_account,-1,2024-12-31 00:00:00.000000000
SIM02099,investment_account,6,2025-07-28 03:06:50.184100060
SIM02100,savings_account,-1,2024-12-31 00:00:00.000000000
SIM02100,credit_card,-1,2024-12-31 00:00:00.000000000
SIM02101,bike_insurance,17,2026-06-11 20:39:34.742610316
SIM02102,credit_card,-1,2024-12-31 00:00:00.000000000
SIM02102,bike_insurance,19,2026-08-03 10:22:48.680645662
SIM02103,credit_card,-1,2024-12-31 00:00:00.000000000
SIM02104,savings_account,-1,2024-12-31 00:00:00.000000000
SIM02104,investment_account,14,2026-03-02 23:30:22.898360693
SIM02104,home_loan,14,2026-03-07 13:07:46.405108890
SIM02104,home_insurance,14,2026-03-08 13:07:46.405108890
SIM02104,life_insurance,14,2026-03-08 13:07:46.405108890
SIM02105,savings_account,-1,2024-12-31 00:00:00.000000000
SIM02106,savings_account,-1,2024-12-31 00:00:00.000000000
SIM02106,credit_card,-1,2024-12-31 00:00:00.000000000
SIM02106,home_loan,14,2026-03-08 17:07:21.595057429
SIM02106,home_insurance,14,2026-03-09 17:07:21.595057429
SIM02106,life_insurance,14,2026-03-09 17:07:21.595057429
SIM02107,savings_account,-1,2024-12-31 00:00:00.000000000
SIM02107,credit_card,-1,2024-12-31 00:00:00.000000000
SIM02107,car_insurance,21,2026-10-07 21:53:43.622742879
SIM02107,car_loan,21,2026-10-04 21:53:43.622742879
SIM02108,investment_account,9,2025-10-11 07:52:18.720535648
SIM02109,savings_account,-1,2024-12-31 00:00:00.000000000
SIM02109,car_insurance,4,2025-05-29 22:32:10.853187247
SIM02110,savings_account,-1,2024-12-31 00:00:00.000000000
SIM02110,credit_card,-1,2024-12-31 00:00:00.000000000
SIM02111,savings_account,-1,2024-12-31 00:00:00.000000000
SIM02111,credit_card,-1,2024-12-31 00:00:00.000000000
SIM02111,car_insurance,6,2025-07-14 19:34:10.300154504
SIM02111,car_loan,6,2025-07-11 19:34:10.300154504
SIM02111,bike_insurance,12,2026-01-04 17:51:26.290677598
SIM02112,savings_account,-1,2024-12-31 00:00:00.000000000
SIM02112,car_insurance,21,2026-10-18 18:38:31.812823378
SIM02112,car_loan,21,2026-10-15 18:38:31.812823378
SIM02112,investment_account,6,2025-07-12 14:03:41.775752360
SIM02113,credit_card,-1,2024-12-31 00:00:00.000000000
SIM02113,life_insurance,12,2026-01-09 04:57:51.509877899
SIM02113,bike_insurance,23,2026-12-16 02:42:37.406896071
SIM02114,savings_account,-1,2024-12-31 00:00:00.000000000
SIM02114,life_insurance,23,2026-12-13 22:03:07.673611599
SIM02115,savings_account,-1,2024-12-31 00:00:00.000000000
SIM02115,bike_insurance,21,2026-10-28 21:39:49.564885728
SIM02115,investment_account,20,2026-09-28 14:38:31.299033535
SIM02117,bike_insurance,8,2025-09-23 01:09:27.521669223
SIM02118,savings_account,-1,2024-12-31 00:00:00.000000000
SIM02118,credit_card,-1,2024-12-31 00:00:00.000000000
SIM02118,investment_account,12,2026-01-04 03:06:20.086193146
SIM02119,savings_account,-1,2024-12-31 00:00:00.000000000
SIM02119,bike_insurance,15,2026-04-06 02:57:47.539594044
SIM02120,bike_insurance,17,2026-06-23 21:59:58.531151162
SIM02121,credit_card,-1,2024-12-31 00:00:00.000000000
SIM02121,investment_account,16,2026-05-13 17:30:18.712061562
SIM02122,credit_card,-1,2024-12-31 00:00:00.000000000
SIM02123,savings_account,-1,2024-12-31 00:00:00.000000000
SIM02123,credit_card,-1,2024-12-31 00:00:00.000000000
SIM02123,investment_account,20,2026-09-17 14:35:41.499267920
SIM02123,car_insurance,5,2025-06-06 06:35:19.075947789
SIM02124,savings_account,-1,2024-12-31 00:00:00.000000000
SIM02124,bike_insurance,21,2026-10-13 12:35:58.850763493
SIM02125,credit_card,-1,2024-12-31 00:00:00.000000000
SIM02126,credit_card,-1,2024-12-31 00:00:00.000000000
SIM02127,savings_account,-1,2024-12-31 00:00:00.000000000
SIM02127,credit_card,-1,2024-12-31 00:00:00.000000000
SIM02128,home_loan,8,2025-09-17 19:10:13.887726289
SIM02128,home_insurance,8,2025-09-18 19:10:13.887726289
SIM02128,life_insurance,8,2025-09-18 19:10:13.887726289
SIM02129,credit_card,-1,2024-12-31 00:00:00.000000000
SIM02129,home_loan,6,2025-07-25 15:59:53.722642624
SIM02129,home_insurance,6,2025-07-26 15:59:53.722642624
SIM02129,life_insurance,6,2025-07-26 15:59:53.722642624
SIM02130,car_insurance,12,2026-01-08 06:17:34.810810796
SIM02130,car_loan,12,2026-01-05 06:17:34.810810796
SIM02130,bike_insurance,7,2025-08-16 15:58:42.375174053
SIM02130,investment_account,20,2026-09-11 07:52:17.897776585
SIM02131,savings_account,-1,2024-12-31 00:00:00.000000000
SIM02131,life_insurance,18,2026-07-01 23:51:34.660554521
SIM02131,investment_account,3,2025-04-19 02:26:13.886614670
SIM02132,savings_account,-1,2024-12-31 00:00:00.000000000
SIM02132,home_loan,7,2025-08-21 05:15:12.204182979
SIM02132,home_insurance,7,2025-08-22 05:15:12.204182979
SIM02132,life_insurance,7,2025-08-22 05:15:12.204182979
SIM02134,credit_card,-1,2024-12-31 00:00:00.000000000
SIM02135,bike_insurance,13,2026-02-27 05:32:45.935301123
SIM02136,bike_insurance,8,2025-09-25 14:28:27.449019875
SIM02137,bike_insurance,17,2026-06-05 00:52:24.267041515
SIM02138,savings_account,-1,2024-12-31 00:00:00.000000000
SIM02138,credit_card,-1,2024-12-31 00:00:00.000000000
SIM02138,investment_account,23,2026-12-20 00:42:12.967324789
SIM02139,bike_insurance,6,2025-07-28 15:02:35.766592033
SIM02140,savings_account,-1,2024-12-31 00:00:00.000000000
SIM02140,credit_card,-1,2024-12-31 00:00:00.000000000
SIM02140,home_loan,8,2025-09-16 00:56:28.026358872
SIM02140,home_insurance,8,2025-09-17 00:56:28.026358872
SIM02140,life_insurance,8,2025-09-17 00:56:28.026358872
SIM02142,bike_insurance,6,2025-07-10 12:48:26.464118303
SIM02143,savings_account,-1,2024-12-31 00:00:00.000000000
SIM02143,credit_card,-1,2024-12-31 00:00:00.000000000
SIM02143,car_insurance,7,2025-08-09 18:51:40.084393132
SIM02144,savings_account,-1,2024-12-31 00:00:00.000000000
SIM02144,credit_card,-1,2024-12-31 00:00:00.000000000
SIM02144,life_insurance,19,2026-08-16 05:50:18.196104484
SIM02145,savings_account,-1,2024-12-31 00:00:00.000000000
SIM02145,credit_card,-1,2024-12-31 00:00:00.000000000
SIM02145,home_loan,3,2025-04-28 07:50:10.511590321
SIM02145,home_insurance,3,2025-04-29 07:50:10.511590321
SIM02145,life_insurance,3,2025-04-29 07:50:10.511590321
SIM02145,bike_insurance,8,2025-09-14 13:09:24.736804183
SIM02146,car_insurance,17,2026-06-16 23:55:30.199382132
SIM02148,investment_account,9,2025-10-27 22:40:08.633701029
SIM02149,savings_account,-1,2024-12-31 00:00:00.000000000
SIM02150,savings_account,-1,2024-12-31 00:00:00.000000000
SIM02150,credit_card,-1,2024-12-31 00:00:00.000000000
SIM02151,savings_account,-1,2024-12-31 00:00:00.000000000
SIM02151,credit_card,-1,2024-12-31 00:00:00.000000000
SIM02151,investment_account,12,2026-01-24 01:49:16.457507659
SIM02152,savings_account,-1,2024-12-31 00:00:00.000000000
SIM02152,credit_card,-1,2024-12-31 00:00:00.000000000
SIM02152,bike_insurance,10,2025-11-17 21:09:22.201644519
SIM02153,bike_insurance,19,2026-08-28 14:41:23.054667968
SIM02154,credit_card,-1,2024-12-31 00:00:00.000000000
SIM02154,investment_account,5,2025-06-19 14:21:48.030734301
SIM02155,savings_account,-1,2024-12-31 00:00:00.000000000
SIM02155,credit_card,-1,2024-12-31 00:00:00.000000000
SIM02155,investment_account,23,2026-12-09 00:30:20.147244982
SIM02155,car_insurance,11,2025-12-19 03:28:04.503913230
SIM02155,car_loan,11,2025-12-16 03:28:04.503913230
SIM02156,home_loan,18,2026-07-31 01:39:33.090569102
SIM02156,home_insurance,19,2026-08-01 01:39:33.090569102
SIM02156,life_insurance,19,2026-08-01 01:39:33.090569102
SIM02156,car_insurance,21,2026-10-19 12:19:56.129035176
SIM02156,car_loan,21,2026-10-16 12:19:56.129035176
SIM02157,savings_account,-1,2024-12-31 00:00:00.000000000
SIM02157,credit_card,-1,2024-12-31 00:00:00.000000000
SIM02157,investment_account,22,2026-11-13 20:11:01.804474288
SIM02157,car_insurance,17,2026-06-09 19:01:00.866902181
SIM02158,savings_account,-1,2024-12-31 00:00:00.000000000
SIM02158,credit_card,-1,2024-12-31 00:00:00.000000000
SIM02158,bike_insurance,17,2026-06-07 19:51:54.361527407
SIM02158,investment_account,10,2025-11-14 00:35:50.723444973
SIM02159,savings_account,-1,2024-12-31 00:00:00.000000000
SIM02159,bike_insurance,20,2026-09-26 22:04:56.502732661
SIM02161,savings_account,-1,2024-12-31 00:00:00.000000000
SIM02161,home_loan,20,2026-09-05 10:15:03.972450516
SIM02161,home_insurance,20,2026-09-06 10:15:03.972450516
SIM02161,life_insurance,20,2026-09-06 10:15:03.972450516
SIM02162,savings_account,-1,2024-12-31 00:00:00.000000000
SIM02162,car_insurance,22,2026-11-17 23:27:13.135747187
SIM02163,savings_account,-1,2024-12-31 00:00:00.000000000
SIM02163,credit_card,-1,2024-12-31 00:00:00.000000000
SIM02164,credit_card,-1,2024-12-31 00:00:00.000000000
SIM02165,savings_account,-1,2024-12-31 00:00:00.000000000
SIM02166,savings_account,-1,2024-12-31 00:00:00.000000000
SIM02166,credit_card,-1,2024-12-31 00:00:00.000000000
SIM02166,life_insurance,13,2026-02-02 11:42:46.346815413
SIM02167,savings_account,-1,2024-12-31 00:00:00.000000000
SIM02168,savings_account,-1,2024-12-31 00:00:00.000000000
SIM02168,investment_account,6,2025-07-13 21:16:20.018109529
SIM02169,credit_card,-1,2024-12-31 00:00:00.000000000
SIM02170,savings_account,-1,2024-12-31 00:00:00.000000000
SIM02170,credit_card,-1,2024-12-31 00:00:00.000000000
SIM02170,car_insurance,10,2025-11-22 16:12:32.241591131
SIM02170,car_loan,10,2025-11-19 16:12:32.241591131
SIM02170,investment_account,3,2025-04-06 18:45:45.305702297
SIM02171,credit_card,-1,2024-12-31 00:00:00.000000000
SIM02171,bike_insurance,19,2026-08-12 23:28:23.112437126
SIM02172,savings_account,-1,2024-12-31 00:00:00.000000000
SIM02172,credit_card,-1,2024-12-31 00:00:00.000000000
SIM02172,car_insurance,16,2026-05-25 21:41:18.931527243
SIM02172,home_loan,10,2025-11-19 23:58:24.866644042
SIM02172,home_insurance,10,2025-11-20 23:58:24.866644042
SIM02172,life_insurance,10,2025-11-20 23:58:24.866644042
SIM02172,bike_insurance,13,2026-02-14 07:25:40.570680211
SIM02173,savings_account,-1,2024-12-31 00:00:00.000000000
SIM02173,credit_card,-1,2024-12-31 00:00:00.000000000
SIM02174,credit_card,-1,2024-12-31 00:00:00.000000000
SIM02174,home_loan,21,2026-10-24 20:52:56.739042399
SIM02174,home_insurance,21,2026-10-25 20:52:56.739042399
SIM02174,life_insurance,21,2026-10-25 20:52:56.739042399
SIM02175,savings_account,-1,2024-12-31 00:00:00.000000000
SIM02175,credit_card,-1,2024-12-31 00:00:00.000000000
SIM02175,investment_account,13,2026-02-11 09:39:31.377168847
SIM02175,car_insurance,5,2025-06-24 00:01:26.540787740
SIM02175,car_loan,5,2025-06-21 00:01:26.540787740
SIM02176,credit_card,-1,2024-12-31 00:00:00.000000000
SIM02177,savings_account,-1,2024-12-31 00:00:00.000000000
SIM02178,savings_account,-1,2024-12-31 00:00:00.000000000
SIM02178,credit_card,-1,2024-12-31 00:00:00.000000000
SIM02178,investment_account,15,2026-04-11 00:34:24.611889564
SIM02179,savings_account,-1,2024-12-31 00:00:00.000000000
SIM02179,credit_card,-1,2024-12-31 00:00:00.000000000
SIM02180,savings_account,-1,2024-12-31 00:00:00.000000000
SIM02180,credit_card,-1,2024-12-31 00:00:00.000000000
SIM02180,car_insurance,3,2025-04-08 19:11:20.039515704
SIM02181,savings_account,-1,2024-12-31 00:00:00.000000000
SIM02181,credit_card,-1,2024-12-31 00:00:00.000000000
SIM02181,investment_account,5,2025-06-26 13:59:33.144113494
SIM02181,home_loan,16,2026-05-28 07:24:57.305586425
SIM02181,home_insurance,16,2026-05-29 07:24:57.305586425
SIM02181,life_insurance,16,2026-05-29 07:24:57.305586425
SIM02182,savings_account,-1,2024-12-31 00:00:00.000000000
SIM02182,bike_insurance,11,2025-12-28 15:31:55.323841063
SIM02183,savings_account,-1,2024-12-31 00:00:00.000000000
SIM02183,credit_card,-1,2024-12-31 00:00:00.000000000
SIM02183,investment_account,18,2026-07-15 01:10:52.970425659
SIM02183,car_insurance,18,2026-07-20 04:17:34.609222857
SIM02184,savings_account,-1,2024-12-31 00:00:00.000000000
SIM02184,credit_card,-1,2024-12-31 00:00:00.000000000
SIM02184,investment_account,12,2026-01-08 11:39:38.289757332
SIM02185,savings_account,-1,2024-12-31 00:00:00.000000000
SIM02185,car_insurance,9,2025-10-10 19:24:52.721042488
SIM02185,bike_insurance,20,2026-09-05 16:38:47.227261108
SIM02186,bike_insurance,4,2025-05-26 12:23:01.838813857
SIM02187,savings_account,-1,2024-12-31 00:00:00.000000000
SIM02187,credit_card,-1,2024-12-31 00:00:00.000000000
SIM02188,savings_account,-1,2024-12-31 00:00:00.000000000
SIM02188,credit_card,-1,2024-12-31 00:00:00.000000000
SIM02189,bike_insurance,12,2026-01-21 00:12:41.979313826
SIM02189,life_insurance,18,2026-07-24 01:16:11.328971898
SIM02189,savings_account,18,2026-07-29 01:16:11.328971898
SIM02190,credit_card,-1,2024-12-31 00:00:00.000000000
SIM02190,investment_account,3,2025-04-19 08:06:35.602271873
SIM02190,car_insurance,15,2026-04-11 23:12:53.751104448
SIM02190,car_loan,15,2026-04-08 23:12:53.751104448
SIM02191,savings_account,-1,2024-12-31 00:00:00.000000000
SIM02191,car_insurance,20,2026-09-30 11:05:19.088754157
SIM02191,car_loan,20,2026-09-27 11:05:19.088754157
SIM02191,home_loan,4,2025-05-03 04:54:47.647493609
SIM02191,home_insurance,4,2025-05-04 04:54:47.647493609
SIM02191,life_insurance,4,2025-05-04 04:54:47.647493609
SIM02192,credit_card,-1,2024-12-31 00:00:00.000000000
SIM02192,car_insurance,6,2025-07-08 22:06:32.739227517
SIM02192,bike_insurance,12,2026-01-10 19:46:57.474017751
SIM02192,investment_account,15,2026-04-12 17:00:27.756381938
SIM02193,savings_account,-1,2024-12-31 00:00:00.000000000
SIM02193,credit_card,-1,2024-12-31 00:00:00.000000000
SIM02193,bike_insurance,19,2026-08-22 15:32:00.960252554
SIM02194,savings_account,-1,2024-12-31 00:00:00.000000000
SIM02194,credit_card,-1,2024-12-31 00:00:00.000000000
SIM02195,savings_account,-1,2024-12-31 00:00:00.000000000
SIM02195,credit_card,-1,2024-12-31 00:00:00.000000000
SIM02196,home_loan,19,2026-08-03 11:56:08.016023546
SIM02196,home_insurance,19,2026-08-04 11:56:08.016023546
SIM02196,life_insurance,14,2026-03-03 12:50:50.504287609
SIM02196,savings_account,14,2026-03-08 12:50:50.504287609
SIM02197,savings_account,-1,2024-12-31 00:00:00.000000000
SIM02197,credit_card,-1,2024-12-31 00:00:00.000000000
SIM02197,car_insurance,18,2026-07-22 10:33:26.623019699
SIM02198,bike_insurance,14,2026-03-19 20:19:15.107556808
SIM02199,bike_insurance,23,2026-12-06 17:47:05.239556548
SIM02200,savings_account,-1,2024-12-31 00:00:00.000000000
SIM02201,savings_account,-1,2024-12-31 00:00:00.000000000
SIM02201,life_insurance,7,2025-08-04 16:44:36.608042192
SIM02201,bike_insurance,13,2026-02-09 17:16:14.941934630
SIM02202,savings_account,-1,2024-12-31 00:00:00.000000000
SIM02202,credit_card,-1,2024-12-31 00:00:00.000000000
SIM02202,investment_account,4,2025-05-04 22:38:48.805002626
SIM02202,car_insurance,8,2025-09-07 11:36:23.264964368
SIM02202,car_loan,8,2025-09-04 11:36:23.264964368
SIM02202,bike_insurance,5,2025-06-05 14:11:12.879910759
SIM02203,savings_account,-1,2024-12-31 00:00:00.000000000
SIM02203,credit_card,-1,2024-12-31 00:00:00.000000000
SIM02203,investment_account,4,2025-05-24 12:18:11.040875345
SIM02203,car_insurance,20,2026-09-06 21:03:21.458548104
SIM02203,car_loan,20,2026-09-03 21:03:21.458548104
SIM02204,savings_account,-1,2024-12-31 00:00:00.000000000
SIM02204,credit_card,-1,2024-12-31 00:00:00.000000000
SIM02204,life_insurance,17,2026-06-29 07:07:17.500276651
SIM02205,credit_card,-1,2024-12-31 00:00:00.000000000
SIM02205,home_loan,7,2025-08-21 02:03:41.497948514
SIM02205,home_insurance,7,2025-08-22 02:03:41.497948514
SIM02205,life_insurance,7,2025-08-22 02:03:41.497948514
SIM02206,car_insurance,19,2026-08-25 20:50:03.738605280
SIM02208,car_insurance,13,2026-02-21 18:49:03.937461964
SIM02209,savings_account,-1,2024-12-31 00:00:00.000000000
SIM02209,credit_card,-1,2024-12-31 00:00:00.000000000
SIM02209,bike_insurance,16,2026-05-16 04:43:51.887336344
SIM02209,investment_account,5,2025-06-17 18:33:22.639946491
SIM02211,savings_account,-1,2024-12-31 00:00:00.000000000
SIM02212,savings_account,-1,2024-12-31 00:00:00.000000000
SIM02212,home_loan,8,2025-09-06 13:02:25.844942738
SIM02212,home_insurance,8,2025-09-07 13:02:25.844942738
SIM02212,life_insurance,8,2025-09-07 13:02:25.844942738
SIM02212,bike_insurance,23,2026-12-28 06:44:11.013316781
SIM02213,savings_account,-1,2024-12-31 00:00:00.000000000
SIM02213,car_insurance,13,2026-02-14 10:47:08.411371708
SIM02213,car_loan,13,2026-02-11 10:47:08.411371708
SIM02213,bike_insurance,10,2025-11-19 09:19:33.319842710
SIM02214,savings_account,-1,2024-12-31 00:00:00.000000000
SIM02214,car_insurance,18,2026-07-27 07:57:07.897768709
SIM02214,home_loan,20,2026-09-02 05:48:11.873507063
SIM02214,home_insurance,20,2026-09-03 05:48:11.873507063
SIM02214,life_insurance,20,2026-09-03 05:48:11.873507063
SIM02215,savings_account,-1,2024-12-31 00:00:00.000000000
SIM02215,credit_card,-1,2024-12-31 00:00:00.000000000
SIM02216,savings_account,-1,2024-12-31 00:00:00.000000000
SIM02216,credit_card,-1,2024-12-31 00:00:00.000000000
SIM02216,car_insurance,23,2026-12-09 04:50:37.028640449
SIM02217,savings_account,-1,2024-12-31 00:00:00.000000000
SIM02217,bike_insurance,17,2026-06-08 10:16:52.695348728
SIM02218,savings_account,-1,2024-12-31 00:00:00.000000000
SIM02219,savings_account,-1,2024-12-31 00:00:00.000000000
SIM02220,savings_account,-1,2024-12-31 00:00:00.000000000
SIM02220,credit_card,-1,2024-12-31 00:00:00.000000000
SIM02220,bike_insurance,7,2025-08-06 18:47:19.060974309
SIM02220,investment_account,21,2026-10-18 18:04:57.417169597
SIM02221,savings_account,-1,2024-12-31 00:00:00.000000000
SIM02221,credit_card,-1,2024-12-31 00:00:00.000000000
SIM02222,car_insurance,22,2026-11-07 06:14:00.823054623
SIM02222,bike_insurance,22,2026-11-26 08:57:30.901463648
SIM02223,savings_account,-1,2024-12-31 00:00:00.000000000
SIM02223,credit_card,-1,2024-12-31 00:00:00.000000000
SIM02223,investment_account,12,2026-01-25 00:07:12.452059909
SIM02224,credit_card,-1,2024-12-31 00:00:00.000000000
SIM02224,life_insurance,22,2026-11-15 02:36:21.305257870
SIM02224,savings_account,22,2026-11-20 02:36:21.305257870
SIM02225,savings_account,-1,2024-12-31 00:00:00.000000000
SIM02225,credit_card,-1,2024-12-31 00:00:00.000000000
SIM02225,investment_account,4,2025-05-10 15:33:38.793812333
SIM02226,savings_account,-1,2024-12-31 00:00:00.000000000
SIM02226,bike_insurance,15,2026-04-26 02:45:07.062246566
SIM02227,savings_account,-1,2024-12-31 00:00:00.000000000
SIM02227,bike_insurance,11,2025-12-29 16:35:26.340338256
SIM02228,savings_account,-1,2024-12-31 00:00:00.000000000
SIM02228,credit_card,-1,2024-12-31 00:00:00.000000000
SIM02229,savings_account,-1,2024-12-31 00:00:00.000000000
SIM02229,credit_card,-1,2024-12-31 00:00:00.000000000
SIM02229,car_insurance,6,2025-07-14 07:10:50.402395640
SIM02230,savings_account,-1,2024-12-31 00:00:00.000000000
SIM02230,car_insurance,17,2026-06-24 05:06:09.817456658
SIM02231,credit_card,-1,2024-12-31 00:00:00.000000000
SIM02231,investment_account,19,2026-08-03 16:37:47.749192009
SIM02232,savings_account,-1,2024-12-31 00:00:00.000000000
SIM02232,credit_card,-1,2024-12-31 00:00:00.000000000
SIM02232,car_insurance,9,2025-10-14 10:21:43.740753160
SIM02233,savings_account,-1,2024-12-31 00:00:00.000000000
SIM02233,credit_card,-1,2024-12-31 00:00:00.000000000
SIM02234,savings_account,-1,2024-12-31 00:00:00.000000000
SIM02234,home_loan,13,2026-02-19 11:41:28.440060839
SIM02234,home_insurance,13,2026-02-20 11:41:28.440060839
SIM02234,life_insurance,13,2026-02-20 11:41:28.440060839
SIM02234,bike_insurance,14,2026-03-10 16:37:41.358662390
SIM02236,bike_insurance,23,2026-12-11 15:43:30.915546886
SIM02237,savings_account,-1,2024-12-31 00:00:00.000000000
SIM02239,savings_account,-1,2024-12-31 00:00:00.000000000
SIM02239,investment_account,11,2025-12-23 14:10:17.344828387
SIM02240,savings_account,-1,2024-12-31 00:00:00.000000000
SIM02240,bike_insurance,15,2026-04-19 23:03:30.348873010
SIM02241,savings_account,-1,2024-12-31 00:00:00.000000000
SIM02241,credit_card,-1,2024-12-31 00:00:00.000000000
SIM02241,car_insurance,22,2026-11-29 20:44:02.456556396
SIM02241,car_loan,22,2026-11-26 20:44:02.456556396
SIM02242,savings_account,-1,2024-12-31 00:00:00.000000000
SIM02242,credit_card,-1,2024-12-31 00:00:00.000000000
SIM02243,savings_account,-1,2024-12-31 00:00:00.000000000
SIM02244,savings_account,-1,2024-12-31 00:00:00.000000000
SIM02244,bike_insurance,5,2025-06-16 10:33:01.043815570
SIM02245,savings_account,-1,2024-12-31 00:00:00.000000000
SIM02245,credit_card,-1,2024-12-31 00:00:00.000000000
SIM02245,bike_insurance,19,2026-08-28 15:55:33.217210509
SIM02245,investment_account,22,2026-11-09 22:48:45.008521907
SIM02247,bike_insurance,13,2026-02-19 00:14:22.125035893
SIM02248,savings_account,-1,2024-12-31 00:00:00.000000000
SIM02248,credit_card,-1,2024-12-31 00:00:00.000000000
SIM02248,investment_account,13,2026-02-23 21:22:33.843256568
SIM02248,home_loan,17,2026-06-18 00:13:17.747664726
SIM02248,home_insurance,17,2026-06-19 00:13:17.747664726
SIM02248,life_insurance,17,2026-06-19 00:13:17.747664726
SIM02249,bike_insurance,7,2025-08-07 21:49:32.688919368
SIM02250,savings_account,-1,2024-12-31 00:00:00.000000000
SIM02250,credit_card,-1,2024-12-31 00:00:00.000000000
SIM02250,home_loan,14,2026-03-15 03:47:18.586808113
SIM02250,home_insurance,14,2026-03-16 03:47:18.586808113
SIM02250,life_insurance,14,2026-03-16 03:47:18.586808113
SIM02250,bike_insurance,17,2026-06-05 20:17:55.857515683
SIM02250,investment_account,20,2026-09-06 22:53:16.264496832
SIM02251,credit_card,-1,2024-12-31 00:00:00.000000000
SIM02251,home_loan,21,2026-10-26 03:17:41.655068606
SIM02251,home_insurance,21,2026-10-27 03:17:41.655068606
SIM02251,life_insurance,21,2026-10-27 03:17:41.655068606
SIM02251,bike_insurance,21,2026-10-05 14:26:04.587498717
SIM02252,savings_account,-1,2024-12-31 00:00:00.000000000
SIM02252,credit_card,-1,2024-12-31 00:00:00.000000000
SIM02252,investment_account,17,2026-06-07 12:16:11.616886346
SIM02253,savings_account,-1,2024-12-31 00:00:00.000000000
SIM02253,credit_card,-1,2024-12-31 00:00:00.000000000
SIM02253,home_loan,7,2025-08-21 16:51:49.701451592
SIM02253,home_insurance,7,2025-08-22 16:51:49.701451592
SIM02253,life_insurance,7,2025-08-22 16:51:49.701451592
SIM02255,savings_account,-1,2024-12-31 00:00:00.000000000
SIM02255,credit_card,-1,2024-12-31 00:00:00.000000000
SIM02255,car_insurance,14,2026-03-23 00:07:50.595125845
SIM02255,car_loan,14,2026-03-20 00:07:50.595125845
SIM02255,bike_insurance,17,2026-06-25 21:54:49.900703884
SIM02256,savings_account,-1,2024-12-31 00:00:00.000000000
SIM02256,credit_card,-1,2024-12-31 00:00:00.000000000
SIM02257,credit_card,-1,2024-12-31 00:00:00.000000000
SIM02258,savings_account,-1,2024-12-31 00:00:00.000000000
SIM02258,investment_account,4,2025-05-26 07:37:04.182929391
SIM02259,savings_account,-1,2024-12-31 00:00:00.000000000
SIM02259,car_insurance,21,2026-10-11 22:26:25.532345772
SIM02259,car_loan,21,2026-10-08 22:26:25.532345772
SIM02260,savings_account,-1,2024-12-31 00:00:00.000000000
SIM02260,credit_card,-1,2024-12-31 00:00:00.000000000
SIM02260,investment_account,13,2026-02-22 22:52:16.355513828
SIM02260,car_insurance,20,2026-09-05 08:00:01.103092525
SIM02262,savings_account,-1,2024-12-31 00:00:00.000000000
SIM02263,credit_card,-1,2024-12-31 00:00:00.000000000
SIM02263,bike_insurance,19,2026-08-11 14:09:31.419970294
SIM02263,car_insurance,18,2026-07-05 21:38:27.401969563
SIM02264,bike_insurance,16,2026-05-04 05:30:36.361419264
SIM02265,savings_account,-1,2024-12-31 00:00:00.000000000
SIM02265,credit_card,-1,2024-12-31 00:00:00.000000000
SIM02265,investment_account,4,2025-05-26 19:09:52.777931875
SIM02265,car_insurance,6,2025-07-30 20:49:33.380173913
SIM02265,car_loan,6,2025-07-27 20:49:33.380173913
SIM02266,savings_account,-1,2024-12-31 00:00:00.000000000
SIM02267,savings_account,-1,2024-12-31 00:00:00.000000000
SIM02267,credit_card,-1,2024-12-31 00:00:00.000000000
SIM02267,car_insurance,17,2026-06-24 03:23:05.180516691
SIM02267,home_loan,15,2026-04-25 22:25:31.257594188
SIM02267,home_insurance,15,2026-04-26 22:25:31.257594188
SIM02267,life_insurance,15,2026-04-26 22:25:31.257594188
SIM02269,home_loan,13,2026-02-17 08:20:59.667324745
SIM02269,home_insurance,13,2026-02-18 08:20:59.667324745
SIM02269,life_insurance,13,2026-02-18 08:20:59.667324745
SIM02270,savings_account,-1,2024-12-31 00:00:00.000000000
SIM02270,credit_card,-1,2024-12-31 00:00:00.000000000
SIM02271,bike_insurance,8,2025-09-25 20:13:51.827693543
SIM02272,credit_card,-1,2024-12-31 00:00:00.000000000
SIM02272,investment_account,16,2026-05-15 08:42:43.513116879
SIM02273,savings_account,-1,2024-12-31 00:00:00.000000000
SIM02273,car_insurance,4,2025-05-12 07:20:06.115456134
SIM02273,home_loan,16,2026-05-20 23:32:28.171188237
SIM02273,home_insurance,16,2026-05-21 23:32:28.171188237
SIM02273,life_insurance,14,2026-03-18 02:51:32.467021289
SIM02273,investment_account,6,2025-07-24 10:47:37.255274520
SIM02274,savings_account,-1,2024-12-31 00:00:00.000000000
SIM02274,credit_card,-1,2024-12-31 00:00:00.000000000
SIM02274,home_loan,11,2025-12-28 09:03:55.960874471
SIM02274,home_insurance,11,2025-12-29 09:03:55.960874471
SIM02274,life_insurance,11,2025-12-29 09:03:55.960874471
SIM02275,savings_account,-1,2024-12-31 00:00:00.000000000
SIM02275,credit_card,-1,2024-12-31 00:00:00.000000000
SIM02275,car_insurance,10,2025-11-15 06:20:45.350845285
SIM02276,credit_card,-1,2024-12-31 00:00:00.000000000
SIM02276,bike_insurance,17,2026-06-20 10:01:26.407599980
SIM02277,savings_account,-1,2024-12-31 00:00:00.000000000
SIM02277,credit_card,-1,2024-12-31 00:00:00.000000000
SIM02278,savings_account,-1,2024-12-31 00:00:00.000000000
SIM02278,credit_card,-1,2024-12-31 00:00:00.000000000
SIM02279,savings_account,-1,2024-12-31 00:00:00.000000000
SIM02279,bike_insurance,6,2025-07-19 13:23:11.496195663
SIM02280,savings_account,-1,2024-12-31 00:00:00.000000000
SIM02280,credit_card,-1,2024-12-31 00:00:00.000000000
SIM02280,investment_account,5,2025-06-17 13:07:21.089783348
SIM02280,home_loan,6,2025-07-10 20:43:35.079824655
SIM02280,home_insurance,6,2025-07-11 20:43:35.079824655
SIM02280,life_insurance,6,2025-07-11 20:43:35.079824655
SIM02281,bike_insurance,8,2025-09-11 22:09:38.611082677
SIM02282,savings_account,-1,2024-12-31 00:00:00.000000000
SIM02282,credit_card,-1,2024-12-31 00:00:00.000000000
SIM02282,investment_account,21,2026-10-02 09:00:33.176730113
SIM02282,home_loan,20,2026-09-07 08:08:26.755358088
SIM02282,home_insurance,20,2026-09-08 08:08:26.755358088
SIM02282,life_insurance,20,2026-09-08 08:08:26.755358088
SIM02283,savings_account,-1,2024-12-31 00:00:00.000000000
SIM02284,savings_account,-1,2024-12-31 00:00:00.000000000
SIM02284,credit_card,-1,2024-12-31 00:00:00.000000000
SIM02284,investment_account,19,2026-08-07 10:33:24.566586250
SIM02285,credit_card,-1,2024-12-31 00:00:00.000000000
SIM02286,savings_account,-1,2024-12-31 00:00:00.000000000
SIM02286,credit_card,-1,2024-12-31 00:00:00.000000000
SIM02286,home_loan,16,2026-05-02 12:34:53.900389125
SIM02286,home_insurance,16,2026-05-03 12:34:53.900389125
SIM02286,life_insurance,12,2026-01-06 04:58:47.900428307
SIM02287,credit_card,-1,2024-12-31 00:00:00.000000000
SIM02287,life_insurance,16,2026-05-01 13:46:34.954076854
SIM02287,savings_account,16,2026-05-06 13:46:34.954076854
SIM02287,bike_insurance,12,2026-01-11 00:46:29.361762732
SIM02288,savings_account,-1,2024-12-31 00:00:00.000000000
SIM02289,savings_account,-1,2024-12-31 00:00:00.000000000
SIM02291,savings_account,-1,2024-12-31 00:00:00.000000000
SIM02292,savings_account,-1,2024-12-31 00:00:00.000000000
SIM02292,bike_insurance,16,2026-05-05 09:51:54.063568715
SIM02293,savings_account,-1,2024-12-31 00:00:00.000000000
SIM02293,car_insurance,9,2025-10-07 21:22:04.732817467
SIM02293,bike_insurance,18,2026-07-14 16:34:08.317327934
SIM02294,savings_account,-1,2024-12-31 00:00:00.000000000
SIM02294,car_insurance,14,2026-03-10 23:48:27.032490677
SIM02294,car_loan,14,2026-03-07 23:48:27.032490677
SIM02295,car_insurance,11,2025-12-08 02:56:38.721915541
SIM02295,car_loan,11,2025-12-05 02:56:38.721915541
SIM02296,savings_account,-1,2024-12-31 00:00:00.000000000
SIM02296,life_insurance,15,2026-04-07 08:00:35.591482595
SIM02297,credit_card,-1,2024-12-31 00:00:00.000000000
SIM02297,car_insurance,11,2025-12-16 17:21:44.365726027
SIM02297,car_loan,11,2025-12-13 17:21:44.365726027
SIM02298,savings_account,-1,2024-12-31 00:00:00.000000000
SIM02298,credit_card,-1,2024-12-31 00:00:00.000000000
SIM02298,investment_account,9,2025-10-24 07:03:18.386234843
SIM02298,home_loan,9,2025-10-21 06:22:37.450682571
SIM02298,home_insurance,9,2025-10-22 06:22:37.450682571
SIM02298,life_insurance,9,2025-10-22 06:22:37.450682571
SIM02299,savings_account,-1,2024-12-31 00:00:00.000000000
SIM02299,credit_card,-1,2024-12-31 00:00:00.000000000
SIM02299,home_loan,15,2026-04-23 23:44:30.758636148
SIM02299,home_insurance,15,2026-04-24 23:44:30.758636148
SIM02299,life_insurance,15,2026-04-24 23:44:30.758636148
SIM02300,credit_card,-1,2024-12-31 00:00:00.000000000
SIM02300,bike_insurance,3,2025-04-27 12:41:17.882466738
SIM02301,home_loan,16,2026-05-22 02:23:24.099993465
SIM02301,home_insurance,16,2026-05-23 02:23:24.099993465
SIM02301,life_insurance,16,2026-05-23 02:23:24.099993465
SIM02302,savings_account,-1,2024-12-31 00:00:00.000000000
SIM02302,credit_card,-1,2024-12-31 00:00:00.000000000
SIM02302,car_insurance,14,2026-03-01 15:30:49.387063919
SIM02302,car_loan,13,2026-02-26 15:30:49.387063919
SIM02303,savings_account,-1,2024-12-31 00:00:00.000000000
SIM02303,credit_card,-1,2024-12-31 00:00:00.000000000
SIM02303,bike_insurance,22,2026-11-19 18:02:51.135715247
SIM02304,credit_card,-1,2024-12-31 00:00:00.000000000
SIM02304,car_insurance,12,2026-01-06 23:11:31.187274641
SIM02304,bike_insurance,19,2026-08-07 13:30:32.745787509
SIM02304,life_insurance,10,2025-11-28 09:27:03.946086881
SIM02304,savings_account,11,2025-12-03 09:27:03.946086881
SIM02305,credit_card,-1,2024-12-31 00:00:00.000000000
SIM02305,car_insurance,8,2025-09-28 23:57:47.122355822
SIM02305,car_loan,8,2025-09-25 23:57:47.122355822
SIM02305,bike_insurance,22,2026-11-28 09:21:59.331608733
SIM02305,life_insurance,14,2026-03-06 05:25:02.605809841
SIM02305,savings_account,14,2026-03-11 05:25:02.605809841
SIM02306,home_loan,12,2026-01-17 06:15:42.188282429
SIM02306,home_insurance,12,2026-01-18 06:15:42.188282429
SIM02306,life_insurance,12,2026-01-18 06:15:42.188282429
SIM02307,savings_account,-1,2024-12-31 00:00:00.000000000
SIM02307,credit_card,-1,2024-12-31 00:00:00.000000000
SIM02307,home_loan,12,2026-01-27 17:33:47.796003156
SIM02307,home_insurance,12,2026-01-28 17:33:47.796003156
SIM02307,life_insurance,12,2026-01-28 17:33:47.796003156
SIM02308,savings_account,-1,2024-12-31 00:00:00.000000000
SIM02308,credit_card,-1,2024-12-31 00:00:00.000000000
SIM02308,investment_account,8,2025-09-11 01:01:58.855974529
SIM02309,bike_insurance,20,2026-09-16 23:29:45.401129552
SIM02310,credit_card,-1,2024-12-31 00:00:00.000000000
SIM02312,savings_account,-1,2024-12-31 00:00:00.000000000
SIM02312,credit_card,-1,2024-12-31 00:00:00.000000000
SIM02312,car_insurance,22,2026-11-28 10:21:48.821339825
SIM02312,life_insurance,16,2026-05-10 00:24:33.408974683
SIM02313,savings_account,-1,2024-12-31 00:00:00.000000000
SIM02314,savings_account,-1,2024-12-31 00:00:00.000000000
SIM02314,credit_card,-1,2024-12-31 00:00:00.000000000
SIM02315,credit_card,-1,2024-12-31 00:00:00.000000000
SIM02315,investment_account,19,2026-08-03 20:49:53.498852452
SIM02316,savings_account,-1,2024-12-31 00:00:00.000000000
SIM02316,home_loan,23,2026-12-22 19:05:39.098690675
SIM02316,home_insurance,23,2026-12-23 19:05:39.098690675
SIM02316,life_insurance,17,2026-06-16 14:59:43.983998003
SIM02316,bike_insurance,5,2025-06-16 08:01:51.905401196
SIM02317,bike_insurance,4,2025-05-07 00:47:37.116584297
SIM02318,savings_account,-1,2024-12-31 00:00:00.000000000
SIM02318,credit_card,-1,2024-12-31 00:00:00.000000000
SIM02318,bike_insurance,16,2026-05-21 05:13:57.306276809
SIM02319,savings_account,-1,2024-12-31 00:00:00.000000000
SIM02319,credit_card,-1,2024-12-31 00:00:00.000000000
SIM02319,investment_account,9,2025-10-18 11:28:44.763601783
SIM02319,car_insurance,6,2025-07-18 15:08:37.918470236
SIM02319,car_loan,6,2025-07-15 15:08:37.918470236
SIM02321,credit_card,-1,2024-12-31 00:00:00.000000000
SIM02322,credit_card,-1,2024-12-31 00:00:00.000000000
SIM02322,car_insurance,6,2025-07-12 01:01:38.975873205
SIM02322,investment_account,16,2026-05-13 05:43:30.716769095
SIM02323,savings_account,-1,2024-12-31 00:00:00.000000000
SIM02323,credit_card,-1,2024-12-31 00:00:00.000000000
SIM02325,savings_account,-1,2024-12-31 00:00:00.000000000
SIM02325,credit_card,-1,2024-12-31 00:00:00.000000000
SIM02327,savings_account,-1,2024-12-31 00:00:00.000000000
SIM02327,bike_insurance,7,2025-08-23 01:09:48.950522582
SIM02328,savings_account,-1,2024-12-31 00:00:00.000000000
SIM02328,credit_card,-1,2024-12-31 00:00:00.000000000
SIM02328,home_loan,5,2025-06-08 03:11:14.766770629
SIM02328,home_insurance,5,2025-06-09 03:11:14.766770629
SIM02328,life_insurance,5,2025-06-09 03:11:14.766770629
SIM02328,bike_insurance,6,2025-07-28 23:50:56.538705177
SIM02329,savings_account,-1,2024-12-31 00:00:00.000000000
SIM02329,credit_card,-1,2024-12-31 00:00:00.000000000
SIM02329,home_loan,4,2025-05-01 16:13:50.837910830
SIM02329,home_insurance,4,2025-05-02 16:13:50.837910830
SIM02329,life_insurance,4,2025-05-02 16:13:50.837910830
SIM02329,bike_insurance,5,2025-06-08 02:26:49.317895827
SIM02330,savings_account,-1,2024-12-31 00:00:00.000000000
SIM02330,credit_card,-1,2024-12-31 00:00:00.000000000
SIM02331,life_insurance,7,2025-08-10 04:39:15.396101284
SIM02332,savings_account,-1,2024-12-31 00:00:00.000000000
SIM02333,savings_account,-1,2024-12-31 00:00:00.000000000
SIM02334,savings_account,-1,2024-12-31 00:00:00.000000000
SIM02334,credit_card,-1,2024-12-31 00:00:00.000000000
SIM02335,savings_account,-1,2024-12-31 00:00:00.000000000
SIM02335,credit_card,-1,2024-12-31 00:00:00.000000000
SIM02336,savings_account,-1,2024-12-31 00:00:00.000000000
SIM02336,investment_account,14,2026-03-27 14:20:39.625560150
SIM02337,savings_account,-1,2024-12-31 00:00:00.000000000
SIM02337,credit_card,-1,2024-12-31 00:00:00.000000000
SIM02337,investment_account,13,2026-02-10 14:15:56.438513413
SIM02338,savings_account,-1,2024-12-31 00:00:00.000000000
SIM02338,credit_card,-1,2024-12-31 00:00:00.000000000
SIM02339,savings_account,-1,2024-12-31 00:00:00.000000000
SIM02339,credit_card,-1,2024-12-31 00:00:00.000000000
SIM02339,car_insurance,9,2025-10-19 14:14:47.778544107
SIM02339,car_loan,9,2025-10-16 14:14:47.778544107
SIM02339,home_loan,12,2026-01-23 00:32:13.036740986
SIM02339,home_insurance,12,2026-01-24 00:32:13.036740986
SIM02339,life_insurance,7,2025-08-22 00:01:46.358671163
SIM02340,car_insurance,23,2026-12-28 09:11:39.480128237
SIM02341,savings_account,-1,2024-12-31 00:00:00.000000000
SIM02341,credit_card,-1,2024-12-31 00:00:00.000000000
SIM02341,car_insurance,6,2025-07-14 20:48:58.236147586
SIM02341,car_loan,6,2025-07-11 20:48:58.236147586
SIM02342,credit_card,-1,2024-12-31 00:00:00.000000000
SIM02342,investment_account,11,2025-12-23 14:44:01.865237961
SIM02343,savings_account,-1,2024-12-31 00:00:00.000000000
SIM02343,home_loan,7,2025-08-09 14:20:28.482332901
SIM02343,home_insurance,7,2025-08-10 14:20:28.482332901
SIM02343,life_insurance,7,2025-08-10 14:20:28.482332901
SIM02343,car_insurance,19,2026-08-09 02:37:26.963094363
SIM02343,car_loan,19,2026-08-06 02:37:26.963094363
SIM02344,savings_account,-1,2024-12-31 00:00:00.000000000
SIM02344,credit_card,-1,2024-12-31 00:00:00.000000000
SIM02344,life_insurance,6,2025-07-28 13:25:11.486830626
SIM02344,bike_insurance,18,2026-07-21 23:42:02.086790897
SIM02345,savings_account,-1,2024-12-31 00:00:00.000000000
SIM02345,credit_card,-1,2024-12-31 00:00:00.000000000
SIM02346,credit_card,-1,2024-12-31 00:00:00.000000000
SIM02346,car_insurance,14,2026-03-01 04:53:31.699230577
SIM02346,bike_insurance,15,2026-04-20 17:48:38.534418733
SIM02346,life_insurance,7,2025-08-24 10:26:20.766206549
SIM02346,savings_account,7,2025-08-29 10:26:20.766206549
SIM02347,savings_account,-1,2024-12-31 00:00:00.000000000
SIM02347,credit_card,-1,2024-12-31 00:00:00.000000000
SIM02347,investment_account,21,2026-10-12 23:15:24.509998427
SIM02348,savings_account,-1,2024-12-31 00:00:00.000000000
SIM02348,bike_insurance,15,2026-04-12 05:52:58.125772018
SIM02349,savings_account,-1,2024-12-31 00:00:00.000000000
SIM02349,home_loan,19,2026-08-27 04:02:49.093224618
SIM02349,home_insurance,19,2026-08-28 04:02:49.093224618
SIM02349,life_insurance,19,2026-08-28 04:02:49.093224618
SIM02350,savings_account,-1,2024-12-31 00:00:00.000000000
SIM02350,credit_card,-1,2024-12-31 00:00:00.000000000
SIM02350,bike_insurance,16,2026-05-28 18:57:59.023010473
SIM02351,savings_account,-1,2024-12-31 00:00:00.000000000
SIM02351,credit_card,-1,2024-12-31 00:00:00.000000000
SIM02351,investment_account,9,2025-10-21 05:29:40.999357999
SIM02352,savings_account,-1,2024-12-31 00:00:00.000000000
SIM02352,credit_card,-1,2024-12-31 00:00:00.000000000
SIM02352,bike_insurance,15,2026-04-19 13:20:39.081900699
SIM02353,savings_account,-1,2024-12-31 00:00:00.000000000
SIM02353,credit_card,-1,2024-12-31 00:00:00.000000000
SIM02353,investment_account,23,2026-12-03 12:37:25.581659048
SIM02353,home_loan,17,2026-06-03 01:36:31.041549130
SIM02353,home_insurance,17,2026-06-04 01:36:31.041549130
SIM02353,life_insurance,17,2026-06-04 01:36:31.041549130
SIM02354,investment_account,4,2025-05-05 06:41:32.341555765
SIM02355,savings_account,-1,2024-12-31 00:00:00.000000000
SIM02356,savings_account,-1,2024-12-31 00:00:00.000000000
SIM02356,bike_insurance,12,2026-01-28 05:28:52.543153347
SIM02359,savings_account,-1,2024-12-31 00:00:00.000000000
SIM02359,credit_card,-1,2024-12-31 00:00:00.000000000
SIM02359,investment_account,20,2026-09-11 14:49:55.116456577
SIM02359,bike_insurance,23,2026-12-27 07:11:01.673159015
SIM02360,savings_account,-1,2024-12-31 00:00:00.000000000
SIM02361,credit_card,-1,2024-12-31 00:00:00.000000000
SIM02361,bike_insurance,11,2025-12-18 20:00:00.146550239
SIM02362,savings_account,-1,2024-12-31 00:00:00.000000000
SIM02362,bike_insurance,14,2026-03-24 06:58:30.031420535
SIM02363,bike_insurance,20,2026-09-14 10:01:05.375387924
SIM02364,savings_account,-1,2024-12-31 00:00:00.000000000
SIM02365,investment_account,8,2025-09-26 22:17:47.313229788
SIM02366,savings_account,-1,2024-12-31 00:00:00.000000000
SIM02366,credit_card,-1,2024-12-31 00:00:00.000000000
SIM02366,home_loan,10,2025-11-30 09:28:59.672654738
SIM02366,home_insurance,11,2025-12-01 09:28:59.672654738
SIM02366,life_insurance,11,2025-12-01 09:28:59.672654738
SIM02367,credit_card,-1,2024-12-31 00:00:00.000000000
SIM02367,car_insurance,17,2026-06-14 14:35:05.011727098
SIM02369,savings_account,-1,2024-12-31 00:00:00.000000000
SIM02369,credit_card,-1,2024-12-31 00:00:00.000000000
SIM02369,investment_account,20,2026-09-24 01:56:49.561309775
SIM02369,car_insurance,10,2025-11-30 03:02:14.089024522
SIM02369,car_loan,10,2025-11-27 03:02:14.089024522
SIM02369,bike_insurance,5,2025-06-07 19:27:51.140633270
SIM02370,savings_account,-1,2024-12-31 00:00:00.000000000
SIM02370,investment_account,3,2025-04-08 06:09:25.951760959
SIM02371,credit_card,-1,2024-12-31 00:00:00.000000000
SIM02371,life_insurance,9,2025-10-16 00:52:22.367444726
SIM02371,savings_account,9,2025-10-21 00:52:22.367444726
SIM02371,bike_insurance,5,2025-06-20 20:29:02.763624471
SIM02372,savings_account,-1,2024-12-31 00:00:00.000000000
SIM02372,credit_card,-1,2024-12-31 00:00:00.000000000
SIM02373,savings_account,-1,2024-12-31 00:00:00.000000000
SIM02373,car_insurance,14,2026-03-06 18:38:07.161961306
SIM02373,life_insurance,12,2026-01-03 00:10:16.501812080
SIM02374,credit_card,-1,2024-12-31 00:00:00.000000000
SIM02374,car_insurance,20,2026-09-20 07:11:03.043390958
SIM02374,life_insurance,17,2026-06-11 15:00:58.367948001
SIM02374,savings_account,17,2026-06-16 15:00:58.367948001
SIM02376,savings_account,-1,2024-12-31 00:00:00.000000000
SIM02376,credit_card,-1,2024-12-31 00:00:00.000000000
SIM02376,investment_account,19,2026-08-11 15:05:32.891209130
SIM02378,savings_account,-1,2024-12-31 00:00:00.000000000
SIM02378,credit_card,-1,2024-12-31 00:00:00.000000000
SIM02378,car_insurance,20,2026-09-20 21:19:18.197592081
SIM02378,car_loan,20,2026-09-17 21:19:18.197592081
SIM02379,savings_account,-1,2024-12-31 00:00:00.000000000
SIM02379,credit_card,-1,2024-12-31 00:00:00.000000000
SIM02379,car_insurance,17,2026-06-27 06:56:27.203568388
SIM02379,car_loan,17,2026-06-24 06:56:27.203568388
SIM02380,savings_account,-1,2024-12-31 00:00:00.000000000
SIM02380,credit_card,-1,2024-12-31 00:00:00.000000000
SIM02381,bike_insurance,18,2026-07-19 21:09:50.338979981
SIM02382,savings_account,-1,2024-12-31 00:00:00.000000000
SIM02382,credit_card,-1,2024-12-31 00:00:00.000000000
SIM02382,investment_account,22,2026-11-18 14:07:34.501801393
SIM02383,home_loan,10,2025-11-03 10:17:22.502378378
SIM02383,home_insurance,10,2025-11-04 10:17:22.502378378
SIM02383,life_insurance,10,2025-11-04 10:17:22.502378378
SIM02384,savings_account,-1,2024-12-31 00:00:00.000000000
SIM02384,credit_card,-1,2024-12-31 00:00:00.000000000
SIM02384,investment_account,8,2025-09-06 19:56:25.294638081
SIM02384,car_insurance,14,2026-03-29 12:06:47.673106314
SIM02384,car_loan,14,2026-03-26 12:06:47.673106314
SIM02385,savings_account,-1,2024-12-31 00:00:00.000000000
SIM02385,credit_card,-1,2024-12-31 00:00:00.000000000
SIM02385,car_insurance,21,2026-10-20 18:24:52.884605901
SIM02386,savings_account,-1,2024-12-31 00:00:00.000000000
SIM02386,car_insurance,23,2026-12-16 02:27:11.675499206
SIM02386,car_loan,23,2026-12-13 02:27:11.675499206
SIM02386,home_loan,18,2026-07-16 03:01:05.086223368
SIM02386,home_insurance,18,2026-07-17 03:01:05.086223368
SIM02386,life_insurance,18,2026-07-17 03:01:05.086223368
SIM02387,savings_account,-1,2024-12-31 00:00:00.000000000
SIM02387,investment_account,3,2025-04-05 00:29:38.183299594
SIM02387,home_loan,8,2025-09-06 08:57:26.512604924
SIM02387,home_insurance,8,2025-09-07 08:57:26.512604924
SIM02387,life_insurance,8,2025-09-07 08:57:26.512604924
SIM02388,savings_account,-1,2024-12-31 00:00:00.000000000
SIM02388,credit_card,-1,2024-12-31 00:00:00.000000000
SIM02388,car_insurance,16,2026-05-28 01:19:56.373265070
SIM02388,bike_insurance,14,2026-03-01 15:31:24.074731734
SIM02389,savings_account,-1,2024-12-31 00:00:00.000000000
SIM02389,credit_card,-1,2024-12-31 00:00:00.000000000
SIM02389,life_insurance,15,2026-04-29 16:58:01.608352531
SIM02390,savings_account,-1,2024-12-31 00:00:00.000000000
SIM02390,home_loan,14,2026-03-17 04:09:25.400039486
SIM02390,home_insurance,14,2026-03-18 04:09:25.400039486
SIM02390,life_insurance,14,2026-03-18 04:09:25.400039486
SIM02391,savings_account,-1,2024-12-31 00:00:00.000000000
SIM02391,credit_card,-1,2024-12-31 00:00:00.000000000
SIM02392,savings_account,-1,2024-12-31 00:00:00.000000000
SIM02393,bike_insurance,13,2026-02-09 02:26:44.424142847
SIM02393,investment_account,11,2025-12-14 16:51:58.098355970
SIM02394,savings_account,-1,2024-12-31 00:00:00.000000000
SIM02394,credit_card,-1,2024-12-31 00:00:00.000000000
SIM02394,investment_account,11,2025-12-08 06:03:16.306692922
SIM02394,life_insurance,21,2026-10-28 21:37:15.036960580
SIM02395,savings_account,-1,2024-12-31 00:00:00.000000000
SIM02395,car_insurance,23,2026-12-27 23:04:39.073649639
SIM02396,savings_account,-1,2024-12-31 00:00:00.000000000
SIM02396,credit_card,-1,2024-12-31 00:00:00.000000000
SIM02396,car_insurance,7,2025-08-15 06:19:07.177718088
SIM02396,bike_insurance,20,2026-09-07 05:07:18.837637602
SIM02397,savings_account,-1,2024-12-31 00:00:00.000000000
SIM02398,savings_account,-1,2024-12-31 00:00:00.000000000
SIM02398,credit_card,-1,2024-12-31 00:00:00.000000000
SIM02400,savings_account,-1,2024-12-31 00:00:00.000000000
SIM02400,credit_card,-1,2024-12-31 00:00:00.000000000
SIM02400,bike_insurance,10,2025-11-22 22:58:42.443992199
SIM02402,savings_account,-1,2024-12-31 00:00:00.000000000
SIM02402,car_insurance,8,2025-09-06 00:43:40.912776940
SIM02402,car_loan,8,2025-09-03 00:43:40.912776940
SIM02402,home_loan,23,2026-12-10 06:10:19.295842506
SIM02402,home_insurance,23,2026-12-11 06:10:19.295842506
SIM02402,life_insurance,23,2026-12-11 06:10:19.295842506
SIM02403,savings_account,-1,2024-12-31 00:00:00.000000000
SIM02403,credit_card,-1,2024-12-31 00:00:00.000000000
SIM02404,savings_account,-1,2024-12-31 00:00:00.000000000
SIM02405,savings_account,-1,2024-12-31 00:00:00.000000000
SIM02405,home_loan,14,2026-03-21 17:24:52.217800096
SIM02405,home_insurance,14,2026-03-22 17:24:52.217800096
SIM02405,life_insurance,14,2026-03-22 17:24:52.217800096
SIM02405,bike_insurance,20,2026-09-03 20:27:31.242628098
SIM02406,savings_account,-1,2024-12-31 00:00:00.000000000
SIM02406,credit_card,-1,2024-12-31 00:00:00.000000000
SIM02406,car_insurance,16,2026-05-18 20:05:16.469361448
SIM02406,bike_insurance,23,2026-12-24 23:35:54.832544423
SIM02406,investment_account,5,2025-06-17 02:15:31.137008137
SIM02407,savings_account,-1,2024-12-31 00:00:00.000000000
SIM02407,investment_account,17,2026-06-03 02:47:59.436156767
SIM02408,savings_account,-1,2024-12-31 00:00:00.000000000
SIM02409,savings_account,-1,2024-12-31 00:00:00.000000000
SIM02409,credit_card,-1,2024-12-31 00:00:00.000000000
SIM02409,investment_account,5,2025-06-04 07:46:34.419490820
SIM02410,credit_card,-1,2024-12-31 00:00:00.000000000
SIM02411,savings_account,-1,2024-12-31 00:00:00.000000000
SIM02411,credit_card,-1,2024-12-31 00:00:00.000000000
SIM02411,investment_account,8,2025-09-05 11:34:57.765876432
SIM02413,savings_account,-1,2024-12-31 00:00:00.000000000
SIM02413,credit_card,-1,2024-12-31 00:00:00.000000000
SIM02414,savings_account,-1,2024-12-31 00:00:00.000000000
SIM02414,credit_card,-1,2024-12-31 00:00:00.000000000
SIM02414,car_insurance,12,2026-01-20 22:27:21.251745213
SIM02414,car_loan,12,2026-01-17 22:27:21.251745213
SIM02414,bike_insurance,18,2026-07-11 00:29:45.851489385
SIM02415,savings_account,-1,2024-12-31 00:00:00.000000000
SIM02415,investment_account,7,2025-08-22 07:44:18.551884661
SIM02416,savings_account,-1,2024-12-31 00:00:00.000000000
SIM02416,credit_card,-1,2024-12-31 00:00:00.000000000
SIM02416,home_loan,20,2026-09-02 06:03:25.799118338
SIM02416,home_insurance,20,2026-09-03 06:03:25.799118338
SIM02416,life_insurance,20,2026-09-03 06:03:25.799118338
SIM02416,bike_insurance,10,2025-11-28 14:46:27.848258452
SIM02417,bike_insurance,16,2026-05-16 00:21:55.698803281
SIM02419,credit_card,-1,2024-12-31 00:00:00.000000000
SIM02421,life_insurance,17,2026-06-03 12:14:58.425458465
SIM02421,savings_account,17,2026-06-08 12:14:58.425458465
SIM02422,savings_account,-1,2024-12-31 00:00:00.000000000
SIM02423,savings_account,-1,2024-12-31 00:00:00.000000000
SIM02423,car_insurance,11,2025-12-17 00:15:07.604367862
SIM02423,car_loan,11,2025-12-14 00:15:07.604367862
SIM02423,home_loan,10,2025-11-15 23:12:07.873784836
SIM02423,home_insurance,10,2025-11-16 23:12:07.873784836
SIM02423,life_insurance,10,2025-11-16 23:12:07.873784836
SIM02423,bike_insurance,10,2025-11-22 09:46:14.700559326
SIM02423,investment_account,11,2025-12-13 21:37:52.034907605
SIM02424,savings_account,-1,2024-12-31 00:00:00.000000000
SIM02425,car_insurance,18,2026-07-28 03:41:58.675659826
SIM02425,car_loan,18,2026-07-25 03:41:58.675659826
SIM02425,home_loan,10,2025-11-26 09:57:13.948957552
SIM02425,home_insurance,10,2025-11-27 09:57:13.948957552
SIM02425,life_insurance,10,2025-11-27 09:57:13.948957552
SIM02425,bike_insurance,9,2025-10-29 03:51:43.969607961
SIM02426,savings_account,-1,2024-12-31 00:00:00.000000000
SIM02426,home_loan,9,2025-10-23 13:28:50.590387629
SIM02426,home_insurance,9,2025-10-24 13:28:50.590387629
SIM02426,life_insurance,9,2025-10-24 13:28:50.590387629
SIM02427,savings_account,-1,2024-12-31 00:00:00.000000000
SIM02427,credit_card,-1,2024-12-31 00:00:00.000000000
SIM02427,investment_account,4,2025-05-22 17:51:29.464229860
SIM02427,car_insurance,9,2025-10-24 18:13:11.501655748
SIM02427,car_loan,9,2025-10-21 18:13:11.501655748
SIM02428,savings_account,-1,2024-12-31 00:00:00.000000000
SIM02428,credit_card,-1,2024-12-31 00:00:00.000000000
SIM02428,bike_insurance,14,2026-03-18 19:11:06.747075923
SIM02429,savings_account,-1,2024-12-31 00:00:00.000000000
SIM02429,credit_card,-1,2024-12-31 00:00:00.000000000
SIM02429,home_loan,13,2026-02-09 02:40:11.476763023
SIM02429,home_insurance,13,2026-02-10 02:40:11.476763023
SIM02429,life_insurance,12,2026-01-06 11:18:24.978401212
SIM02429,bike_insurance,17,2026-06-13 08:51:12.124804328
SIM02429,investment_account,23,2026-12-29 00:50:16.681371736
SIM02430,bike_insurance,6,2025-07-25 02:58:19.009648763
SIM02431,savings_account,-1,2024-12-31 00:00:00.000000000
SIM02431,credit_card,-1,2024-12-31 00:00:00.000000000
SIM02431,investment_account,9,2025-10-10 03:41:37.686112364
SIM02431,home_loan,23,2026-12-26 21:39:33.375728042
SIM02431,home_insurance,23,2026-12-27 21:39:33.375728042
SIM02431,life_insurance,23,2026-12-27 21:39:33.375728042
SIM02431,bike_insurance,14,2026-03-01 20:32:51.974018371
SIM02433,savings_account,-1,2024-12-31 00:00:00.000000000
SIM02433,credit_card,-1,2024-12-31 00:00:00.000000000
SIM02433,investment_account,19,2026-08-26 04:57:54.053085039
SIM02434,life_insurance,19,2026-08-04 23:22:42.109763277
SIM02434,savings_account,19,2026-08-09 23:22:42.109763277
SIM02435,credit_card,-1,2024-12-31 00:00:00.000000000
SIM02435,car_insurance,17,2026-06-08 13:16:32.110772974
SIM02435,car_loan,17,2026-06-05 13:16:32.110772974
SIM02435,life_insurance,15,2026-04-02 13:30:52.330138382
SIM02436,bike_insurance,12,2026-01-03 14:00:00.171108081
SIM02437,credit_card,-1,2024-12-31 00:00:00.000000000
SIM02437,car_insurance,23,2026-12-22 12:47:15.748996827
SIM02438,car_insurance,3,2025-04-11 20:56:53.101959698
SIM02438,car_loan,3,2025-04-08 20:56:53.101959698
SIM02438,life_insurance,12,2026-01-10 12:45:33.753439107
SIM02438,savings_account,12,2026-01-15 12:45:33.753439107
SIM02439,savings_account,-1,2024-12-31 00:00:00.000000000
SIM02439,car_insurance,18,2026-07-17 03:45:12.209763832
SIM02439,car_loan,18,2026-07-14 03:45:12.209763832
SIM02439,home_loan,15,2026-04-25 00:14:23.772707881
SIM02439,home_insurance,15,2026-04-26 00:14:23.772707881
SIM02439,life_insurance,15,2026-04-26 00:14:23.772707881
SIM02441,savings_account,-1,2024-12-31 00:00:00.000000000
SIM02441,credit_card,-1,2024-12-31 00:00:00.000000000
SIM02441,car_insurance,15,2026-04-10 21:34:49.523901292
SIM02441,car_loan,15,2026-04-07 21:34:49.523901292
SIM02442,savings_account,-1,2024-12-31 00:00:00.000000000
SIM02442,credit_card,-1,2024-12-31 00:00:00.000000000
SIM02442,home_loan,14,2026-03-10 23:32:39.285337552
SIM02442,home_insurance,14,2026-03-11 23:32:39.285337552
SIM02442,life_insurance,14,2026-03-11 23:32:39.285337552
SIM02442,car_insurance,21,2026-10-01 00:10:37.034382937
SIM02443,savings_account,-1,2024-12-31 00:00:00.000000000
SIM02445,credit_card,-1,2024-12-31 00:00:00.000000000
SIM02446,savings_account,-1,2024-12-31 00:00:00.000000000
SIM02446,credit_card,-1,2024-12-31 00:00:00.000000000
SIM02446,home_loan,14,2026-03-07 22:39:22.147748649
SIM02446,home_insurance,14,2026-03-08 22:39:22.147748649
SIM02446,life_insurance,14,2026-03-08 22:39:22.147748649
SIM02447,savings_account,-1,2024-12-31 00:00:00.000000000
SIM02448,savings_account,-1,2024-12-31 00:00:00.000000000
SIM02448,car_insurance,3,2025-04-27 22:20:05.592208824
SIM02448,car_loan,3,2025-04-24 22:20:05.592208824
SIM02448,home_loan,19,2026-08-07 21:31:09.027148453
SIM02448,home_insurance,19,2026-08-08 21:31:09.027148453
SIM02448,life_insurance,19,2026-08-08 21:31:09.027148453
SIM02449,savings_account,-1,2024-12-31 00:00:00.000000000
SIM02449,credit_card,-1,2024-12-31 00:00:00.000000000
SIM02449,investment_account,22,2026-11-02 16:45:14.261361796
SIM02449,home_loan,13,2026-02-10 04:56:33.713134289
SIM02449,home_insurance,13,2026-02-11 04:56:33.713134289
SIM02449,life_insurance,13,2026-02-11 04:56:33.713134289
SIM02449,bike_insurance,22,2026-11-05 18:16:59.283195362
SIM02450,savings_account,-1,2024-12-31 00:00:00.000000000
SIM02450,credit_card,-1,2024-12-31 00:00:00.000000000
SIM02450,investment_account,19,2026-08-12 15:36:43.075541888
SIM02450,car_insurance,22,2026-11-10 08:08:48.300448960
SIM02450,car_loan,22,2026-11-07 08:08:48.300448960
SIM02451,savings_account,-1,2024-12-31 00:00:00.000000000
SIM02451,credit_card,-1,2024-12-31 00:00:00.000000000
SIM02451,investment_account,7,2025-08-21 08:32:38.171796637
SIM02451,bike_insurance,18,2026-07-08 03:22:06.115814463
SIM02452,savings_account,-1,2024-12-31 00:00:00.000000000
SIM02452,credit_card,-1,2024-12-31 00:00:00.000000000
SIM02452,home_loan,20,2026-09-05 22:45:48.851313009
SIM02452,home_insurance,20,2026-09-06 22:45:48.851313009
SIM02452,life_insurance,20,2026-09-06 22:45:48.851313009
SIM02453,savings_account,-1,2024-12-31 00:00:00.000000000
SIM02453,credit_card,-1,2024-12-31 00:00:00.000000000
SIM02453,car_insurance,19,2026-08-30 06:11:38.011326567
SIM02453,car_loan,19,2026-08-27 06:11:38.011326567
SIM02453,bike_insurance,19,2026-08-05 16:29:52.234892783
SIM02454,savings_account,-1,2024-12-31 00:00:00.000000000
SIM02454,bike_insurance,18,2026-07-27 00:29:18.397218492
SIM02456,savings_account,-1,2024-12-31 00:00:00.000000000
SIM02456,credit_card,-1,2024-12-31 00:00:00.000000000
SIM02456,investment_account,11,2025-12-03 09:37:07.889732520
SIM02456,home_loan,23,2026-12-21 13:26:40.659820043
SIM02456,home_insurance,23,2026-12-22 13:26:40.659820043
SIM02456,life_insurance,23,2026-12-22 13:26:40.659820043
SIM02457,savings_account,-1,2024-12-31 00:00:00.000000000
SIM02457,credit_card,-1,2024-12-31 00:00:00.000000000
SIM02457,car_insurance,5,2025-06-20 05:06:10.893662278
SIM02457,car_loan,5,2025-06-17 05:06:10.893662278
SIM02457,bike_insurance,11,2025-12-16 10:11:01.877689998
SIM02458,credit_card,-1,2024-12-31 00:00:00.000000000
SIM02458,car_insurance,15,2026-04-20 16:37:01.328076355
SIM02458,car_loan,15,2026-04-17 16:37:01.328076355
SIM02458,investment_account,16,2026-05-17 20:01:15.991462518
SIM02459,home_loan,18,2026-07-10 15:58:26.798050168
SIM02459,home_insurance,18,2026-07-11 15:58:26.798050168
SIM02459,life_insurance,18,2026-07-11 15:58:26.798050168
SIM02461,savings_account,-1,2024-12-31 00:00:00.000000000
SIM02461,car_insurance,17,2026-06-25 21:05:15.269274160
SIM02461,life_insurance,23,2026-12-18 15:16:26.478033340
SIM02462,savings_account,-1,2024-12-31 00:00:00.000000000
SIM02462,credit_card,-1,2024-12-31 00:00:00.000000000
SIM02463,bike_insurance,23,2026-12-20 09:36:48.857745191
SIM02466,savings_account,-1,2024-12-31 00:00:00.000000000
SIM02466,credit_card,-1,2024-12-31 00:00:00.000000000
SIM02466,car_insurance,17,2026-06-12 15:08:04.576283112
SIM02466,home_loan,5,2025-06-02 03:31:10.801808732
SIM02466,home_insurance,5,2025-06-03 03:31:10.801808732
SIM02466,life_insurance,5,2025-06-03 03:31:10.801808732
SIM02466,bike_insurance,14,2026-03-08 22:02:08.044211049
SIM02467,savings_account,-1,2024-12-31 00:00:00.000000000
SIM02467,home_loan,7,2025-08-18 14:14:02.679131400
SIM02467,home_insurance,7,2025-08-19 14:14:02.679131400
SIM02467,life_insurance,7,2025-08-19 14:14:02.679131400
SIM02467,bike_insurance,12,2026-01-22 14:25:52.181287666
SIM02468,savings_account,-1,2024-12-31 00:00:00.000000000
SIM02468,credit_card,-1,2024-12-31 00:00:00.000000000
SIM02469,savings_account,-1,2024-12-31 00:00:00.000000000
SIM02469,credit_card,-1,2024-12-31 00:00:00.000000000
SIM02469,investment_account,14,2026-03-02 18:09:39.250963961
SIM02470,savings_account,-1,2024-12-31 00:00:00.000000000
SIM02470,credit_card,-1,2024-12-31 00:00:00.000000000
SIM02470,investment_account,7,2025-08-06 23:08:17.841486523
SIM02471,savings_account,-1,2024-12-31 00:00:00.000000000
SIM02471,credit_card,-1,2024-12-31 00:00:00.000000000
SIM02471,home_loan,12,2026-01-10 15:39:20.831492700
SIM02471,home_insurance,12,2026-01-11 15:39:20.831492700
SIM02471,life_insurance,12,2026-01-11 15:39:20.831492700
SIM02472,savings_account,-1,2024-12-31 00:00:00.000000000
SIM02472,credit_card,-1,2024-12-31 00:00:00.000000000
SIM02473,bike_insurance,18,2026-07-26 22:11:59.480784623
SIM02474,savings_account,-1,2024-12-31 00:00:00.000000000
SIM02474,credit_card,-1,2024-12-31 00:00:00.000000000
SIM02474,home_loan,22,2026-11-25 16:55:42.042174979
SIM02474,home_insurance,22,2026-11-26 16:55:42.042174979
SIM02474,life_insurance,22,2026-11-26 16:55:42.042174979
SIM02474,bike_insurance,7,2025-08-10 09:21:48.379804575
SIM02476,savings_account,-1,2024-12-31 00:00:00.000000000
SIM02476,credit_card,-1,2024-12-31 00:00:00.000000000
SIM02476,car_insurance,3,2025-04-09 16:50:27.015599610
SIM02476,car_loan,3,2025-04-06 16:50:27.015599610
SIM02477,savings_account,-1,2024-12-31 00:00:00.000000000
SIM02477,credit_card,-1,2024-12-31 00:00:00.000000000
SIM02477,home_loan,7,2025-08-04 02:41:37.941070097
SIM02477,home_insurance,7,2025-08-05 02:41:37.941070097
SIM02477,life_insurance,7,2025-08-05 02:41:37.941070097
SIM02478,savings_account,-1,2024-12-31 00:00:00.000000000
SIM02478,credit_card,-1,2024-12-31 00:00:00.000000000
SIM02479,bike_insurance,13,2026-02-15 23:46:56.531023274
SIM02481,savings_account,-1,2024-12-31 00:00:00.000000000
SIM02481,car_insurance,11,2025-12-30 22:41:22.013103414
SIM02481,car_loan,11,2025-12-27 22:41:22.013103414
SIM02481,life_insurance,18,2026-07-22 14:11:57.562491636
SIM02482,savings_account,-1,2024-12-31 00:00:00.000000000
SIM02482,investment_account,15,2026-04-07 11:54:17.294585420
SIM02482,car_insurance,15,2026-04-25 13:36:08.962099495
SIM02483,savings_account,-1,2024-12-31 00:00:00.000000000
SIM02484,savings_account,-1,2024-12-31 00:00:00.000000000
SIM02484,credit_card,-1,2024-12-31 00:00:00.000000000
SIM02486,savings_account,-1,2024-12-31 00:00:00.000000000
SIM02486,credit_card,-1,2024-12-31 00:00:00.000000000
SIM02487,savings_account,-1,2024-12-31 00:00:00.000000000
SIM02487,car_insurance,17,2026-06-27 10:03:33.838316271
SIM02487,car_loan,17,2026-06-24 10:03:33.838316271
SIM02487,home_loan,23,2026-12-03 01:03:38.666823824
SIM02487,home_insurance,23,2026-12-04 01:03:38.666823824
SIM02487,life_insurance,23,2026-12-04 01:03:38.666823824
SIM02489,savings_account,-1,2024-12-31 00:00:00.000000000
SIM02490,savings_account,-1,2024-12-31 00:00:00.000000000
SIM02490,home_loan,21,2026-10-11 17:21:13.057836615
SIM02490,home_insurance,21,2026-10-12 17:21:13.057836615
SIM02490,life_insurance,21,2026-10-12 17:21:13.057836615
SIM02491,savings_account,-1,2024-12-31 00:00:00.000000000
SIM02491,credit_card,-1,2024-12-31 00:00:00.000000000
SIM02491,home_loan,13,2026-02-10 09:34:48.011864729
SIM02491,home_insurance,13,2026-02-11 09:34:48.011864729
SIM02491,life_insurance,13,2026-02-11 09:34:48.011864729
SIM02492,savings_account,-1,2024-12-31 00:00:00.000000000
SIM02492,credit_card,-1,2024-12-31 00:00:00.000000000
SIM02492,investment_account,19,2026-08-16 05:49:40.770387474
SIM02492,car_insurance,17,2026-06-23 15:02:46.820003693
SIM02493,savings_account,-1,2024-12-31 00:00:00.000000000
SIM02493,credit_card,-1,2024-12-31 00:00:00.000000000
SIM02494,savings_account,-1,2024-12-31 00:00:00.000000000
SIM02494,credit_card,-1,2024-12-31 00:00:00.000000000
SIM02495,savings_account,-1,2024-12-31 00:00:00.000000000
SIM02495,credit_card,-1,2024-12-31 00:00:00.000000000
SIM02495,car_insurance,5,2025-06-10 05:52:02.392338489
SIM02495,car_loan,5,2025-06-07 05:52:02.392338489
SIM02495,bike_insurance,17,2026-06-28 21:04:27.048836570
SIM02496,savings_account,-1,2024-12-31 00:00:00.000000000
SIM02496,credit_card,-1,2024-12-31 00:00:00.000000000
SIM02496,home_loan,9,2025-10-21 21:24:51.576293116
SIM02496,home_insurance,9,2025-10-22 21:24:51.576293116
SIM02496,life_insurance,9,2025-10-22 21:24:51.576293116
SIM02497,savings_account,-1,2024-12-31 00:00:00.000000000
SIM02497,credit_card,-1,2024-12-31 00:00:00.000000000
SIM02497,investment_account,3,2025-04-09 18:29:07.179228025
SIM02497,car_insurance,14,2026-03-18 10:51:11.997537918
SIM02497,car_loan,14,2026-03-15 10:51:11.997537918
SIM02498,savings_account,-1,2024-12-31 00:00:00.000000000
SIM02498,credit_card,-1,2024-12-31 00:00:00.000000000
SIM02499,credit_card,-1,2024-12-31 00:00:00.000000000
SIM02499,car_insurance,16,2026-05-09 12:58:48.506662362
SIM02499,life_insurance,12,2026-01-27 03:52:15.215180884
SIM02499,savings_account,13,2026-02-01 03:52:15.215180884
SIM02500,car_insurance,6,2025-07-01 19:08:32.367546331
SIM02500,car_loan,5,2025-06-28 19:08:32.367546331
SIM02500,life_insurance,21,2026-10-13 09:24:42.714622064
SIM02501,savings_account,-1,2024-12-31 00:00:00.000000000
SIM02502,savings_account,-1,2024-12-31 00:00:00.000000000
SIM02502,credit_card,-1,2024-12-31 00:00:00.000000000
SIM02502,investment_account,7,2025-08-02 23:48:55.121731092
SIM02502,home_loan,4,2025-05-23 21:55:23.616772702
SIM02502,home_insurance,4,2025-05-24 21:55:23.616772702
SIM02502,life_insurance,4,2025-05-24 21:55:23.616772702
SIM02503,savings_account,-1,2024-12-31 00:00:00.000000000
SIM02503,credit_card,-1,2024-12-31 00:00:00.000000000
SIM02503,car_insurance,21,2026-10-25 05:56:42.170171796
SIM02503,investment_account,10,2025-11-04 22:15:52.384167636
SIM02504,savings_account,-1,2024-12-31 00:00:00.000000000
SIM02504,credit_card,-1,2024-12-31 00:00:00.000000000
SIM02504,investment_account,7,2025-08-20 08:46:03.576429326
SIM02504,home_loan,3,2025-04-19 16:42:27.533717421
SIM02504,home_insurance,3,2025-04-20 16:42:27.533717421
SIM02504,life_insurance,3,2025-04-20 16:42:27.533717421
SIM02505,savings_account,-1,2024-12-31 00:00:00.000000000
SIM02505,credit_card,-1,2024-12-31 00:00:00.000000000
SIM02505,car_insurance,8,2025-09-16 08:51:07.397670661
SIM02505,car_loan,8,2025-09-13 08:51:07.397670661
SIM02505,home_loan,16,2026-05-24 05:35:32.608671048
SIM02505,home_insurance,16,2026-05-25 05:35:32.608671048
SIM02505,life_insurance,9,2025-10-26 05:10:28.317190922
SIM02506,credit_card,-1,2024-12-31 00:00:00.000000000
SIM02506,investment_account,23,2026-12-14 01:36:51.789124902
SIM02507,savings_account,-1,2024-12-31 00:00:00.000000000
SIM02507,credit_card,-1,2024-12-31 00:00:00.000000000
SIM02508,savings_account,-1,2024-12-31 00:00:00.000000000
SIM02508,credit_card,-1,2024-12-31 00:00:00.000000000
SIM02508,investment_account,22,2026-11-06 13:17:46.570630215
SIM02509,savings_account,-1,2024-12-31 00:00:00.000000000
SIM02509,credit_card,-1,2024-12-31 00:00:00.000000000
SIM02509,car_insurance,4,2025-05-10 23:24:12.057984127
SIM02509,home_loan,23,2026-12-31 15:30:20.710873854
SIM02509,life_insurance,7,2025-08-03 15:51:50.419215728
SIM02510,savings_account,-1,2024-12-31 00:00:00.000000000
SIM02510,car_insurance,15,2026-04-07 04:44:42.568412486
SIM02510,car_loan,15,2026-04-04 04:44:42.568412486
SIM02510,home_loan,17,2026-06-29 13:28:00.674099312
SIM02510,home_insurance,17,2026-06-30 13:28:00.674099312
SIM02510,life_insurance,13,2026-02-06 11:27:54.733755153
SIM02511,savings_account,-1,2024-12-31 00:00:00.000000000
SIM02511,bike_insurance,18,2026-07-12 04:02:35.232049373
SIM02512,home_loan,12,2026-01-25 08:39:29.810161721
SIM02512,home_insurance,12,2026-01-26 08:39:29.810161721
SIM02512,life_insurance,12,2026-01-26 08:39:29.810161721
SIM02513,savings_account,-1,2024-12-31 00:00:00.000000000
SIM02513,home_loan,11,2025-12-03 01:20:47.455242445
SIM02513,home_insurance,11,2025-12-04 01:20:47.455242445
SIM02513,life_insurance,11,2025-12-04 01:20:47.455242445
SIM02513,bike_insurance,3,2025-04-12 20:15:02.007447691
SIM02514,savings_account,-1,2024-12-31 00:00:00.000000000
SIM02514,car_insurance,4,2025-05-06 10:27:11.215372474
SIM02514,life_insurance,13,2026-02-08 14:07:12.414420076
SIM02514,bike_insurance,14,2026-03-15 10:18:18.588357667
SIM02515,savings_account,-1,2024-12-31 00:00:00.000000000
SIM02515,car_insurance,23,2026-12-17 05:05:52.044682831
SIM02515,bike_insurance,13,2026-02-18 11:45:03.116000250
SIM02516,savings_account,-1,2024-12-31 00:00:00.000000000
SIM02517,savings_account,-1,2024-12-31 00:00:00.000000000
SIM02517,credit_card,-1,2024-12-31 00:00:00.000000000
SIM02517,investment_account,6,2025-07-07 12:11:42.155249228
SIM02517,home_loan,22,2026-11-27 20:11:17.219478454
SIM02517,home_insurance,22,2026-11-28 20:11:17.219478454
SIM02517,life_insurance,22,2026-11-28 20:11:17.219478454
SIM02518,savings_account,-1,2024-12-31 00:00:00.000000000
SIM02519,investment_account,5,2025-06-20 01:07:43.327006559
SIM02520,credit_card,-1,2024-12-31 00:00:00.000000000
SIM02520,home_loan,17,2026-06-10 01:04:13.236415425
SIM02520,home_insurance,17,2026-06-11 01:04:13.236415425
SIM02520,life_insurance,17,2026-06-11 01:04:13.236415425
SIM02521,savings_account,-1,2024-12-31 00:00:00.000000000
SIM02521,credit_card,-1,2024-12-31 00:00:00.000000000
SIM02521,home_loan,13,2026-02-21 00:28:49.370520113
SIM02521,home_insurance,13,2026-02-22 00:28:49.370520113
SIM02521,life_insurance,13,2026-02-22 00:28:49.370520113
SIM02521,bike_insurance,23,2026-12-22 08:29:06.037107943
SIM02522,savings_account,-1,2024-12-31 00:00:00.000000000
SIM02523,savings_account,-1,2024-12-31 00:00:00.000000000
SIM02523,investment_account,22,2026-11-12 20:24:06.230216702
SIM02524,savings_account,-1,2024-12-31 00:00:00.000000000
SIM02524,bike_insurance,12,2026-01-15 12:53:55.991092811
SIM02525,savings_account,-1,2024-12-31 00:00:00.000000000
SIM02525,life_insurance,16,2026-05-18 03:37:13.771956851
SIM02526,savings_account,-1,2024-12-31 00:00:00.000000000
SIM02527,bike_insurance,16,2026-05-06 22:14:46.661607306
SIM02528,credit_card,-1,2024-12-31 00:00:00.000000000
SIM02528,car_insurance,22,2026-11-19 08:01:42.622093300
SIM02529,credit_card,-1,2024-12-31 00:00:00.000000000
SIM02529,car_insurance,13,2026-02-14 10:36:44.690164048
SIM02529,life_insurance,10,2025-11-10 12:30:56.801596016
SIM02529,savings_account,10,2025-11-15 12:30:56.801596016
SIM02530,credit_card,-1,2024-12-31 00:00:00.000000000
SIM02530,bike_insurance,13,2026-02-15 21:40:12.454420036
SIM02531,savings_account,-1,2024-12-31 00:00:00.000000000
SIM02531,credit_card,-1,2024-12-31 00:00:00.000000000
SIM02532,savings_account,-1,2024-12-31 00:00:00.000000000
SIM02532,credit_card,-1,2024-12-31 00:00:00.000000000
SIM02533,home_loan,14,2026-03-06 18:21:40.101180501
SIM02533,home_insurance,14,2026-03-07 18:21:40.101180501
SIM02533,life_insurance,14,2026-03-07 18:21:40.101180501
SIM02533,bike_insurance,22,2026-11-20 11:47:14.147168867
SIM02534,savings_account,-1,2024-12-31 00:00:00.000000000
SIM02535,savings_account,-1,2024-12-31 00:00:00.000000000
SIM02536,savings_account,-1,2024-12-31 00:00:00.000000000
SIM02536,credit_card,-1,2024-12-31 00:00:00.000000000
SIM02536,bike_insurance,19,2026-08-20 02:48:03.889462996
SIM02537,savings_account,-1,2024-12-31 00:00:00.000000000
SIM02537,credit_card,-1,2024-12-31 00:00:00.000000000
SIM02537,life_insurance,10,2025-11-08 19:26:57.954344705
SIM02537,bike_insurance,4,2025-05-18 21:24:29.504951121
SIM02538,savings_account,-1,2024-12-31 00:00:00.000000000
SIM02538,credit_card,-1,2024-12-31 00:00:00.000000000
SIM02538,home_loan,14,2026-03-03 02:42:45.511069368
SIM02538,home_insurance,14,2026-03-04 02:42:45.511069368
SIM02538,life_insurance,14,2026-03-04 02:42:45.511069368
SIM02539,savings_account,-1,2024-12-31 00:00:00.000000000
SIM02539,credit_card,-1,2024-12-31 00:00:00.000000000
SIM02539,life_insurance,17,2026-06-30 02:00:27.535373899
SIM02540,savings_account,-1,2024-12-31 00:00:00.000000000
SIM02540,credit_card,-1,2024-12-31 00:00:00.000000000
SIM02541,savings_account,-1,2024-12-31 00:00:00.000000000
SIM02542,savings_account,-1,2024-12-31 00:00:00.000000000
SIM02542,credit_card,-1,2024-12-31 00:00:00.000000000
SIM02543,savings_account,-1,2024-12-31 00:00:00.000000000
SIM02543,credit_card,-1,2024-12-31 00:00:00.000000000
SIM02545,credit_card,-1,2024-12-31 00:00:00.000000000
SIM02546,bike_insurance,21,2026-10-08 02:18:14.998036349
SIM02546,investment_account,15,2026-04-07 06:12:05.095818688
SIM02547,savings_account,-1,2024-12-31 00:00:00.000000000
SIM02548,credit_card,-1,2024-12-31 00:00:00.000000000
SIM02549,credit_card,-1,2024-12-31 00:00:00.000000000
SIM02549,home_loan,12,2026-01-10 11:38:32.415095635
SIM02549,home_insurance,12,2026-01-11 11:38:32.415095635
SIM02549,life_insurance,12,2026-01-11 11:38:32.415095635
SIM02550,bike_insurance,8,2025-09-28 01:31:13.495587322
SIM02551,savings_account,-1,2024-12-31 00:00:00.000000000
SIM02551,car_insurance,5,2025-06-29 16:38:13.396550671
SIM02552,savings_account,-1,2024-12-31 00:00:00.000000000
SIM02553,savings_account,-1,2024-12-31 00:00:00.000000000
SIM02553,credit_card,-1,2024-12-31 00:00:00.000000000
SIM02553,home_loan,23,2026-12-19 09:48:52.869377208
SIM02553,home_insurance,23,2026-12-20 09:48:52.869377208
SIM02553,life_insurance,7,2025-08-05 16:43:03.921412492
SIM02553,investment_account,16,2026-05-11 23:15:26.108602254
SIM02554,savings_account,-1,2024-12-31 00:00:00.000000000
SIM02554,credit_card,-1,2024-12-31 00:00:00.000000000
SIM02554,bike_insurance,3,2025-04-18 06:18:44.390906113
SIM02555,home_loan,13,2026-02-05 23:52:18.505348406
SIM02555,home_insurance,13,2026-02-06 23:52:18.505348406
SIM02555,life_insurance,13,2026-02-06 23:52:18.505348406
SIM02555,bike_insurance,23,2026-12-19 05:15:29.231628826
SIM02556,savings_account,-1,2024-12-31 00:00:00.000000000
SIM02556,life_insurance,14,2026-03-30 22:11:54.824177401
SIM02556,bike_insurance,11,2025-12-13 23:03:43.954288543
SIM02556,investment_account,5,2025-06-19 02:24:37.789544984
SIM02557,savings_account,-1,2024-12-31 00:00:00.000000000
SIM02557,car_insurance,12,2026-01-06 02:50:32.092624165
SIM02557,bike_insurance,4,2025-05-08 21:07:28.608037067
SIM02558,savings_account,-1,2024-12-31 00:00:00.000000000
SIM02558,credit_card,-1,2024-12-31 00:00:00.000000000
SIM02558,car_insurance,5,2025-06-25 19:47:51.987986363
SIM02558,car_loan,5,2025-06-22 19:47:51.987986363
SIM02559,savings_account,-1,2024-12-31 00:00:00.000000000
SIM02559,home_loan,16,2026-05-16 14:50:16.628267811
SIM02559,home_insurance,16,2026-05-17 14:50:16.628267811
SIM02559,life_insurance,16,2026-05-17 14:50:16.628267811
SIM02560,savings_account,-1,2024-12-31 00:00:00.000000000
SIM02560,car_insurance,22,2026-11-28 11:58:28.885758571
SIM02560,car_loan,22,2026-11-25 11:58:28.885758571
SIM02560,investment_account,8,2025-09-24 03:23:48.097179049
SIM02561,car_insurance,6,2025-07-31 07:30:05.053558707
SIM02561,car_loan,6,2025-07-28 07:30:05.053558707
SIM02562,savings_account,-1,2024-12-31 00:00:00.000000000
SIM02562,credit_card,-1,2024-12-31 00:00:00.000000000
SIM02562,bike_insurance,23,2026-12-26 23:42:18.578927936
SIM02564,savings_account,-1,2024-12-31 00:00:00.000000000
SIM02564,credit_card,-1,2024-12-31 00:00:00.000000000
SIM02564,home_loan,12,2026-01-27 16:46:51.103199148
SIM02564,home_insurance,12,2026-01-28 16:46:51.103199148
SIM02564,life_insurance,12,2026-01-28 16:46:51.103199148
SIM02565,savings_account,-1,2024-12-31 00:00:00.000000000
SIM02565,credit_card,-1,2024-12-31 00:00:00.000000000
SIM02565,investment_account,16,2026-05-24 07:14:12.288891865
SIM02566,savings_account,-1,2024-12-31 00:00:00.000000000
SIM02566,credit_card,-1,2024-12-31 00:00:00.000000000
SIM02566,life_insurance,8,2025-09-15 12:39:31.059239036
SIM02567,savings_account,-1,2024-12-31 00:00:00.000000000
SIM02567,credit_card,-1,2024-12-31 00:00:00.000000000
SIM02567,home_loan,12,2026-01-23 06:44:24.079410066
SIM02567,home_insurance,12,2026-01-24 06:44:24.079410066
SIM02567,life_insurance,12,2026-01-24 06:44:24.079410066
SIM02568,savings_account,-1,2024-12-31 00:00:00.000000000
SIM02568,credit_card,-1,2024-12-31 00:00:00.000000000
SIM02568,car_insurance,7,2025-08-08 04:15:32.667094640
SIM02569,savings_account,-1,2024-12-31 00:00:00.000000000
SIM02569,bike_insurance,12,2026-01-29 16:44:10.824772635
SIM02570,savings_account,-1,2024-12-31 00:00:00.000000000
SIM02570,credit_card,-1,2024-12-31 00:00:00.000000000
SIM02572,savings_account,-1,2024-12-31 00:00:00.000000000
SIM02572,credit_card,-1,2024-12-31 00:00:00.000000000
SIM02572,car_insurance,18,2026-07-25 01:07:36.326990530
SIM02572,car_loan,18,2026-07-22 01:07:36.326990530
SIM02572,home_loan,4,2025-05-19 19:42:31.326483842
SIM02572,home_insurance,4,2025-05-20 19:42:31.326483842
SIM02572,life_insurance,4,2025-05-20 19:42:31.326483842
SIM02573,bike_insurance,21,2026-10-23 08:03:13.924332858
SIM02573,car_insurance,9,2025-10-18 02:33:24.327678232
SIM02573,car_loan,9,2025-10-15 02:33:24.327678232
SIM02574,savings_account,-1,2024-12-31 00:00:00.000000000
SIM02574,credit_card,-1,2024-12-31 00:00:00.000000000
SIM02574,home_loan,8,2025-09-05 14:41:47.472476607
SIM02574,home_insurance,8,2025-09-06 14:41:47.472476607
SIM02574,life_insurance,8,2025-09-06 14:41:47.472476607
SIM02576,savings_account,-1,2024-12-31 00:00:00.000000000
SIM02577,savings_account,-1,2024-12-31 00:00:00.000000000
SIM02577,credit_card,-1,2024-12-31 00:00:00.000000000
SIM02577,investment_account,14,2026-03-22 11:03:26.944859304
SIM02578,savings_account,-1,2024-12-31 00:00:00.000000000
SIM02578,credit_card,-1,2024-12-31 00:00:00.000000000
SIM02578,car_insurance,3,2025-04-12 07:35:09.163608980
SIM02578,car_loan,3,2025-04-09 07:35:09.163608980
SIM02578,home_loan,19,2026-08-03 13:52:21.835289762
SIM02578,home_insurance,19,2026-08-04 13:52:21.835289762
SIM02578,life_insurance,19,2026-08-04 13:52:21.835289762
SIM02578,bike_insurance,18,2026-07-21 05:59:21.026596207
SIM02579,savings_account,-1,2024-12-31 00:00:00.000000000
SIM02579,credit_card,-1,2024-12-31 00:00:00.000000000
SIM02579,car_insurance,6,2025-07-19 15:26:16.185141500
SIM02579,home_loan,15,2026-04-07 03:57:44.839543439
SIM02579,home_insurance,15,2026-04-08 03:57:44.839543439
SIM02579,life_insurance,15,2026-04-08 03:57:44.839543439
SIM02580,savings_account,-1,2024-12-31 00:00:00.000000000
SIM02580,credit_card,-1,2024-12-31 00:00:00.000000000
SIM02581,savings_account,-1,2024-12-31 00:00:00.000000000
SIM02581,credit_card,-1,2024-12-31 00:00:00.000000000
SIM02581,car_insurance,12,2026-01-09 17:01:27.369482085
SIM02581,car_loan,12,2026-01-06 17:01:27.369482085
SIM02581,home_loan,18,2026-07-05 21:15:33.169584200
SIM02581,home_insurance,18,2026-07-06 21:15:33.169584200
SIM02581,life_insurance,18,2026-07-06 21:15:33.169584200
SIM02581,bike_insurance,20,2026-09-07 03:01:30.104277963
SIM02582,savings_account,-1,2024-12-31 00:00:00.000000000
SIM02582,credit_card,-1,2024-12-31 00:00:00.000000000
SIM02582,car_insurance,16,2026-05-09 19:48:06.852892403
SIM02582,home_loan,17,2026-06-07 11:39:39.630558289
SIM02582,home_insurance,17,2026-06-08 11:39:39.630558289
SIM02582,life_insurance,17,2026-06-02 23:28:56.639126047
SIM02583,savings_account,-1,2024-12-31 00:00:00.000000000
SIM02583,investment_account,10,2025-11-13 23:41:26.193062549
SIM02584,savings_account,-1,2024-12-31 00:00:00.000000000
SIM02584,credit_card,-1,2024-12-31 00:00:00.000000000
SIM02584,car_insurance,14,2026-03-29 20:32:35.210502223
SIM02584,car_loan,14,2026-03-26 20:32:35.210502223
SIM02584,bike_insurance,14,2026-03-13 03:48:56.888666569
SIM02584,investment_account,22,2026-11-23 14:39:01.477637160
SIM02585,savings_account,-1,2024-12-31 00:00:00.000000000
SIM02585,credit_card,-1,2024-12-31 00:00:00.000000000
SIM02586,savings_account,-1,2024-12-31 00:00:00.000000000
SIM02587,savings_account,-1,2024-12-31 00:00:00.000000000
SIM02588,savings_account,-1,2024-12-31 00:00:00.000000000
SIM02588,credit_card,-1,2024-12-31 00:00:00.000000000
SIM02588,bike_insurance,5,2025-06-21 15:04:00.809944703
SIM02589,bike_insurance,17,2026-06-11 21:08:48.119315540
SIM02591,savings_account,-1,2024-12-31 00:00:00.000000000
SIM02591,credit_card,-1,2024-12-31 00:00:00.000000000
SIM02593,savings_account,-1,2024-12-31 00:00:00.000000000
SIM02593,credit_card,-1,2024-12-31 00:00:00.000000000
SIM02593,car_insurance,18,2026-07-11 09:07:28.829734769
SIM02593,car_loan,18,2026-07-08 09:07:28.829734769
SIM02595,savings_account,-1,2024-12-31 00:00:00.000000000
SIM02595,investment_account,22,2026-11-06 06:42:20.228154609
SIM02596,savings_account,-1,2024-12-31 00:00:00.000000000
SIM02596,credit_card,-1,2024-12-31 00:00:00.000000000
SIM02596,investment_account,13,2026-02-15 10:56:30.170694284
SIM02596,car_insurance,15,2026-04-14 16:39:33.434856841
SIM02596,car_loan,15,2026-04-11 16:39:33.434856841
SIM02597,savings_account,-1,2024-12-31 00:00:00.000000000
SIM02597,credit_card,-1,2024-12-31 00:00:00.000000000
SIM02597,life_insurance,6,2025-07-24 08:31:34.529971333
SIM02597,bike_insurance,8,2025-09-22 20:29:06.781685446
SIM02599,savings_account,-1,2024-12-31 00:00:00.000000000
SIM02599,home_loan,19,2026-08-16 04:34:16.406859106
SIM02599,home_insurance,19,2026-08-17 04:34:16.406859106
SIM02599,life_insurance,19,2026-08-17 04:34:16.406859106
SIM02599,investment_account,16,2026-05-14 20:27:29.175471571
SIM02600,savings_account,-1,2024-12-31 00:00:00.000000000
SIM02600,credit_card,-1,2024-12-31 00:00:00.000000000
SIM02600,investment_account,4,2025-05-16 16:52:01.173435226
SIM02601,savings_account,-1,2024-12-31 00:00:00.000000000
SIM02601,credit_card,-1,2024-12-31 00:00:00.000000000
SIM02601,home_loan,13,2026-02-21 11:24:16.850256419
SIM02601,home_insurance,13,2026-02-22 11:24:16.850256419
SIM02601,life_insurance,13,2026-02-22 11:24:16.850256419
SIM02602,savings_account,-1,2024-12-31 00:00:00.000000000
SIM02602,car_insurance,8,2025-09-22 20:30:53.157648406
SIM02602,life_insurance,21,2026-10-05 12:23:02.660691236
SIM02604,savings_account,-1,2024-12-31 00:00:00.000000000
SIM02604,credit_card,-1,2024-12-31 00:00:00.000000000
SIM02604,investment_account,13,2026-02-02 15:13:40.506153647
SIM02605,savings_account,-1,2024-12-31 00:00:00.000000000
SIM02605,credit_card,-1,2024-12-31 00:00:00.000000000
SIM02605,home_loan,5,2025-06-10 02:30:54.907131200
SIM02605,home_insurance,5,2025-06-11 02:30:54.907131200
SIM02605,life_insurance,5,2025-06-11 02:30:54.907131200
SIM02606,savings_account,-1,2024-12-31 00:00:00.000000000
SIM02606,credit_card,-1,2024-12-31 00:00:00.000000000
SIM02606,investment_account,3,2025-04-24 07:22:22.354060443
SIM02607,savings_account,-1,2024-12-31 00:00:00.000000000
SIM02608,savings_account,-1,2024-12-31 00:00:00.000000000
SIM02608,credit_card,-1,2024-12-31 00:00:00.000000000
SIM02608,investment_account,4,2025-05-14 10:14:54.025859110
SIM02608,home_loan,18,2026-07-22 05:24:44.008959041
SIM02608,home_insurance,18,2026-07-23 05:24:44.008959041
SIM02608,life_insurance,18,2026-07-23 05:24:44.008959041
SIM02608,bike_insurance,8,2025-09-14 01:50:28.863985296
SIM02609,savings_account,-1,2024-12-31 00:00:00.000000000
SIM02609,car_insurance,9,2025-10-31 14:31:39.175588909
SIM02609,life_insurance,14,2026-03-27 08:55:23.451062788
SIM02610,savings_account,-1,2024-12-31 00:00:00.000000000
SIM02610,bike_insurance,10,2025-11-16 17:36:51.501046199
SIM02611,credit_card,-1,2024-12-31 00:00:00.000000000
SIM02611,bike_insurance,13,2026-02-18 22:46:38.224883093
SIM02612,savings_account,-1,2024-12-31 00:00:00.000000000
SIM02613,savings_account,-1,2024-12-31 00:00:00.000000000
SIM02613,credit_card,-1,2024-12-31 00:00:00.000000000
SIM02613,investment_account,10,2025-11-04 02:13:18.369459481
SIM02614,savings_account,-1,2024-12-31 00:00:00.000000000
SIM02614,credit_card,-1,2024-12-31 00:00:00.000000000
SIM02614,car_insurance,5,2025-06-06 15:26:35.455977930
SIM02614,car_loan,5,2025-06-03 15:26:35.455977930
SIM02614,investment_account,12,2026-01-16 06:39:11.983720602
SIM02614,life_insurance,22,2026-11-11 14:24:56.997082468
SIM02615,savings_account,-1,2024-12-31 00:00:00.000000000
SIM02615,car_insurance,20,2026-09-16 17:46:44.106348876
SIM02615,car_loan,20,2026-09-13 17:46:44.106348876
SIM02616,savings_account,-1,2024-12-31 00:00:00.000000000
SIM02617,car_insurance,17,2026-06-15 10:15:14.276553047
SIM02617,car_loan,17,2026-06-12 10:15:14.276553047
SIM02617,investment_account,14,2026-03-11 19:57:05.382774911
SIM02618,car_insurance,23,2026-12-10 14:40:23.543438913
SIM02618,car_loan,23,2026-12-07 14:40:23.543438913
SIM02618,life_insurance,21,2026-10-07 11:17:14.906872090
SIM02618,savings_account,21,2026-10-12 11:17:14.906872090
SIM02619,savings_account,-1,2024-12-31 00:00:00.000000000
SIM02619,life_insurance,16,2026-05-15 03:53:18.526226064
SIM02619,bike_insurance,18,2026-07-18 07:11:02.314382024
SIM02620,savings_account,-1,2024-12-31 00:00:00.000000000
SIM02620,credit_card,-1,2024-12-31 00:00:00.000000000
SIM02620,home_loan,13,2026-02-23 10:54:35.699932552
SIM02620,home_insurance,13,2026-02-24 10:54:35.699932552
SIM02620,life_insurance,13,2026-02-24 10:54:35.699932552
SIM02620,bike_insurance,10,2025-11-10 01:54:22.596994294
SIM02621,savings_account,-1,2024-12-31 00:00:00.000000000
SIM02621,credit_card,-1,2024-12-31 00:00:00.000000000
SIM02621,car_insurance,9,2025-10-29 12:24:55.391174784
SIM02621,home_loan,22,2026-11-25 17:05:21.319922330
SIM02621,home_insurance,22,2026-11-26 17:05:21.319922330
SIM02621,life_insurance,22,2026-11-26 17:05:21.319922330
SIM02622,savings_account,-1,2024-12-31 00:00:00.000000000
SIM02622,credit_card,-1,2024-12-31 00:00:00.000000000
SIM02623,savings_account,-1,2024-12-31 00:00:00.000000000
SIM02623,credit_card,-1,2024-12-31 00:00:00.000000000
SIM02623,car_insurance,19,2026-08-24 06:21:34.412341322
SIM02623,car_loan,19,2026-08-21 06:21:34.412341322
SIM02624,savings_account,-1,2024-12-31 00:00:00.000000000
SIM02624,credit_card,-1,2024-12-31 00:00:00.000000000
SIM02624,bike_insurance,19,2026-08-16 11:44:22.222633110
SIM02624,life_insurance,20,2026-09-29 00:01:27.261245930
SIM02625,savings_account,-1,2024-12-31 00:00:00.000000000
SIM02625,credit_card,-1,2024-12-31 00:00:00.000000000
SIM02625,car_insurance,18,2026-07-14 14:51:53.770444169
SIM02625,car_loan,18,2026-07-11 14:51:53.770444169
SIM02625,investment_account,22,2026-11-18 14:16:00.118675235
SIM02626,bike_insurance,10,2025-11-24 10:54:34.955906277
SIM02626,investment_account,3,2025-04-23 05:27:53.513672829
SIM02628,credit_card,-1,2024-12-31 00:00:00.000000000
SIM02628,home_loan,5,2025-06-24 06:33:19.233859079
SIM02628,home_insurance,5,2025-06-25 06:33:19.233859079
SIM02628,life_insurance,5,2025-06-25 06:33:19.233859079
SIM02629,savings_account,-1,2024-12-31 00:00:00.000000000
SIM02629,bike_insurance,16,2026-05-22 13:20:59.357516077
SIM02630,savings_account,-1,2024-12-31 00:00:00.000000000
SIM02630,credit_card,-1,2024-12-31 00:00:00.000000000
SIM02630,home_loan,19,2026-08-31 11:38:52.455166053
SIM02630,home_insurance,20,2026-09-01 11:38:52.455166053
SIM02630,life_insurance,20,2026-09-01 11:38:52.455166053
SIM02631,savings_account,-1,2024-12-31 00:00:00.000000000
SIM02631,credit_card,-1,2024-12-31 00:00:00.000000000
SIM02631,investment_account,23,2026-12-27 16:09:06.737218227
SIM02631,home_loan,9,2025-10-06 12:21:47.986740358
SIM02631,home_insurance,9,2025-10-07 12:21:47.986740358
SIM02631,life_insurance,9,2025-10-07 12:21:47.986740358
SIM02632,savings_account,-1,2024-12-31 00:00:00.000000000
SIM02632,credit_card,-1,2024-12-31 00:00:00.000000000
SIM02633,savings_account,-1,2024-12-31 00:00:00.000000000
SIM02633,credit_card,-1,2024-12-31 00:00:00.000000000
SIM02633,car_insurance,19,2026-08-25 02:02:28.783185785
SIM02633,car_loan,19,2026-08-22 02:02:28.783185785
SIM02633,home_loan,7,2025-08-07 07:39:44.024363353
SIM02633,home_insurance,7,2025-08-08 07:39:44.024363353
SIM02633,life_insurance,7,2025-08-08 07:39:44.024363353
SIM02634,savings_account,-1,2024-12-31 00:00:00.000000000
SIM02634,credit_card,-1,2024-12-31 00:00:00.000000000
SIM02634,car_insurance,11,2025-12-01 13:27:02.135679622
SIM02634,car_loan,10,2025-11-28 13:27:02.135679622
SIM02634,home_loan,7,2025-08-03 20:01:29.910825398
SIM02634,home_insurance,7,2025-08-04 20:01:29.910825398
SIM02634,life_insurance,7,2025-08-04 20:01:29.910825398
SIM02634,investment_account,3,2025-04-05 15:27:21.017501459
SIM02635,savings_account,-1,2024-12-31 00:00:00.000000000
SIM02635,bike_insurance,6,2025-07-27 00:21:23.429861248
SIM02636,savings_account,-1,2024-12-31 00:00:00.000000000
SIM02636,credit_card,-1,2024-12-31 00:00:00.000000000
SIM02637,savings_account,-1,2024-12-31 00:00:00.000000000
SIM02637,credit_card,-1,2024-12-31 00:00:00.000000000
SIM02638,savings_account,-1,2024-12-31 00:00:00.000000000
SIM02639,savings_account,-1,2024-12-31 00:00:00.000000000
SIM02639,bike_insurance,23,2026-12-05 08:32:22.234609844
SIM02640,bike_insurance,20,2026-09-16 22:24:20.453491818
SIM02640,life_insurance,22,2026-11-02 14:07:13.913040116
SIM02640,savings_account,22,2026-11-07 14:07:13.913040116
SIM02641,savings_account,-1,2024-12-31 00:00:00.000000000
SIM02641,bike_insurance,19,2026-08-29 19:18:34.174178749
SIM02642,investment_account,8,2025-09-16 10:46:30.826297907
SIM02643,savings_account,-1,2024-12-31 00:00:00.000000000
SIM02644,savings_account,-1,2024-12-31 00:00:00.000000000
SIM02645,investment_account,15,2026-04-04 11:04:41.804177305
SIM02646,savings_account,-1,2024-12-31 00:00:00.000000000
SIM02647,savings_account,-1,2024-12-31 00:00:00.000000000
SIM02647,credit_card,-1,2024-12-31 00:00:00.000000000
SIM02647,bike_insurance,14,2026-03-22 03:20:40.647185573
SIM02648,savings_account,-1,2024-12-31 00:00:00.000000000
SIM02648,car_insurance,7,2025-08-24 16:06:52.020038580
SIM02648,home_loan,22,2026-11-02 17:39:42.333061675
SIM02648,home_insurance,22,2026-11-03 17:39:42.333061675
SIM02648,life_insurance,22,2026-11-03 17:39:42.333061675
SIM02649,bike_insurance,8,2025-09-17 14:44:19.639247277
SIM02650,savings_account,-1,2024-12-31 00:00:00.000000000
SIM02651,savings_account,-1,2024-12-31 00:00:00.000000000
SIM02651,credit_card,-1,2024-12-31 00:00:00.000000000
SIM02651,bike_insurance,13,2026-02-07 08:04:32.077633462
SIM02652,savings_account,-1,2024-12-31 00:00:00.000000000
SIM02652,credit_card,-1,2024-12-31 00:00:00.000000000
SIM02652,investment_account,8,2025-09-14 03:10:03.774129554
SIM02652,car_insurance,21,2026-10-01 12:26:14.916294693
SIM02652,car_loan,20,2026-09-28 12:26:14.916294693
SIM02652,bike_insurance,21,2026-10-25 04:09:19.295727936
SIM02653,savings_account,-1,2024-12-31 00:00:00.000000000
SIM02653,credit_card,-1,2024-12-31 00:00:00.000000000
SIM02653,car_insurance,10,2025-11-22 08:22:54.889682916
SIM02654,savings_account,-1,2024-12-31 00:00:00.000000000
SIM02655,savings_account,-1,2024-12-31 00:00:00.000000000
SIM02655,home_loan,6,2025-07-23 22:45:48.599954593
SIM02655,home_insurance,6,2025-07-24 22:45:48.599954593
SIM02655,life_insurance,6,2025-07-24 22:45:48.599954593
SIM02656,savings_account,-1,2024-12-31 00:00:00.000000000
SIM02656,credit_card,-1,2024-12-31 00:00:00.000000000
SIM02656,bike_insurance,17,2026-06-23 08:16:44.191797206
SIM02657,car_insurance,4,2025-05-11 20:19:37.396575214
SIM02657,home_loan,17,2026-06-01 05:46:29.622909683
SIM02657,home_insurance,17,2026-06-02 05:46:29.622909683
SIM02657,life_insurance,17,2026-06-02 05:46:29.622909683
SIM02657,bike_insurance,16,2026-05-11 11:23:01.706295745
SIM02659,savings_account,-1,2024-12-31 00:00:00.000000000
SIM02659,life_insurance,7,2025-08-05 02:12:35.427646142
SIM02659,bike_insurance,11,2025-12-14 10:20:54.373494813
SIM02661,credit_card,-1,2024-12-31 00:00:00.000000000
SIM02662,savings_account,-1,2024-12-31 00:00:00.000000000
SIM02662,bike_insurance,23,2026-12-03 19:57:38.798881254
SIM02663,savings_account,-1,2024-12-31 00:00:00.000000000
SIM02663,car_insurance,11,2025-12-23 13:52:21.815749604
SIM02663,bike_insurance,10,2025-11-20 18:23:46.840109375
SIM02663,life_insurance,8,2025-09-24 11:33:16.620380170
SIM02664,credit_card,-1,2024-12-31 00:00:00.000000000
SIM02664,car_insurance,21,2026-10-19 10:47:07.343304066
SIM02664,car_loan,21,2026-10-16 10:47:07.343304066
SIM02665,savings_account,-1,2024-12-31 00:00:00.000000000
SIM02665,home_loan,22,2026-11-19 01:28:18.285240580
SIM02665,home_insurance,22,2026-11-20 01:28:18.285240580
SIM02665,life_insurance,22,2026-11-20 01:28:18.285240580
SIM02665,bike_insurance,3,2025-04-18 11:56:35.681557169
SIM02667,savings_account,-1,2024-12-31 00:00:00.000000000
SIM02667,credit_card,-1,2024-12-31 00:00:00.000000000
SIM02669,credit_card,-1,2024-12-31 00:00:00.000000000
SIM02669,home_loan,14,2026-03-06 12:55:01.733774404
SIM02669,home_insurance,14,2026-03-07 12:55:01.733774404
SIM02669,life_insurance,14,2026-03-07 12:55:01.733774404
SIM02672,savings_account,-1,2024-12-31 00:00:00.000000000
SIM02672,credit_card,-1,2024-12-31 00:00:00.000000000
SIM02672,car_insurance,23,2026-12-26 21:37:14.860021377
SIM02672,bike_insurance,9,2025-10-26 08:41:28.493262210
SIM02673,savings_account,-1,2024-12-31 00:00:00.000000000
SIM02674,savings_account,-1,2024-12-31 00:00:00.000000000
SIM02674,credit_card,-1,2024-12-31 00:00:00.000000000
SIM02674,life_insurance,13,2026-02-03 07:20:43.049052559
SIM02675,savings_account,-1,2024-12-31 00:00:00.000000000
SIM02675,credit_card,-1,2024-12-31 00:00:00.000000000
SIM02675,bike_insurance,11,2025-12-17 15:25:52.514878859
SIM02676,savings_account,-1,2024-12-31 00:00:00.000000000
SIM02676,credit_card,-1,2024-12-31 00:00:00.000000000
SIM02677,savings_account,-1,2024-12-31 00:00:00.000000000
SIM02678,savings_account,-1,2024-12-31 00:00:00.000000000
SIM02678,credit_card,-1,2024-12-31 00:00:00.000000000
SIM02678,bike_insurance,3,2025-04-11 08:05:06.224609030
SIM02679,savings_account,-1,2024-12-31 00:00:00.000000000
SIM02679,credit_card,-1,2024-12-31 00:00:00.000000000
SIM02679,car_insurance,10,2025-11-30 09:22:04.909410315
SIM02680,credit_card,-1,2024-12-31 00:00:00.000000000
SIM02681,savings_account,-1,2024-12-31 00:00:00.000000000
SIM02682,credit_card,-1,2024-12-31 00:00:00.000000000
SIM02682,car_insurance,3,2025-04-15 07:49:00.871812388
SIM02683,credit_card,-1,2024-12-31 00:00:00.000000000
SIM02683,investment_account,13,2026-02-20 03:28:21.133648247
SIM02684,savings_account,-1,2024-12-31 00:00:00.000000000
SIM02684,car_insurance,17,2026-06-27 21:09:51.507903955
SIM02684,life_insurance,11,2025-12-26 03:13:50.503175463
SIM02684,bike_insurance,9,2025-10-08 09:41:31.154331090
SIM02684,investment_account,7,2025-08-17 04:30:06.865307195
SIM02685,savings_account,-1,2024-12-31 00:00:00.000000000
SIM02685,credit_card,-1,2024-12-31 00:00:00.000000000
SIM02685,car_insurance,14,2026-03-02 12:47:57.685253159
SIM02685,bike_insurance,15,2026-04-25 00:22:39.266087101
SIM02685,investment_account,8,2025-09-19 11:13:26.820109897
SIM02686,credit_card,-1,2024-12-31 00:00:00.000000000
SIM02686,bike_insurance,23,2026-12-08 02:18:37.601328003
SIM02687,savings_account,-1,2024-12-31 00:00:00.000000000
SIM02687,credit_card,-1,2024-12-31 00:00:00.000000000
SIM02687,bike_insurance,8,2025-09-22 15:34:18.321516944
SIM02688,savings_account,-1,2024-12-31 00:00:00.000000000
SIM02688,credit_card,-1,2024-12-31 00:00:00.000000000
SIM02688,car_insurance,7,2025-08-25 04:56:52.189990119
SIM02688,car_loan,7,2025-08-22 04:56:52.189990119
SIM02689,bike_insurance,21,2026-10-19 05:07:06.524739161
SIM02689,life_insurance,6,2025-07-29 04:14:57.077170478
SIM02691,savings_account,-1,2024-12-31 00:00:00.000000000
SIM02691,credit_card,-1,2024-12-31 00:00:00.000000000
SIM02691,home_loan,11,2025-12-30 20:44:35.397745921
SIM02691,home_insurance,11,2025-12-31 20:44:35.397745921
SIM02691,life_insurance,11,2025-12-31 20:44:35.397745921
SIM02692,savings_account,-1,2024-12-31 00:00:00.000000000
SIM02692,credit_card,-1,2024-12-31 00:00:00.000000000
SIM02693,savings_account,-1,2024-12-31 00:00:00.000000000
SIM02693,credit_card,-1,2024-12-31 00:00:00.000000000
SIM02695,savings_account,-1,2024-12-31 00:00:00.000000000
SIM02695,credit_card,-1,2024-12-31 00:00:00.000000000
SIM02695,car_insurance,13,2026-02-21 16:29:51.328114831
SIM02695,car_loan,13,2026-02-18 16:29:51.328114831
SIM02695,investment_account,17,2026-06-17 07:34:46.972606882
SIM02696,savings_account,-1,2024-12-31 00:00:00.000000000
SIM02696,credit_card,-1,2024-12-31 00:00:00.000000000
SIM02696,home_loan,21,2026-10-01 08:45:46.354482286
SIM02696,home_insurance,21,2026-10-02 08:45:46.354482286
SIM02696,life_insurance,21,2026-10-02 08:45:46.354482286
SIM02697,savings_account,-1,2024-12-31 00:00:00.000000000
SIM02697,credit_card,-1,2024-12-31 00:00:00.000000000
SIM02698,savings_account,-1,2024-12-31 00:00:00.000000000
SIM02698,investment_account,13,2026-02-04 00:20:50.726858441
SIM02699,credit_card,-1,2024-12-31 00:00:00.000000000
SIM02699,home_loan,5,2025-06-17 18:09:55.458810903
SIM02699,home_insurance,5,2025-06-18 18:09:55.458810903
SIM02699,life_insurance,5,2025-06-18 18:09:55.458810903
SIM02699,investment_account,7,2025-08-07 21:26:53.567331261
SIM02699,savings_account,23,2026-12-18 00:15:50.936266266
SIM02701,credit_card,-1,2024-12-31 00:00:00.000000000
SIM02701,car_insurance,9,2025-10-26 16:21:33.962324826
SIM02703,savings_account,-1,2024-12-31 00:00:00.000000000
SIM02703,credit_card,-1,2024-12-31 00:00:00.000000000
SIM02703,investment_account,8,2025-09-10 10:29:59.694595767
SIM02704,savings_account,-1,2024-12-31 00:00:00.000000000
SIM02704,credit_card,-1,2024-12-31 00:00:00.000000000
SIM02704,investment_account,5,2025-06-27 08:45:49.797992080
SIM02704,home_loan,11,2025-12-02 04:35:30.985068031
SIM02704,home_insurance,11,2025-12-03 04:35:30.985068031
SIM02704,life_insurance,11,2025-12-03 04:35:30.985068031
SIM02704,car_insurance,22,2026-11-06 05:16:28.056812544
SIM02704,car_loan,22,2026-11-03 05:16:28.056812544
SIM02705,savings_account,-1,2024-12-31 00:00:00.000000000
SIM02705,credit_card,-1,2024-12-31 00:00:00.000000000
SIM02706,savings_account,-1,2024-12-31 00:00:00.000000000
SIM02707,savings_account,-1,2024-12-31 00:00:00.000000000
SIM02708,car_insurance,21,2026-10-31 07:46:44.063508262
SIM02709,savings_account,-1,2024-12-31 00:00:00.000000000
SIM02709,credit_card,-1,2024-12-31 00:00:00.000000000
SIM02709,car_insurance,3,2025-04-28 21:18:07.606807602
SIM02709,investment_account,16,2026-05-25 20:19:53.858457753
SIM02710,savings_account,-1,2024-12-31 00:00:00.000000000
SIM02710,bike_insurance,13,2026-02-27 09:06:30.045528570
SIM02711,savings_account,-1,2024-12-31 00:00:00.000000000
SIM02711,credit_card,-1,2024-12-31 00:00:00.000000000
SIM02712,savings_account,-1,2024-12-31 00:00:00.000000000
SIM02712,home_loan,17,2026-06-29 00:48:11.775547102
SIM02712,home_insurance,17,2026-06-30 00:48:11.775547102
SIM02712,life_insurance,17,2026-06-30 00:48:11.775547102
SIM02713,savings_account,-1,2024-12-31 00:00:00.000000000
SIM02713,credit_card,-1,2024-12-31 00:00:00.000000000
SIM02713,bike_insurance,20,2026-09-12 09:27:27.969106347
SIM02714,savings_account,-1,2024-12-31 00:00:00.000000000
SIM02714,credit_card,-1,2024-12-31 00:00:00.000000000
SIM02714,investment_account,4,2025-05-20 05:25:56.187772313
SIM02715,savings_account,-1,2024-12-31 00:00:00.000000000
SIM02715,credit_card,-1,2024-12-31 00:00:00.000000000
SIM02716,savings_account,-1,2024-12-31 00:00:00.000000000
SIM02716,car_insurance,4,2025-05-20 20:36:51.219325422
SIM02717,savings_account,-1,2024-12-31 00:00:00.000000000
SIM02717,credit_card,-1,2024-12-31 00:00:00.000000000
SIM02718,savings_account,-1,2024-12-31 00:00:00.000000000
SIM02720,savings_account,-1,2024-12-31 00:00:00.000000000
SIM02720,credit_card,-1,2024-12-31 00:00:00.000000000
SIM02720,bike_insurance,23,2026-12-06 19:30:57.605674235
SIM02721,savings_account,-1,2024-12-31 00:00:00.000000000
SIM02721,car_insurance,4,2025-05-01 12:09:44.671512550
SIM02722,savings_account,-1,2024-12-31 00:00:00.000000000
SIM02722,credit_card,-1,2024-12-31 00:00:00.000000000
SIM02723,savings_account,-1,2024-12-31 00:00:00.000000000
SIM02723,credit_card,-1,2024-12-31 00:00:00.000000000
SIM02723,investment_account,6,2025-07-14 02:09:11.631070191
SIM02724,savings_account,-1,2024-12-31 00:00:00.000000000
SIM02724,credit_card,-1,2024-12-31 00:00:00.000000000
SIM02724,life_insurance,11,2025-12-08 21:40:22.875573504
SIM02725,bike_insurance,22,2026-11-09 12:15:09.862921356
SIM02726,savings_account,-1,2024-12-31 00:00:00.000000000
SIM02726,car_insurance,7,2025-08-08 00:08:48.483741187
SIM02726,life_insurance,22,2026-11-09 02:52:02.913241462
SIM02727,savings_account,-1,2024-12-31 00:00:00.000000000
SIM02727,credit_card,-1,2024-12-31 00:00:00.000000000
SIM02727,bike_insurance,17,2026-06-19 04:27:33.714258295
SIM02728,savings_account,-1,2024-12-31 00:00:00.000000000
SIM02728,credit_card,-1,2024-12-31 00:00:00.000000000
SIM02728,car_insurance,22,2026-11-08 01:21:26.208726810
SIM02728,car_loan,22,2026-11-05 01:21:26.208726810
SIM02728,life_insurance,15,2026-04-24 11:32:44.539646474
SIM02729,savings_account,-1,2024-12-31 00:00:00.000000000
SIM02729,bike_insurance,6,2025-07-19 06:51:41.503657925
SIM02730,savings_account,-1,2024-12-31 00:00:00.000000000
SIM02730,bike_insurance,17,2026-06-06 15:25:34.390113198
SIM02731,savings_account,-1,2024-12-31 00:00:00.000000000
SIM02732,savings_account,-1,2024-12-31 00:00:00.000000000
SIM02733,savings_account,-1,2024-12-31 00:00:00.000000000
SIM02733,credit_card,-1,2024-12-31 00:00:00.000000000
SIM02735,savings_account,-1,2024-12-31 00:00:00.000000000
SIM02735,credit_card,-1,2024-12-31 00:00:00.000000000
SIM02735,bike_insurance,23,2026-12-18 01:14:54.643966823
SIM02736,savings_account,-1,2024-12-31 00:00:00.000000000
SIM02736,credit_card,-1,2024-12-31 00:00:00.000000000
SIM02736,life_insurance,23,2026-12-24 11:31:48.301378751
SIM02737,savings_account,-1,2024-12-31 00:00:00.000000000
SIM02737,credit_card,-1,2024-12-31 00:00:00.000000000
SIM02737,home_loan,14,2026-03-30 00:28:22.789489032
SIM02737,home_insurance,14,2026-03-31 00:28:22.789489032
SIM02737,life_insurance,14,2026-03-31 00:28:22.789489032
SIM02737,bike_insurance,11,2025-12-17 11:46:27.522387232
SIM02738,car_insurance,19,2026-08-23 11:44:07.360679977
SIM02738,bike_insurance,11,2025-12-13 18:39:37.768008331
SIM02739,savings_account,-1,2024-12-31 00:00:00.000000000
SIM02739,credit_card,-1,2024-12-31 00:00:00.000000000
SIM02740,savings_account,-1,2024-12-31 00:00:00.000000000
SIM02740,bike_insurance,3,2025-04-26 09:12:22.034951685
SIM02740,life_insurance,14,2026-03-12 13:53:20.168964996
SIM02741,savings_account,-1,2024-12-31 00:00:00.000000000
SIM02741,credit_card,-1,2024-12-31 00:00:00.000000000
SIM02741,bike_insurance,13,2026-02-10 12:10:29.958926363
SIM02742,savings_account,-1,2024-12-31 00:00:00.000000000
SIM02742,credit_card,-1,2024-12-31 00:00:00.000000000
SIM02742,bike_insurance,20,2026-09-06 12:23:08.521165236
SIM02743,bike_insurance,21,2026-10-21 03:21:00.501194833
SIM02744,savings_account,-1,2024-12-31 00:00:00.000000000
SIM02744,credit_card,-1,2024-12-31 00:00:00.000000000
SIM02745,savings_account,-1,2024-12-31 00:00:00.000000000
SIM02745,credit_card,-1,2024-12-31 00:00:00.000000000
SIM02745,investment_account,23,2026-12-17 15:25:33.162949378
SIM02745,home_loan,22,2026-11-21 23:15:23.936640451
SIM02745,home_insurance,22,2026-11-22 23:15:23.936640451
SIM02745,life_insurance,22,2026-11-22 23:15:23.936640451
SIM02745,car_insurance,18,2026-07-30 08:35:09.203474627
SIM02745,car_loan,18,2026-07-27 08:35:09.203474627
SIM02746,savings_account,-1,2024-12-31 00:00:00.000000000
SIM02746,car_insurance,4,2025-05-24 21:48:14.806990300
SIM02746,car_loan,4,2025-05-21 21:48:14.806990300
SIM02746,bike_insurance,21,2026-10-21 04:39:30.703528286
SIM02747,credit_card,-1,2024-12-31 00:00:00.000000000
SIM02747,bike_insurance,9,2025-10-29 22:14:11.448248370
SIM02749,bike_insurance,16,2026-05-18 09:45:01.085703108
SIM02750,car_insurance,6,2025-07-02 00:15:44.471866710
SIM02751,savings_account,-1,2024-12-31 00:00:00.000000000
SIM02754,savings_account,-1,2024-12-31 00:00:00.000000000
SIM02755,savings_account,-1,2024-12-31 00:00:00.000000000
SIM02755,credit_card,-1,2024-12-31 00:00:00.000000000
SIM02755,bike_insurance,20,2026-09-25 22:14:13.415719364
SIM02756,credit_card,-1,2024-12-31 00:00:00.000000000
SIM02756,car_insurance,14,2026-03-28 11:24:36.851813573
SIM02756,car_loan,14,2026-03-25 11:24:36.851813573
SIM02756,bike_insurance,20,2026-09-15 11:13:39.844163919
SIM02757,savings_account,-1,2024-12-31 00:00:00.000000000
SIM02757,car_insurance,21,2026-10-11 13:17:41.415712896
SIM02757,home_loan,6,2025-07-19 11:42:30.067285168
SIM02757,home_insurance,6,2025-07-20 11:42:30.067285168
SIM02757,life_insurance,6,2025-07-20 11:42:30.067285168
SIM02759,home_loan,17,2026-06-24 17:30:55.391758788
SIM02759,home_insurance,17,2026-06-25 17:30:55.391758788
SIM02759,life_insurance,12,2026-01-25 09:30:58.843178608
SIM02759,bike_insurance,7,2025-08-08 00:18:21.027319679
SIM02760,savings_account,-1,2024-12-31 00:00:00.000000000
SIM02760,credit_card,-1,2024-12-31 00:00:00.000000000
SIM02760,home_loan,15,2026-04-02 16:52:10.584716123
SIM02760,home_insurance,15,2026-04-03 16:52:10.584716123
SIM02760,life_insurance,15,2026-04-03 16:52:10.584716123
SIM02761,bike_insurance,20,2026-09-26 06:45:35.300179894
SIM02762,credit_card,-1,2024-12-31 00:00:00.000000000
SIM02762,car_insurance,6,2025-07-18 07:45:11.385277395
SIM02762,car_loan,6,2025-07-15 07:45:11.385277395
SIM02763,savings_account,-1,2024-12-31 00:00:00.000000000
SIM02764,savings_account,-1,2024-12-31 00:00:00.000000000
SIM02764,credit_card,-1,2024-12-31 00:00:00.000000000
SIM02764,investment_account,4,2025-05-14 00:40:58.563123422
SIM02766,savings_account,-1,2024-12-31 00:00:00.000000000
SIM02766,home_loan,12,2026-01-28 08:01:43.548202672
SIM02766,home_insurance,12,2026-01-29 08:01:43.548202672
SIM02766,life_insurance,12,2026-01-29 08:01:43.548202672
SIM02766,bike_insurance,18,2026-07-25 04:53:27.999824246
SIM02767,credit_card,-1,2024-12-31 00:00:00.000000000
SIM02767,bike_insurance,6,2025-07-05 18:57:46.124677020
SIM02767,investment_account,10,2025-11-20 10:40:44.901733714
SIM02768,savings_account,-1,2024-12-31 00:00:00.000000000
SIM02768,credit_card,-1,2024-12-31 00:00:00.000000000
SIM02769,savings_account,-1,2024-12-31 00:00:00.000000000
SIM02769,credit_card,-1,2024-12-31 00:00:00.000000000
SIM02770,savings_account,-1,2024-12-31 00:00:00.000000000
SIM02770,credit_card,-1,2024-12-31 00:00:00.000000000
SIM02771,savings_account,-1,2024-12-31 00:00:00.000000000
SIM02771,credit_card,-1,2024-12-31 00:00:00.000000000
SIM02772,car_insurance,6,2025-07-09 05:12:53.984865819
SIM02772,car_loan,6,2025-07-06 05:12:53.984865819
SIM02772,investment_account,12,2026-01-23 17:26:10.078241583
SIM02775,savings_account,-1,2024-12-31 00:00:00.000000000
SIM02775,credit_card,-1,2024-12-31 00:00:00.000000000
SIM02775,car_insurance,8,2025-09-14 09:28:33.992589706
SIM02776,savings_account,-1,2024-12-31 00:00:00.000000000
SIM02776,investment_account,9,2025-10-28 18:26:50.903817812
SIM02776,bike_insurance,9,2025-10-05 18:29:00.522055225
SIM02777,savings_account,-1,2024-12-31 00:00:00.000000000
SIM02777,car_insurance,7,2025-08-17 06:21:48.436983350
SIM02777,car_loan,7,2025-08-14 06:21:48.436983350
SIM02777,home_loan,7,2025-08-08 01:13:51.674558899
SIM02777,home_insurance,7,2025-08-09 01:13:51.674558899
SIM02777,life_insurance,7,2025-08-09 01:13:51.674558899
SIM02778,savings_account,-1,2024-12-31 00:00:00.000000000
SIM02778,credit_card,-1,2024-12-31 00:00:00.000000000
SIM02778,life_insurance,8,2025-09-28 05:17:18.814561651
SIM02778,bike_insurance,7,2025-08-09 08:48:09.980994553
SIM02779,car_insurance,10,2025-11-30 20:42:49.784227427
SIM02779,car_loan,10,2025-11-27 20:42:49.784227427
SIM02779,life_insurance,23,2026-12-01 04:49:03.007628912
SIM02780,savings_account,-1,2024-12-31 00:00:00.000000000
SIM02780,credit_card,-1,2024-12-31 00:00:00.000000000
SIM02781,bike_insurance,12,2026-01-21 04:24:13.219724700
SIM02782,bike_insurance,16,2026-05-10 20:18:48.231461927
SIM02783,savings_account,-1,2024-12-31 00:00:00.000000000
SIM02783,credit_card,-1,2024-12-31 00:00:00.000000000
SIM02783,investment_account,7,2025-08-04 20:51:36.786009336
SIM02785,bike_insurance,10,2025-11-20 11:58:58.661089359
SIM02786,savings_account,-1,2024-12-31 00:00:00.000000000
SIM02786,credit_card,-1,2024-12-31 00:00:00.000000000
SIM02787,credit_card,-1,2024-12-31 00:00:00.000000000
SIM02788,car_insurance,5,2025-06-10 00:55:47.442150199
SIM02789,savings_account,-1,2024-12-31 00:00:00.000000000
SIM02789,credit_card,-1,2024-12-31 00:00:00.000000000
SIM02789,car_insurance,5,2025-06-20 02:35:17.635258768
SIM02789,investment_account,20,2026-09-21 06:33:49.494895568
SIM02790,savings_account,-1,2024-12-31 00:00:00.000000000
SIM02790,credit_card,-1,2024-12-31 00:00:00.000000000
SIM02791,savings_account,-1,2024-12-31 00:00:00.000000000
SIM02791,home_loan,10,2025-11-02 00:05:53.442608541
SIM02791,home_insurance,10,2025-11-03 00:05:53.442608541
SIM02791,life_insurance,10,2025-11-03 00:05:53.442608541
SIM02791,bike_insurance,15,2026-04-08 13:25:11.150462100
SIM02792,savings_account,-1,2024-12-31 00:00:00.000000000
SIM02792,home_loan,4,2025-05-05 06:34:07.550225903
SIM02792,home_insurance,4,2025-05-06 06:34:07.550225903
SIM02792,life_insurance,4,2025-05-06 06:34:07.550225903
SIM02793,savings_account,-1,2024-12-31 00:00:00.000000000
SIM02793,credit_card,-1,2024-12-31 00:00:00.000000000
SIM02793,home_loan,23,2026-12-19 05:35:59.553054102
SIM02793,home_insurance,23,2026-12-20 05:35:59.553054102
SIM02793,life_insurance,23,2026-12-20 05:35:59.553054102
SIM02794,savings_account,-1,2024-12-31 00:00:00.000000000
SIM02794,credit_card,-1,2024-12-31 00:00:00.000000000
SIM02794,car_insurance,18,2026-07-13 06:23:49.384991330
SIM02794,bike_insurance,19,2026-08-18 03:25:33.876678462
SIM02795,car_insurance,9,2025-10-16 14:42:55.185623752
SIM02795,car_loan,9,2025-10-13 14:42:55.185623752
SIM02795,life_insurance,22,2026-11-30 11:29:17.461518009
SIM02796,savings_account,-1,2024-12-31 00:00:00.000000000
SIM02796,credit_card,-1,2024-12-31 00:00:00.000000000
SIM02796,investment_account,17,2026-06-09 15:10:00.011440938
SIM02796,car_insurance,11,2025-12-22 14:11:37.971352625
SIM02796,car_loan,11,2025-12-19 14:11:37.971352625
SIM02797,savings_account,-1,2024-12-31 00:00:00.000000000
SIM02797,credit_card,-1,2024-12-31 00:00:00.000000000
SIM02797,home_loan,3,2025-04-18 16:41:53.679124145
SIM02797,home_insurance,3,2025-04-19 16:41:53.679124145
SIM02797,life_insurance,3,2025-04-19 16:41:53.679124145
SIM02797,bike_insurance,12,2026-01-16 16:05:09.297647912
SIM02797,investment_account,10,2025-11-13 05:23:10.770625343
SIM02798,savings_account,-1,2024-12-31 00:00:00.000000000
SIM02798,bike_insurance,21,2026-10-28 01:29:15.596875065
SIM02799,savings_account,-1,2024-12-31 00:00:00.000000000
SIM02799,car_insurance,15,2026-04-21 06:26:33.471715988
SIM02799,car_loan,15,2026-04-18 06:26:33.471715988
SIM02800,bike_insurance,4,2025-05-05 11:41:59.703364035
SIM02801,credit_card,-1,2024-12-31 00:00:00.000000000
SIM02801,investment_account,18,2026-07-13 16:57:39.974244496
SIM02803,car_insurance,7,2025-08-26 21:19:55.222244872
SIM02804,savings_account,-1,2024-12-31 00:00:00.000000000
SIM02804,car_insurance,6,2025-07-18 04:14:08.763160732
SIM02804,investment_account,13,2026-02-06 16:24:43.569875293
SIM02805,savings_account,-1,2024-12-31 00:00:00.000000000
SIM02806,savings_account,-1,2024-12-31 00:00:00.000000000
SIM02806,credit_card,-1,2024-12-31 00:00:00.000000000
SIM02806,car_insurance,19,2026-08-30 04:12:07.898838003
SIM02806,investment_account,15,2026-04-27 23:30:11.300146665
SIM02807,savings_account,-1,2024-12-31 00:00:00.000000000
SIM02807,credit_card,-1,2024-12-31 00:00:00.000000000
SIM02807,investment_account,20,2026-09-27 00:48:09.403898573
SIM02807,home_loan,21,2026-10-29 04:36:51.845278014
SIM02807,home_insurance,21,2026-10-30 04:36:51.845278014
SIM02807,life_insurance,21,2026-10-30 04:36:51.845278014
SIM02808,savings_account,-1,2024-12-31 00:00:00.000000000
SIM02808,credit_card,-1,2024-12-31 00:00:00.000000000
SIM02808,car_insurance,23,2026-12-31 13:51:51.496664674
SIM02809,savings_account,-1,2024-12-31 00:00:00.000000000
SIM02809,credit_card,-1,2024-12-31 00:00:00.000000000
SIM02810,credit_card,-1,2024-12-31 00:00:00.000000000
SIM02810,home_loan,8,2025-09-07 21:52:38.141588172
SIM02810,home_insurance,8,2025-09-08 21:52:38.141588172
SIM02810,life_insurance,8,2025-09-08 21:52:38.141588172
SIM02810,investment_account,20,2026-09-14 07:54:13.018407501
SIM02811,savings_account,-1,2024-12-31 00:00:00.000000000
SIM02811,credit_card,-1,2024-12-31 00:00:00.000000000
SIM02811,investment_account,23,2026-12-09 09:05:02.717172525
SIM02812,savings_account,-1,2024-12-31 00:00:00.000000000
SIM02812,credit_card,-1,2024-12-31 00:00:00.000000000
SIM02812,investment_account,14,2026-03-06 08:19:56.389620446
SIM02813,savings_account,-1,2024-12-31 00:00:00.000000000
SIM02813,credit_card,-1,2024-12-31 00:00:00.000000000
SIM02814,savings_account,-1,2024-12-31 00:00:00.000000000
SIM02816,savings_account,-1,2024-12-31 00:00:00.000000000
SIM02816,credit_card,-1,2024-12-31 00:00:00.000000000
SIM02816,home_loan,19,2026-08-10 15:39:26.399115580
SIM02816,home_insurance,19,2026-08-11 15:39:26.399115580
SIM02816,life_insurance,19,2026-08-11 15:39:26.399115580
SIM02817,credit_card,-1,2024-12-31 00:00:00.000000000
SIM02818,savings_account,-1,2024-12-31 00:00:00.000000000
SIM02818,credit_card,-1,2024-12-31 00:00:00.000000000
SIM02818,car_insurance,18,2026-07-10 01:05:53.771843574
SIM02819,car_insurance,14,2026-03-25 04:12:59.050669303
SIM02819,home_loan,4,2025-05-30 03:41:55.997661090
SIM02819,home_insurance,4,2025-05-31 03:41:55.997661090
SIM02819,life_insurance,4,2025-05-31 03:41:55.997661090
SIM02819,bike_insurance,14,2026-03-17 22:18:03.434435719
SIM02820,savings_account,-1,2024-12-31 00:00:00.000000000
SIM02820,credit_card,-1,2024-12-31 00:00:00.000000000
SIM02821,credit_card,-1,2024-12-31 00:00:00.000000000
SIM02821,car_insurance,5,2025-06-23 23:36:21.555168906
SIM02821,investment_account,20,2026-09-26 00:43:01.394171554
SIM02822,bike_insurance,8,2025-09-19 14:59:59.396395909
SIM02822,car_insurance,23,2026-12-07 21:12:47.885122254
SIM02824,savings_account,-1,2024-12-31 00:00:00.000000000
SIM02824,bike_insurance,17,2026-06-24 13:24:28.985773006
SIM02825,savings_account,-1,2024-12-31 00:00:00.000000000
SIM02825,credit_card,-1,2024-12-31 00:00:00.000000000
SIM02825,home_loan,15,2026-04-20 02:38:49.172809636
SIM02825,home_insurance,15,2026-04-21 02:38:49.172809636
SIM02825,life_insurance,15,2026-04-21 02:38:49.172809636
SIM02826,car_insurance,23,2026-12-30 20:49:45.217311512
SIM02826,car_loan,23,2026-12-27 20:49:45.217311512
SIM02826,home_loan,7,2025-08-19 05:40:22.364972987
SIM02826,home_insurance,7,2025-08-20 05:40:22.364972987
SIM02826,life_insurance,7,2025-08-20 05:40:22.364972987
SIM02827,savings_account,-1,2024-12-31 00:00:00.000000000
SIM02827,home_loan,7,2025-08-05 13:29:19.423755857
SIM02827,home_insurance,7,2025-08-06 13:29:19.423755857
SIM02827,life_insurance,7,2025-08-06 13:29:19.423755857
SIM02829,savings_account,-1,2024-12-31 00:00:00.000000000
SIM02829,credit_card,-1,2024-12-31 00:00:00.000000000
SIM02829,investment_account,21,2026-10-15 10:38:57.153625837
SIM02829,home_loan,15,2026-04-10 15:50:11.909284074
SIM02829,home_insurance,15,2026-04-11 15:50:11.909284074
SIM02829,life_insurance,15,2026-04-11 15:50:11.909284074
SIM02830,savings_account,-1,2024-12-31 00:00:00.000000000
SIM02830,credit_card,-1,2024-12-31 00:00:00.000000000
SIM02830,life_insurance,15,2026-04-03 10:13:36.417282786
SIM02832,savings_account,-1,2024-12-31 00:00:00.000000000
SIM02832,car_insurance,7,2025-08-06 02:59:14.519227431
SIM02832,life_insurance,21,2026-10-15 06:51:08.566703569
SIM02833,bike_insurance,9,2025-10-20 02:28:40.501401701
SIM02834,savings_account,-1,2024-12-31 00:00:00.000000000
SIM02834,credit_card,-1,2024-12-31 00:00:00.000000000
SIM02834,home_loan,3,2025-04-27 09:09:04.670204943
SIM02834,home_insurance,3,2025-04-28 09:09:04.670204943
SIM02834,life_insurance,3,2025-04-28 09:09:04.670204943
SIM02834,bike_insurance,4,2025-05-17 13:17:14.330144271
SIM02835,savings_account,-1,2024-12-31 00:00:00.000000000
SIM02836,bike_insurance,14,2026-03-24 03:46:04.756357625
SIM02837,savings_account,-1,2024-12-31 00:00:00.000000000
SIM02837,home_loan,11,2025-12-11 11:00:57.824318008
SIM02837,home_insurance,11,2025-12-12 11:00:57.824318008
SIM02837,life_insurance,11,2025-12-12 11:00:57.824318008
SIM02837,bike_insurance,7,2025-08-14 01:06:27.894376316
SIM02838,savings_account,-1,2024-12-31 00:00:00.000000000
SIM02838,car_insurance,4,2025-05-29 23:55:32.579788934
SIM02839,bike_insurance,18,2026-07-26 19:46:54.731624161
SIM02839,investment_account,6,2025-07-14 19:06:34.340081933
SIM02840,credit_card,-1,2024-12-31 00:00:00.000000000
SIM02840,car_insurance,20,2026-09-14 09:26:07.867479436
SIM02840,car_loan,20,2026-09-11 09:26:07.867479436
SIM02841,savings_account,-1,2024-12-31 00:00:00.000000000
SIM02841,credit_card,-1,2024-12-31 00:00:00.000000000
SIM02843,savings_account,-1,2024-12-31 00:00:00.000000000
SIM02843,credit_card,-1,2024-12-31 00:00:00.000000000
SIM02843,car_insurance,15,2026-04-28 04:17:45.203457271
SIM02843,car_loan,15,2026-04-25 04:17:45.203457271
SIM02844,savings_account,-1,2024-12-31 00:00:00.000000000
SIM02844,credit_card,-1,2024-12-31 00:00:00.000000000
SIM02844,investment_account,12,2026-01-13 23:38:48.905992183
SIM02845,savings_account,-1,2024-12-31 00:00:00.000000000
SIM02845,investment_account,8,2025-09-10 13:17:15.851106257
SIM02845,bike_insurance,4,2025-05-21 03:24:40.596066231
SIM02846,car_insurance,8,2025-09-22 04:26:30.062429251
SIM02846,car_loan,8,2025-09-19 04:26:30.062429251
SIM02847,savings_account,-1,2024-12-31 00:00:00.000000000
SIM02848,savings_account,-1,2024-12-31 00:00:00.000000000
SIM02848,credit_card,-1,2024-12-31 00:00:00.000000000
SIM02848,car_insurance,16,2026-05-26 20:41:26.079961382
SIM02848,car_loan,16,2026-05-23 20:41:26.079961382
SIM02848,bike_insurance,13,2026-02-12 10:57:57.456956510
SIM02849,savings_account,-1,2024-12-31 00:00:00.000000000
SIM02849,credit_card,-1,2024-12-31 00:00:00.000000000
SIM02851,savings_account,-1,2024-12-31 00:00:00.000000000
SIM02852,savings_account,-1,2024-12-31 00:00:00.000000000
SIM02852,credit_card,-1,2024-12-31 00:00:00.000000000
SIM02852,car_insurance,4,2025-05-06 17:17:15.962067479
SIM02852,car_loan,4,2025-05-03 17:17:15.962067479
SIM02852,investment_account,20,2026-09-13 06:25:33.812089332
SIM02852,life_insurance,13,2026-02-06 02:43:42.732247591
SIM02853,credit_card,-1,2024-12-31 00:00:00.000000000
SIM02853,investment_account,7,2025-08-25 07:38:09.726004603
SIM02854,savings_account,-1,2024-12-31 00:00:00.000000000
SIM02854,credit_card,-1,2024-12-31 00:00:00.000000000
SIM02854,investment_account,22,2026-11-26 12:03:12.119655662
SIM02855,savings_account,-1,2024-12-31 00:00:00.000000000
SIM02858,savings_account,-1,2024-12-31 00:00:00.000000000
SIM02858,credit_card,-1,2024-12-31 00:00:00.000000000
SIM02858,life_insurance,16,2026-05-03 14:54:29.343457237
SIM02859,savings_account,-1,2024-12-31 00:00:00.000000000
SIM02859,credit_card,-1,2024-12-31 00:00:00.000000000
SIM02859,home_loan,18,2026-07-25 19:43:47.804094869
SIM02859,home_insurance,18,2026-07-26 19:43:47.804094869
SIM02859,life_insurance,18,2026-07-26 19:43:47.804094869
SIM02859,car_insurance,3,2025-04-17 05:44:33.245153137
SIM02859,car_loan,3,2025-04-14 05:44:33.245153137
SIM02859,bike_insurance,4,2025-05-05 22:20:56.456068760
SIM02860,credit_card,-1,2024-12-31 00:00:00.000000000
SIM02861,savings_account,-1,2024-12-31 00:00:00.000000000
SIM02861,credit_card,-1,2024-12-31 00:00:00.000000000
SIM02861,life_insurance,21,2026-10-16 14:10:15.250294677
SIM02862,savings_account,-1,2024-12-31 00:00:00.000000000
SIM02862,credit_card,-1,2024-12-31 00:00:00.000000000
SIM02863,car_insurance,9,2025-10-25 09:51:53.978623122
SIM02864,savings_account,-1,2024-12-31 00:00:00.000000000
SIM02865,savings_account,-1,2024-12-31 00:00:00.000000000
SIM02865,credit_card,-1,2024-12-31 00:00:00.000000000
SIM02866,savings_account,-1,2024-12-31 00:00:00.000000000
SIM02866,credit_card,-1,2024-12-31 00:00:00.000000000
SIM02866,car_insurance,23,2026-12-21 06:18:09.839339325
SIM02866,car_loan,23,2026-12-18 06:18:09.839339325
SIM02866,home_loan,7,2025-08-21 07:04:40.080734690
SIM02866,home_insurance,7,2025-08-22 07:04:40.080734690
SIM02866,life_insurance,7,2025-08-22 07:04:40.080734690
SIM02868,savings_account,-1,2024-12-31 00:00:00.000000000
SIM02868,credit_card,-1,2024-12-31 00:00:00.000000000
SIM02869,savings_account,-1,2024-12-31 00:00:00.000000000
SIM02869,car_insurance,22,2026-11-20 23:59:50.751797306
SIM02871,savings_account,-1,2024-12-31 00:00:00.000000000
SIM02871,car_insurance,14,2026-03-26 15:44:50.436770338
SIM02872,savings_account,-1,2024-12-31 00:00:00.000000000
SIM02872,credit_card,-1,2024-12-31 00:00:00.000000000
SIM02872,bike_insurance,16,2026-05-25 22:10:54.205449576
SIM02873,credit_card,-1,2024-12-31 00:00:00.000000000
SIM02875,savings_account,-1,2024-12-31 00:00:00.000000000
SIM02875,credit_card,-1,2024-12-31 00:00:00.000000000
SIM02875,car_insurance,14,2026-03-31 12:22:07.448449038
SIM02876,savings_account,-1,2024-12-31 00:00:00.000000000
SIM02876,credit_card,-1,2024-12-31 00:00:00.000000000
SIM02876,investment_account,13,2026-02-13 12:13:59.522627355
SIM02877,car_insurance,18,2026-07-11 22:03:14.044179991
SIM02877,home_loan,20,2026-09-11 00:23:24.124186800
SIM02877,home_insurance,20,2026-09-12 00:23:24.124186800
SIM02877,life_insurance,20,2026-09-12 00:23:24.124186800
SIM02878,savings_account,-1,2024-12-31 00:00:00.000000000
SIM02878,bike_insurance,13,2026-02-13 08:18:12.462992206
SIM02878,investment_account,19,2026-08-09 15:12:26.405359379
SIM02879,savings_account,-1,2024-12-31 00:00:00.000000000
SIM02879,credit_card,-1,2024-12-31 00:00:00.000000000
SIM02879,car_insurance,11,2025-12-15 22:15:21.446790678
SIM02880,savings_account,-1,2024-12-31 00:00:00.000000000
SIM02880,bike_insurance,18,2026-07-29 11:28:19.825211374
SIM02881,savings_account,-1,2024-12-31 00:00:00.000000000
SIM02881,credit_card,-1,2024-12-31 00:00:00.000000000
SIM02882,savings_account,-1,2024-12-31 00:00:00.000000000
SIM02882,credit_card,-1,2024-12-31 00:00:00.000000000
SIM02883,credit_card,-1,2024-12-31 00:00:00.000000000
SIM02883,bike_insurance,16,2026-05-06 09:02:23.950766107
SIM02884,savings_account,-1,2024-12-31 00:00:00.000000000
SIM02884,credit_card,-1,2024-12-31 00:00:00.000000000
SIM02884,car_insurance,20,2026-09-16 07:13:22.258179706
SIM02884,car_loan,20,2026-09-13 07:13:22.258179706
SIM02884,home_loan,21,2026-10-24 00:11:14.594847035
SIM02884,home_insurance,21,2026-10-25 00:11:14.594847035
SIM02884,life_insurance,21,2026-10-25 00:11:14.594847035
SIM02884,bike_insurance,13,2026-02-26 12:04:08.096634208
SIM02885,savings_account,-1,2024-12-31 00:00:00.000000000
SIM02885,life_insurance,14,2026-03-04 03:29:08.072062492
SIM02886,credit_card,-1,2024-12-31 00:00:00.000000000
SIM02886,car_insurance,19,2026-08-26 06:41:28.576730441
SIM02886,car_loan,19,2026-08-23 06:41:28.576730441
SIM02886,bike_insurance,14,2026-03-01 01:32:33.937071999
SIM02887,savings_account,-1,2024-12-31 00:00:00.000000000
SIM02887,credit_card,-1,2024-12-31 00:00:00.000000000
SIM02888,car_insurance,22,2026-11-20 11:11:11.003254341
SIM02889,savings_account,-1,2024-12-31 00:00:00.000000000
SIM02890,savings_account,-1,2024-12-31 00:00:00.000000000
SIM02891,savings_account,-1,2024-12-31 00:00:00.000000000
SIM02891,credit_card,-1,2024-12-31 00:00:00.000000000
SIM02891,investment_account,19,2026-08-24 05:59:19.656860343
SIM02891,home_loan,20,2026-09-25 06:49:35.672266245
SIM02891,home_insurance,20,2026-09-26 06:49:35.672266245
SIM02891,life_insurance,20,2026-09-26 06:49:35.672266245
SIM02892,savings_account,-1,2024-12-31 00:00:00.000000000
SIM02892,credit_card,-1,2024-12-31 00:00:00.000000000
SIM02892,car_insurance,3,2025-04-19 13:52:01.291846871
SIM02892,car_loan,3,2025-04-16 13:52:01.291846871
SIM02893,savings_account,-1,2024-12-31 00:00:00.000000000
SIM02893,car_insurance,18,2026-07-30 05:51:25.260761425
SIM02893,bike_insurance,9,2025-10-08 04:07:39.732228767
SIM02894,savings_account,-1,2024-12-31 00:00:00.000000000
SIM02894,credit_card,-1,2024-12-31 00:00:00.000000000
SIM02894,home_loan,16,2026-05-03 17:06:34.046281467
SIM02894,home_insurance,16,2026-05-04 17:06:34.046281467
SIM02894,life_insurance,16,2026-05-04 17:06:34.046281467
SIM02894,bike_insurance,15,2026-04-15 10:02:32.827188412
SIM02895,credit_card,-1,2024-12-31 00:00:00.000000000
SIM02895,investment_account,6,2025-07-04 11:47:32.038864814
SIM02897,bike_insurance,5,2025-06-15 00:27:46.563036355
SIM02897,investment_account,5,2025-06-19 03:51:46.518921683
SIM02898,savings_account,-1,2024-12-31 00:00:00.000000000
SIM02898,home_loan,23,2026-12-31 10:42:48.632833175
SIM02899,car_insurance,7,2025-08-29 03:03:57.123231161
SIM02899,car_loan,7,2025-08-26 03:03:57.123231161
SIM02899,bike_insurance,23,2026-12-22 02:49:44.693523127
SIM02900,bike_insurance,3,2025-04-27 22:15:06.794396825
SIM02901,savings_account,-1,2024-12-31 00:00:00.000000000
SIM02901,home_loan,8,2025-09-01 07:10:28.918457080
SIM02901,home_insurance,8,2025-09-02 07:10:28.918457080
SIM02901,life_insurance,8,2025-09-02 07:10:28.918457080
SIM02902,savings_account,-1,2024-12-31 00:00:00.000000000
SIM02902,credit_card,-1,2024-12-31 00:00:00.000000000
SIM02902,home_loan,4,2025-05-21 10:33:04.952792423
SIM02902,home_insurance,4,2025-05-22 10:33:04.952792423
SIM02902,life_insurance,4,2025-05-22 10:33:04.952792423
SIM02902,bike_insurance,10,2025-11-29 04:33:57.708762653
SIM02903,savings_account,-1,2024-12-31 00:00:00.000000000
SIM02903,credit_card,-1,2024-12-31 00:00:00.000000000
SIM02903,car_insurance,8,2025-09-21 11:30:00.046361372
SIM02903,investment_account,3,2025-04-04 15:59:13.020939754
SIM02904,home_loan,19,2026-08-09 18:57:26.962684084
SIM02904,home_insurance,19,2026-08-10 18:57:26.962684084
SIM02904,life_insurance,19,2026-08-10 18:57:26.962684084
SIM02904,bike_insurance,7,2025-08-06 12:24:10.227914018
SIM02905,savings_account,-1,2024-12-31 00:00:00.000000000
SIM02905,credit_card,-1,2024-12-31 00:00:00.000000000
SIM02905,life_insurance,12,2026-01-06 23:01:33.971179877
SIM02906,savings_account,-1,2024-12-31 00:00:00.000000000
SIM02906,credit_card,-1,2024-12-31 00:00:00.000000000
SIM02907,savings_account,-1,2024-12-31 00:00:00.000000000
SIM02907,credit_card,-1,2024-12-31 00:00:00.000000000
SIM02908,savings_account,-1,2024-12-31 00:00:00.000000000
SIM02909,savings_account,-1,2024-12-31 00:00:00.000000000
SIM02909,credit_card,-1,2024-12-31 00:00:00.000000000
SIM02909,investment_account,11,2025-12-17 04:09:13.570794313
SIM02910,savings_account,-1,2024-12-31 00:00:00.000000000
SIM02910,bike_insurance,22,2026-11-29 07:19:19.897518943
SIM02911,savings_account,-1,2024-12-31 00:00:00.000000000
SIM02911,credit_card,-1,2024-12-31 00:00:00.000000000
SIM02911,investment_account,23,2026-12-20 15:16:26.093977550
SIM02911,home_loan,13,2026-02-05 13:44:06.447614246
SIM02911,home_insurance,13,2026-02-06 13:44:06.447614246
SIM02911,life_insurance,13,2026-02-06 13:44:06.447614246
SIM02912,savings_account,-1,2024-12-31 00:00:00.000000000
SIM02912,investment_account,13,2026-02-08 23:38:12.808760435
SIM02913,savings_account,-1,2024-12-31 00:00:00.000000000
SIM02913,credit_card,-1,2024-12-31 00:00:00.000000000
SIM02913,investment_account,7,2025-08-20 08:58:16.272046865
SIM02914,savings_account,-1,2024-12-31 00:00:00.000000000
SIM02915,bike_insurance,23,2026-12-14 16:18:28.656642358
SIM02916,investment_account,12,2026-01-18 08:56:10.344534445
SIM02916,life_insurance,20,2026-09-15 12:41:16.466180153
SIM02916,savings_account,20,2026-09-20 12:41:16.466180153
SIM02917,bike_insurance,3,2025-04-12 16:25:53.843096306
SIM02918,savings_account,-1,2024-12-31 00:00:00.000000000
SIM02918,credit_card,-1,2024-12-31 00:00:00.000000000
SIM02918,bike_insurance,18,2026-07-06 19:44:16.209992277
SIM02919,savings_account,-1,2024-12-31 00:00:00.000000000
SIM02919,credit_card,-1,2024-12-31 00:00:00.000000000
SIM02919,car_insurance,4,2025-05-11 10:06:51.304506190
SIM02919,car_loan,4,2025-05-08 10:06:51.304506190
SIM02920,savings_account,-1,2024-12-31 00:00:00.000000000
SIM02920,home_loan,10,2025-11-25 18:04:04.400778673
SIM02920,home_insurance,10,2025-11-26 18:04:04.400778673
SIM02920,life_insurance,10,2025-11-26 18:04:04.400778673
SIM02920,bike_insurance,19,2026-08-23 15:30:59.197922348
SIM02920,investment_account,12,2026-01-18 06:09:58.918163822
SIM02922,savings_account,-1,2024-12-31 00:00:00.000000000
SIM02923,savings_account,-1,2024-12-31 00:00:00.000000000
SIM02923,bike_insurance,11,2025-12-16 18:24:21.349316119
SIM02924,savings_account,-1,2024-12-31 00:00:00.000000000
SIM02924,credit_card,-1,2024-12-31 00:00:00.000000000
SIM02924,car_insurance,21,2026-10-07 00:21:22.271805424
SIM02924,car_loan,21,2026-10-04 00:21:22.271805424
SIM02924,home_loan,6,2025-07-25 13:58:48.093696432
SIM02924,home_insurance,6,2025-07-26 13:58:48.093696432
SIM02924,life_insurance,6,2025-07-26 13:58:48.093696432
SIM02924,investment_account,23,2026-12-25 15:30:13.146814332
SIM02925,savings_account,-1,2024-12-31 00:00:00.000000000
SIM02925,investment_account,9,2025-10-26 14:18:54.158297673
SIM02927,savings_account,-1,2024-12-31 00:00:00.000000000
SIM02927,credit_card,-1,2024-12-31 00:00:00.000000000
SIM02927,investment_account,16,2026-05-26 19:21:14.695754217
SIM02927,car_insurance,17,2026-06-21 04:01:32.592878115
SIM02928,savings_account,-1,2024-12-31 00:00:00.000000000
SIM02928,credit_card,-1,2024-12-31 00:00:00.000000000
SIM02929,savings_account,-1,2024-12-31 00:00:00.000000000
SIM02929,credit_card,-1,2024-12-31 00:00:00.000000000
SIM02930,savings_account,-1,2024-12-31 00:00:00.000000000
SIM02930,home_loan,17,2026-06-06 22:07:31.325573790
SIM02930,home_insurance,17,2026-06-07 22:07:31.325573790
SIM02930,life_insurance,17,2026-06-07 22:07:31.325573790
SIM02931,savings_account,-1,2024-12-31 00:00:00.000000000
SIM02931,credit_card,-1,2024-12-31 00:00:00.000000000
SIM02931,car_insurance,15,2026-04-16 21:52:03.712124977
SIM02932,savings_account,-1,2024-12-31 00:00:00.000000000
SIM02932,credit_card,-1,2024-12-31 00:00:00.000000000
SIM02932,home_loan,20,2026-09-23 14:54:18.260656891
SIM02932,home_insurance,20,2026-09-24 14:54:18.260656891
SIM02932,life_insurance,20,2026-09-24 14:54:18.260656891
SIM02933,credit_card,-1,2024-12-31 00:00:00.000000000
SIM02933,car_insurance,14,2026-03-16 10:43:24.099249857
SIM02934,savings_account,-1,2024-12-31 00:00:00.000000000
SIM02934,life_insurance,16,2026-05-30 04:39:16.241183272
SIM02935,savings_account,-1,2024-12-31 00:00:00.000000000
SIM02936,savings_account,-1,2024-12-31 00:00:00.000000000
SIM02936,credit_card,-1,2024-12-31 00:00:00.000000000
SIM02936,investment_account,4,2025-05-04 22:13:46.655006046
SIM02937,credit_card,-1,2024-12-31 00:00:00.000000000
SIM02937,bike_insurance,4,2025-05-15 01:19:37.433340559
SIM02938,savings_account,-1,2024-12-31 00:00:00.000000000
SIM02938,car_insurance,11,2025-12-26 12:48:41.691056781
SIM02938,car_loan,11,2025-12-23 12:48:41.691056781
SIM02939,savings_account,-1,2024-12-31 00:00:00.000000000
SIM02939,credit_card,-1,2024-12-31 00:00:00.000000000
SIM02939,life_insurance,8,2025-09-10 10:15:37.710385593
SIM02939,bike_insurance,18,2026-07-23 04:07:49.967395962
SIM02940,savings_account,-1,2024-12-31 00:00:00.000000000
SIM02940,credit_card,-1,2024-12-31 00:00:00.000000000
SIM02940,car_insurance,18,2026-07-17 08:34:44.125355468
SIM02940,car_loan,18,2026-07-14 08:34:44.125355468
SIM02940,home_loan,14,2026-03-06 15:03:26.572994458
SIM02940,home_insurance,14,2026-03-07 15:03:26.572994458
SIM02940,life_insurance,14,2026-03-07 15:03:26.572994458
SIM02941,savings_account,-1,2024-12-31 00:00:00.000000000
SIM02941,bike_insurance,7,2025-08-24 05:57:07.742380286
SIM02942,savings_account,-1,2024-12-31 00:00:00.000000000
SIM02942,credit_card,-1,2024-12-31 00:00:00.000000000
SIM02942,car_insurance,11,2025-12-18 12:07:41.124978890
SIM02942,car_loan,11,2025-12-15 12:07:41.124978890
SIM02942,bike_insurance,23,2026-12-07 08:09:30.603054168
SIM02943,credit_card,-1,2024-12-31 00:00:00.000000000
SIM02943,investment_account,12,2026-01-08 14:29:59.491595397
SIM02944,savings_account,-1,2024-12-31 00:00:00.000000000
SIM02944,bike_insurance,5,2025-06-28 12:20:23.788488269
SIM02944,car_insurance,6,2025-07-17 05:32:10.797970404
SIM02944,car_loan,6,2025-07-14 05:32:10.797970404
SIM02945,savings_account,-1,2024-12-31 00:00:00.000000000
SIM02945,credit_card,-1,2024-12-31 00:00:00.000000000
SIM02946,savings_account,-1,2024-12-31 00:00:00.000000000
SIM02947,savings_account,-1,2024-12-31 00:00:00.000000000
SIM02947,credit_card,-1,2024-12-31 00:00:00.000000000
SIM02947,home_loan,11,2025-12-31 11:15:47.171579596
SIM02947,home_insurance,12,2026-01-01 11:15:47.171579596
SIM02947,life_insurance,9,2025-10-04 10:15:11.935921198
SIM02948,savings_account,-1,2024-12-31 00:00:00.000000000
SIM02948,home_loan,22,2026-11-29 00:03:14.698533765
SIM02948,home_insurance,22,2026-11-30 00:03:14.698533765
SIM02948,life_insurance,22,2026-11-30 00:03:14.698533765
SIM02949,savings_account,-1,2024-12-31 00:00:00.000000000
SIM02949,life_insurance,17,2026-06-02 02:21:57.861228749
SIM02949,bike_insurance,14,2026-03-27 01:46:52.993586500
SIM02950,credit_card,-1,2024-12-31 00:00:00.000000000
SIM02951,savings_account,-1,2024-12-31 00:00:00.000000000
SIM02951,credit_card,-1,2024-12-31 00:00:00.000000000
SIM02951,car_insurance,9,2025-10-17 13:39:57.199057380
SIM02951,car_loan,9,2025-10-14 13:39:57.199057380
SIM02951,life_insurance,12,2026-01-26 00:47:54.947113155
SIM02952,bike_insurance,9,2025-10-23 22:29:17.941740543
SIM02953,savings_account,-1,2024-12-31 00:00:00.000000000
SIM02953,credit_card,-1,2024-12-31 00:00:00.000000000
SIM02953,bike_insurance,16,2026-05-15 15:02:30.510203175
SIM02954,savings_account,-1,2024-12-31 00:00:00.000000000
SIM02954,car_insurance,16,2026-05-08 04:18:46.146901977
SIM02954,home_loan,19,2026-08-30 20:18:56.203818802
SIM02954,home_insurance,19,2026-08-31 20:18:56.203818802
SIM02954,life_insurance,19,2026-08-31 20:18:56.203818802
SIM02955,savings_account,-1,2024-12-31 00:00:00.000000000
SIM02955,car_insurance,20,2026-09-30 23:10:46.209147461
SIM02955,home_loan,8,2025-09-18 15:05:57.867692022
SIM02955,home_insurance,8,2025-09-19 15:05:57.867692022
SIM02955,life_insurance,8,2025-09-19 15:05:57.867692022
SIM02957,credit_card,-1,2024-12-31 00:00:00.000000000
SIM02957,home_loan,6,2025-07-10 13:58:52.385976725
SIM02957,home_insurance,6,2025-07-11 13:58:52.385976725
SIM02957,life_insurance,6,2025-07-11 13:58:52.385976725
SIM02958,savings_account,-1,2024-12-31 00:00:00.000000000
SIM02958,investment_account,16,2026-05-24 08:08:55.527510713
SIM02959,credit_card,-1,2024-12-31 00:00:00.000000000
SIM02961,savings_account,-1,2024-12-31 00:00:00.000000000
SIM02961,credit_card,-1,2024-12-31 00:00:00.000000000
SIM02961,home_loan,7,2025-08-24 06:54:32.041481125
SIM02961,home_insurance,7,2025-08-25 06:54:32.041481125
SIM02961,life_insurance,7,2025-08-25 06:54:32.041481125
SIM02962,savings_account,-1,2024-12-31 00:00:00.000000000
SIM02962,bike_insurance,8,2025-09-23 20:56:55.728956464
SIM02962,investment_account,12,2026-01-17 16:55:01.821769018
SIM02963,savings_account,-1,2024-12-31 00:00:00.000000000
SIM02964,credit_card,-1,2024-12-31 00:00:00.000000000
SIM02964,car_insurance,16,2026-05-24 20:55:14.289577900
SIM02964,car_loan,16,2026-05-21 20:55:14.289577900
SIM02964,bike_insurance,10,2025-11-03 22:23:03.351970372
SIM02965,savings_account,-1,2024-12-31 00:00:00.000000000
SIM02965,credit_card,-1,2024-12-31 00:00:00.000000000
SIM02965,investment_account,12,2026-01-13 09:52:52.038663150
SIM02966,savings_account,-1,2024-12-31 00:00:00.000000000
SIM02966,home_loan,19,2026-08-23 19:02:03.058522862
SIM02966,home_insurance,19,2026-08-24 19:02:03.058522862
SIM02966,life_insurance,19,2026-08-24 19:02:03.058522862
SIM02966,bike_insurance,15,2026-04-06 21:49:34.595186322
SIM02967,savings_account,-1,2024-12-31 00:00:00.000000000
SIM02967,car_insurance,22,2026-11-21 22:45:20.189855286
SIM02968,savings_account,-1,2024-12-31 00:00:00.000000000
SIM02968,bike_insurance,17,2026-06-25 22:06:12.892301711
SIM02969,savings_account,-1,2024-12-31 00:00:00.000000000
SIM02969,credit_card,-1,2024-12-31 00:00:00.000000000
SIM02970,savings_account,-1,2024-12-31 00:00:00.000000000
SIM02970,investment_account,8,2025-09-02 19:16:09.800545524
SIM02971,savings_account,-1,2024-12-31 00:00:00.000000000
SIM02971,bike_insurance,3,2025-04-26 01:39:40.024256676
SIM02972,car_insurance,13,2026-02-19 20:45:38.434397025
SIM02972,life_insurance,15,2026-04-11 01:40:23.315035898
SIM02972,bike_insurance,16,2026-05-12 08:40:27.476406142
SIM02974,savings_account,-1,2024-12-31 00:00:00.000000000
SIM02974,life_insurance,18,2026-07-29 11:14:12.146805891
SIM02975,savings_account,-1,2024-12-31 00:00:00.000000000
SIM02975,car_insurance,18,2026-07-26 01:25:06.752351458
SIM02975,car_loan,18,2026-07-23 01:25:06.752351458
SIM02976,savings_account,-1,2024-12-31 00:00:00.000000000
SIM02976,credit_card,-1,2024-12-31 00:00:00.000000000
SIM02976,car_insurance,21,2026-10-24 20:55:23.370028528
SIM02976,car_loan,21,2026-10-21 20:55:23.370028528
SIM02976,bike_insurance,23,2026-12-22 04:34:58.011674504
SIM02977,savings_account,-1,2024-12-31 00:00:00.000000000
SIM02977,credit_card,-1,2024-12-31 00:00:00.000000000
SIM02977,car_insurance,3,2025-04-15 08:43:38.465043257
SIM02977,life_insurance,11,2025-12-01 16:58:53.837047365
SIM02978,savings_account,-1,2024-12-31 00:00:00.000000000
SIM02978,home_loan,9,2025-10-28 10:55:11.840149506
SIM02978,home_insurance,9,2025-10-29 10:55:11.840149506
SIM02978,life_insurance,9,2025-10-29 10:55:11.840149506
SIM02978,investment_account,15,2026-04-20 15:29:48.356221603
SIM02979,savings_account,-1,2024-12-31 00:00:00.000000000
SIM02979,credit_card,-1,2024-12-31 00:00:00.000000000
SIM02979,investment_account,4,2025-05-15 00:28:02.979780545
SIM02979,bike_insurance,15,2026-04-22 21:58:55.144813960
SIM02980,savings_account,-1,2024-12-31 00:00:00.000000000
SIM02980,investment_account,16,2026-05-03 23:38:27.317477291
SIM02981,savings_account,-1,2024-12-31 00:00:00.000000000
SIM02981,credit_card,-1,2024-12-31 00:00:00.000000000
SIM02981,home_loan,20,2026-09-16 13:03:14.797366829
SIM02981,home_insurance,20,2026-09-17 13:03:14.797366829
SIM02981,life_insurance,15,2026-04-16 02:07:42.660130443
SIM02983,savings_account,-1,2024-12-31 00:00:00.000000000
SIM02983,investment_account,13,2026-02-25 08:38:10.513050870
SIM02983,home_loan,3,2025-04-24 03:46:39.045767671
SIM02983,home_insurance,3,2025-04-25 03:46:39.045767671
SIM02983,life_insurance,3,2025-04-25 03:46:39.045767671
SIM02983,car_insurance,9,2025-10-21 23:05:20.966457659
SIM02985,savings_account,-1,2024-12-31 00:00:00.000000000
SIM02986,car_insurance,9,2025-10-11 16:03:13.429756579
SIM02986,car_loan,9,2025-10-08 16:03:13.429756579
SIM02988,bike_insurance,7,2025-08-04 00:46:43.720204324
SIM02989,credit_card,-1,2024-12-31 00:00:00.000000000
SIM02990,savings_account,-1,2024-12-31 00:00:00.000000000
SIM02990,bike_insurance,16,2026-05-11 05:18:18.077685750
SIM02991,savings_account,-1,2024-12-31 00:00:00.000000000
SIM02991,credit_card,-1,2024-12-31 00:00:00.000000000
SIM02991,car_insurance,9,2025-10-08 14:34:11.272408209
SIM02992,savings_account,-1,2024-12-31 00:00:00.000000000
SIM02992,credit_card,-1,2024-12-31 00:00:00.000000000
SIM02992,car_insurance,22,2026-11-24 09:49:22.536139282
SIM02992,bike_insurance,23,2026-12-21 16:28:50.869030117
SIM02993,car_insurance,14,2026-03-06 01:15:09.556755004
SIM02993,car_loan,14,2026-03-03 01:15:09.556755004
SIM02993,home_loan,16,2026-05-21 11:45:14.176733669
SIM02993,home_insurance,16,2026-05-22 11:45:14.176733669
SIM02993,life_insurance,16,2026-05-22 11:45:14.176733669
SIM02994,credit_card,-1,2024-12-31 00:00:00.000000000
SIM02994,car_insurance,10,2025-11-15 17:03:10.381058934
SIM02994,car_loan,10,2025-11-12 17:03:10.381058934
SIM02994,investment_account,18,2026-07-11 11:12:50.903729749
SIM02995,savings_account,-1,2024-12-31 00:00:00.000000000
SIM02995,credit_card,-1,2024-12-31 00:00:00.000000000
SIM02995,investment_account,23,2026-12-11 19:18:52.870872419
SIM02996,savings_account,-1,2024-12-31 00:00:00.000000000
SIM02997,savings_account,-1,2024-12-31 00:00:00.000000000
SIM02997,credit_card,-1,2024-12-31 00:00:00.000000000
SIM02997,investment_account,8,2025-09-08 23:45:22.962059095
SIM02998,savings_account,-1,2024-12-31 00:00:00.000000000
SIM02998,credit_card,-1,2024-12-31 00:00:00.000000000
