id,first_name,last_name,datetime,iban,transaction_amount,current_account_balance,savings_account_balance,product_category
1,Flory,Geffen,9/22/2026,PT04 0961 4649 2795 7264 0161 7,112.69,516.82,1974.47,Accessories
2,Dillon,Stocken,12/25/2025,CY69 7426 1222 AZTP I0WW CGEU 8DAU,5.96,2615.09,43090.92,Kitchen
3,Pierson,Billes,8/28/2026,ES30 2471 1646 2833 6193 1987,16.27,1944.47,13998.82,Outdoor
4,Ransell,Cowill,5/13/2026,LU83 230C VSB1 5KDG PJNG,15.36,568.23,5177.43,Food - Frozen Desserts
5,Bonnibelle,Lavallie,4/2/2026,LI44 8129 583E F0U7 JOMZ A,11.76,3792.26,74087.63,Food - Condiments
6,Krystle,Sherratt,7/10/2026,IS41 1292 7282 5670 4343 5133 78,18.63,1634.92,9783.72,Food - Canned Goods
7,Merrili,Taks,1/21/2026,SE27 0113 8019 1778 0099 4557,6.87,15682.74,493350.3,Outdoor
8,Chucho,Delia,10/15/2025,FR55 6165 4020 64HU T0VT GGFK G32,2974.29,4050.13,49518.04,Food - Beverages
9,Reba,Doswell,12/31/2025,PS96 LWUC SRTZ 90X5 07WR YFZM 1WDT Y,1374.06,3519.92,202578.35,Fitness
10,Elsy,Loreit,2/13/2026,CR35 5950 3763 0143 6332 6,3.59,1116.63,9234.83,Food - Breakfast Foods
11,Meridel,Stutt,1/8/2026,EE70 4295 3595 3150 0274,25.59,633.32,6888.86,Food - Breakfast
12,Alicea,Moran,3/2/2026,IT71 U302 8039 449V TZWG METU DGJ,6.18,1423.68,16486.48,Kitchen
13,Karleen,McAllaster,7/22/2026,AT70 8380 6979 6123 1632,531.18,15093.33,260205.09,Health
14,Delmer,Whawell,12/30/2025,AE34 7632 4174 2601 8398 426,125.64,1140.76,11325.03,Home
15,Betteanne,Dade,8/20/2026,GB15 HBHE 6656 0819 3776 09,2.67,914.65,8054.19,Food - Condiments
16,Kingsley,Berg,10/6/2025,GL50 9795 7308 6349 93,519.79,5060.19,34902.99,Food - Frozen Foods
17,Janot,Embra,10/14/2025,DK69 4280 1005 1480 93,21.22,2336.89,20595.33,Travel
18,Ketti,Reddell,12/21/2025,PL91 7854 7054 7333 9148 9584 3607,188.91,14516.73,90442.57,Food
19,Essy,de Juares,5/31/2026,RS78 8586 6328 9920 6899 47,15.69,2102.09,12039.02,Garden
20,Sherman,Sandercock,5/6/2026,AL26 5043 9106 YNAS MHUV VCRF R9K9,5.72,1942.51,6667.37,Food - Snacks
21,Clyde,Marner,12/17/2025,PK69 QPNZ P5KJ 6H3G QHVY 3MNC,68.07,315.99,1677.17,Home
22,Samuel,Adamovitch,2/5/2026,FR74 5812 2132 36OT HD2P QFZE 427,135.18,1952.53,4447.23,Books
23,Mary,Kensett,5/28/2026,DO06 7HTI 2905 1911 4342 0789 3273,123.94,77.46,2074.8,Home
24,Hillary,Barthel,6/15/2026,SE41 7213 6126 9215 7743 7032,11.96,4233.84,126238.32,Clothing - Accessories
25,Beau,Ickeringill,3/27/2026,SE54 4093 9583 1665 1123 0991,5.63,219.53,1396.65,Electronics
26,Gratiana,Nelmes,12/14/2025,GI85 GDLQ 0XLF NJRV ZIDA 2WQ,5.3,34.89,991.96,Food - Frozen Foods
27,Eran,Tomaello,3/9/2026,DK85 8296 3156 1070 23,12.03,1811.56,22521.36,Food - Frozen Foods
28,Carin,Blaver,8/10/2026,HU89 4914 2288 0629 9493 5778 2668,333.91,1322.44,13123.37,Outdoor
29,Jarret,Galier,9/2/2026,DE22 7669 6322 2740 8529 26,462.59,2346.64,9065.67,Food - Seafood
30,Julius,Frampton,6/3/2026,NL45 EBFZ 3099 8574 56,10.44,1594.05,21984.38,Kitchen
31,Jeniffer,Riggs,5/2/2026,PL06 6211 7608 2963 6056 7447 3121,289.77,2257.52,15736.52,Food - Fresh Produce
32,Blanche,Childrens,1/28/2026,LU76 437V HYJS SQGY GTQP,24.48,1844.69,24035.94,Fitness
33,Gustie,Keyse,12/29/2025,NO05 5490 2055 919,17.53,5728.58,350380.08,Outdoor
34,Zea,Rentilll,11/3/2025,GT08 UBB1 C29C 0ABH KY01 RKNL VMD4,457.81,2535.03,52035.23,Clothing - Shirts
35,Lynnell,Jarrard,4/7/2026,PL46 9191 4398 7343 4181 4536 8915,13.24,983.4,11406.56,Kitchen
36,Opalina,Senecaut,9/11/2026,GI21 FFFD U7ZN A6RO 7E7H JVV,71.77,1079.28,7861.83,Food - Condiments
37,Rivy,Shinefield,4/22/2026,MC39 1229 5520 6243 VKRY 5NZX E52,137.32,1062.18,8023.49,Food - Meal Kits
38,Dulce,Bolwell,1/5/2026,LT24 7666 2133 3472 1907,13.81,1825.2,23418.59,Office
39,Owen,Guyot,11/6/2025,SK45 1925 6463 6162 7061 1974,22.68,14211.94,130829.29,Food - Canned Goods
40,Querida,Smittoune,9/4/2026,GL12 7122 5714 1087 70,5.52,783.6,7824.81,Food - Spices
41,Stephanie,Fenn,2/27/2026,HU47 6136 2598 3625 2231 2623 1266,12.2,8637.36,163198.46,Accessories
42,Winifield,Musicka,6/22/2026,NL69 WZYX 5584 7738 85,649.67,2172.23,22590.23,Food - Condiments
43,Glenn,Haigh,1/26/2026,FR57 6522 4160 256M 9LG3 YBPF Y46,535.11,4526.48,322883.3,Garden
44,Haleigh,Kolushev,7/13/2026,IS34 0840 0918 7389 8845 2595 06,28.35,6249.88,86159.19,Clothing - Shirts
45,Nikolaos,Marriott,4/1/2026,AZ48 KNXR 7Y98 UVWV PTU9 NAD1 YFVH,25.47,4950.66,127354.46,Travel
46,Gabbie,Shotboulte,5/17/2026,DK58 4068 8270 9487 23,13.79,4191.06,64888.2,Food - Snacks
47,Erie,Scroggie,12/7/2025,MD10 96OJ CESV DDO3 ZZLN 3QO0,29.16,1521.72,7974.91,Food - Fresh Produce
48,Glad,Lofting,5/4/2026,IE71 ZYAN 7516 2380 1907 45,14.29,1097.18,3093.75,Food - Bakery
49,Si,Muge,12/11/2025,KW15 CBXF K8FT 8TLR X2KG 5OWI D8SS 1P,12.02,4540.14,235603.06,Clothing - Pants
50,Mildrid,Bazylets,9/30/2025,PS07 FMME OUA2 FYOD 9J6U 3HXJ PKHC K,22.84,2251.59,5913.08,Clothing - Footwear
51,Kai,Haughey,9/22/2026,GI73 NYLZ SGUF PETT Z123 TZ5,147.1,2280.32,23177.17,Electronics
52,Ettore,Bernucci,2/26/2026,HR89 7337 3184 9726 1197 9,477.13,2066.27,17504.61,Food - Meat
53,Tymon,Dragoe,1/30/2026,FI38 0314 1735 8864 35,128.71,283.03,2495.71,Art Supplies
54,Catherine,Dray,9/18/2026,MC50 1688 5523 75LN U4GW 7PHY L38,4.62,495.14,1739.72,Clothing - Outerwear
55,Keelia,Redd,8/25/2026,PL80 2892 2652 4634 7768 1434 2324,13.97,1753.37,24178.09,Food - Bakery
56,Anneliese,Dunrige,11/25/2025,FR06 2255 4283 26C8 NCCS XFZY 879,131.72,5786.65,186896.4,Fitness
57,Morrie,Kilmaster,8/31/2026,AE94 9318 1649 8295 3648 974,77.87,5063.19,37169.58,Outdoor
58,Floyd,Domaschke,5/19/2026,KZ48 813Q NRON PBYX HSQT,13.95,2067.54,6035.1,Food - Confectionery
59,Marys,Maggiore,5/2/2026,GR96 7126 246H FQAS HIIW 1HA9 IEW,569.13,224.4,1707.83,Food - Supplements
60,Noni,Reims,11/15/2025,GR71 2346 644Z 6XJ3 QZW7 3CNG YOO,111.18,1874.36,22115.4,Food - Condiments
61,Theresita,Longhorne,11/15/2025,FR94 0333 2708 25KW ZDGP 3CE1 F36,5.9,923.53,2017.75,Home Improvement
62,Karoline,Honnan,3/26/2026,FR24 4761 9431 7695 HNVY RVCK O64,7.3,430.14,5904.53,Food - Seafood
63,Trev,Fullom,5/25/2026,ME14 2526 7819 8519 2755 57,4.37,1849.27,15789.04,Food - Condiments
64,Gabi,Parnell,10/28/2025,MD40 IMYY 6AND H7VJ ZYD7 EJDN,3.79,2972.77,60915.11,Sports
65,Sander,Newlands,12/29/2025,FR07 0558 1277 01FI NO4G UYH4 F35,776.41,435.4,4869.73,Automotive
66,Any,Farnworth,8/4/2026,LV87 HKIE DKM7 LHUD KE9H N,21.2,1128.07,10119.24,Food - Bakery
67,Gradey,Rubega,7/2/2026,FR38 5527 2067 364C FDO6 CZKT 839,21.52,5018.58,389328.5,Office
68,Kimberley,Grinin,3/17/2026,GB83 YIED 0992 8289 8549 99,28.09,1230.86,12804.48,Food - Snacks
69,Myriam,Foffano,3/12/2026,DO60 6EJC 6519 2518 9229 7058 7666,134.56,5762.62,86760.25,Automotive
70,Clarisse,Boggas,2/19/2026,ME25 2765 7129 7418 4030 53,3.71,2077.64,28308.06,Health
71,Antons,Bleacher,2/17/2026,IT69 U950 0914 437D XH67 BXLV TBY,30.81,2293.92,18460.61,Bicycles
72,Edgardo,De Carlo,10/17/2025,FR59 9322 2495 791F E8JO 6QRL U74,204.81,3860.14,71567.02,Food - Breakfast
73,Raina,Leasor,2/2/2026,SA71 00HR 0Y1G EG1W ERK5 ZQGQ,403.51,2045.5,15275.08,Clothing - Tops
74,Sydelle,Pinkett,10/5/2025,BH04 OPSR YZRF PIZU XJYH YY,446.39,2282.55,13381.71,Clothing - Dresses
75,Adelice,Boulstridge,12/22/2025,PL81 7311 9954 8506 9191 9829 5704,63.95,12564.87,127284.74,Food - Sauces
76,Norton,Wasmuth,6/28/2026,GB54 XDZV 7466 3870 1393 45,14.98,3443.4,25668.54,Travel
77,Rupert,Hargess,2/21/2026,LI79 8671 9TAF IMBE GFZE 3,8.02,4441.02,72397.32,Clothing - Tops
78,Rozanne,Wrankmore,10/20/2025,FR68 9828 4836 96OP SNS5 ZYS5 F85,3029.39,884.67,6747.08,Food - Bakery
79,Waylan,Uwins,1/19/2026,AL24 2729 0701 CTQ1 JTR6 BVL6 8XYI,26.43,2358.26,10531.88,Food - Grains
80,Banky,Estcot,7/1/2026,ME33 4514 1061 1058 4692 52,7.47,165.83,2313.66,Fitness
81,Sancho,Gaunt,12/3/2025,DO94 0UMR 7878 9369 9181 0460 6440,95.03,1828.61,12523.21,Home
82,Celina,Matitiaho,3/17/2026,AD85 7605 3841 4JKF L2NQ UGR8,8.58,15.69,180.62,Food - Snacks
83,Gaultiero,Fuentes,10/30/2025,TN80 3939 7845 8649 0016 2205,17.4,291.84,3787.83,Electronics
84,Tabbie,Connell,3/19/2026,FR80 6482 4416 518V GAN4 O6NN H61,29.72,2122.24,27004.64,Food - Frozen Desserts
85,Garey,Moxson,7/31/2026,BG92 RBLW 2938 745B KM35 8O,23.0,27.22,925.43,Food - Seafood
86,Allistir,Winters,3/6/2026,FR36 3596 6871 50MT T1RJ FH3I W78,512.92,124.71,833.69,Food - Canned Goods
87,Lalo,Rominov,8/17/2026,MK98 704N BAJI GRBC X39,26.93,17706.57,532315.07,Food - Snacks
88,Olga,Moreno,8/27/2026,IT48 Y436 6782 536V DVFQ YBEY A5N,40.22,236.28,295.42,Clothing - Bottoms
89,Zuzana,Merrington,12/18/2025,VG72 RBJG 1710 2718 4403 7140,15.17,5022.51,47154.94,Pets
90,Jake,Saich,3/24/2026,FR82 4111 3420 27AD P7XD 89YF S12,25.56,37.85,1492.71,Food - Canned Goods
91,Rutherford,Baitson,9/24/2026,FR36 6068 1974 900Z NVTP IUO3 682,86.58,1757.01,15473.51,Food - Oils
92,Sky,Vannuccini,11/8/2025,FO15 6219 9902 2956 76,21.17,217.29,996.82,Home
93,Roz,Pindell,8/19/2026,NO80 8231 3288 449,781.41,807.86,8725.55,Bathroom
94,Krispin,Whitley,4/15/2026,CY89 0225 1497 YJWA 04YJ LLD4 QWDA,753.32,13200.75,243807.54,Food - Meat
95,Devlin,McNay,6/23/2026,LB64 6320 MLHJ PQMQ YJHD OUKN FXEC,23.84,2236.59,15410.97,Pets
96,Malia,Ulster,12/27/2025,IT49 O424 1851 158R SYN8 VNER DTQ,144.42,787.47,3156.51,Food - Nut Butters
97,Sheelah,Woolley,11/1/2025,LI70 0823 0B99 9JT9 PF2Y N,11.61,824.17,10256.64,Food - Dairy
98,Eveleen,Milkeham,10/30/2025,FR03 9999 8507 119T 0FIP Y7HP G21,21.77,1568.21,16132.84,Kitchen
99,Milli,Franiak,4/28/2026,CZ64 0325 8872 6444 1722 1359,119.66,1053.36,8839.59,Garden
100,Rolfe,Bonifazio,5/29/2026,MR31 5072 0354 5135 7041 3281 430,747.37,1693.74,10443.75,Food - Snacks
101,Buckie,Bulch,10/16/2025,FR37 5210 1554 61EQ 44JG PWUG P69,614.64,1099.21,8189.73,Fitness
102,Aloisia,Busst,12/3/2025,LI57 1856 8CGZ CI1P GE9P 7,19.12,2781.24,59860.8,Food - Dairy
103,Helenelizabeth,Earlam,3/29/2026,MK21 960S 4EVP V2FA V49,5.22,3572.99,60712.8,Audio
104,King,Swinyard,12/4/2025,FR65 2950 7713 65GE TPEL QDSK 473,19.38,243.71,33.87,Food - Grains
105,Birk,Clyma,3/9/2026,EE95 9583 6318 3803 4460,44.23,14.0,453.75,Food - Bakery
106,Rosaline,Swanton,9/7/2026,FR24 8454 5180 00BV YYMD JFVI X76,17.24,2035.98,20586.93,Kitchen
107,Selby,Dunster,7/27/2026,IS69 4987 3615 3307 3598 3909 85,345.71,723.59,8546.23,Kitchen
108,Shurwood,Langforth,12/28/2025,MK92 569T W0IO UBXG Q42,13.01,2149.94,27508.48,Food - Snacks
109,Pacorro,Dundon,11/28/2025,TR40 2575 6VC0 PDQB 7T4K QVQG OU,80.74,2168.74,11789.86,Kitchen
110,Fowler,Spalding,10/31/2025,GT24 XPCM TEGV IS5L AR9Q BZN7 JGQD,3.5,16468.26,356095.18,Food - Frozen Fruits
111,Katharyn,Delagua,10/27/2025,IS59 8445 1544 8581 9707 0882 48,112.26,5391.83,58934.43,Food - Snacks
112,Tucky,Andrzejowski,7/6/2026,SM48 X936 1743 128C IN0E Z0D5 RIY,161.39,1690.51,8693.86,Fitness
113,Regan,MacGettigen,10/5/2025,MD72 RLRA VRTI TLJ7 TA7D 9D6D,3000.73,845.18,9533.81,Food - Frozen Foods
114,Selina,Luetkemeyers,12/23/2025,PK77 GDOO Y81C I45C RCA7 9VCR,2.7,1904.57,19055.91,Food - Condiments
115,Bobbie,Impey,10/2/2025,BG06 CTHG 2959 760D YEMA LQ,12.4,1521.74,17966.75,Food - Bakery
116,Adelaide,Pickless,8/24/2026,GE38 HN36 1797 6794 1590 58,5.52,3978.29,79449.51,Food - Vegetables
117,Yevette,Lamp,4/9/2026,MR02 9487 5873 0317 3896 1809 623,3.17,1162.89,16590.05,Food - Meat
118,Maggy,Reynolds,9/4/2026,PL34 7276 1198 0652 0969 0949 4719,29.79,1490.07,20180.19,Kitchen
119,Pepillo,Dykes,7/8/2026,DO26 AVBT 7077 3112 5800 7660 1152,60.19,600.94,5319.3,Accessories
120,Ham,Denisevich,5/12/2026,SK02 0224 9179 7981 1981 4457,1046.7,1505.86,13202.14,Food - Dairy
121,Yasmin,Casperri,5/16/2026,FR74 0360 9874 20BI QHXA VPHR X73,80.02,1289.58,3129.89,Food - Frozen Foods
122,Henrie,Flatte,2/23/2026,HR04 7420 6461 0426 7446 3,6.28,505.74,1777.31,Food - Bakery
123,Fredelia,Deegin,6/15/2026,PK09 LJKV A3DP GNIZ QMUV QEDB,97.54,8.94,706.13,Food - Snacks
124,Alexandre,Abrahamson,8/4/2026,LV74 NUYJ 8JYF 0NRJ 396Y W,22.86,20.39,78.67,Food - Dairy
125,Teena,Jacklin,7/31/2026,IE53 LFQU 0628 4503 7574 99,6.85,1601.0,13818.53,Food - Pasta
126,Earlie,Woollard,9/2/2026,CH42 1218 8VIQ QDJI LIKB 4,12.81,1912.12,5753.88,Food - Oils
127,Obadias,Obispo,9/8/2026,LU36 846E 3MAG 5DLP TQIQ,142.46,1049.92,9145.44,Pets
128,Henry,Bowkett,11/11/2025,MU23 SHMD 7536 6143 3866 9478 976J PU,24.39,205.94,1671.43,Food
129,Kaitlyn,Sellen,8/30/2026,FR21 5226 3802 47M2 YCMU RWI9 E64,13.64,1695.99,15604.5,Kitchen
130,Rabbi,Magog,1/25/2026,FR88 2449 7915 77FK UHPL 123E C52,6.51,15869.1,140618.93,Pets
131,Lusa,Oswell,12/13/2025,CR24 9010 5304 6219 6693 2,93.95,5934.17,77736.93,Food - Cereal
132,Bernice,Potell,10/29/2025,KW54 JHPE 6UHZ 7TMH 4CKX RISM 7XDS JX,8.02,117.08,1179.75,Food - Meat
133,Elva,Alp,11/17/2025,RO57 YRCK IYBR 8J1C 9K2U I7YT,117.18,1565.43,15902.59,Food - Snacks
134,Marijn,Orteu,7/22/2026,MC02 8843 8003 40UE SYD4 VV3H 553,82.93,1367.49,7519.81,Food - Cheese
135,Jae,Hindmoor,12/8/2025,GL02 2068 8828 0147 89,795.05,174.89,1335.54,Beauty
136,Modesta,Kunes,6/14/2026,VG23 GSZM 3853 3908 8571 8066,29.97,605.41,1981.5,Accessories
137,Junie,Mournian,10/13/2025,EE37 4209 9544 8747 1382,4.95,14952.54,200913.93,Electronics
138,Stevena,Leed,8/16/2026,PL04 7829 5851 9820 8099 2954 6716,55.38,549.48,3190.69,Food - Dairy
139,Verney,Hordle,8/25/2026,RS76 5351 1188 3668 4949 47,540.0,1071.27,14975.83,Food - Bakery
140,Diana,Jurzyk,8/1/2026,GI60 KIZK 3QGM ZVZI MKCI QUU,77.08,1442.1,7982.95,Food - Dairy
141,Saundra,Tansey,1/27/2026,FR79 7967 0816 3216 PN0L BUIU P69,7.25,144.85,2518.32,Food - Bakery
142,Jacquelyn,Bingley,5/23/2026,CY33 1824 7698 V135 37KX XYQZ TX6S,7.59,4346.23,50807.49,Clothing - Shirts
143,Pierrette,Eyden,8/17/2026,IS69 6171 4666 9477 5005 0923 17,27.71,2111.76,28558.89,Food - Beverages
144,Yehudit,Tryhorn,12/28/2025,VG15 IKXU 7259 6218 0379 5656,360.61,172.35,333.67,Clothing
145,Barnett,Roscamp,6/6/2026,CZ06 0313 2010 1967 9470 1668,769.9,1680.48,19655.37,Food - Prepared Foods
146,Rici,Gotmann,1/10/2026,FR28 3679 3067 314M 46HZ KKMD J67,25.77,2787.43,63611.82,Pets
147,Latrena,Figura,5/5/2026,PL29 9106 8974 4766 9984 3575 6778,18.32,2316.4,20771.62,Clothing - Shirts
148,Willamina,Flintoffe,1/17/2026,NL26 MREJ 8835 9334 70,23.61,1878.18,18227.87,Food - Condiments
149,Wolfy,Raggatt,5/31/2026,SM50 J244 8338 943J KPEK BVXT UVA,15.18,4633.42,42480.67,Electronics
150,Madison,Ouchterlony,9/5/2026,BG38 MOUM 4377 22HB H9DQ P4,142.61,16240.09,136151.05,Food - Beverages
151,Joyce,Muncie,10/16/2025,FR05 2802 1075 33RD E0NU DZGO 047,39.32,476.84,2801.88,Food - Canned Goods
152,Freemon,Ferreo,12/17/2025,GL41 7695 3136 1162 15,8.74,33.31,532.7,Clothing - Accessories
153,Marlee,Borges,3/1/2026,SM48 U314 0795 854V EC5P 08ON GDF,3.47,1779.13,8292.75,Home
154,Glyn,Mangenot,5/8/2026,AD71 0084 3529 RQJS OIIN JOOC,540.84,3271.08,18743.85,Toys
155,Ignacio,Shemmans,4/27/2026,HR67 5318 1148 0385 8520 0,2317.64,2938.21,69990.39,Clothing - Shirts
156,Kippie,Bunten,10/7/2025,AZ16 ISHB IUB3 BGH9 RKIU CON0 FXZQ,35.74,13283.21,107516.1,Food - Breakfast
157,Codi,Naisbitt,2/24/2026,HU30 5941 7858 0741 8609 8682 3527,14.12,1191.91,12864.83,Accessories
158,Jenine,Zoephel,2/26/2026,CR73 7006 1105 0352 5201 6,11.47,369.0,2792.23,Pets
159,Adler,Mullin,12/1/2025,MT60 DDTM 8640 94VV OJUU TFJM ITSD LCM,10.5,4172.95,99144.83,Food - Snacks
160,Romona,Everiss,8/3/2026,ME35 4547 1234 6855 4065 52,28.21,8.63,532.33,Food - Beverages
161,Clio,Carman,5/2/2026,MT98 VPZM 2041 4CCK IH9Q RACR I6P8 RIL,19.33,4844.28,103505.62,Kitchen
162,Bran,Basilotta,7/2/2026,MD28 EDCJ UA0L AGA7 XWCG GYO3,699.81,110.19,2524.52,Food - Baking
163,Kaela,Pettwood,4/22/2026,SM81 C162 4930 676B DYN2 EAQP DGA,87.58,2961.25,33897.16,Kitchen
164,Warren,Hallitt,8/9/2026,BR11 8075 2414 7997 1573 8200 978X R,73.73,1455.39,8716.97,Electronics
165,Malvina,Wensley,7/9/2026,FO64 6474 1395 6857 15,52.85,695.15,9833.85,Pets
166,Tiffy,Lamplugh,3/16/2026,DK18 4613 8179 0797 43,29.11,2740.52,16858.18,Food - Cereal
167,Pincus,Kilmurry,8/8/2026,PK50 JYYG SC86 YRAH 9YCU DUUJ,29.08,2293.06,26674.79,Outdoor
168,Fey,Brigshaw,10/31/2025,LV32 XEZA HLLB 1BBI DMLT 5,59.68,2229.5,14822.7,Food - Health Foods
169,Lorin,Dri,6/30/2026,GI89 QSSI JT77 4WYV YOMH LZC,149.49,94.53,2947.6,Food - Beverages
170,Lombard,O'Scully,11/5/2025,DO73 XQMN 2016 6238 4780 1499 3227,128.31,3407.78,78879.14,Fitness
171,Sharyl,Idel,4/30/2026,IT61 M932 7812 675S GRDE SYUP UP8,8.71,5258.25,96777.78,Food - Confectionery
172,Brennan,Yalden,3/31/2026,GE11 DY34 6443 8468 7938 10,113.89,3181.89,250747.97,Food - Meat Alternatives
173,Andeee,Dirr,10/28/2025,CY60 5211 6208 NUED TLJ8 PQT8 AOH4,26.38,7613.21,70014.04,Beauty
174,Lester,Leavens,4/6/2026,AD58 9712 4338 13OS LZRP RJDJ,340.08,1809.43,25981.64,Outdoor
175,Quent,Philott,9/28/2026,GT90 F3LE JYTM WFDM H4PV VACJ KLYK,17.86,1439.09,8232.11,Garden
176,Beverie,Attenborough,3/9/2026,IL48 4004 6939 6500 9128 237,12.85,1494.08,14761.51,Food - Frozen Foods
177,Oliviero,Josiah,2/21/2026,IS83 8299 2736 4975 8411 9831 25,82.08,64.65,2342.91,Kitchen
178,Dee dee,Joanaud,11/29/2025,AD65 1595 9259 1LGF ABAH TOXW,109.25,2297.56,31408.84,Food - Grab-and-Go
179,Muire,Storre,10/29/2025,TN80 5326 7532 1452 6694 5412,26.57,33.23,488.93,Health
180,Ingaborg,Duny,9/13/2026,MK89 2287 CS2K SVMU U02,15.0,5795.99,67763.27,Toys
181,Antons,Wurst,1/5/2026,BE31 3517 1201 1160,7.84,5274.74,288767.22,Electronics
182,Saunders,Eakin,1/29/2026,MR06 0658 0226 9688 1908 9463 497,420.78,242.15,595.38,Clothing - Shoes
183,Jillene,Slowly,7/8/2026,FR35 7703 0449 76GV QYW5 ANIJ C82,9.52,4422.61,106555.9,Food - Snacks
184,Mauricio,Wraith,9/29/2026,FR30 6721 3751 91VS PLB0 LHE6 E17,10.76,235.51,1915.47,Food - Pasta
185,Amos,Proudlock,5/1/2026,SE81 8657 4099 5813 3229 5492,13.39,2457.59,29513.91,Food - Meat
186,Rebeka,Tortoise,12/7/2025,FO76 7097 8067 7621 42,263.98,15269.09,247317.66,Food - Snacks
187,Shaughn,Broggelli,6/21/2026,SM07 J078 1416 382H JFHE TB8U TJB,22.84,3078.99,136665.79,Clothing - Outerwear
188,Noami,Wingham,7/17/2026,FR37 5622 1080 23YO BEV7 EFFW F29,113.31,1523.84,3316.97,Food - Produce
189,Ricki,MacGillavery,1/7/2026,EE96 2580 8055 2913 7923,15.36,3553.27,45413.69,Food - Prepared Foods
190,Jedediah,Chaplyn,8/26/2026,EE79 6236 6201 8018 2020,781.51,14167.79,203401.93,Outdoor
191,Fifine,Gutowski,6/21/2026,EE87 9018 3461 2386 5618,414.25,6441.03,90658.86,Health
192,Stirling,Synan,10/15/2025,FR62 7832 3286 85JT C7EM ISWA K81,9.45,854.8,6908.48,Food - Condiments
193,Erina,Cardnell,7/24/2026,MU86 LTXS 8299 5475 0208 0305 636Q MW,10.3,3448.6,21881.84,Food - Baked Goods
194,Delmer,Dabnor,2/23/2026,PK95 MEAG M7KW 9NEZ XCKA COHO,3.25,287.76,2697.75,Food - Snacks
195,Christie,Coltart,12/3/2025,RO02 XOMY MKXV JEDG HBGH JSEK,133.9,701.86,4776.4,Clothing - Outerwear
196,Elfie,Connar,10/6/2025,AT74 4371 9020 5667 2187,127.93,4829.27,36236.15,Food - Spices
197,Nerita,Stormont,10/9/2025,CH70 3962 1ETP WM5A WTCC V,634.86,2356.62,21116.28,Kitchen
198,Isis,Winfindine,3/26/2026,LI18 4664 8QVA 6W5K WTBG 7,14.61,122.97,873.85,Food - Oils & Vinegars
199,Gelya,Hounihan,2/6/2026,CZ49 0764 7786 5630 8317 6772,56.96,2015.92,24337.29,Outdoor
200,Wilmar,Pakes,11/25/2025,AT62 7915 6670 7516 9097,9.58,1064.32,9804.47,Food - Dairy
201,Rosina,Gadie,9/2/2026,FR56 7393 1997 011H UCY6 C4BS X99,9.69,4014.43,20815.67,Food - Snacks
202,Lemmy,Monkley,6/20/2026,IS67 3851 7827 1798 1499 7558 81,125.08,173.24,1077.48,Outdoor
203,Marje,Ranaghan,9/6/2026,MR26 0331 2095 1625 4172 5730 384,24.29,1508.49,9531.14,Food - Vegetables
204,Lotte,Server,6/12/2026,PL22 0803 4481 4959 5800 8038 6879,80.51,453.07,5638.39,Food - Frozen Foods
205,Murray,Westerman,5/26/2026,ES93 7793 9823 3481 8083 6662,6.46,1965.06,8170.64,Food - Fresh Produce
206,Brade,Girodon,3/23/2026,FR04 2286 5768 97O6 RWK5 FVU5 D33,79.62,3948.09,65603.19,Food - Prepared Foods
207,Carmon,Struijs,8/9/2026,GL30 6946 0743 0483 63,690.25,102.32,530.6,Garden
208,Elysee,Gilleon,10/23/2025,ES25 2928 2355 2018 2582 6834,18.48,833.02,7490.8,Food - Frozen
209,Patrice,Foale,8/25/2026,BR77 4489 1275 8578 5975 1366 236G V,3.35,2242.17,16719.38,Fitness
210,Chlo,Hawk,12/3/2025,FR06 2983 7565 27AI 4YUM 8YDX F08,29.81,1454.17,3042.25,Food - Freezer
211,Bax,Keynes,7/27/2026,CY40 6675 5192 JJM3 JGHW NATR B1QN,9.4,5763.4,84747.74,Tools
212,Edwina,Lavrick,1/12/2026,VG25 AJWL 8510 3248 6916 4236,103.17,3853.82,81028.42,Food - Meat
213,Caryl,Chart,3/30/2026,PK52 KHTA AV77 NARM ZVQF FL6L,11.34,780.14,10588.05,Travel
214,Adriena,Connichie,2/23/2026,PL37 8311 9874 6374 6085 7250 1402,21.5,4937.29,326015.82,Food - Baking Goods
215,Hy,Hamlen,4/30/2026,AT61 2228 5465 1378 7872,2.11,4963.02,100174.18,Food - Condiments
216,Justinian,Grimsdith,3/12/2026,MC22 5855 7855 00OX CUHO CBTI X75,26.61,1635.4,15399.27,Electronics
217,Dougy,O'Cahill,4/22/2026,PL71 2636 9668 2494 0888 1775 4602,6.74,690.0,2421.4,Computers
218,Felipa,Catterall,5/10/2026,FR39 8273 1663 3343 P1B5 IHEK Q44,6.55,1659.57,4193.11,Food - Baking
219,Sosanna,Whorlton,6/15/2026,AL22 4086 1954 SZTC XMDL QHDP 7HED,136.98,1092.87,8862.93,Food - Snacks
220,Jeramie,Gregore,7/5/2026,FR16 9637 1647 61K0 H1PQ DH9N C61,246.41,3398.38,49254.3,Pets
221,Merrill,Ledley,5/9/2026,LI69 5016 90BR MZHD TAE1 L,18.03,22.42,1239.0,Health
222,Aguste,Pree,8/23/2026,IL19 8949 0298 1460 9410 264,69.83,4383.91,150337.33,Food - Produce
223,Bellina,Vescovini,7/10/2026,DE07 9147 7410 1001 2202 59,75.81,1123.26,3141.2,Food - Condiments
224,Guillema,Furphy,12/19/2025,FR10 2054 8302 82J0 KX1B WLMB B87,20.73,4375.26,76845.09,Food - Cereal
225,Ava,Lees,1/7/2026,HU27 7782 0105 7225 7437 3222 8338,22.88,255.68,1507.48,Food - Snacks
226,Kamilah,Treweke,8/17/2026,IS14 9964 7469 7458 7370 5403 70,10.71,1798.36,11020.84,Clothing - Tops
227,Sheryl,Vasile,4/8/2026,IT93 V348 4179 086Q 2KXW 8UBW 64R,41.27,4696.1,220958.29,Food - Frozen Food
228,Eachelle,Peete,11/24/2025,DO35 2NAI 3980 0826 2762 3422 7223,4.87,1386.05,16962.01,Pets
229,Thorn,Gilchrest,11/23/2025,SI22 7175 1598 7239 734,16.15,1126.82,2908.55,Food - Frozen Desserts
230,Alf,Itzkovsky,8/13/2026,IS10 6818 0144 6727 1718 3106 84,12.74,13.49,3.71,Footwear
231,Tammie,Girardengo,7/17/2026,VG40 ZZNF 2136 1251 4921 7058,17.25,2229.0,28506.33,Food - Produce
232,Emile,Biasotti,10/19/2025,SM76 X335 9406 4088 EQ3F WG05 XJW,12.19,2060.31,13298.2,Food - Beverages
233,Alanson,Gouda,4/14/2026,SA28 72XE IHJK BTUK Q877 D5QQ,127.82,5955.03,100209.32,Kitchen
234,Cleo,Mound,2/25/2026,LU80 362T VMKP RSIR DUYT,50.12,67.25,823.69,Food - Condiments
235,Kynthia,Van Arsdall,5/10/2026,VG07 UDZI 3524 9262 8045 3287,18.18,1392.3,11799.2,Home
236,Ninon,McMinn,9/3/2026,IL34 4732 6641 3954 5274 915,147.3,8361.18,187838.59,Clothing - Dresses
237,Elsey,Vasyagin,8/20/2026,CH80 8926 2RB4 ZEDJ SGGD T,29.94,1726.59,16067.8,Food - Snacks
238,Marylou,Conrart,4/20/2026,GT16 1H1U U1SU UJ3B SFEB KX8P XCW9,101.91,745.2,5660.3,Food - Snacks
239,Hagen,Capineer,6/6/2026,FR32 5717 4592 48HJ FVE8 CQAQ D62,692.08,4352.71,78920.13,Food - Snacks
240,Gloriane,Axelbey,12/5/2025,GL63 0875 1396 3460 47,28.06,819.52,11006.38,Kitchen
241,Velvet,Sancroft,10/5/2025,CY23 9771 2233 DKOP GDFC GZT5 KAPZ,284.22,123.58,864.44,Food - Frozen Meals
242,Vlad,Aulsford,9/15/2026,FR21 5302 4872 07D4 DHAK 0YZC Z64,461.53,2038.04,11684.98,Food - Snacks
243,Ludovico,Stratiff,7/8/2026,CR12 4054 8615 6490 1529 1,6.69,521.7,2933.13,Pets
244,Karisa,Kulicke,10/28/2025,BG56 XWRP 9870 07YB Y8UD 4O,731.92,774.79,9571.82,Health
245,Poppy,Rosenkranc,1/6/2026,IE49 DCIU 9179 1921 6141 09,28.13,1241.12,13845.72,Food - Grains
246,Myrwyn,Bonicelli,2/18/2026,FI86 6655 3927 1873 33,10.43,2536.63,31374.01,Food - Spices
247,Christiane,Benadette,10/13/2025,AL91 9681 7177 MEG2 PN2A 7C3A MMKT,11.59,23.47,2330.8,Outdoor
248,Garrick,Schrader,11/7/2025,FR98 6265 3753 79JB DEKK AOME F20,7.26,323.32,4046.68,Food - Deli
249,Nolana,Gascoine,3/30/2026,NO69 6624 2343 973,3.07,3241.19,126522.4,Food - Dressings
250,Marijo,Persehouse,10/12/2025,FR30 1136 1271 28XG RA77 B75I T87,100.33,503.28,3391.97,Food - Condiments
251,Alanna,Barstow,11/17/2025,MK29 053S IJV2 VTKA W10,127.58,1222.4,11363.7,Food - Canned Goods
252,Ryun,Hibbart,3/15/2026,SE76 8306 7584 0215 8967 9868,21.04,2765.86,92216.64,Food - Nuts
253,Petra,Lusgdin,1/25/2026,FI90 6007 5942 6013 02,18.07,1798.96,12073.54,Kitchen
254,Daryn,Orans,9/27/2026,GB29 UYFZ 2803 9558 8101 49,99.94,4561.65,241558.11,Kitchen
255,Moise,Matusiak,11/10/2025,MU94 ZSEL 3005 8822 3237 5579 794A QK,147.9,1732.55,10657.2,Food - Deli
256,Ronnie,Northridge,8/9/2026,TN18 2384 8363 6421 3099 7041,12.1,3711.38,32669.07,Kitchen
257,Wolfie,Witherow,4/30/2026,MK28 5284 HT9A IYS7 657,21.88,5819.71,47859.87,Food - Condiments
258,Henka,Hatchett,7/10/2026,PT73 6560 5584 2562 7562 8846 7,4478.97,3313.44,45452.56,Home
259,Stanton,Screas,6/11/2026,RO67 CEWZ 7P4V SKH5 W4NU FNLP,421.25,4490.26,54128.1,Clothing - Outerwear
260,Gaspard,Shankland,12/6/2025,IS37 1595 3868 3883 4451 2813 31,649.36,74.06,1492.33,Kitchen
261,Valerye,Soots,1/27/2026,AZ70 RWZI 2SKP AA80 3MTG 5XIK EMDR,12.96,2089.77,23491.8,Garden
262,Winnie,Edsell,1/14/2026,AT76 9090 2296 6349 8178,28.49,394.79,2115.95,Food - Snacks
263,Sherwood,Huntress,12/13/2025,FR46 7199 5323 29OV ZWX4 R7UU 653,78.17,596.95,3381.69,Food - Snacks
264,Olia,Bartoszek,4/25/2026,GB31 EWRH 4367 5720 0379 24,26.29,13354.54,172905.14,Food - Beverages
265,Weylin,Openshaw,10/20/2025,CH28 8915 0MAB UHSG 1BI2 0,700.3,4567.25,73290.69,Art Supplies
266,Berenice,Winsborrow,2/26/2026,MR59 0629 3845 0927 2323 0588 557,20.23,1780.04,5033.95,Food - Frozen Foods
267,Fredrick,Kliemke,7/10/2026,MD80 RYJD BXTN IFDO V5UN KVAD,17.36,3034.23,68705.06,Food - Meat
268,Levy,Bodle,1/16/2026,FR24 4372 2712 64RD GFRR TNIV 463,14.11,1964.04,24478.66,Food - Condiments
269,Hedvig,Dudenie,3/12/2026,PL10 6173 1568 9237 7335 3046 5038,21.79,456.67,3407.52,Toys
270,Ludovico,O'Fairy,5/23/2026,FR75 6149 0668 54K1 RIUH 7GEL N21,28.71,10772.11,172339.51,Food - Meat
271,Curr,Hedge,3/22/2026,GI89 RFKH KWO3 96S4 NDVZ QDO,603.52,1141.83,12816.27,Food - Canned Goods
272,Amos,Iveagh,1/5/2026,KW49 LZLY MFLW RRIL RVEG OUMM JBZR EC,27.83,1114.58,8574.15,Gaming
273,Myrilla,Balffye,8/5/2026,FR31 3345 1712 195V AYVR VRDM 665,3.37,2384.35,24317.18,Pets
274,Rochella,Jozsika,2/14/2026,RS47 0679 6151 6864 4802 45,3.1,891.85,9583.47,Home
275,Nikolaos,Vannoni,3/3/2026,FR68 9656 7259 09KT 8OS6 DVYM X38,15.51,861.96,9413.96,Crafts
276,Kissie,Bolt,9/29/2026,ES44 8221 2905 3154 6025 6421,598.43,3821.34,81018.09,Home
277,Lusa,Bengall,8/23/2026,GE41 PN17 8193 0725 9304 82,35.72,632.82,5075.52,Food - Meat
278,Joelle,Mumford,5/23/2026,LU22 095K MGLT MSX4 0YOE,44.48,7746.16,50174.23,Clothing - Activewear
279,Dorothea,Scamadine,2/21/2026,IT14 Z349 8468 7116 4ALN 9ZRX RGX,86.39,718.81,9906.76,Food - Condiments
280,Maggi,Hargrave,3/17/2026,MT25 ZACM 4076 40EW DXC9 WQOU WQXC WWF,502.11,973.96,5628.76,Home
281,Vicky,Simes,7/18/2026,SM54 A017 9889 5181 S3MY DBVA YQV,5.35,2524.02,56183.13,Food - Beverages
282,Dorise,Dougher,3/14/2026,HR56 2550 5791 6643 6543 6,18.38,169.87,1642.53,Food - Sauces
283,Charmian,Roseaman,8/23/2026,TN80 4786 0805 7341 2264 1638,17.14,1728.64,9704.68,Food - Condiments
284,Des,Giacomini,11/4/2025,KW30 VYWI E95O P52B WQE1 VPCQ BG6Q IZ,44.84,652.99,7963.45,Food - Condiments
285,Asia,MacConchie,7/2/2026,DE38 1906 8985 0602 9735 72,106.18,4726.38,93012.25,Food - Snacks
286,Cornell,Coils,12/29/2025,AL34 8169 2163 XMM9 0HWN UCPJ GUYZ,18.42,2981.06,64531.56,Electronics
287,Thain,Trethewey,9/6/2026,CY42 6943 1247 990Q O03M I5R3 HPCF,739.26,2234.02,28994.78,Food - Frozen Foods
288,Aylmer,Larimer,11/18/2025,HR63 6136 4378 2531 2427 9,48.13,1575.43,3913.47,Food - Baking
289,Salome,Hasnip,2/8/2026,FR34 2396 5013 38TS LOKG 4HR9 I16,16.04,1049.21,12276.78,Food - Prepared Foods
290,Rodd,Mullins,10/23/2025,AT62 2524 3488 0609 1032,15.03,1553.8,12003.99,Food - Baking Goods
291,Kamilah,Worsell,2/5/2026,DK53 6124 9260 0216 71,25.09,1976.65,27198.27,Crafts
292,Ewan,Bolsover,12/2/2025,GL41 1488 3309 9410 39,29.93,5095.71,80685.4,Home
293,Garth,Diegan,5/21/2026,IS04 9674 0453 1000 4407 1908 27,43.19,5089.47,200067.32,Kitchen
294,Ignaz,MacKessock,12/15/2025,FR79 7501 3999 08AR VJAU 42CX U47,64.68,1360.85,3695.01,Food - Condiments
295,Edmon,Albrooke,2/12/2026,NL95 OHLZ 4894 1521 03,722.01,6374.77,442796.66,Outdoor
296,Dunstan,Dan,5/14/2026,EE73 2972 5040 7721 5380,28.38,520.79,3288.65,Food - Dairy
297,Stormi,Panketh,1/11/2026,LI53 5463 5SXR QGMK UIEI F,10.67,5469.15,385103.4,Food - Sides
298,Reggis,Henbury,9/7/2026,MU95 TCSL 7101 0322 2643 8076 654K QO,4.17,2072.89,13153.15,Electronics
299,Karen,Mateus,5/28/2026,SM96 I361 5525 2298 9U6Z RMEF XPG,8.55,2123.19,9603.23,Kitchen
300,Reeva,Sizey,7/3/2026,DE78 5744 6704 3678 2567 98,17.23,16118.21,331317.65,Food - Pasta
301,Martha,Wadwell,5/27/2026,LB92 7041 MMKP 5JQ8 AXA7 ENS2 JOP2,13.15,492.74,3980.62,Home
302,Milka,Lettson,11/18/2025,SE48 3762 9806 0877 2427 1065,564.49,1094.14,8659.72,Toys
303,Chester,Gimbrett,1/16/2026,MD18 0VVA ZPQ9 XW0B WNE2 Z0Z2,21.14,564.6,4161.97,Food - Frozen Foods
304,Woodrow,McKellen,6/27/2026,RS24 8162 8143 6364 6122 16,14.85,58.53,1009.18,Pets
305,Wandie,Pinch,3/2/2026,LB48 4905 SNZL QY8L HL4J GOCZ 7TVU,2935.7,133.24,402.52,Food - Condiments
306,Vivyanne,Foulsham,3/3/2026,EE83 2364 1685 4311 6499,27.44,591.47,7592.98,Accessories
307,Forbes,Houchen,7/31/2026,IS86 4208 9953 8828 2315 9462 84,79.04,164.22,787.77,Photography
308,Jonathan,Chase,8/27/2026,TR63 9345 78RN YO49 P1W2 8NSI CL,24.41,1021.02,13093.28,Clothing - Bottoms
309,Nikki,Harrowing,9/24/2026,FR20 8486 3341 77EM YB7Y BGQ2 473,147.93,5765.55,82582.05,Pets
310,Jdavie,Roos,7/20/2026,KZ30 190K GQSM TBHV WCUG,87.9,57.42,1503.82,Kitchen
311,Melesa,Gulc,8/16/2026,FO56 1412 5416 2203 41,6.82,995.31,2454.65,Food - Pasta
312,Rollins,Cotillard,10/14/2025,KW41 BWIW RCLA F7Z3 XPPK 1EC3 3PMK ST,3.85,22.74,1301.11,Food - Dairy
313,Clarke,Coleridge,4/7/2026,MT09 PCHT 4181 30G8 AZAX QX5I 1T39 LJV,12.52,2843.96,15683.33,Food - Condiments
314,Shadow,Barley,5/1/2026,AE70 5523 9636 4177 6760 326,121.01,1778.19,21634.13,Pets
315,Smith,Armour,12/31/2025,BR79 8465 6204 4029 7440 7660 955P F,10.15,240.16,370.45,Electronics
316,Veda,Fritzer,11/10/2025,IS65 1081 3981 1100 6786 9721 23,6.62,1592.09,5456.23,Toys
317,Rodie,Reinhard,5/18/2026,SK26 6395 1912 4982 2040 6098,53.4,1621.74,22542.42,Food - Prepared Meals
318,Joannes,Paddemore,10/21/2025,LI27 4817 9FJ4 SGLF ZOVB Y,5.76,31.34,780.29,Food - Beverages
319,Margie,Akess,2/16/2026,PL56 0245 4767 1400 4782 2090 6231,27.65,894.29,4987.03,Food - Gourmet Rice
320,Nessy,MacGahy,3/9/2026,HR32 3857 3381 8539 1489 0,4.86,4520.61,52126.1,Home
321,Ignace,Normington,9/4/2026,PT57 4784 7751 8848 2232 4565 5,5.52,9473.85,90564.79,Food - Dried Fruits
322,Kimmie,Crone,12/5/2025,DK98 2518 6697 0627 65,754.96,1576.49,8171.85,Kitchen
323,Bron,Dilgarno,11/22/2025,FR61 8419 3863 34B5 WKCR QWOM V63,113.39,1812.38,16454.57,Food - Protein
324,Willem,Marchington,5/23/2026,CY73 6645 7770 DNIJ 3MCB CRJE Q9S9,145.39,894.5,4522.23,Health
325,Dewain,Rickets,8/31/2026,PL30 0836 4066 2845 5675 1716 6936,2.09,3624.52,63522.71,Food - Pasta
326,Cindra,Chase,11/9/2025,VG04 TEYY 7324 8188 4683 8406,238.17,5985.5,116354.03,Food - Snacks
327,Tanitansy,Ruppelin,3/27/2026,FR04 3557 0595 34TZ J6D9 8KJJ U46,27.4,69.6,1042.46,Food - Snacks
328,Cherish,Tunmore,9/17/2026,CZ50 8700 7656 5010 3588 9278,4.14,115.25,1074.68,Food - Snacks
329,Adriane,Milligan,9/21/2026,FR93 4704 7502 091V RD7I SXEX L01,5.09,13819.17,911800.65,Art Supplies
330,Arlyne,Mariet,5/7/2026,FR51 6328 9927 42DG XFLC MECJ K02,29.2,2099.43,20851.28,Fitness
331,Flem,Tschierse,3/26/2026,DK09 2506 3802 1730 93,13.57,2719.08,48376.7,Food - Grains
332,Courtnay,Hacquoil,11/20/2025,PL58 1206 6226 4602 3487 8459 9023,3.48,1060.49,10478.93,Smart Home
333,Aleksandr,Franck,9/16/2026,EE94 5145 9666 9619 2174,36.02,2139.85,25698.36,Toys
334,Lissi,Binder,8/23/2026,CZ49 9800 8013 8162 8943 2501,733.76,1545.58,17080.43,Food - Baking
335,Berenice,Worviell,2/25/2026,RO66 RKMG RCEW JLKZ RQEK 4AHC,23.83,108.96,2418.08,Gaming
336,Arley,Cristofari,6/8/2026,LV85 FKFJ AHW6 EAA1 IQ8D L,4.39,426.24,3974.82,Food - Snacks
337,Millicent,Radsdale,2/6/2026,HR70 6523 9651 8396 4346 9,26.57,168.09,565.14,Food - Frozen Foods
338,Katey,Preece,7/8/2026,HU05 3461 7665 3945 5569 8096 4960,437.6,1287.84,11224.71,Food - Canned Goods
339,Benita,Britten,4/30/2026,IS72 7744 2618 1192 8005 7589 34,326.18,971.69,2539.42,Food - Baking
340,Marita,Apark,8/21/2026,FR54 9422 0260 39XM NAZQ IQEG K54,127.61,666.32,9054.32,Fitness
341,Jennee,Putland,11/2/2025,HR64 2724 7495 4291 3755 8,12.72,3965.55,62573.32,Audio
342,Hesther,Lutty,5/27/2026,PK62 LMEX VER5 69WL GVP0 QGYD,11.9,3667.15,85861.03,Food - Frozen Foods
343,Curcio,Shambroke,1/26/2026,LB34 1810 YZN9 FQ2W 4Y7O 6TCU VSPT,93.91,2392.55,27686.25,Electronics
344,Holly,Acey,11/11/2025,DK29 3271 4074 3559 51,19.98,896.39,1875.79,Garden
345,Gretna,Campos,11/10/2025,PK91 SCMG 3UM0 PUZP 9UW2 MMLG,3902.64,11991.47,498597.11,Food - Produce
346,Jacinthe,Pedrollo,11/24/2025,LU95 492C EBGH OAPO NSLO,41.01,1885.21,17740.16,Home
347,Charmine,Jakeman,11/14/2025,FR06 7738 3620 72VY ZGNK LHRI F43,22.25,6827.97,75279.29,Food - Frozen Foods
348,Egbert,Fernandes,3/14/2026,GL98 1780 6252 2629 83,17.38,858.04,9605.06,Food - Snacks
349,Lyndsey,Gemmell,2/19/2026,BR65 4834 9198 9275 4965 2219 838K K,10.86,1147.13,12876.32,Clothing - Shirts
350,Arlina,Dutteridge,10/12/2025,FR28 8204 2547 36D2 WUNG J53W E64,27.89,4182.97,37129.2,Food - Snacks
351,Fayth,Noods,9/28/2026,GB24 SFPU 8611 6285 8610 07,56.69,458.76,2151.19,Food - Condiments
352,Gerladina,Dollman,8/6/2026,BH11 XCQM 7URA 3KWR YID0 5Z,23.72,936.59,13225.72,Food - Snacks
353,Thorny,Frankema,11/28/2025,BG30 FBSF 1398 73FB LGPN Z6,10.65,1634.33,8304.33,Food - Baking
354,Aida,Byforth,11/22/2025,FR51 9918 6666 147X 1EQX XU2H 471,15.62,1782.37,13973.17,Kitchen
355,Reba,Petroulis,12/10/2025,TR93 3495 4UOV NJQ0 67ZU U0VS 2J,2.11,217.28,532.84,Food - Frozen Desserts
356,Les,Dulieu,5/6/2026,FI97 6449 8638 7707 60,13.01,8823.63,106533.12,Kitchen
357,Allianora,Bosnell,4/10/2026,MU58 XYDH 8458 9789 5899 0735 997B CM,89.15,1986.15,28983.27,Food - Snacks
358,Ileane,Hradsky,10/14/2025,FR41 6512 5185 28FY 9IRO Y9LT X03,650.61,2319.8,7861.25,Clothing - Bottoms
359,Ariel,Sandells,1/2/2026,PK55 DUTY 911Q Q7GI K1ZS WYBI,16.48,189.35,1514.51,Food - Prepared Meals
360,Missie,Boyall,6/11/2026,CH78 9020 6SE1 8CIF VSRX J,120.18,1001.52,6426.52,Food - Canned Goods
361,Avigdor,Drepp,9/1/2026,BG51 QJUP 3014 47WO GWYQ FX,17.46,385.47,3166.79,Food - Deli
362,Berkie,Strudwick,1/28/2026,CZ64 5950 3570 4913 9476 5205,760.77,1094.4,9311.79,Pets
363,Carola,Fackrell,3/13/2026,AZ67 DEXS 4MK3 G3DR BUR1 P0BJ 1JNY,17.48,87.0,263.59,Pets
364,Jere,Frier,3/2/2026,AZ90 FODO 5DSX 61RD JCSD 91H6 OQFQ,7.21,81.93,2040.82,Food - Canned Goods
365,Durante,McKimm,6/30/2026,GT24 NOZG 8WJL Z2ME 0HGX UCD0 BWYL,66.85,650.22,6810.39,Kitchen
366,Kipper,O'Moylan,4/29/2026,SI05 2629 0977 1595 405,107.3,104.14,2579.95,Food - Frozen Foods
367,Clarence,Kleinmann,9/16/2026,IE27 LQJW 8753 4636 5362 14,3.55,1015.1,8186.1,Fitness
368,Linnie,Karpfen,8/19/2026,IT66 F420 0127 494O CVV5 KMTK OWH,19.79,3030.4,56916.26,Clothing - Activewear
369,Valle,Crockley,4/24/2026,CZ96 5267 6573 9705 7927 2570,10.88,2475.57,24007.14,Crafts
370,Walsh,Moogan,1/17/2026,TN79 0460 5589 0224 1634 0454,27.8,95.35,2471.79,Toys
371,Barnie,Diprose,6/21/2026,PL27 1044 5832 6323 3010 6592 2324,28.2,1715.26,20445.34,Food - Canned Goods
372,Nessi,Inold,3/30/2026,BA87 0770 4856 8573 2207,140.13,460.07,2899.66,Automotive
373,Nevin,Tebbutt,6/13/2026,CY97 2119 4829 7HAM KGVG UGPM JUV0,6.69,1406.66,5307.36,Kitchen
374,Sascha,Sallowaye,1/8/2026,CR92 0050 9948 0889 3409 9,27.6,1089.59,7443.81,Kitchen
375,Davidde,De Meyer,12/28/2025,BA46 0295 1166 3083 0575,15.28,3708.34,90304.22,Food - Condiments
376,Zilvia,Child,11/19/2025,KW13 YRFQ 1VTT RAZO W21P RDZM UEYL 6S,16.4,120.73,1965.53,Storage
377,Debbie,Vigar,5/14/2026,TN81 3405 1217 3342 8488 6394,66.38,15457.26,344145.48,Food - Dairy
378,Mathilda,Filintsev,4/12/2026,FR08 4802 0915 43PA NN2E AI3Z T20,21.38,1294.29,10659.67,Outdoor
379,Dehlia,Swarbrigg,8/15/2026,MR35 2443 2148 4078 2452 2989 434,148.87,115.3,64.89,Food - Snacks
380,Julissa,Down,7/13/2026,NL57 BOSM 7273 6337 37,20.34,1048.46,4624.12,Food - Snacks
381,Arden,Pender,11/10/2025,AD06 0454 4355 UEVX PDZX XYGY,22.72,2582.49,14202.63,Food - Fresh Produce
382,Nicky,Fechnie,11/8/2025,RS94 9879 4455 8691 7745 11,3.36,1769.97,4283.27,Clothing
383,Thorn,Pykerman,12/17/2025,ES97 7222 1215 9311 6753 6409,15.01,1404.54,20313.51,Food - Bakery
384,Sanderson,Carslaw,5/13/2026,LT90 6588 0157 7795 0392,2366.32,49.98,2402.32,Travel
385,Darrick,Janowicz,6/5/2026,LV07 UDMA QLU8 6CSZ LIDD L,123.29,1914.65,24822.67,Kitchen
386,Nealson,Medeway,7/23/2026,FI11 2538 4930 7503 65,5.28,12003.16,202708.04,Food - Snacks
387,Harmonie,Winsor,4/30/2026,FR80 4071 5105 31HN 7RHQ RUFH G19,13.32,890.34,4368.34,Electronics
388,Brent,Robberecht,10/22/2025,GB53 TTFP 2493 5934 2352 97,24.25,1623.31,15538.23,Kitchen
389,Francesca,Laddle,3/16/2026,FR51 7664 6451 72PI IK86 CZQR F63,273.07,10319.98,145664.89,Food - Nuts
390,Emmy,Mirams,1/24/2026,AL75 9826 6074 DZCV DOAM QREH TRGE,13.43,137.24,2228.17,Kitchen
391,Wylie,Serrels,8/6/2026,TN06 7460 3094 9740 2777 1521,12.8,2005.23,5229.89,Food - Vegetables
392,Rory,Cool,11/29/2025,GE20 GZ28 1439 5724 9322 10,20.57,1252.66,15126.7,Food - Grains
393,Ives,Goosnell,1/23/2026,PS76 GOVL VMYC K2DS 8AVK 624X X81Q C,57.35,10125.97,428017.15,Home
394,Grantley,Frogley,4/6/2026,FR93 7646 2832 18PH ERER KCQH V92,716.82,1560.47,19610.21,Kitchen
395,Lorita,Thurner,1/26/2026,MR35 1511 6577 1178 9925 7047 623,24.38,1302.59,16342.23,Toys
396,Anatollo,Charle,5/7/2026,IL33 7131 9037 1336 0565 561,133.57,14.03,350.57,Garden
397,Arvie,McPartling,11/28/2025,KZ16 070W HPH1 LNX3 MIEG,100.85,803.88,7250.46,Food - Beverages
398,Aimil,Hindes,5/20/2026,SM18 A798 6385 177V 4JWU CLPT EZ7,134.25,1084.26,5532.13,Food - Dressings
399,Rahal,Alastair,3/16/2026,RS42 7836 6933 1331 0997 61,17.89,1956.66,4137.35,Food - Frozen Foods
400,Ketty,Gozard,2/4/2026,TR55 2379 64NY QOF2 TCNI T7AN YC,14.21,3591.75,192021.98,Food - Grab-and-Go
401,Alameda,Ridgwell,3/28/2026,PS02 CBIP 6QZL 569M DDFM W3HQ S0WO B,601.74,1614.55,15336.4,Food - Prepared Foods
402,Fleurette,Grzeskowski,10/10/2025,RO56 DEUF AXS1 5YMU FI1J 41ZZ,572.77,3255.06,47642.73,Food - Salads
403,Channa,Itzkin,6/11/2026,BG12 XSOW 4241 94DL SQHR 75,104.46,1258.88,14467.75,Music
404,Chrystel,Mosley,5/30/2026,FR49 3114 5581 74EO ZGLV GWNR 236,57.2,1767.92,21894.78,Outdoor
405,Orsa,Waith,2/21/2026,FR67 0323 5491 438S CBI6 WH5T V17,63.93,26.79,1206.02,Home
406,Daveta,Henriques,1/30/2026,FR84 6782 6347 617G 4XC1 HJTS 835,18.26,124.82,1618.37,Outdoor
407,Lebbie,Rays,1/11/2026,CH83 0148 3GPI UG0Y BFXZ J,55.29,1556.26,15583.87,Fitness
408,Isa,Petrazzi,2/1/2026,LI36 3310 4QK8 0A65 ZTUI 8,18.94,12443.36,86575.75,Food - Canned Soups
409,Kile,Banthorpe,4/28/2026,BR49 7869 8981 6326 6607 8048 549N G,11.31,2065.66,4923.09,Kitchen
410,Johann,Windrus,2/12/2026,MC45 5489 8795 90H2 FZ4J B4B6 V25,17.78,190.39,2232.02,Kitchen
411,Benedikt,Gustus,5/4/2026,AD92 8745 8863 RVXA MYFI LIG4,16.88,15088.23,344294.05,Clothing - Shoes
412,Daniele,McLaverty,7/8/2026,LV86 TENT CAVB YWJY BHYB J,103.8,1145.39,11059.14,Kitchen
413,Meghan,Lago,10/3/2025,IS30 5878 1936 4640 0903 9820 93,20.18,1853.83,13490.1,Pets
414,Eugenia,Asey,3/26/2026,ME83 8719 6236 3858 0577 38,635.09,3012.91,74799.22,Photography
415,Clerc,Lodden,2/24/2026,BA66 5227 0568 6362 6797,20.92,1371.08,18947.18,Pets
416,Tilda,Clemintoni,4/10/2026,RO20 ZPNF SQW9 ZBRG 9PFK RTAD,18.46,6575.31,114087.88,Kitchen
417,Erl,Buller,5/19/2026,FR93 4157 8361 27YX XW7L AC2K A37,26.52,1117.22,2883.38,Electronics
418,Jan,Muncey,11/22/2025,FR39 6405 9264 878T ZLTM OASW F68,89.6,3966.99,95310.18,Clothing - Sweaters
419,Jeramie,Walisiak,5/23/2026,SA70 17BZ SX93 AERJ 6I36 W0LP,725.99,4595.65,76817.5,Food - Condiments
420,Christyna,Flippini,11/5/2025,DO53 8QFH 2942 4641 8639 6591 1134,75.78,1695.2,9704.76,Food - Prepared Meals
421,Lin,Leggon,3/14/2026,MR27 8127 3718 7941 1456 4885 126,8.13,5375.89,191460.63,Food - Baking
422,Teodora,O'Shevlin,5/4/2026,FR48 0193 5601 45AZ TVXV FSWM X96,22.71,1486.09,15558.53,Food - Condiments
423,Eward,McGuff,12/24/2025,IT34 R402 2550 197U BJUU TEZB XIU,143.86,1458.09,10619.33,Food - Seafood
424,Kathi,Willets,2/4/2026,PS65 MKUV SVW1 VIJS V0FQ IRXM DKC6 X,4.28,4453.06,50621.21,Food - Pasta
425,Ted,Barton,1/16/2026,BH49 ARAQ OCBB PO2N 7USG Y2,24.44,837.83,10688.14,Home
426,Dyanne,Hallworth,5/27/2026,BG17 LSPS 3145 79HF O3U4 FA,26.86,1007.78,6412.02,Home
427,Zitella,Kilner,8/17/2026,LB28 7059 G1UZ NEKF FO1F MWMH 1ANF,13.86,5077.65,82377.4,Food - Canned Goods
428,Nollie,Stollman,9/30/2025,VG28 EFBC 4366 4723 7531 6832,14.89,35.07,1517.43,Beauty
429,Benedetto,Terzo,8/26/2026,FR66 8828 9362 87BX E3YW FWGY 710,16.74,116.81,763.29,Accessories
430,Constantina,Gasking,1/30/2026,BG41 CFNE 8945 67SL L78R CK,18.27,5622.09,56654.13,Food - Salads
431,Dorothea,Stile,5/8/2026,NO81 4090 5438 484,20.78,1183.06,13780.79,Home
432,Hanan,Craythorne,4/6/2026,SK69 2648 2922 5883 5194 9820,149.3,1771.8,24818.22,Food - Bakery
433,Renee,Stainton - Skinn,5/17/2026,GT15 EEMF NNUB WDJK 3SJA 2R4Q 1VSV,16.98,252.43,2137.03,Home
434,Ralf,Fernier,6/23/2026,AD41 3857 6274 9EAK GASR SVKY,49.66,360.06,2277.93,Pets
435,Quintilla,Franciskiewicz,2/24/2026,AE35 7972 5744 8725 5040 671,679.7,15354.74,975605.34,Health
436,Ursulina,Coleiro,11/3/2025,AD03 8745 3781 7U5Q 19BL CIZN,311.48,2168.61,27805.85,Pets
437,Robby,Findlay,7/30/2026,NL86 FPSO 1058 3755 67,9.38,5141.63,36757.73,Electronics
438,Giffard,Falvey,8/11/2026,AL04 4719 6122 CRXH GZMV A03G II4S,583.82,15086.57,238272.48,Food - Condiments
439,Elsinore,Charlotte,12/24/2025,ES94 2169 0252 2418 1006 4657,15.65,16669.71,174190.08,Food - Desserts
440,Elena,Chant,10/30/2025,IE86 YFTC 4222 3378 3197 99,18.73,833.79,3964.27,Food - Breakfast
441,Knox,Flamank,6/25/2026,FR14 6204 5639 19W1 LH8Z GPQY N53,11.47,3201.3,66596.75,Food - Snacks
442,Hilario,Sallinger,11/17/2025,FR73 9666 9436 98OT LZFM U2CT 702,29.04,1605.01,8122.69,Beauty
443,Zollie,Sizey,8/28/2026,SI41 6545 4991 6729 564,19.19,976.62,11338.08,Food - Grains
444,Vergil,Macy,1/10/2026,PL67 7325 2221 0640 7437 8146 8059,8.15,1545.07,17611.61,Food - Pasta
445,Annis,Reggio,10/12/2025,LB84 5427 ZOET PTZU I4XO 1MQY OP2J,21.5,11225.07,198613.78,Audio
446,Reggie,Coomber,2/12/2026,MU21 OPFC 4969 9195 4907 5479 788R WQ,676.18,2619.91,18267.92,Accessories
447,Joly,Ebanks,8/31/2026,PL23 9621 5301 6209 5182 2007 4141,15.14,1672.25,18127.61,Electronics
448,Josepha,Callander,3/9/2026,KW47 MOWM TCWW 3SAW ZPOP ZY5F U8UP OR,17.41,58.25,2879.05,Home
449,Starr,Bryson,11/2/2025,GL09 2057 4650 7009 87,15.98,11510.47,110890.65,Food - Frozen Foods
450,Terrence,Harrigan,8/8/2026,TN91 3410 8052 3140 4090 0913,6.5,3908.67,92248.97,Outdoor
451,Munroe,Stickels,2/18/2026,LT31 3411 3242 6476 7068,52.23,2250.1,11766.45,Food - Meat
452,Ode,Haigh,3/13/2026,CH33 0962 4SB6 JTDE YM9P 1,28.37,1688.99,12404.4,Health
453,Maire,Colledge,7/22/2026,FR54 9056 6455 67VJ 1XZN 6FJJ F14,140.26,517.55,1560.43,Accessories
454,Karlens,Thame,12/24/2025,CY82 5359 8891 NU90 7SV0 O05J BMLH,149.47,14.17,2242.19,Food - Desserts
455,Hester,Aven,10/15/2025,FR34 8592 5207 81PA OHWP KN8R T71,49.75,2240.32,17222.04,Clothing - Sweaters
456,Torrie,Larrett,5/4/2026,FR36 6425 0481 17RR APGJ DRCH U46,89.72,2540.9,41590.92,Home Appliances
457,Andeee,Neggrini,6/29/2026,AT12 9029 7294 1148 5006,6.04,5279.39,130429.76,Health
458,Zolly,MacCart,12/9/2025,FI90 3141 9874 9934 05,14.76,5458.06,77076.44,Food - Dairy
459,Bartholomeus,Masselin,8/19/2026,TR34 7634 8MME UUZP YWCM RB63 GN,12.52,753.8,9203.53,Food - Frozen Foods
460,Bettye,Goult,6/9/2026,RS66 6724 3493 7799 5107 01,8.88,2163.69,12747.93,Outdoor
461,Rriocard,Kibbee,6/28/2026,AE54 2933 2791 7971 5554 687,4.67,2938.21,35509.61,Food - Frozen Foods
462,Fidole,McWhirter,11/29/2025,PT95 0022 5450 0645 6229 8804 6,25.92,1820.44,18964.52,Gaming
463,Jedd,Maybery,12/7/2025,FR53 9266 5189 87Y0 DJOZ 3KT6 372,96.64,2383.32,5460.22,Food - Snacks
464,Gottfried,Pittwood,1/11/2026,KZ31 736S 9XOQ CVF1 A9OU,3.16,1926.16,5232.14,Fitness
465,Thor,Hillam,9/6/2026,MD06 ZWQW F8TI I8L3 CB3P I3AE,26.42,16185.23,175493.53,Food - Dairy
466,Georgine,Marjoribanks,6/27/2026,ME83 2327 2277 7128 7116 38,29.58,5450.72,120463.68,Toys
467,Iggy,Barnham,1/25/2026,LI30 9537 9RA5 5UCY 02TT H,17.03,1325.63,17680.7,Fitness
468,Dannye,Levermore,2/13/2026,GL41 3188 8747 9100 54,7.32,1790.08,20323.45,Pets
469,Frederica,Mosten,1/4/2026,KW42 JGEG 6W4I K9LE XMOP 3JZF DWHA LH,13.12,5607.11,45936.89,Pets
470,Harlin,Anfrey,1/20/2026,TN77 4267 0142 8860 3309 1603,15.25,17542.12,341930.92,Food - Breakfast
471,Gates,Lorraine,4/6/2026,CR39 0975 5725 0003 1305 8,21.95,666.84,9619.2,Food - Canned Goods
472,Ab,Laskey,12/6/2025,FR20 0142 1665 45IS OQOS XS6A R32,810.29,341.73,1705.52,Food - Breakfast
473,Lisle,Pryor,1/6/2026,FR38 5165 3627 61CW ENLY PITV C98,3.17,349.93,2121.45,Clothing
474,Aurilia,Elcock,8/7/2026,AZ23 YGSB EUPE 9H53 VQLW D3FC QPZL,34.82,8186.02,87928.31,Toys
475,Moises,Dunbar,9/25/2026,FR78 7433 7006 91MD NPAM HRUP C26,13.53,5542.69,63371.03,Sports
476,Noel,Golsby,2/10/2026,RS50 6029 8814 8257 2053 74,145.08,91.59,761.65,Home
477,Neel,MacChaell,12/15/2025,BE33 1658 1399 9368,18.36,641.89,7029.59,Food - Prepared Meals
478,Livia,Burgis,2/9/2026,ES15 5753 2754 9889 9529 1136,24.15,11391.8,152804.03,Food - Sides
479,Bart,Witherup,7/14/2026,RS05 5463 3120 6856 3079 93,23.96,2139.72,26244.53,Food - Seafood
480,Daryn,Healy,12/11/2025,FR17 3179 4635 40AS 2CAJ 9X0K I60,24.54,2199.53,7521.95,Home Security
481,Storm,Pollock,8/19/2026,AD72 5018 8195 NULA Y79W TENC,21.42,1825.3,21346.8,Pets
482,Rourke,Klimkov,8/16/2026,BH83 UMCZ RBGT IJQ4 BYEG HI,10.99,2324.33,5757.64,Kitchen
483,Lorette,Larrie,6/27/2026,BR78 9941 6807 2102 5180 3450 443J O,7.91,1686.96,17751.19,Fitness
484,Mirna,Armistead,5/19/2026,FR35 8944 6717 12RY GNU7 OHNF F43,5.57,226.25,1698.29,Home Appliances
485,Ernst,Shortland,3/25/2026,FR76 4928 9980 50JS XY6P XGTL N80,19.37,4909.65,71630.73,Food - Meats
486,Marylinda,Stace,9/18/2026,LT77 5612 5830 8319 7535,21.23,6634.52,50766.93,Audio
487,Nicko,Saldler,11/12/2025,FR35 7847 1580 34CU RGNU ALSJ V32,19.03,1480.0,17705.98,Food - Produce
488,Kaleb,Parnell,12/1/2025,ES50 4146 1535 9613 7477 1706,5.89,4768.68,67698.45,Food - Spices
489,Arie,Sheryne,1/31/2026,AE36 7564 2257 8780 9340 074,28.03,1761.07,5477.11,Food - Bakery
490,Bernetta,Hoofe,5/23/2026,IL49 2870 2878 5975 2751 706,44.5,2289.29,30875.86,Pets
491,Dinnie,Mountney,9/16/2026,SM06 I178 7790 400C 4OMV YO0L PDM,11.12,2712.24,24570.75,Food - Canned Goods
492,Dagmar,Sevin,6/22/2026,FI12 9644 9980 7140 40,17.83,578.91,6046.32,Food - Prepared Meals
493,Helge,Barwell,4/30/2026,FR48 8906 8836 36TY NVT5 INF9 P48,16.63,3790.79,73327.56,Food - Baking
494,Faunie,Jolland,1/24/2026,GI71 OMFE 4SX0 3KWX ULGY 3OR,23.05,2380.78,22432.72,Garden
495,Marybeth,Worsall,7/13/2026,RO28 JPHH PEBL XRLX FGFA FA0H,7.61,56.95,1571.94,Food - Spices
496,Marissa,Spenley,4/2/2026,LT65 3568 0576 5275 4783,13.54,241.11,123.85,Food - Meat
497,Wake,Darter,12/2/2025,AE73 7395 7606 4902 8763 336,18.37,710.16,10307.64,Kitchen
498,Lorne,Kerrane,7/16/2026,LB55 6289 DUIK 31GX AC9Y 1EFA NHHI,12.43,3219.36,34763.01,Outdoor
499,Maryann,Pinnigar,11/3/2025,MK35 011I 3ELQ OUIR 950,23.27,2854.64,111338.89,Clothing - Tops
500,Nyssa,Godmer,5/13/2026,GE31 TI12 6661 3929 5054 45,63.0,1360.98,13837.04,Food - Produce
501,Elsbeth,Farragher,12/21/2025,SI94 5743 2824 3794 573,4.59,4062.0,96709.39,Kitchen
502,Ariadne,Orts,11/23/2025,GR96 3869 317A JYKU E6IM 1YN8 40Q,1754.56,631.32,3251.95,Fitness
503,Nappie,Child,5/17/2026,HU19 8278 9607 5660 4780 0148 8572,375.94,1657.65,18083.62,Clothing - Bags
504,Romain,Pedersen,5/19/2026,MC11 2820 7568 589L SBPS FAIE 834,2963.6,5999.25,116895.53,Food - Snacks
505,Vania,Fulford,8/23/2026,GI58 NAFP NSEW BYCV RWVF 8FK,17.14,1929.27,21200.67,Food - Meats
506,Jessika,Waugh,4/4/2026,GE07 QZ66 1755 0286 0247 28,6.34,1995.67,24169.69,Garden
507,Harmony,Aronowicz,8/18/2026,FR74 2119 0541 04CG TR11 UOUX 868,711.91,2456.24,24363.72,Home Appliances
508,Mario,Conyard,11/24/2025,FR34 0925 2866 39JC CRC6 HCHJ U61,7.58,4886.78,54327.62,Outdoor
509,Vallie,Abrahmovici,9/28/2026,GT71 ZOOX R5Y5 IHCR BMAI NVML BUB2,490.75,1915.61,9430.61,Food - Beverages
510,Reynolds,Bubbear,10/26/2025,AL42 7689 5260 UWIP 6HYQ BFFZ VEFA,479.72,5901.78,163340.19,Food - Meat
511,Hyatt,Dewar,2/17/2026,FR22 3721 0628 82CY TVT0 HDUA 295,82.06,1715.9,24582.91,Food - Breakfast
512,Hetty,Whightman,4/11/2026,BH23 RXBI B890 KRGP VPOX 9K,13.38,413.78,5425.43,Food - Snacks
513,Abeu,Satford,5/14/2026,FR04 4516 5718 62BP 6G5K O3ZW F85,7.89,9069.85,152723.03,Home Appliances
514,Karlis,Bemand,2/13/2026,BA73 5728 8966 1645 1884,19.74,2249.55,18228.83,Food - Meat
515,Genevra,Izachik,9/4/2026,FR97 6196 9923 49MQ Z8EN P4SY A34,3502.47,218.56,328.28,Books
516,Case,Salt,7/23/2026,LV54 XIEK XXC6 QGHG ZUYF S,763.4,2461.33,5282.34,Kitchen
517,Codie,Rheubottom,4/29/2026,MU92 YYBX 5129 2553 1071 6914 380C DN,28.93,1720.5,5388.15,Clothing
518,Kizzee,Hesse,2/17/2026,MC34 1263 8625 909T DWZQ QLUS Q68,16.07,2583.06,26362.81,Food - Condiments
519,Katha,Vannet,8/7/2026,KW57 FALO TDFJ 5P1U FBYQ DBEJ YZPK H3,21.11,2464.25,17153.23,Food - Snacks
520,Merridie,Salmoni,11/18/2025,PL32 6093 0186 1104 4428 0589 2729,618.77,2320.22,33049.75,Clothing - Footwear
521,Carola,Philipps,10/16/2025,DO38 EJUK 9784 5221 7391 1038 8537,134.44,1403.29,13903.01,Food - Snacks
522,Gilemette,Caselli,8/21/2026,KW45 XVPG CK6J QLJD FZTJ LFOB K8VJ UP,15.2,661.57,3031.56,Pets
523,Lory,Armin,3/17/2026,CH48 1541 7RBD XATA DHAT R,27.03,2311.41,12481.48,Beauty
524,Sophronia,Herreran,10/15/2025,AL22 5997 5590 CVDP LZFR 0VAA WJSW,43.88,7080.84,124064.16,Pets
525,Michal,Frere,5/26/2026,KW35 TUMU U75D HLGN ERME 6NJY KWY2 FJ,9.82,252.22,2126.6,Travel
526,Dania,Deeble,5/14/2026,FR94 4157 7003 85ZL OSB3 V6AS A82,143.84,15764.52,91805.11,Food - Vegetable
527,Barbee,Simeons,10/28/2025,KW69 OVLR B9FJ EWWS KTOZ GHOM IQM8 VW,102.59,2178.52,6304.29,Automotive
528,Humfrid,Shales,10/24/2025,FR03 6051 5843 92GK QJIS WVWR W72,2.14,4527.31,141795.65,Home Appliances
529,Harmon,Thorp,1/15/2026,MT89 VABI 6535 0R34 DO8B UB57 CUES FFO,13.08,451.08,4459.12,Food - Snacks
530,Wakefield,Blackett,3/31/2026,GL78 6769 9820 9884 79,18.44,3082.38,112250.35,Food - Canned Soups
531,Cheryl,Charker,1/28/2026,ES14 7737 6284 6972 7525 8048,26.45,6523.26,49308.34,Automotive
532,Bride,Compfort,7/29/2026,SM86 M534 7932 682Z NB2A XI3T 7JJ,4.72,11887.46,288627.83,Kitchen
533,Caspar,Bonifazio,2/16/2026,BG43 WLGX 5074 46ZW MCJA EW,10.25,837.53,10728.33,Furniture
534,Keslie,Titmuss,5/16/2026,GE55 ZK51 8525 3523 0434 20,25.37,2871.1,43117.14,Fitness
535,Winonah,Emslie,11/17/2025,TN23 2599 5878 6933 5034 9805,89.3,14194.63,232777.22,Food - Spices
536,Hussein,Butteris,2/20/2026,CZ33 0503 2949 9982 2081 7407,9.86,917.38,10674.58,Kitchen
537,Xenia,Macilhench,11/27/2025,FR22 0368 1822 33RL FPZZ 6PHC 116,37.27,2296.09,31698.15,Fitness
538,Corine,Warre,1/20/2026,KZ09 609V A9QS NKPN N1EO,49.81,131.97,165.4,Food - Frozen
539,Antonin,Glas,5/27/2026,TN68 1764 3087 6599 2142 9248,22.99,5570.39,102521.82,Food - Breakfast
540,Rafferty,Stannas,11/29/2025,MU44 YOEN 9412 5219 3725 3111 128X GF,21.4,6768.92,140230.88,Outdoor
541,Colene,Hoofe,10/3/2025,TR59 5613 2SOR NSNO LMAO WBEZ SL,109.67,1191.41,4038.92,Food - Pantry
542,Fabien,Percy,6/10/2026,FR90 0996 6819 90QZ JET3 1T3B T16,1911.01,1536.93,22425.13,Food - Condiments
543,Anabal,Moline,3/26/2026,TN32 1436 7947 9060 6879 4844,8.12,2318.34,20494.42,Pets
544,Chrissie,Dyball,11/8/2025,FR42 6354 6737 517W HRPK AW4Z G35,14.98,1387.75,7215.32,Food - Snacks
545,Waverley,Boatwright,8/21/2026,PS16 UJNH 2WIJ TEE3 R9RM TPAU WWIT R,17.75,5371.51,65035.05,Accessories
546,Archibald,Gall,7/19/2026,BA75 6182 8585 9266 3791,19.41,2644.75,102382.7,Kitchen
547,Ethelred,Yekel,11/22/2025,NL71 QDXK 7104 9632 75,3.62,1880.5,6300.51,Food - Frozen Desserts
548,Nadeen,Cropper,3/22/2026,LI32 8034 5HJZ SPOR QZ1J Y,13.66,5535.7,58055.42,Food - Frozen Foods
549,Margalit,Perryman,6/10/2026,TR47 7248 4GHJ SXXJ BCRM IG1Y RX,17.41,10330.96,153986.68,Pets
550,Meryl,Strafen,1/13/2026,LI79 6833 3LWD 9V7D P9BG A,2539.02,5382.43,79797.17,Food - Snacks
551,Carlee,Leyband,8/15/2026,VG75 OXQD 5120 7466 1408 6508,179.35,762.18,3858.91,Accessories
552,Guillemette,Lenglet,9/20/2026,PS63 BQSK 1U5I 87LA SW2I HQAQ 2APM J,13.85,12419.38,577206.31,Food - Grains
553,Doe,Fennelow,1/8/2026,FR04 6406 3893 00ER ZEGS XDPX G48,26.56,1920.58,11657.23,Outdoor
554,Bernie,Showt,8/2/2026,ME29 7838 8525 6553 8764 12,5.05,1869.03,10217.99,Food - Frozen Foods
555,Egbert,Woodus,10/10/2025,HU44 9321 4288 4827 1749 2135 2777,143.96,5709.29,347002.83,Safety
556,Janot,Harvison,2/3/2026,CH87 8362 2EVS A3J0 NAJO J,20.75,413.67,1089.39,Food - Bakery
557,Zarah,Collet,4/4/2026,FR35 3581 1943 64ZD NVU0 LGMX M60,543.11,198.22,425.7,Food - Dairy Alternatives
558,Rockie,Ripon,8/9/2026,BG59 USAA 4208 73CK YGAE 1L,26.52,1485.46,18948.98,Clothing - Dresses
559,Dimitry,Ingraham,11/10/2025,TN06 2793 8165 7497 8989 6736,624.07,720.64,6487.64,Food - Bakery
560,Sayre,Harbisher,9/1/2026,HR31 0393 4816 4713 2757 4,122.0,12300.03,240091.41,Clothing - Bottoms
561,Bessy,Agnolo,11/14/2025,NO77 4631 0018 402,136.12,1932.37,20115.71,Toys
562,Clarine,Gartery,3/17/2026,NL15 BJLG 6621 2145 66,73.31,2127.19,4960.23,Food - Canned Goods
563,Lonnie,Brokenshaw,10/9/2025,AD13 5556 5027 BCPW GMXO 61EE,21.12,1979.42,24169.37,Food - Frozen Foods
564,Trudey,Shearn,10/22/2025,AL70 9101 4235 7G4G 2CQ5 A9FP 0PWJ,662.91,1704.29,21987.99,Food - Condiments
565,Tracee,Treneman,9/4/2026,MD05 ZBHX A984 JJIM WGE1 X6JW,70.87,257.49,1095.74,Kitchen
566,Nance,Mulhall,4/21/2026,BE65 2680 9328 3156,61.7,2691.97,28977.26,Food - Produce
567,Evvie,Hover,2/10/2026,AZ44 JUYU BN7I OJPK 6VRA F09S KY4G,21.42,452.12,5134.5,Food - Dairy
568,Ferris,Wyne,6/2/2026,MR25 6993 7309 2997 7738 5031 310,659.5,2343.91,18555.08,Travel
569,Dre,Dulanty,2/7/2026,CZ86 9150 8350 2364 6533 9497,2.36,3561.48,31744.44,Food - Canned Soups
570,Nolan,Gent,3/24/2026,FR40 1515 8464 08ZU VJ17 TCZP T30,14.5,1690.55,15854.93,Kitchen
571,Patrice,Widger,6/29/2026,LI17 2437 7L9Z 0FY6 HBDY N,10.79,209.69,67.6,Pets
572,Terese,Marval,9/22/2026,AE32 7303 9729 3239 8881 174,6.23,4425.75,59832.65,Food - Beverages
573,Julieta,Stormes,8/23/2026,PL92 3347 0929 1026 1262 4796 9051,5.46,1210.98,12822.78,Home
574,Shelli,Wootton,11/25/2025,BR33 0531 7617 9295 9292 6929 162U L,629.4,1357.49,18556.77,Office
575,Arnie,Maior,1/30/2026,SM52 F087 6010 185P Z60A SSRU VQV,50.57,1892.51,21899.6,Clothing - Accessories
576,Tamra,Borgesio,10/26/2025,FR61 7271 9153 90BW NXUX 9GRN O20,11.61,129.78,1961.37,Outdoor
577,Rob,Gillison,8/13/2026,GT14 50F7 K0FB Q571 7IVH TAZU RDTZ,29.26,4643.61,49548.22,Kitchen
578,Jacquetta,Van Cassel,8/21/2026,RS31 2779 2640 0141 9104 88,50.09,1419.44,11237.96,Kitchen
579,Alta,Floyed,5/27/2026,FR56 3006 6043 73TA Z0IA TY1W 457,19.17,184.84,283.72,Accessories
580,Gillie,Faircliffe,7/23/2026,FR82 7152 7999 8536 KUPN VBND H00,27.18,6806.23,64622.1,Food - Beverages
581,Lynette,Arnaudet,10/24/2025,GR49 3189 995J EDYB EVGF YGJ8 WYN,34.19,4996.79,88426.77,Kitchen
582,Ellary,Messum,2/12/2026,IL28 9783 2354 6105 4040 059,23.74,1981.25,19629.1,Food - Meat Substitutes
583,Patten,Miquelet,9/18/2026,AZ07 TQSC DHBF EHOV 8BJU NTAF 1CXV,97.02,414.89,4150.6,Food - Prepared Foods
584,Avigdor,Lawson,9/30/2025,DO12 K6MR 4875 9597 3257 6972 1463,4.75,1559.49,7463.56,Food - Prepared Meals
585,Georgena,Raymont,12/26/2025,MC12 4796 4996 59SL INPS SUJV E44,2767.59,2039.19,25506.83,Pets
586,Arman,Wyles,11/22/2025,IE92 ZUII 1221 3127 6160 33,3469.91,546.53,6000.17,Food - Seafood
587,Hally,Knappett,12/23/2025,ES41 0178 3714 2003 3376 3352,472.29,5077.03,295430.87,Food - Snacks
588,Sander,Bachshell,4/6/2026,FR41 9063 2049 82MO FRJ0 ERBE K95,80.77,3956.15,40782.67,Food - Snacks
589,Orella,Bestwall,11/21/2025,FR38 2262 4216 47LG 59VJ PHE0 093,50.93,1182.56,4788.15,Food - Nuts
590,Konstanze,Pietruszewicz,7/30/2026,SI90 1580 8382 0469 181,12.42,426.56,5348.43,Kitchen
591,Tatiania,Chapling,1/31/2026,VG64 GRLC 3452 5812 9419 1030,624.02,4251.32,318269.48,Clothing - Tops
592,Nelli,Hackleton,10/15/2025,AT52 2755 0493 9318 9637,26.46,1371.69,4150.25,Garden
593,Jocko,Raikes,10/19/2025,VG69 UAJL 8082 6648 5787 3516,15.24,2073.3,9709.7,Food - Sauces
594,Elisabetta,Cradock,2/14/2026,IS64 6680 0305 6632 3029 5769 20,13.62,2087.04,17832.88,Electronics
595,Nomi,Gartland,11/18/2025,EE36 6127 1015 6297 3322,140.11,840.85,2121.46,Kitchen
596,Emilia,Lies,7/27/2026,LV87 TTTD 5ZVV 0VI9 OLIC H,19.17,480.76,7158.19,Garden
597,Augy,Mackilpatrick,10/11/2025,TN94 3333 0414 2711 8717 1175,52.27,3975.9,85388.52,Food - Bakery
598,Halli,Deble,6/13/2026,HU39 0272 8767 1168 9034 7631 6068,128.5,1571.58,8585.47,Food - Canned Goods
599,Pavla,McDugal,10/28/2025,IL93 9519 1625 1571 5471 624,23.78,248.57,515.31,Food - Snacks
600,Vivi,Girk,1/16/2026,FR78 7743 3780 919M FART GLCG X08,7.35,973.85,14008.91,Electronics
601,Zaneta,Vel,11/23/2025,DO48 TDFA 9813 6326 5440 9577 7874,12.17,11.76,956.84,Food - Bakery
602,Tracy,Bernardon,7/6/2026,FI97 9311 3413 7428 85,3.57,828.98,4944.18,Food - Bakery
603,Heinrik,Tolland,2/3/2026,KZ74 292C ILEF 6S3J FGXU,61.21,337.4,4378.01,Toys
604,Bruce,Rouge,5/29/2026,LB21 6049 MIBD I380 HEEB BV1G 0YBQ,27.46,3553.5,87290.3,Food - Snacks
605,Liana,Bauser,10/23/2025,FR49 8049 3649 53AN KICR P6FS Q58,6.04,50.77,847.67,Food - Beverages
606,Adora,Girardin,1/19/2026,GT64 HYLS C3MT UJ6X NV4Q FOX5 HPIB,6.89,2021.85,8883.05,Home
607,Huey,Zuann,8/7/2026,MD46 OVLU YWYU LKXC DR1J BCQ3,138.04,808.91,7134.84,Food - Beverages
608,Kenon,Piotrkowski,1/11/2026,GR13 9126 1965 EKJ7 HEFP BGFL MKJ,3232.09,1513.15,12447.0,Food - Breakfast
609,Web,Backhurst,4/28/2026,NL61 CYUO 0045 7676 97,7.83,5201.03,54540.01,Clothing - Shirts
610,Ariela,Aggett,3/11/2026,GI24 DQYN AMQG S1WF G3R4 NTG,6.1,1983.47,17602.38,Food - Canned Goods
611,Ezra,Hartrick,1/9/2026,MT35 LERM 2131 7DCS 5QLW QWVU TWAR FO0,7.69,247.19,1799.59,Food - Dairy
612,Christin,Gaine,5/13/2026,EE02 6203 1636 0633 7405,130.43,2882.3,198289.84,Food - Baking
613,Jewell,Yearron,7/22/2026,LB73 1034 C3MY 2O7A 9WLT JJ2M 02GC,412.59,3198.27,169157.64,Food - Breakfast
614,Ingra,Iacomelli,11/13/2025,IT70 B747 1336 305Q ZU34 N0XT LIS,613.38,558.34,5426.8,Food - Cheese
615,Chicky,McWhin,3/1/2026,GE05 DX85 5820 9562 7814 99,124.37,1103.66,11279.43,Food - Condiments
616,Sharai,Demchen,12/23/2025,IE54 AHKT 5084 0722 7693 44,19.16,5365.91,69078.71,Food - Dairy
617,Andromache,Quantrell,12/23/2025,MD20 E5YZ Q5AY CTG9 5AXD XWS9,148.52,2257.95,15186.72,Clothing - Shirts
618,Henry,Beazley,11/4/2025,FR82 9008 7658 46QR DMTO D6BX 936,3.25,1912.63,14508.85,Clothing - Bottoms
619,Clo,Howerd,3/22/2026,IL14 1324 1287 3893 8895 296,14.06,4401.27,164142.15,Toys
620,Roderic,Cotesford,10/21/2025,TR59 9418 6YNB T96K KWHX XIJM ID,5.12,617.2,7589.78,Food - Breakfast
621,Steffen,Martello,9/6/2026,CY25 0662 2166 DGGC TR1N HPA4 ERKC,41.95,108.74,1105.84,Accessories
622,Dorita,Langthorne,10/28/2025,RS15 5446 9820 6738 2111 62,37.9,25.59,604.42,Books
623,Staffard,Harrill,10/16/2025,AE90 1504 0478 8504 5950 532,2.95,858.17,9627.19,Food - Salads
624,Darell,Albin,7/12/2026,CH05 5173 7S2F MHES 7QMG I,27.51,4170.46,56948.37,Garden
625,Collen,Leap,4/15/2026,SA39 564R GJRY UWQJ LXG1 LJ5D,26.08,1915.7,7258.59,Audio
626,Derrik,Jakubowicz,11/4/2025,FR10 3111 7524 08QE KZPU VILU N23,787.49,2352.7,15510.77,Food - Snacks
627,Sunshine,Ickovits,7/3/2026,RS72 0617 8608 8622 8256 36,20.81,679.81,4920.41,Health
628,Iolanthe,Kelloway,6/23/2026,MR97 4182 4757 5006 0389 6552 719,14.26,1393.14,6269.06,Electronics
629,Gunner,Frayling,5/18/2026,LU07 337E B8UR ZAC7 VBZQ,24.88,14.33,1239.9,Office
630,Frankie,Hunnicutt,6/19/2026,MD34 Y07A DAE1 Z2AO IYEX ZTCU,2.4,5748.68,326337.35,Food - Condiments
631,Conny,Balcock,8/16/2026,FR13 6775 5887 27YN 5YUA VBYX W72,68.16,1518.35,15927.73,Garden
632,Devlen,Keatch,6/29/2026,BH08 ICFT FXJH NDCY FDTK CI,44.44,1904.44,22633.92,Kitchen
633,Fair,Beranek,3/19/2026,HU81 6792 9895 0812 0164 8006 7235,5.85,2392.29,27869.41,Home
634,Junina,Henrichs,3/26/2026,MC26 2530 2529 65F1 V8BH RDRY R59,4.49,3898.02,69877.8,Food - Meat
635,Justus,Gookey,8/5/2026,BG79 WWVP 2564 47HW JIRK ED,23.45,1844.28,15978.21,Photography
636,Dewitt,Mcimmie,11/22/2025,FO80 6029 3465 4570 51,4.83,4077.01,303556.09,Food - Breakfast
637,Craggie,Ferandez,12/3/2025,IL94 4679 9821 9794 2601 776,127.08,3286.03,29134.63,Food - Baking
638,Benjy,Almak,2/20/2026,DO15 ONGO 6985 4485 6391 3022 5625,18.35,79.84,415.08,Food - Snacks
639,Nora,O'Fihily,8/16/2026,CY04 3168 4801 SKM9 W3ZG BMG9 IIZI,31.09,677.86,9329.63,Kitchen
640,Noni,Passo,1/31/2026,IE71 YPCQ 5925 9115 7808 06,8.27,78.92,1150.05,Kitchen
641,Dewie,Aldrin,6/5/2026,FR89 7680 5988 04WS FU2R QFAL 414,58.69,5921.63,104754.05,Food - Condiments
642,Sheffy,Smerdon,5/18/2026,AT03 8528 6939 3797 3510,8.57,817.06,8337.78,Food - Condiments
643,Jeremy,Bradnock,3/21/2026,PL42 0506 1305 7042 1268 5516 4703,42.18,17311.13,580159.13,Clothing - Tops
644,Thor,Floch,11/17/2025,SE66 3834 1401 5642 4994 7847,146.64,1673.5,11101.61,Home
645,Godfree,Dunkirk,8/7/2026,FR35 0829 1644 49CO FM0H WXFQ Y11,26.0,1586.81,20653.19,Food - Snacks
646,Arley,Snalom,12/27/2025,FR31 5681 8273 57WE FXQ5 WK6C T49,423.59,229.41,1200.54,Home
647,Blair,McTavy,4/30/2026,PS78 BSOW JU0Y MTVR JLUS IDKB 0O93 6,26.18,3567.13,86218.07,Health
648,Uriah,Kelland,10/20/2025,GL67 9259 0556 6515 83,27.23,1356.13,6704.74,Food - Condiments
649,Rhianon,Snarr,8/1/2026,GT31 BU0O FPEG IZA8 XYBF 4OTM 0K4D,39.67,2164.46,17308.11,Food - Snacks
650,Curtis,Gouch,8/26/2026,CZ18 8754 6743 1659 6740 5965,17.82,1941.25,14648.98,Clothing - Dresses
651,Babb,MacNeish,10/25/2025,TR70 3305 3LM6 SIUP Z7GL B2ML JU,69.12,1996.97,29251.1,Home
652,Shepherd,Cano,8/23/2026,DK31 8644 4531 9759 00,11.42,2024.55,10804.02,Food - Condiments
653,Codee,Poluzzi,3/11/2026,GI50 LVZJ XO4D WLYE O3GB BN7,239.17,77.85,760.78,Kitchen
654,Debra,Deluce,1/27/2026,ES16 9363 9741 1542 2580 4412,3.74,7633.98,115919.89,Food - Prepared Foods
655,Rob,Jakeman,7/28/2026,CZ38 9188 7586 0323 3322 5976,58.86,64.76,2617.54,Home
656,Fernandina,Percival,7/13/2026,FR62 7375 3812 00AF A1GQ S9YP O47,4.6,435.93,5840.71,Food - Condiments
657,Nadine,Petrecz,9/22/2026,BG63 QMOG 7754 940S XPWI 2M,24.09,2216.78,26943.19,Food - Condiments
658,Rube,Mearns,9/27/2026,BH76 HNIX SGEN WKGI GPDZ VB,6.51,4574.91,85248.4,Pets
659,Barnaby,Breewood,5/30/2026,FR66 5755 0478 395J AXKX GAR5 C22,117.59,2458.5,26550.81,Travel
660,Joice,Basler,11/20/2025,LT63 9808 7008 0738 3307,20.33,717.35,5156.55,Smart Home
661,Russ,Lyston,10/10/2025,LI31 5990 7DLV 81XX EVOS H,13.48,1979.61,6590.37,Clothing - Accessories
662,Shaylah,Dubose,3/19/2026,KZ25 435O JBFJ C02U QXVQ,12.94,4860.02,82568.23,Accessories
663,Thorvald,Castilla,1/19/2026,IE19 NRVY 7938 1654 1935 17,797.83,2087.79,21156.2,Food - Baking
664,Fitz,Prue,4/18/2026,HR19 2542 5302 1987 1213 5,12.9,1220.61,10864.35,Toys
665,Diandra,McCurry,10/20/2025,LB74 4411 OS9S DRGR FQAE NTSJ XBMV,728.16,466.27,3977.5,Pets
666,Graehme,Barnfield,6/7/2026,VG06 LDKG 9381 7665 0979 2963,6.38,140.78,2505.4,Fitness
667,August,Ambrogio,11/21/2025,FR58 3419 5525 04SQ QN6U MS1X K19,7.8,1840.38,20338.32,Home
668,Leupold,Stones,12/10/2025,ES75 3062 3602 9474 6704 8550,24.15,2053.76,22216.06,Food - Meats
669,Nicolina,Carnoghan,6/8/2026,PK67 TVUF MW7T RJ59 3XP0 7MVW,24.72,1145.67,3220.09,Food - Beverages
670,Rozalie,Biggin,5/25/2026,TR80 9598 8L1N UIFJ SO6L RPSW DX,21.81,15812.22,290026.47,Outdoor
671,Brande,Treleven,6/30/2026,FR58 7973 9142 37B9 GE8P R0OX 219,105.49,4633.89,94419.42,Food - Snacks
672,Roberto,Lamperti,7/24/2026,BG04 RFFL 2624 13BQ JFVE G1,17.08,799.39,10249.08,Kitchen
673,Corrinne,Chamberlaine,3/14/2026,TN29 9689 0563 3028 3182 1030,10.95,4631.85,44016.98,Clothing - Outerwear
674,Aurie,Canet,1/8/2026,LB95 2894 J5KC 8QTW SKKM PEQN 5ZFZ,107.77,2637.68,27738.09,Health
675,Jesus,Tanman,4/17/2026,KZ09 754J YQJR SI0M YSCT,1563.85,6387.88,105515.73,Accessories
676,Gena,Bonson,3/18/2026,LT96 9458 5575 7136 2753,26.21,449.32,4182.83,Food - Breakfast
677,Archaimbaud,Steaning,8/27/2026,FO50 9375 2174 1099 53,130.7,237.63,2393.78,Home
678,Dietrich,Feldmark,8/18/2026,BE36 3512 5281 1130,62.31,659.93,7853.45,Food - Salads
679,Gregor,Louedey,6/19/2026,GL10 7222 1892 2929 45,138.32,104.15,2414.15,Clothing
680,Tiffany,Kamena,12/10/2025,AL70 5206 7713 ZTYH VLYB JDJM PURX,19.68,60.48,1565.05,Food - Condiments
681,Gustaf,Carley,2/28/2026,LV56 OVGA 3TIS BGTD 9RCN R,583.15,188.19,683.27,Pets
682,Michal,Golly,6/3/2026,NL58 EZMK 8533 3729 30,72.89,11163.04,112551.2,Food - Soups
683,Shirline,Smalridge,4/10/2026,IE54 PUKE 9230 6555 7821 47,16.03,3301.58,47409.05,Kitchen
684,Julie,Ciobutaro,5/18/2026,LT26 6589 9771 2366 7172,18.58,1758.5,15518.28,Food - Prepared Foods
685,Fleurette,Rooze,7/6/2026,PS79 IYZL GZZR HPTC KEDD PYWJ 9K9W K,12.16,203.69,2983.4,Clothing - Outerwear
686,Herrick,Wassell,3/9/2026,MD80 1UQS T8IZ HZ3Y 7IPT 1UYQ,42.01,3308.12,167381.67,Food - Canned Goods
687,Glenda,Franks,3/22/2026,CH22 4205 7RQ2 MPUP YKVO S,4.19,1141.25,11272.96,Food - Snacks
688,Patin,Loiterton,2/27/2026,MD79 WMZ7 ZQPY TRG2 1P0P HOK2,116.65,100.87,1108.29,Health
689,Alica,Jouhning,4/30/2026,MU78 IKMG 9739 1892 0659 6697 244B FY,107.08,234.33,2460.73,Food - Beverages
690,Peggi,Zecchetti,12/6/2025,LV67 KXSI HGD2 I3EN PJIW 4,123.46,372.61,5215.17,Home
691,Sigvard,Klimashevich,3/31/2026,FR77 9926 8540 08OI ZAIE H7UV Q97,41.48,235.75,1507.27,Food - Meat
692,Audie,Beers,12/24/2025,LV31 JWDJ BJWN PZSW FJJE R,351.21,2334.04,31826.11,Food - Fruits
693,Jenine,Adess,8/26/2026,SK65 8426 2888 4879 6889 7224,16.74,1470.92,16475.72,Food - Frozen Meals
694,Adelbert,Delion,12/10/2025,PK25 ZBSJ ARO7 PCW0 4NUS 3VL4,14.51,58.81,1870.03,Electronics
695,Richmound,Goscar,11/12/2025,PK71 AJDI GMX7 ASLQ T4UC A4KK,85.29,3666.67,69697.7,Food - Frozen Foods
696,Vinni,Showell,6/12/2026,FR19 6252 0794 43LW Y0RD ENQO H03,506.13,3191.26,36071.79,Travel
697,Ruthy,Vinton,3/22/2026,FR80 9895 7746 78NI VNO9 DP9R 758,12.62,5036.67,84240.29,Food - Snacks
698,Jacquelynn,Spiniello,10/23/2025,FR30 3939 2509 31GI RDQN 6FFW 720,6.91,1924.21,12575.26,Photography
699,Corby,Eckley,5/18/2026,GR25 6362 609L SD2V IOUC SW7W FNO,14.97,738.17,7735.78,Food - Condiments
700,Sayers,Maudsley,8/25/2026,AZ54 EFTH CVWB ZR8L ZHCV BVND MFM4,26.09,1126.36,10159.49,Food - Seafood
701,Vassili,Earley,2/25/2026,SE65 7293 3083 6401 3184 0320,29.73,67.81,1969.29,Home
702,Travers,Berndsen,7/6/2026,BE24 3082 6337 4265,417.57,2609.9,47989.85,Kitchen
703,Freeland,Barette,11/29/2025,RO59 XSEI SIAQ EZMT SWJO SQKN,9.42,6410.82,104559.53,Home
704,Jojo,Ledamun,7/5/2026,BA51 2432 3669 8897 6875,12.13,3154.7,78125.1,Food - Nuts
705,Rickie,Hatchette,9/14/2026,BR21 7402 4462 3493 0859 6653 985L C,25.35,3613.31,33566.42,Health
706,Hanan,Vyel,9/24/2026,AZ65 ERJD HWDP RPVX TELV SCFO ZSVC,8.11,2404.37,22100.31,Toys
707,Kala,Whitlam,9/27/2026,KW89 JNMD DB3T GG5F MLFZ RRFZ GYVO VM,106.9,45.63,2053.0,Food - Canned Goods
708,Blaire,Scriver,3/11/2026,SE77 3681 2019 9430 2095 2900,183.79,16.46,768.34,Office
709,Judy,Mancer,5/2/2026,GE34 MM54 6010 8213 9252 38,6.36,1470.88,19755.48,Food - Prepared Meals
710,Karilynn,Errichiello,1/18/2026,DK59 7035 7948 9392 80,19.84,1695.08,14668.79,Clothing - Outerwear
711,Bing,Teodorski,1/14/2026,VG78 MEFG 7596 4555 8759 0778,21.6,458.04,5840.83,Food - Meat
712,Trudie,Santorini,8/27/2026,FR76 8572 5923 11AG XRKQ THEX M06,7.27,1298.58,4386.97,Food - Prepared Meals
713,Edin,Jacobi,3/21/2026,GB25 YRQN 0336 0911 5727 70,15.62,14468.48,340907.36,Food - Meat Alternatives
714,Roscoe,Rawson,5/28/2026,LT16 8057 9567 8547 6494,4.48,479.9,1208.51,Pets
715,Xymenes,Luxton,4/3/2026,FR95 2480 5864 99QR FGXY 6R1U D61,429.93,1106.1,15889.76,Food - Dairy
716,Ron,Dedmam,4/23/2026,AT77 9818 6790 9342 4117,126.28,1623.81,18588.41,Food - Frozen Meals
717,Morty,Spratley,3/4/2026,EE60 3907 0754 1436 6605,26.66,2998.6,46705.37,Food - Snacks
718,Bessie,Pirson,11/24/2025,KW53 OSDG QSDU DZEI 9MKV BSSZ YTTY JS,42.65,15037.28,190951.71,Photography
719,Gerri,Bourgourd,2/3/2026,BG88 OMOL 9610 587Q SD4N 4A,3.73,579.33,7573.45,Food - Breakfast
720,Amory,Gannon,10/27/2025,GT81 NZBH YCUQ V9PU WMOY S3CS M6IJ,758.7,2051.75,27890.19,Food - Beverages
721,Pansie,Cansfield,6/27/2026,PK13 DBWI 1XO9 XCFO QW85 D64O,18.86,3375.99,235363.92,Food - Produce
722,Maggi,Chaves,10/28/2025,BH76 QEUZ 4WX1 7J0X ZHHV DA,14.41,1765.75,3816.95,Home
723,Clarke,Chater,6/7/2026,AE08 7010 6991 4196 9882 379,28.11,12275.3,73177.99,Home
724,Adair,Blindt,4/18/2026,MR64 3750 3424 0334 8536 0454 702,3600.98,2047.46,17012.73,Clothing - Tops
725,Krispin,Sirett,11/24/2025,BR73 4447 4884 3877 6897 0530 727R Q,12.47,1309.53,18198.84,Tools
726,Fair,Makinson,5/6/2026,FR17 9543 8729 31MF YDBM HI3P J83,20.95,5990.54,72661.68,Computers
727,Daniele,Nelligan,11/25/2025,LV45 DGBI CBH5 0F1F FYFZ V,11.17,1184.89,12018.01,Food - Sides
728,Josias,Harper,5/26/2026,VG87 GKHI 5916 3733 6310 7749,72.86,1533.03,15955.68,Food - Dairy Alternatives
729,Jane,Punshon,6/6/2026,FR19 6278 0428 88MN SLOE MMCO P16,15.18,327.7,1615.87,Kitchen
730,Shannan,Cattemull,4/4/2026,DK72 8929 7497 9008 06,125.32,2707.04,15689.26,Gaming
731,Bondy,Gotts,1/28/2026,ES85 1484 5322 5328 8214 6725,22.3,14712.05,89652.66,Wearable Tech
732,Verna,Monini,1/28/2026,FR13 5320 9422 422T ZWIF 4JIX A66,16.6,727.9,5719.81,Food - Pasta
733,Ingamar,Mundow,2/20/2026,PS95 GCHX XWAU TP2L FICF AAUF CT7B B,11.38,155.41,2684.15,Pets
734,Hadley,Kidde,2/12/2026,DE28 7171 6552 4272 8537 38,12.7,1673.1,22532.85,Fitness
735,Anetta,Vickery,5/7/2026,IT63 M851 9163 274P ENSB DUOV R47,123.73,2489.15,5157.26,Fitness
736,Chantalle,Errington,11/17/2025,AL96 2697 6033 TH37 IBVY BCL5 9WUE,23.54,127.75,1229.97,Food - Meat
737,Alfie,Brinklow,4/6/2026,EE13 7860 4658 3648 5520,16.67,9007.19,246261.84,Food - Meat
738,Gino,Gebby,10/21/2025,LV50 JKUE E9WG KDWP RNJZ N,29.97,2434.76,9851.56,Outdoor
739,Nicoli,McKimmey,10/1/2025,NL45 CZRR 3092 9759 87,18.0,417.93,4005.91,Health
740,Manny,Endon,7/5/2026,FR15 9730 6516 49ID BDYY LYAH 905,115.33,2831.95,53964.96,Electronics
741,Gabbi,O'Drought,5/6/2026,GR06 1848 986Y EC6B DHB6 7IWR BAB,524.57,5532.25,125377.67,Fitness
742,Sully,Mattessen,3/21/2026,MU78 ALXP 3087 1886 1634 8075 207P EG,22.82,1003.75,7534.61,Food - Baking & Cooking
743,Brod,Gilstin,12/17/2025,SA48 02AK WPEZ NV2N JGGZ K7I6,11.33,959.93,7896.33,Pets
744,Sidonnie,Bittlestone,6/28/2026,KZ60 189I 9IYR S6SV PXUP,16.09,617.66,5420.51,Food - Desserts
745,Pincus,Putton,5/16/2026,NL89 YJGP 3222 8114 76,18.62,786.21,4125.53,Food - Snacks
746,Margarita,Spilstead,7/27/2026,CZ52 7424 2595 8904 0943 3526,12.03,678.06,5099.24,Accessories
747,Anastassia,Tanman,2/3/2026,PK96 CRWN PQDV RNVV IUZU X5QK,13.9,2219.06,29847.01,Food - Meat
748,Michaela,Bangs,9/11/2026,FR84 1702 9812 26NV ZP9J MINY T23,16.17,501.75,1579.33,Food - Household
749,Baudoin,Elcocks,11/2/2025,FR19 3075 9444 539W Z60D Y89C X47,13.84,208.69,1977.22,Health
750,Rosanne,Burgyn,12/9/2025,IS47 1029 2712 6668 2559 2706 49,5.65,200.87,2521.89,Food - Frozen Food
751,Benn,Gratland,4/4/2026,MU57 WWQZ 3057 8653 6806 2827 934C FH,21.56,3093.92,66862.91,Food - Beverages
752,Adorne,Clacey,2/15/2026,IE71 BYOY 3964 2789 1509 33,14.64,1673.14,8585.38,Clothing - Tops
753,Maitilde,Burbridge,9/21/2026,FR16 5967 9710 8601 Y2GU I9WB I92,12.86,1406.65,3530.19,Food - Pasta
754,Peggie,Pringour,11/16/2025,MR60 8934 0834 4794 9773 5863 001,143.98,2455.15,12214.84,Food - Snacks
755,Angy,Simonitto,9/23/2026,PS74 MYMS NW8Y K9BK XTLX TBHD LLKS 1,504.08,1056.63,6326.83,Outdoor
756,Les,Vakhlov,3/26/2026,TR80 2002 0HXR LQXI IFMW G0DL QW,22.94,1784.13,5304.6,Food - Oils
757,Addie,Hyam,4/16/2026,CR68 2863 5349 8772 4616 1,703.65,2455.65,22929.68,Smart Home
758,Shepperd,Jakab,1/28/2026,DE66 4129 9578 9743 7963 74,3.11,103.97,2190.9,Food - Meat
759,Ann,Coldicott,2/10/2026,AD59 3275 6942 OY1H GZAS XNWG,10.08,967.19,9635.59,Kitchen
760,Culley,Rosendorf,10/23/2025,PK21 MCXP ZAJD Z2X4 KFDN N2WG,27.09,2397.45,34028.32,Toys
761,Yoshi,Sultana,11/17/2025,HR77 0101 2574 0099 6875 1,6.06,5282.92,30503.39,Food - Frozen
762,Trudey,Breacher,2/14/2026,NO20 2845 7250 326,139.43,18.6,1383.18,Food - Condiments
763,Rooney,Seeviour,11/3/2025,FR56 5740 0506 34VT Z1BH 8K8R G82,12.53,3494.11,42389.78,Food - Condiments
764,Tish,Edgeler,12/6/2025,FR17 6640 5165 585B UUS1 IWPA I90,18.62,887.47,12766.81,Pets
765,Bartholemy,Wudeland,4/7/2026,GL96 6048 1075 5777 86,25.18,269.06,3470.26,Garden
766,Angeli,Antoons,7/2/2026,EE34 6688 5254 6055 0108,16.47,2379.06,13874.99,Smart Home
767,Damiano,Celier,1/8/2026,SI92 3629 0569 0530 828,25.56,1860.54,18381.12,Food - Produce
768,Barry,MacCorkell,5/26/2026,PT38 5082 3821 0896 4106 5623 3,7.12,8.98,951.67,Electronics
769,Lucho,Svanetti,10/23/2025,PT41 2595 4074 7929 0450 3417 5,205.63,353.51,5148.08,Food - Snacks
770,Kelcey,Thirlwell,6/27/2026,AZ87 KCZX HGYT 15PG H8AK 5T9F TO98,6.31,3707.16,86675.29,Food - Prepared Foods
771,Dorie,Brome,10/1/2025,FR64 5264 1486 886Y 2X4I UC6V Y93,10.77,174.5,458.63,Outdoor
772,Reade,Pretswell,8/26/2026,CY43 1652 6658 CWNJ 1R5O DOUX ON4F,1381.53,407.34,2590.01,Kitchen
773,Shantee,Salvage,1/3/2026,FR56 2771 6180 68UZ ASXR TZ1K W59,69.41,2366.49,33512.79,Home
774,Ilyse,MacVicar,2/27/2026,MC28 1766 0959 08GB UHAG 30QJ B59,19.54,125.42,22.49,Kitchen
775,Vidovik,Luxmoore,6/28/2026,FR90 7715 3129 89SI YUHE BMXK J81,101.22,667.81,9839.44,Home
776,Ingrid,Cathrae,10/27/2025,PT56 8454 3707 8901 1452 5505 9,416.89,8.22,1259.45,Food - Condiments
777,Marlane,Yelland,3/7/2026,HU95 9288 4790 2968 1033 7310 5929,22.79,5794.43,318508.43,Smart Home
778,Burt,Dunkerley,8/4/2026,LU80 714V 0FN4 GLJA TSQW,17.25,4752.6,68145.23,Food - Vegetables
779,Kevan,Pala,7/28/2026,PT51 5589 9020 2373 6877 1125 0,3823.51,87.44,1748.8,Food - Breakfast
780,Calv,Mothersole,10/31/2025,IE91 APMS 8691 7273 3488 00,2646.78,5885.39,89595.51,Kitchen
781,Rosanna,Cashley,11/30/2025,FR62 6363 0239 3648 K2O4 LIF8 Y24,13.3,21.8,1338.42,Food - Condiments
782,Rebecka,Windas,10/18/2025,NO77 6658 8771 763,17.01,169.37,1831.75,Food - Vegetables
783,Lock,Dumbare,9/16/2026,AT38 9467 8961 8868 4626,2.48,4691.15,28853.69,Food - Desserts
784,Griz,Gemelli,11/4/2025,FR25 7289 9669 59DT DSWM 18AC U33,14.29,2300.91,27066.6,Food - Beverages
785,Giff,Blumire,6/28/2026,SA68 57JM QMNF 3UPP LU4P YZUU,21.2,1210.93,12344.19,Food - Sides
786,Leigh,McNamara,4/4/2026,HU79 1495 1324 9484 6241 3905 0051,7.71,2333.18,8461.68,Food - Beverages
787,Klement,McIlenna,1/27/2026,VG55 JLVE 1159 6402 4715 2261,28.15,232.49,2015.84,Food - Breakfast
788,Sullivan,Imlin,6/17/2026,AZ72 DKYO 3MXL MZBW 7CY8 DLDH EDPX,27.11,4272.6,56263.62,Food - Meats
789,Chandal,Dabourne,1/6/2026,GR67 9345 989M HA9J OBGC UICX RFE,87.98,349.61,1667.71,Clothing - Dresses
790,Mycah,Astie,10/17/2025,RS44 1276 9297 4243 8830 57,4.4,2906.72,139826.27,Pets
791,Rochelle,Ridewood,7/20/2026,FR47 3495 3694 053N MBDI 041Z U57,9.01,2242.43,23498.16,Outdoor
792,Joseito,Swatheridge,7/8/2026,IT19 B428 9685 920A AM8Q ASB6 YHA,96.6,607.76,6385.12,Food - Meats
793,Georgiana,Shoubridge,2/28/2026,FI73 9546 0580 7519 36,256.36,5788.14,72687.93,Food - Spices
794,Vassili,Teas,11/5/2025,FR44 2452 6843 44US JLP5 FJRW B29,27.95,1665.98,3538.85,Electronics
795,Donavon,Zorro,5/31/2026,AT05 8793 4521 1772 2644,8.17,312.33,2650.53,Outdoor
796,Timmy,Lorryman,7/25/2026,IT95 X713 2540 089K MPBW XFOS QNA,64.31,9701.66,157076.45,Travel
797,Harbert,Dovington,1/19/2026,SA97 54R6 YIZI 6QJZ HAMR D7ZG,23.03,13211.45,266990.52,Books
798,Corrianne,Mechan,7/23/2026,GL04 8042 1734 9681 49,15.0,16958.69,785349.96,Food - Condiments
799,Marti,Biddle,4/7/2026,IT26 C486 7118 891T MPIY EYVB ZRB,75.62,1768.82,6718.36,Food - Produce
800,Leigha,Ellins,6/4/2026,FR30 1277 4882 90NY 1EVD ANVQ 104,26.99,244.04,1267.1,Food - Desserts
801,Imogen,Looney,5/25/2026,SA72 118G UWA3 8EJ7 YM5Z E96Y,14.15,2128.34,19334.97,Food - Bakery
802,Cindie,McDougal,3/27/2026,BG13 QMBO 0687 54BW P1JO HF,30.44,1423.26,19421.97,Home
803,Ellwood,Conybear,8/10/2026,FR02 4449 6220 27MV DK7H EPVL G02,11.55,4849.64,74764.18,Food - Produce
804,Stefano,Judd,7/6/2026,AZ74 CTOE SB0Z 78XX RIZ3 87C0 XPOB,19.75,17525.66,503540.15,Food - Frozen Meals
805,Noah,Stolze,12/12/2025,NL57 IPJG 8857 7017 09,10.54,636.51,4087.94,Food - Dips
806,Amabel,Molineux,11/20/2025,FR28 3500 1699 85M2 ZTMF N6OA F27,20.53,2053.73,7937.92,Food - Vegetables
807,Alaric,Beedie,4/23/2026,CR68 5620 3450 6804 8110 7,2.78,2011.28,26437.71,Accessories
808,Ilise,Sone,9/28/2026,GE16 YM09 5071 7068 5553 74,12.78,14024.35,905101.95,Food - Breakfast
809,Uri,Struthers,3/13/2026,FO84 6104 0183 7517 29,24.5,942.74,4240.31,Food - Canned Goods
810,Stace,Korting,4/2/2026,RO38 JGQZ DIDL KSTU DR2Z IJYS,68.48,4765.26,90413.06,Outdoor
811,Vasily,Weerdenburg,10/11/2025,SK35 2600 5484 7332 9314 8279,6.61,563.42,4877.06,Electronics
812,Giordano,Botley,7/8/2026,LB60 1743 8WQQ CBDG TVQL IHPY PV7W,51.66,367.01,3146.52,Food - Soups
813,Morry,Eyckelberg,1/11/2026,GT86 CKDS FLIX O43C RQGD 0USE ZZY5,426.9,106.58,2495.42,Food - Baking & Cooking
814,Dru,Ollivier,8/9/2026,FR48 1272 3575 00UI AHIO ODRW V08,21.43,1743.98,13890.86,Food - Frozen Vegetables
815,Owen,Manketell,7/18/2026,DE12 0580 0671 7571 6107 31,71.6,106.82,1704.29,Food - Condiments
816,Angela,Mannie,1/1/2026,ES26 4034 9892 8597 7104 4842,104.97,976.9,7532.4,Office
817,Bastien,Cowpe,10/4/2025,MK29 403C EEWJ TIV6 O68,2.42,206.78,1491.3,Food - Beverages
818,Keane,Dannehl,8/7/2026,GL20 9452 6189 8767 47,3.9,1293.69,15707.09,Home
819,Elane,Eacott,7/19/2026,FR41 3284 6491 33S1 KASZ M5N5 L56,2640.35,2446.92,32926.63,Pets
820,Benjamin,MacComiskey,7/12/2026,AT18 8927 3615 5583 8801,361.85,1926.06,20572.3,Home Improvement
821,Zackariah,Romaine,4/7/2026,TR85 5928 7AOK LM3E EQKY 09HK RA,142.15,2483.13,8774.28,Food - Baked Goods
822,Nadean,Niess,3/21/2026,SA07 34XY K8TX XCWB MDFM BXFP,19.71,93.07,1180.99,Food - Snacks
823,Jessamine,Ivanchov,4/28/2026,FR59 2220 5422 25VU Q2IK NXVI O12,22.03,148.01,2678.59,Clothing - Pants
824,Ly,Costelow,4/30/2026,FR89 5095 6581 93UT A3TN FCVV 841,14.27,2202.68,16292.39,Electronics
825,Stanton,Wycliff,4/8/2026,ES63 4566 0230 4287 9804 9795,5.0,5701.08,115168.12,Food - Salads
826,Staci,Ind,9/5/2026,LV54 EIOB BTTQ 0PM4 H0DR B,55.8,5080.21,122420.12,Food - Snacks
827,Armstrong,Zannuto,7/30/2026,BG94 GZAV 0774 109N DJJH V9,635.03,5264.39,51233.93,Food - Bakery
828,Hazel,Gimson,7/31/2026,NO47 8620 0184 773,23.11,188.96,974.47,Clothing - Accessories
829,Demetri,Davall,9/21/2026,FR04 2995 3650 62OC HDZO FLC1 V98,8.42,1535.65,21881.92,Food - Snacks
830,Brianna,Brandt,11/8/2025,FR46 6213 3123 72HG RL0N 8WDU L31,18.82,361.69,2910.85,Food - Condiments
831,Joann,Rae,11/14/2025,GE06 SA59 3563 9390 1771 86,14.51,5436.71,331972.03,Food - Meat Substitutes
832,Shayna,Palleske,12/11/2025,LU60 535U WZIH L2IK MMSZ,20.17,15603.95,403858.61,Office
833,Jamima,Verryan,1/21/2026,SA11 471Q LRJQ GFYH KAQT 8QWF,639.46,134.58,946.43,Food - Grains
834,Ariel,Snowsill,2/20/2026,FR46 5538 3932 80MR K3FC ZD74 W85,8.49,1417.36,20048.47,Food - Prepared Meals
835,Guthrie,Roth,12/24/2025,ME41 2504 1764 4141 8076 35,10.42,1416.89,15136.49,Food - Bakery
836,Anatollo,Bonney,2/19/2026,FR10 0026 5610 46S8 1OHY NA27 R58,21.86,5929.54,44134.04,Food - Grains
837,Gene,Connochie,12/5/2025,PL62 5429 0302 4837 3226 3071 5078,109.26,1869.12,9625.32,Food - Breakfast
838,Cherry,Tollerfield,7/4/2026,PS37 NHMX XVRK DHO8 3IQL YOBP PAXJ M,55.35,5114.43,45056.77,Office
839,Allie,Geeson,1/18/2026,PL44 2662 6722 7349 5705 3769 2121,63.76,4648.52,66693.97,Food
840,Dee,Asquez,5/14/2026,KZ04 099O WV5A A35K ZLSR,22.13,564.71,3728.78,Food
841,Dorena,McGreay,9/15/2026,ES65 1043 9519 4592 0796 3917,3.9,1299.48,4122.07,Food - Grains
842,Nevsa,Fernez,3/8/2026,ES80 5066 6345 6601 0589 3576,5.18,2165.84,20394.27,Food - Snacks
843,Gregoor,Frantsev,5/12/2026,GR37 7117 2729 5NRJ BRCF SCLT AGH,17.33,26.86,496.31,Food - Frozen Foods
844,Jessamyn,Eskrigg,10/17/2025,LI38 1808 1ZRH PNXO OXIY V,90.62,614.01,3332.7,Fitness
845,Hamel,Bethune,4/24/2026,ES29 9000 2376 3375 2998 5049,25.04,13091.41,184542.01,Accessories
846,Dasha,Wellstood,4/26/2026,RS07 9491 5094 5190 2706 79,98.67,2114.24,5106.6,Food - Frozen
847,Hugues,Wardrope,8/13/2026,PL08 9481 2440 3700 3121 5994 7171,6.51,4890.8,107064.16,Food - Bakery
848,Courtney,Juste,3/8/2026,HU81 7821 9597 9540 8374 3466 0112,29.59,3763.83,47733.97,Electronics
849,Garey,Haquin,3/27/2026,LT30 1932 2166 6512 1707,172.44,752.33,2018.93,Accessories
850,Jobyna,Kendred,6/14/2026,GE70 LQ11 1243 5576 0990 17,81.55,935.64,4297.91,Food - Snacks
851,Ophelia,Titcom,6/7/2026,FR79 2642 1925 67EA P0ME CHBU V02,17.35,2495.57,16337.51,Food - Fruits
852,Brandise,Turbayne,12/28/2025,IS84 6920 9068 7020 4554 9307 34,109.27,2473.36,5528.49,Food - Beverages
853,Katleen,Grant,9/27/2026,GE05 CB09 3658 3401 7868 89,26.8,5543.92,100845.23,Food - Baking
854,Martie,Mounter,1/29/2026,FR62 2538 7988 24RY SXMS JZYK Q41,15.7,2109.6,27109.38,Food - Condiments
855,Prentiss,Hawkridge,4/17/2026,NL24 ACID 1743 2365 51,35.46,1150.79,13054.88,Food - Spreads
856,Leopold,Cathrall,4/15/2026,FR27 6251 0281 36J2 DWEZ XJ8S T57,44.28,2280.36,8137.12,Food - Dairy
857,Datha,Coxall,4/29/2026,GI64 MCDT SB3E SSXB DNA3 KEJ,22.62,157.77,1882.76,Outdoor
858,Shelby,Leal,6/5/2026,SA19 49FX NIE5 PUXS DCT7 NSPS,136.11,1827.7,24740.8,Food - Frozen Meals
859,Udall,Najafian,7/6/2026,RS64 3459 6387 0303 9008 29,19.51,508.41,6258.77,Food - Snacks
860,Lilli,Binnell,12/14/2025,AZ62 FJDV YAVJ 4XLU H3KD SABJ HZVJ,11.09,2040.52,16248.11,Food - Meat
861,Betteann,Trevethan,4/6/2026,AL18 8945 2194 OFH7 HRCK BBFO PVNP,3.56,4923.98,63419.11,Health
862,Marijn,Blomfield,10/27/2025,FR87 6349 0652 99QN AUS4 Y3PS E61,99.71,1869.13,6681.59,Health
863,Ezra,Delafoy,4/20/2026,GL97 1323 9878 7401 98,21.58,3891.23,53798.17,Food - Condiments
864,Page,Osbourne,6/25/2026,LV48 ABVC JZYF OIKK FEJ1 7,26.85,131.58,1701.78,Toys
865,Darsie,Lichtfoth,10/9/2025,SK89 5507 7858 5335 4066 9609,20.38,1344.03,12709.78,Food - Dairy Alternatives
866,Dorian,Alesio,12/9/2025,PL26 2309 2796 4819 8682 3299 3788,20.48,118.44,2464.88,Food - Meat
867,Albert,Thornley,11/8/2025,LB53 9169 XOSJ A08F 8CDD MEFM W5PH,18.0,981.61,7474.82,Food - Produce
868,Rubetta,Ridd,6/25/2026,VG97 FHGF 1513 3196 0558 5343,43.88,1991.32,24962.76,Food - Prepared Meals
869,Sheeree,Bettinson,10/24/2025,BR05 3354 2407 1282 5610 9752 184P H,20.58,3005.16,38979.7,Food - Condiments
870,Sena,Nuzzetti,11/1/2025,IE68 ZJFB 4972 0867 8085 32,138.62,2131.91,21089.84,Food - Grains
871,Dave,Walkingshaw,8/19/2026,AT88 2136 7288 9001 2326,86.48,1136.3,3408.42,Food - Frozen
872,Klemens,Bake,11/26/2025,GI98 JXYA YI2K 13XE OXDW 81B,14.06,5914.85,133076.46,Food - Frozen Vegetables
873,Boycey,Demonge,4/25/2026,FO55 8415 7785 3143 51,29.58,712.73,3785.4,Kitchen
874,Woody,Rawstorne,2/16/2026,VG60 PVVI 3744 7862 0464 9266,21.55,5373.08,68228.16,Clothing - Accessories
875,Phylis,Wiggington,2/5/2026,FR84 3895 3447 26JC KQYY LFAO A19,25.12,4544.86,77204.75,Clothing - Loungewear
876,Rhonda,Di Antonio,2/3/2026,AE13 1229 2607 9209 9486 449,676.03,133.7,1432.81,Pets
877,Reynold,MacMechan,1/28/2026,FO53 1233 6739 2569 80,15.03,1372.14,8532.8,Food - Baking & Cooking
878,Angie,Blackburne,10/31/2025,BE35 9688 8069 0958,13.03,70.96,2739.63,Food - Condiments
879,Roderick,Hanbury,2/26/2026,AE59 2377 4168 8974 8108 714,65.6,1287.15,17480.07,Health
880,Manolo,Jehu,11/9/2025,LB63 8565 OHJP NZMA 2ZKF RGOQ AMJZ,22.78,3325.71,64413.29,Food - Soups
881,Wit,Ferriby,3/8/2026,SI44 8940 6445 9461 935,13.33,10255.19,100333.77,Food - Condiments
882,Ogden,Faircley,1/6/2026,ME18 0793 3498 2269 7779 80,14.95,160.24,1840.74,Food - Frozen Foods
883,Skylar,Kemish,7/2/2026,AL65 4924 8025 KB1P CGGD XFSD GTPC,17.92,2858.84,51437.98,Toys
884,Roger,Graver,6/18/2026,CH41 0072 0QRL WL1Q JBP4 V,131.51,3359.42,31786.98,Automotive
885,Patrizius,Alker,9/21/2026,BH46 QJNM TPNR JDAB O2BO 38,385.06,620.47,7410.95,Kitchen
886,Joete,Sute,1/23/2026,FR07 8828 1490 76KK IBRU DGTX 739,478.72,2248.8,18074.09,Storage
887,Birgit,Elsworth,5/17/2026,CR40 6101 9167 1179 7198 8,80.99,15129.98,268367.55,Food - Frozen Foods
888,Darcie,Jirak,11/3/2025,NO75 2713 7655 128,15.6,663.75,7503.0,Home Appliances
889,Mathias,Bodell,1/3/2026,DK27 5916 3754 5679 26,26.15,1169.26,15705.77,Food - Snacks
890,Dyanne,Sudy,3/7/2026,FR88 9481 4494 77Y3 1JRH Q21J R50,118.86,385.92,2830.16,Food - Breakfast
891,Aggy,Coleiro,3/30/2026,LB09 5071 SVOJ YCKA 9WSW W9CO N9CM,1641.42,1205.42,5493.31,Home
892,Rosella,Dowdeswell,8/5/2026,BH89 HHAR QWLR 1VWY RYQ0 3T,24.53,5800.61,354460.07,Tools
893,Tera,Fotheringham,6/20/2026,LB20 2688 SJLN DZPP EIBT LW2I RBDV,29.03,1778.17,9474.71,Kitchen
894,Audrye,Buten,8/26/2026,MD33 6JJC 6LRW FVJO KXCT HCCN,42.33,316.32,2425.92,Food - Produce
895,Ludvig,Bengle,8/30/2026,AD89 6911 9073 L06H OYJ3 GZCK,528.33,1685.57,9247.96,Food - Canned Goods
896,Windy,Moan,3/20/2026,LT85 7942 5971 1505 3846,625.74,2386.88,27738.01,Outdoor
897,Jessie,Espinet,1/8/2026,FR37 3795 7361 67GQ DJ4V GEXK Q87,4.4,1370.23,17661.35,Tools
898,Raeann,Hazeman,4/6/2026,AD23 3954 7143 RJEO N4M9 W9CU,23.99,2362.36,28540.73,Food - Snacks
899,Palmer,Gyles,5/17/2026,PL30 8299 1257 9410 4189 5063 8709,126.26,1837.05,9209.93,Office
900,Stirling,Gumary,3/15/2026,SA33 82LA FN5A ILBH DDIU CV6F,24.03,175.57,2590.32,Home
901,Ania,Verma,4/15/2026,AT51 0485 5868 3292 6921,577.04,156.21,486.6,Home
902,Lotte,Iwanowicz,9/28/2026,CR45 9577 7338 8526 3530 6,75.82,1902.51,19541.29,Accessories
903,Nataniel,Kitchaside,11/30/2025,ES26 6306 4564 8107 8010 0700,27.06,4474.51,96403.9,Food - Snacks
904,Dianne,Tabour,2/12/2026,CZ44 3717 8325 3498 6465 8302,10.76,6418.8,206827.25,Kitchen
905,Emmalee,Pakenham,8/25/2026,LV43 VQWG ZBVE KQNA 8FOQ I,16.88,1723.74,18750.18,Food - Meat
906,Alia,Ivanenkov,6/28/2026,GB83 XAIF 9551 7519 3739 91,26.66,1864.89,12962.05,Food - Condiments
907,Ethe,Robotham,10/9/2025,MU68 ABQL 5626 9209 0751 4027 900K JT,785.87,1813.77,10724.9,Food - Condiments
908,Lurline,Bracco,7/30/2026,FO76 5117 3050 1017 36,24.79,69.82,1276.3,Food - Grains
909,Erastus,Sharnock,12/17/2025,FR32 7797 6338 80I7 X8J3 T6I7 E70,44.52,3397.83,193595.65,Accessories
910,Hetti,Pegler,2/27/2026,GB91 EQON 5901 4782 4753 16,24.39,1265.35,6837.17,Food - Seafood
911,Kaitlin,Braun,8/25/2026,GE92 SX18 9125 6740 3023 84,307.43,1820.65,11848.41,Food - Beverages
912,Gaelan,McGillivrie,6/28/2026,BE27 2929 9199 9470,26.65,124.63,2997.54,Home
913,Kasper,Sabbatier,5/31/2026,LB20 0687 HBMQ XALN PIZ0 SUG5 GYP6,3.84,2054.11,12995.22,Fitness
914,Marney,Postins,2/6/2026,KW32 WROC 0KCL AZAB ZHTD ABMU I4F8 BS,9.02,175.2,2909.8,Home Appliances
915,Trixy,Akerman,12/22/2025,NO86 7839 8026 319,433.98,12354.45,87599.23,Kitchen
916,Godart,Groome,10/24/2025,FR30 9446 4462 04N5 CMV0 HG3N N70,100.9,9326.76,196084.98,Pets
917,Abe,McVitie,9/30/2025,GI80 DQYU OT8O IUCT MPGT CNF,85.68,1350.23,17503.44,Travel
918,Dillie,Silbersak,4/20/2026,DO66 3T89 0048 9242 7256 8265 3735,11.21,1302.98,3231.49,Garden
919,Celisse,Troyes,8/9/2026,GR37 2018 270A QSTC DIHU MY56 EHT,21.67,4481.24,82186.05,Food - Breakfast
920,Beverlee,Wilkennson,1/11/2026,MK54 854H 1THG LS6A O05,69.83,937.3,3042.23,Wearable Tech
921,Nevile,Ponte,8/9/2026,AL24 6670 2796 SUF3 MRWK FM0D KOHC,39.76,314.68,1101.7,Outdoor
922,Gloriane,Sellen,3/10/2026,LV78 ZLIM FQZI S48L TFEU 9,41.73,1900.33,25038.02,Food - Breakfast
923,Elaina,Wimbridge,5/8/2026,LI38 7413 0OMK LIMM G2HO O,337.09,1521.66,18018.58,Health
924,Wilfrid,Coom,5/1/2026,HR81 5005 2814 0988 5623 2,142.72,204.26,1769.87,Food - Salads
925,Ree,Pitrasso,2/13/2026,HR46 7761 9340 3985 4159 7,2.24,5639.56,442566.74,Pets
926,Doralynne,Wyles,9/8/2026,IS82 0042 7173 1842 0588 4987 11,97.99,2127.09,18603.39,Food - Fresh Produce
927,Carleton,Krollman,9/13/2026,GR74 7471 473W FUUW NP4D MUX1 MS8,117.04,5899.74,95072.6,Food - Desserts
928,Kalvin,Losemann,4/17/2026,BR71 6484 2570 7437 4830 1908 585J 4,324.24,344.7,4235.64,Automotive
929,Chrissie,Brando,5/21/2026,FR60 2510 2528 560U PKK8 P7DT Y28,165.72,1528.53,5800.11,Home Appliances
930,Nealon,O'Sesnane,9/23/2026,PS05 CMYS G75V JG0Q CY8T KJQD UM8V W,22.07,252.61,3139.8,Food - Canned Goods
931,Wolf,Innett,10/5/2025,DE08 7251 0209 9098 8085 24,13.21,564.77,2229.26,Audio
932,Cassondra,McElory,3/24/2026,IT78 Q132 7833 295O BVWH P9FR M8Q,25.69,2368.19,25649.92,Office
933,Carmon,Kytter,4/5/2026,MK85 442K 7ZFJ YBJI F07,3.79,476.72,4410.04,Food - Grains
934,Jan,McGinn,8/4/2026,EE93 4181 0594 9066 6053,102.64,2025.11,29788.94,Food - Salads
935,Courtenay,Doudney,5/25/2026,FR65 4773 9938 81GS OZEM UKJ1 461,13.25,14613.39,325899.24,Garden
936,Norine,Dast,5/9/2026,FR34 6041 1444 69ZA KTGZ ALOE F05,278.08,2363.47,16863.37,Kitchen
937,Tara,Lynam,4/26/2026,FR90 0462 4376 34UZ NCFG 8JUF C57,7.59,2033.95,9793.99,Kitchen
938,Mayer,Totterdell,3/20/2026,PS33 VMET QUIM THSZ RTIB GFN8 RLD9 J,306.04,1011.49,11486.4,Accessories
939,Elvera,Rivett,6/10/2026,ES41 8342 8683 2984 1611 9852,17.9,210.56,281.95,Kitchen
940,Julian,Simister,12/13/2025,FR54 2659 0775 50CD 2IR0 SFV6 G90,11.78,2654.45,65570.78,Office
941,Damita,Crilly,8/21/2026,GB98 BYAJ 9795 1215 9536 77,27.92,2025.87,11799.88,Garden
942,Jerrold,Dutteridge,3/5/2026,BE48 5458 1505 3954,414.58,2259.27,23346.19,Garden
943,Pip,Jiggens,1/19/2026,FR27 3647 2754 40CS BCXR ZYUR S51,94.28,1350.26,6954.93,Food - Canned Goods
944,Rosalind,Dungee,2/1/2026,IT07 B251 4683 528W A9DU F1SQ ZME,38.76,5846.46,116556.04,Food - Frozen Foods
945,Sheelah,Pancost,4/7/2026,KZ92 5254 GZFB AB1Z WY65,3.13,65.13,746.42,Crafts
946,Eimile,Larsen,7/29/2026,IL26 8136 8462 6205 8873 690,1552.21,80.75,2955.22,Books
947,Neville,Sporgeon,7/31/2026,MD67 4FAG TS3S DZP2 JSJ2 LECK,80.93,2472.54,7439.93,Food - Cereal
948,Ruddie,Fleay,9/24/2026,SE57 6429 1026 9234 3098 3843,19.74,1279.99,5149.11,Clothing - Outerwear
949,Carr,Rambadt,10/9/2025,LT94 4304 3434 9202 2581,27.85,149.49,2530.78,Food - Snacks
950,Janeva,Leblanc,12/4/2025,LU88 126E GW6A PRBM OEG6,15.5,7135.33,49452.04,Outdoor
951,Lindy,Sieghard,8/2/2026,IS94 4852 1786 0634 9668 7900 69,17.41,1070.63,5065.86,Food - Snacks
952,Jodi,Hatchman,7/7/2026,KZ85 146F NUU0 FYRK Z0OX,12.4,371.31,5449.51,Accessories
953,Gideon,Nursey,7/17/2026,IT12 J475 9159 2855 YC4R EHBX VFA,16.93,1573.48,3819.9,Food - Produce
954,Ned,Gratton,12/31/2025,AE28 6037 4488 5334 1610 517,183.53,5477.05,35639.61,Food - Snacks
955,Jonathan,Denny,2/3/2026,RO81 MYNQ YVKY PWDE THUG BR03,2863.05,2766.4,53493.53,Home
956,Mariel,Chadburn,2/20/2026,SK52 6551 9099 9716 3304 1579,3.27,1263.87,15191.73,Clothing - Tops
957,Emmalee,Pittham,12/17/2025,CR89 7789 8128 0314 5323 2,17.17,1649.07,4091.33,Food - Snacks
958,Courtnay,Jeskin,8/24/2026,MK12 654G F1YG KZVQ L06,2.36,324.29,2026.45,Food - Seafood
959,Cyrus,Coulthard,12/5/2025,AE94 4319 1926 7317 7260 974,11.16,734.83,6658.76,Toys
960,Pattie,Heskey,6/1/2026,KZ05 701Q IRK7 GCA4 0PF9,14.92,4034.23,62635.36,Clothing - Footwear
961,Fletcher,Sydenham,11/7/2025,MR72 3919 1187 7033 2678 4873 260,25.93,1217.77,4071.47,Food - Prepared Foods
962,Morgun,Kowalski,10/28/2025,FR65 9910 1885 02YK NXKF TSQG V65,18.45,74.63,2902.75,Food - Beverages
963,Val,Frome,4/19/2026,FI49 2516 3663 5176 36,21.19,4875.37,89151.95,Clothing - Footwear
964,Judi,Treven,2/19/2026,FR81 1222 9250 76ON NPUB T54C N19,35.49,1404.82,8302.13,Food - Dairy
965,Fabio,Cool,8/10/2026,SA29 48AJ HDEW ZNJF WY0G A069,37.17,622.13,6825.59,Food - Condiments
966,Ema,Worton,8/30/2026,BR40 1870 2675 5277 2090 6615 890H E,24.59,2321.7,18929.48,Pets
967,Zackariah,Grimshaw,12/15/2025,BR58 9607 7193 0912 8164 2889 137M M,20.0,168.31,2163.13,Home
968,Janaye,Bottomley,7/4/2026,CY16 0806 0766 AWCO EIVG EOH3 KFWL,17.83,1584.42,17024.64,Food - Cereal
969,Franklyn,Pardon,3/14/2026,SA23 015C NJSB EFIP VGZK GYN9,55.49,126.77,2180.75,Kitchen
970,Jasmine,Guinness,7/29/2026,HU08 9887 1913 3784 4282 7376 4128,25.48,1730.21,4580.12,Kitchen
971,Jeremias,Skippings,5/21/2026,PS83 KKIJ 5JVI 4CHT J9IQ Y4BN 2NPI U,16.52,720.41,9229.69,Toys
972,Ulrike,Lonsbrough,6/30/2026,MC35 6394 5493 98WX FD8A CUCH Z57,19.08,1054.9,3474.06,Accessories
973,Ophelie,Worlock,8/1/2026,RS34 8124 8911 1938 5187 98,14.26,1250.7,4629.37,Pets
974,Codie,Cheston,1/28/2026,FR66 5466 1292 38RV 9IPM XPMR P88,483.21,154.94,959.45,Home
975,Farris,Gibson,5/11/2026,SI41 3708 1887 9737 169,2415.64,419.47,4064.97,Food - Spices
976,Charleen,Margrie,4/11/2026,DO30 OSPL 8046 3022 0470 8390 9750,16.62,10170.85,172386.33,Home
977,Carter,Bowler,9/6/2026,FR34 2041 1398 32IJ LWEL AWAN 641,15.69,2237.89,31620.74,Kitchen
978,Sheba,Jerg,11/20/2025,SE90 1693 4799 4231 0317 8495,6.59,1356.6,12607.55,Food - Bakery
979,Mikkel,Labro,10/13/2025,TN43 5626 5915 1513 3627 1556,18.2,1744.87,9420.91,Outdoor
980,Rosa,Kinnar,3/15/2026,BA27 0223 5038 2360 7695,119.3,1312.76,16835.04,Food - Frozen Foods
981,Claudelle,Boumphrey,2/12/2026,AT16 1940 4690 4079 6549,7.59,1534.6,7594.09,Audio
982,Sadye,Teulier,6/13/2026,PL54 3367 5450 3116 6635 4970 8769,20.94,187.81,2622.42,Food - Baking
983,Denna,Outhwaite,5/18/2026,AD22 9210 6984 LYFN ROYB Q3ZG,418.81,2138.65,23281.18,Food - Dressing
984,Rozelle,Kendle,1/12/2026,CY79 7390 7164 RYFR XMF3 M7DI 6MAH,21.53,1921.01,16955.56,Food - Beverages
985,Lammond,Kolushev,3/31/2026,LI77 8544 1MXL QWYE SF22 N,12.84,630.02,3624.1,Food - Snacks
986,Niko,Brotherton,11/15/2025,MC39 8086 8526 14EG 14ZF 9RJY T24,361.67,5827.44,413861.76,Kitchen
987,Ginny,Partrick,6/5/2026,MR83 0718 4554 5886 7747 1607 996,115.8,215.07,1039.82,Toys
988,Joannes,Sueter,10/20/2025,SK41 4622 1938 2976 9803 3179,120.04,266.57,2107.57,Accessories
989,Flore,Meers,5/15/2026,FR93 4115 7733 78D3 3WI3 CQCI N50,5.9,10528.57,107893.94,Food - Cooking Oils
990,Ashleigh,Vile,9/16/2026,CH22 6830 6SWG TM8D 2LNB F,26.78,242.93,2068.34,Food - Condiments
991,Zondra,Dartnell,9/29/2026,FR94 9288 3745 44QD A213 G84D R34,4.74,1831.64,23509.77,Food - Grains
992,Wolfgang,Ledgeway,11/22/2025,FR14 6758 4788 89ZG T4QW FPCJ B57,57.01,14946.69,114975.77,Clothing - Activewear
993,Berna,Oscroft,3/25/2026,FR87 9121 1058 288I DRQY YOOY P26,101.52,2004.46,15065.05,Food - Frozen Food
994,Andreas,Onions,3/31/2026,EE70 3073 6630 6232 4499,20.77,1939.97,8258.97,Food - Condiments
995,Kaitlyn,Echalier,7/23/2026,BH50 AYHK PP9E E2WP XHME 8U,17.8,12562.48,290597.11,Food - Produce
996,Carmelia,Pichmann,8/1/2026,LT75 6435 5034 7518 9103,29.62,1304.08,13209.21,Food - Bakery
997,Freddy,Dollimore,7/21/2026,FR39 5488 3075 06ID HP2P WS6W B31,741.09,5277.9,31060.23,Health
998,Felice,Niezen,8/21/2026,LT28 2673 6886 6928 0676,538.12,1558.4,21000.85,Outdoor
999,Torrey,Faulkener,4/15/2026,KZ37 319G XECP EQNB ORMZ,448.42,4841.32,68817.55,Food - Canned Goods
1000,Florrie,Griniov,10/10/2025,AL04 0707 5359 NHCO IWEI EJO0 DDIG,26.68,744.07,4692.96,Food - Frozen Foods
1001,Hunfredo,Blankman,6/2/2026,FR90 4176 7227 29JC 47BI UV7G J58,22.93,625.19,4067.23,Food - Baking
1002,Dulcine,Gebbie,9/14/2026,FR72 2875 1029 29RT I4SG ROER V88,23.53,8735.92,183406.49,Food - Grains
1003,Genia,Windows,11/8/2025,NO48 4494 5528 169,27.63,1788.03,19447.39,Food - Canned Soups
1004,Ogden,Real,1/28/2026,MR28 0247 2503 0563 7710 0431 446,17.88,1633.47,18629.8,Food - Dairy
1005,Christoforo,Eldon,1/20/2026,MK98 441C ZV9J 5LIH Y82,27.13,1133.63,6206.54,Safety
1006,Garreth,Sizzey,11/27/2025,VG88 CSPJ 6867 6313 2898 3751,27.86,2179.64,27957.06,Food - Condiments
1007,Aristotle,Dunsmuir,6/26/2026,MC76 9247 3479 70IK JSDK 8JYZ 076,16.73,640.31,2518.77,Food - Frozen Desserts
1008,Terrijo,Bird,1/19/2026,MR50 5912 6006 1422 4635 2284 823,28.38,17290.27,681707.73,Outdoor
1009,Normand,Defond,2/16/2026,CR97 1441 0043 4399 0326 5,5.75,17887.17,328720.53,Beauty
1010,Loralyn,Shalcras,3/15/2026,BH42 LYVQ IKUD A4TF XCSC LH,17.98,961.77,9684.89,Food - Vegetables
1011,Alissa,Korda,10/31/2025,SM88 P721 5769 1663 FAZD VK1Q EEK,3.25,1936.86,20535.6,Food - Seafood
1012,Fayette,Dionsetto,1/27/2026,MU31 DXDL 1087 9920 5277 8594 299I GU,141.97,4748.44,24629.98,Kitchen
1013,Auguste,Brobeck,11/16/2025,IS09 7777 1042 9836 2284 0060 60,15.13,12105.26,81747.33,Food - Dips
1014,Corty,Furtado,10/7/2025,KZ94 811B ZVLJ BKXB DRVE,97.81,4374.9,49177.72,Outdoor
1015,Lindsay,Croan,6/24/2026,DO75 CUUE 3983 6111 0856 5630 7458,5.77,1004.1,13462.03,Food - Sides
1016,Marsha,Whiff,11/8/2025,GB22 XCRB 3695 9005 6303 11,79.96,1157.05,13734.13,Garden
1017,Marney,Wheatley,9/1/2026,AD84 7315 9054 KBUP OEAB QME5,122.12,184.58,1259.21,Food - Sauces
1018,Eloisa,Fauguel,7/8/2026,SE40 7378 8736 7848 6655 7403,18.18,1753.13,15552.13,Clothing - Accessories
1019,Pammi,Duckers,5/25/2026,AE45 2329 4580 5465 3902 013,14.67,674.78,6082.87,Food - Salads
1020,Brandy,Michelmore,1/22/2026,BH43 KTRT PCUV GCTD ZTXG QX,18.77,1874.76,22466.97,Bicycles
1021,Binni,Cutler,1/28/2026,IT94 F077 4391 958Y 7NBD NK4I I27,130.61,137.29,2978.82,Clothing - Skirts
1022,Hi,Blaskett,2/9/2026,MK26 187O JMFV 7FF7 C03,48.81,916.92,2116.05,Gaming
1023,Paolo,Larcher,9/25/2026,BR67 9859 4583 6207 0525 6350 797Z 6,18.57,3590.51,144780.13,Food - Produce
1024,Tomkin,MacCaffery,3/18/2026,IL67 1686 4462 7611 7840 566,409.47,5182.87,49055.07,Food - Bakery
1025,Gisella,Bignell,4/1/2026,LV95 ZTIN 2R64 LFXA POJL V,3.88,713.05,7481.73,Photography
1026,Eugenius,Baguley,2/21/2026,LT40 6194 9230 2228 8586,26.72,1177.84,8537.68,Automotive
1027,Gerardo,Cescotti,5/18/2026,PL94 8984 1821 0574 2617 3069 9045,24.24,1056.0,6676.45,Clothing - Shoes
1028,Spencer,Slowey,11/8/2025,GL21 9734 3606 1759 55,12.27,487.71,1456.93,Outdoor
1029,Flori,Beverley,4/4/2026,EE35 1163 1347 2933 8156,29.78,1784.82,7209.74,Food - Bakery
1030,Corney,Leythley,3/17/2026,MK67 489B JVFK 2E3G 696,7.94,2100.39,7225.27,Food - Condiments
1031,Merrili,Fayne,11/2/2025,SA67 79UL EPQN BUL9 7JXF JJYY,9.5,457.8,5494.75,Home
1032,Pattin,D'Antonio,3/20/2026,AZ51 UDRS HPLE E66F OBPU AFJE BUMX,4.72,846.35,2617.05,Food - Canned Goods
1033,Olga,Kadar,3/7/2026,FR90 9445 0499 662N BHZT HHIW T37,18.85,806.46,2931.63,Food - Canned Goods
1034,Arne,Tolomei,4/21/2026,RS74 1869 8744 6236 2250 11,25.26,170.68,1361.92,Clothing - Dresses
1035,Mersey,Stronach,7/6/2026,MK56 846R XZON GIKH R82,21.66,1012.89,4766.08,Food - Canned Soups
1036,Boniface,Menichino,4/30/2026,NL40 BTYD 4386 3216 37,131.14,2033.22,24845.0,Storage
1037,Cheryl,Longthorn,6/29/2026,NL02 ZSRY 9958 0607 35,3.61,4139.51,68449.82,Art Supplies
1038,Fairleigh,Filipponi,4/7/2026,LB34 9586 Q3Q4 NTKI 05OA F6KU GEIX,16.24,2599.79,35392.88,Food - Pasta
1039,Trude,McGrady,9/28/2026,DK44 5214 7187 8670 63,6.94,14.89,12.49,Food - Snacks
1040,Franzen,Chidler,3/6/2026,FR26 1181 0041 30VU KXAI 4ACK H67,188.29,1929.26,20751.18,Kitchen
1041,Alexa,Bullas,2/26/2026,RO30 CYZQ DHF7 VRKI C96X VKVC,29.34,2568.47,20137.28,Food - Bakery
1042,Fania,Aldwich,12/22/2025,KZ49 886F LQRY VEYB VIRV,136.77,9911.86,325913.52,Pets
1043,Earl,Soles,9/1/2026,PL66 4871 1616 7464 8193 1264 8682,3.74,9977.68,124550.66,Food - Breakfast
1044,Robbie,Struijs,2/22/2026,VG93 TERS 6799 2233 7933 4094,614.26,86.08,185.83,Clothing - Accessories
1045,Michel,Whiteman,12/14/2025,BH13 ILIV C6JM I18Y R6ML D7,4.75,4893.9,39614.68,Home Appliances
1046,Rhiamon,Bazely,6/26/2026,GR88 0490 122N QQ6C M3VT 7SY3 520,95.35,2590.45,59386.65,Food - Bakery
1047,Zechariah,Checklin,11/2/2025,LV81 BCBC PXKA RDKF 7VED N,23.0,3532.64,61891.22,Kitchen
1048,Jacquette,Olesen,5/31/2026,AE38 3311 0003 0348 7123 660,722.99,639.06,4905.94,Food - Salads
1049,Dana,Prichet,7/14/2026,LT03 0418 5783 6120 7761,19.19,1419.05,8412.3,Clothing - Accessories
1050,Anthea,Rate,3/28/2026,HU94 1241 8018 4069 4278 2757 0506,29.63,4896.69,61649.46,Food - Frozen Foods
1051,Donnie,Hauxwell,4/24/2026,CH23 2256 5HHW JVSR ASOU P,12.7,2065.82,21591.02,Food - Condiments
1052,Alanah,Cocks,7/25/2026,BA78 8655 6871 6411 5234,12.8,759.39,7992.32,Food - Bakery
1053,Carolyn,Britee,3/6/2026,FR92 3179 9848 055A V5Z0 E3YV Q63,3.24,5450.51,131631.83,Food - Frozen
1054,Clarissa,Dibden,5/25/2026,IS24 6682 9910 5081 0644 2889 13,763.97,1456.69,7441.08,Outdoor
1055,Ulick,Crisford,6/17/2026,PK15 LENK H5UL 62FZ WU1W 6GFK,30.53,3729.75,23865.84,Smart Home
1056,Alf,Geraud,2/13/2026,GE53 IH16 0283 5878 3650 70,29.88,1399.91,4067.94,Food - Frozen Foods
1057,Cherise,Fassan,5/6/2026,LU13 789F F6QY VD8S JUK2,57.14,16.14,1926.14,Electronics
1058,Park,Sale,5/27/2026,NO48 6714 0268 792,9.09,11869.55,132968.15,Clothing - Bags
1059,Mill,Fellows,11/22/2025,FR95 4184 4995 60HE 6QTP SBB2 T86,31.38,5816.86,36301.51,Audio
1060,Charo,Carragher,11/7/2025,CY75 5003 9056 1BSQ PDAA IZ9L ONV0,29.03,1703.11,5367.07,Food - Snacks
1061,Shanta,Bodleigh,11/19/2025,CR31 3475 8289 3409 1868 0,33.95,5588.58,122469.83,Food - Sauces
1062,Torry,Rimington,7/19/2026,FR47 0964 7111 987R J0NT X2RS F64,24.32,1388.94,8798.09,Food - Seafood
1063,Kathye,Offell,3/10/2026,DO02 OAWB 5965 1309 7651 3577 8102,4.98,5790.59,68419.37,Kitchen
1064,Jermaine,Grass,10/18/2025,GR03 1792 819S XGBI L8JT 7STW FGU,137.1,1899.4,7734.49,Outdoor
1065,Nickolas,Bolte,2/22/2026,AT12 3244 4790 6248 7211,22.63,3182.05,176942.66,Food - Dips
1066,Elle,Joris,2/25/2026,NO25 2840 4287 266,331.96,1788.2,4323.18,Audio
1067,Rozelle,Waleran,9/13/2026,RS95 5853 6657 7216 0561 10,18.47,629.71,9190.4,Kitchen
1068,Corny,Dukesbury,1/8/2026,LV49 SUDC TJQM UWMC WBTA 5,26.8,2490.44,14061.74,Home
1069,Maren,Garrattley,3/21/2026,MK98 441L YG6H 7CFX H36,15.34,2374.05,15448.17,Food - Baking
1070,Stacee,Martyns,9/28/2026,FR78 0510 5507 73VR TS1L SNYD Z04,36.36,1295.16,8064.53,Outdoor
1071,Alfreda,Waine,2/20/2026,FO13 4787 7531 6211 81,2137.13,5215.59,76449.65,Food - Frozen Fruits
1072,Erroll,Burkert,11/22/2025,AE12 4338 9392 2291 3169 364,115.98,17309.88,384108.47,Food - Snacks
1073,Gene,Johnys,12/23/2025,PS78 LSIB X6XN IDZM V5I5 UKA4 YN1M 8,101.58,920.36,11363.01,Food - Seafood
1074,Jesse,Tumulty,12/17/2025,AT05 1113 9966 6124 4110,18.96,830.61,10492.06,Food - Prepared Foods
1075,Jillana,Tewkesbury,5/30/2026,MT54 UYUN 2618 0FYP PAXJ BBWY AV0J 2MP,16.36,5790.61,101805.78,Food - Baking
1076,Kelila,Files,4/20/2026,FR36 3840 5994 67GO TSWE 6TL5 C35,17.68,4104.68,71155.71,Outdoor
1077,Enos,Cambell,3/12/2026,MD89 EOTR Q2ZC ZZPZ DOXN GOVO,6.16,1653.9,14750.73,Food - Beverages
1078,Rolando,Pee,3/12/2026,LU36 3577 LFML AOLO 4UMA,148.63,135.47,1803.27,Food - Frozen Foods
1079,Brittni,Camm,7/17/2026,BE30 6710 4708 2176,107.52,3601.92,75454.55,Food - Meat
1080,Caralie,Hoggins,3/29/2026,FR90 5779 9325 34GI VEVR UNFF G53,16.55,990.94,6990.19,Crafts
1081,Nicko,Beardmore,2/13/2026,AL40 4101 7178 ECYS FSRC XVIY MNQW,8.74,664.5,4181.41,Kitchen
1082,Gaby,Hirsch,4/14/2026,NL10 XLIU 1807 6867 84,73.23,4169.58,38837.49,Clothing - Swimwear
1083,Misha,Pitherick,10/21/2025,MU67 DRGW 3109 3022 0573 3277 448Y XX,71.03,1121.39,15661.29,Food - Salads
1084,Pammy,Downing,10/16/2025,FR22 5053 2835 158M U35M YEDC S35,19.7,1333.19,2876.71,Food - Frozen Foods
1085,Wayne,Schruyers,2/5/2026,GL27 3009 5514 4412 46,3510.58,3381.83,40761.79,Pets
1086,Aldus,Benwell,11/7/2025,MR84 5218 3860 6931 8840 9820 004,5.47,1183.86,16131.73,Outdoor
1087,Doy,McGoon,1/18/2026,AZ06 LSHR 6HZX YYS8 LR7P VOUK G1OQ,135.0,104.68,2170.04,Food - Dairy Alternatives
1088,Jake,Syvret,11/3/2025,LT20 6599 5088 7847 9593,26.88,2225.08,29691.62,Home
1089,Viv,Lerer,2/28/2026,AD89 6176 0622 BLDZ VMUI Z6BJ,72.32,640.01,3929.56,Food - Snacks
1090,Krishna,Glasson,11/17/2025,ME34 6635 9713 9127 9838 67,3933.23,560.05,7889.98,Food - Grains
1091,Emmy,Giovannilli,5/6/2026,HR12 9122 0458 8861 6672 0,123.95,775.94,5632.64,Garden
1092,Orelia,Walsham,3/17/2026,MD16 11F2 TWXS NP2A RJZI QYBK,9.34,2498.81,29565.09,Food - Pasta
1093,Minne,Firby,12/19/2025,FO67 0125 3869 0229 17,13.22,639.08,1522.2,Food - Pasta
1094,Chet,Wane,3/20/2026,VG55 YOHA 5240 6416 7377 1290,18.53,502.08,1121.6,Food - Baking
1095,Brande,Puckham,6/4/2026,LB81 1661 SWHA XKEJ K2PC LD7L FMUP,3.09,12163.55,426368.47,Food - Condiments
1096,Rhett,Widd,11/10/2025,GL76 4694 6806 4163 26,55.96,285.93,1789.87,Food - Condiments
1097,Myrle,Kintish,8/9/2026,CZ69 1541 4816 0086 9374 2895,5.64,2008.64,21871.12,Food - Canned Goods
1098,Adi,Ibotson,9/22/2026,MT93 AFKP 2109 0OZ6 D39D T0QQ SJWD EQP,12.34,1000.57,5495.09,Garden
1099,Markos,Gepson,1/22/2026,FR23 7248 8799 410M QU0Q INLI B28,24.04,11198.92,226277.35,Kitchen
1100,Dorey,Chartman,6/5/2026,SI63 2346 5232 7603 101,9.71,1609.69,20411.94,Outdoor
1101,Norah,Lequeux,4/7/2026,FR28 6509 7610 06AB SFFC TKHA W90,14.45,1272.71,13369.09,Food - Household
1102,Beryl,Dillow,8/17/2026,AD38 1042 1358 S4NX FW72 WPQD,17.47,4780.95,51483.64,Food - Frozen Desserts
1103,Mickie,Wells,3/10/2026,IS59 6628 5806 2128 8869 7733 05,20.37,227.68,1124.02,Crafts
1104,Galina,Duthy,10/24/2025,MD40 FN60 UCPU PWMG AZ7G CQMU,4.4,283.41,1844.27,Fitness
1105,Jesse,Astall,11/4/2025,MT37 PGHE 5661 8RVW 2F4E 5YYR 2THU PFQ,28.67,1466.16,8924.99,Food - Grains
1106,Vi,Saffen,9/9/2026,AZ74 DKIE AYMJ EVIA MJZE QFO8 V36R,18.9,2950.47,70542.3,Clothing - Dresses
1107,Abigale,Powis,8/2/2026,FR07 2490 4475 64S2 BKOL I3UI J69,69.02,2279.71,23716.22,Food - Deli
1108,Danette,Tatam,5/15/2026,DO02 IPOV 4315 8507 0582 6030 2965,27.76,1530.65,3423.96,Food - Pasta
1109,Elsinore,Bicheno,7/31/2026,GT71 XLMJ KGIS PBTD ZUEY MMZJ AHWS,13.31,2627.99,158055.27,Food - Dairy Alternatives
1110,Ruby,Solomon,5/16/2026,GE67 BK06 3319 4150 4918 21,2621.55,2696.06,59688.36,Kitchen
1111,Gennie,Sabine,1/25/2026,FR55 6431 2659 05CJ JZFE 312B N45,270.07,5023.12,61743.94,Food - Prepared Meals
1112,Wald,Batcheldor,8/5/2026,AE86 3565 9872 6226 2875 555,2.88,2128.64,11170.75,Clothing - Footwear
1113,Godiva,Joiris,8/20/2026,SE22 0681 1837 6078 2599 9581,530.69,309.58,1125.13,Garden
1114,Jobyna,Coche,12/3/2025,HU95 6547 6118 5879 7581 6723 0402,15.73,1772.22,6249.67,Clothing - Activewear
1115,Bartholomeus,MacCaughey,9/2/2026,FR66 7140 0315 581W KUAB QMW6 804,26.9,2140.68,14711.92,Automotive
1116,Ree,Marquese,8/23/2026,BE33 9600 0353 6562,15.79,2458.19,25843.31,Food - Fruits
1117,Kassie,Dudson,2/7/2026,HU95 2573 3010 8268 4087 4655 9074,24.35,140.7,2130.01,Food - Snacks
1118,Jerrine,Vannikov,1/1/2026,ME63 1491 9112 2300 9209 29,11.38,5257.01,129413.13,Toys
1119,Jamison,Mould,4/2/2026,BA98 1121 9070 3346 2120,60.78,837.13,10188.81,Bicycles
1120,Jacquelyn,Keenan,11/23/2025,KW64 XNQN AZ5M PS03 FT48 RBJT CQZI BI,220.31,1922.5,16217.74,Home
1121,Annora,Pickford,3/30/2026,SI48 6956 7579 8347 602,114.39,57.27,1413.25,Photography
1122,Renell,Bett,6/14/2026,FR58 7911 1219 93UM IQMW ZOFY L87,21.57,4988.82,33832.1,Smart Home
1123,Conny,Bore,10/29/2025,AD89 3660 0462 GIT3 I3N9 CJKH,52.17,8513.1,216793.01,Home
1124,Editha,Scullin,3/28/2026,KW80 UBIY 6HRD VRHE LVKM HRWZ KUQG O3,30.75,2468.45,20170.56,Beauty
1125,Veronika,Nehl,11/22/2025,EE04 0764 9612 3384 9114,118.66,4604.07,76527.17,Outdoor
1126,Hollis,Simenet,1/18/2026,CR20 8877 5903 9920 1507 9,692.87,1695.2,21007.71,Home Appliances
1127,Cristal,Twiggs,11/13/2025,ES51 2682 2570 4185 2868 8143,319.0,1670.23,13770.7,Health
1128,Junina,Giller,4/11/2026,ES41 8213 5189 7810 2741 2740,24.92,1545.54,4683.99,Food - Prepared Foods
1129,Bone,Bielfelt,3/27/2026,FR85 1071 7130 55XM O1HI 51XD X39,107.23,2407.79,6752.93,Clothing - Accessories
1130,Massimiliano,Juste,12/19/2025,FR69 4165 5575 51GA ZNKP UNKO O24,117.59,595.67,3747.45,Food - Frozen
1131,Annmarie,Feifer,3/10/2026,GI67 EHSD NRAJ SAS1 VACD X9L,46.61,3817.56,175038.5,Accessories
1132,Teirtza,Wadlow,6/23/2026,FI70 5724 7132 9085 43,2768.52,1577.57,17081.23,Pets
1133,Jordain,Maddern,4/22/2026,FR47 6848 1970 52WN LGRB ZSHO L60,24.66,1663.38,18465.05,Clothing - Swimwear
1134,Humberto,Caughtry,7/1/2026,LI97 8591 8BPM ZDHD ZHPJ E,570.08,1224.15,14377.94,Kitchen
1135,Mattheus,Beningfield,3/17/2026,GR43 0045 024K EMIL CB7C 8LJR ZHT,27.45,17517.92,440400.12,Pets
1136,Cordy,Ash,10/25/2025,FR17 4574 4931 62Z5 DWGE XJJR 308,286.81,2872.88,215320.87,Gaming
1137,Carline,Sone,7/25/2026,PT95 3275 8919 6754 6708 8227 0,14.42,319.23,1459.18,Home
1138,Heida,Kermath,2/11/2026,AL14 9474 1987 U7ON 6BKV QHGW IL0E,22.77,2080.78,7555.88,Food - Grains
1139,Jard,Mariner,10/7/2025,CZ39 0952 3376 7277 3333 0757,11.19,1804.09,24534.82,Food - Condiments
1140,Celia,Godfray,3/24/2026,PT75 7593 4203 8582 3571 8811 7,10.2,931.41,4645.27,Kitchen
1141,Marieann,Exelby,5/26/2026,FR64 9505 9413 57ZV QJLJ JVFG K36,26.68,17305.57,389580.8,Food - Meat
1142,Reina,Jovis,8/2/2026,PT94 6065 6843 0389 5900 5035 2,4.42,1711.09,22322.99,Food - Vegetables
1143,Francyne,Wilderspoon,4/10/2026,GL48 3460 4872 0451 93,574.56,90.87,212.97,Food - Condiments
1144,Budd,Bulbeck,4/4/2026,ES04 1972 6595 2417 1134 4268,162.38,1662.84,22437.78,Food - Condiments
1145,Ellie,Lebreton,4/24/2026,DE92 8939 1669 0072 1745 29,18.78,1638.69,7494.9,Food - Soups
1146,Averill,Conti,9/26/2026,FR26 6138 4311 79ON NREJ WVKD V69,26.12,1807.43,21437.06,Food - Sauces
1147,Lorianna,Rennison,11/10/2025,MT95 RXLM 0197 2BXX XBE1 TOVN IVOY EQU,19.63,992.53,9069.7,Fitness
1148,Aida,Spaducci,8/4/2026,FR88 9652 4885 45NE 5TAI KMSI 514,65.55,7093.87,125169.67,Food - Breakfast
1149,Yance,Beushaw,7/1/2026,KW57 NRCY EFLI ONCE PYKN 8S6F YJ6V LT,21.69,1413.58,20165.99,Food - Canned Goods
1150,Octavia,Maestrini,8/24/2026,MK93 632B GJNR 9XO2 O99,7.44,990.56,12922.16,Food - Condiments
1151,Almeria,Daughton,10/5/2025,FR67 1407 2630 34GC 6YU2 COFD 234,24.62,3436.53,66463.1,Food - Canned Goods
1152,Junie,Ducrow,1/24/2026,FR37 6506 4064 00IW J7RZ CA9K N84,1827.37,933.87,7021.48,Food - Produce
1153,Chickie,Barhem,2/27/2026,BA53 4443 7329 7084 5707,139.04,438.17,3544.02,Food - Frozen Foods
1154,Spencer,Caddie,2/17/2026,FR98 9130 6842 98OM 5NCF FZ3G Y38,23.54,195.32,822.8,Food - Beverages
1155,Patin,D'Agostino,1/7/2026,FR39 0568 8755 53EH ATSV SZJN Q17,5.38,2131.85,31879.99,Fitness
1156,Thibaud,Kniveton,5/15/2026,NO47 1856 3591 377,3.99,1619.48,19572.9,Food - Snacks
1157,Karie,Ricard,11/24/2025,GE65 QK63 2366 0861 9341 77,280.2,1202.9,11831.33,Food - Oils & Vinegars
1158,Dasie,Hainey,7/28/2026,FR20 4081 8978 21CA P1K1 QIYS K40,310.51,977.01,13328.14,Food - Grains
1159,Mable,Lowder,9/3/2026,PK22 XCAJ TNFC WPVP JJ3B QLCD,6.89,13281.89,114942.52,Food - Breakfast
1160,Niel,O'Hoolahan,5/14/2026,BR08 7394 9921 0210 2963 8926 875Q F,23.07,535.21,2079.17,Food - Baking
1161,Adelle,Dinnage,12/11/2025,TN03 6235 3338 8279 3957 0483,6.56,1643.46,5100.93,Food - Prepared Meals
1162,Catriona,Leese,5/18/2026,DE86 4642 2525 1986 0610 18,136.47,2416.3,5701.33,Food - Desserts
1163,Silvanus,Sheach,8/21/2026,DK66 2428 8031 6881 32,76.95,3294.77,77514.72,Kitchen
1164,Hodge,Morena,6/21/2026,SK76 3848 4329 7836 9982 9658,11.01,1202.1,2754.78,Food - Frozen
1165,Jessica,Mebs,7/19/2026,ME56 1573 4762 2968 9356 71,42.48,2630.07,38982.57,Pets
1166,Cozmo,Forster,12/31/2025,FR51 7752 4708 693M R6T9 AXDI F91,146.72,16606.42,423008.7,Safety
1167,Emelita,Bishopp,5/15/2026,GT69 URUG JPPE MCES HQHU LULH DRAW,675.09,5868.22,94937.87,Automotive
1168,Eric,Phuprate,6/10/2026,GB67 DDVD 6414 9302 9123 82,102.83,2109.82,23048.0,Food - Prepared Meals
1169,Jessalin,Walas,3/4/2026,PK43 FIHV MOB1 ZEYG 1VKM SOUL,94.73,2046.9,24147.94,Pets
1170,Pascale,Lenden,2/1/2026,EE24 9882 1511 6727 6773,14.14,5391.4,50532.07,Food - Snacks
1171,Domenico,Exter,9/29/2026,LT74 5615 7033 7924 2791,12.35,4506.31,33280.41,Food - Breakfast
1172,Aaren,Dimitriev,9/14/2026,FR65 7680 9970 36C8 L0DA E0MY Y27,82.6,30.05,2028.1,Food - Condiments
1173,Kacy,Eslinger,3/11/2026,FR66 6281 5714 85II ILZM HDYH 637,18.05,159.77,111.38,Crafts
1174,Kati,Capstake,4/21/2026,FI67 6966 4478 8417 00,19.39,2023.65,11371.37,Music
1175,Trudie,Alflat,10/27/2025,SM65 X398 2796 2626 PS6E DDCG ULN,29.45,1224.93,10920.87,Automotive
1176,Staci,Lorentz,6/9/2026,FR23 8907 8542 24RG F5LW 3GUR G27,69.71,4710.99,76859.56,Food - Bakery
1177,Tiff,Hares,5/15/2026,PT45 5740 5613 7426 7545 3907 6,440.94,162.34,2340.84,Food - Baking
1178,Bart,Izkovici,3/29/2026,CH55 9559 4WEJ 73XT ZCGW I,6.02,1767.37,8259.1,Accessories
1179,Marrissa,Ballston,2/12/2026,GB79 XVSD 1607 2057 9441 06,11.96,1457.33,19823.52,Food - Produce
1180,Crichton,Henden,12/9/2025,MU27 JBMY 7002 1466 4028 6133 974D NH,28.15,1654.89,6080.44,Travel
1181,Maressa,Brockhouse,1/5/2026,LV50 LOCB SNLA EAJJ A4FS U,8.27,181.68,2562.29,Food - Condiments
1182,Bayard,Ikringill,11/8/2025,FR08 1921 8933 05DZ YYQV E2PK H69,41.79,1574.25,14196.33,Pets
1183,Reinold,Monkleigh,10/29/2025,FR72 7729 6823 820L MQ2D RETU U53,15.93,321.49,3462.51,Clothing - Outerwear
1184,Lianne,Hamlet,12/25/2025,VG29 HJOE 0422 6549 3766 2888,692.48,878.13,2369.22,Kitchen
1185,Jermaine,Linbohm,10/21/2025,SE34 6083 1993 8862 6676 3807,18.6,1939.42,23027.89,Home
1186,Olvan,Conkie,2/5/2026,AL04 3110 0585 LWSA BJBF NCFI HHKX,20.84,1385.96,14205.74,Food - Dairy
1187,Jaye,Provis,9/8/2026,HR73 0368 9947 9847 6919 4,11.5,3013.69,74053.5,Food - Condiments
1188,Danya,Feares,6/10/2026,AL03 4221 9370 OR87 HMVU YX40 QRFM,9.64,4209.56,35137.3,Home
1189,Evelyn,Abramchik,1/6/2026,FR68 8588 2499 48QZ OBLT 9Q13 T13,7.58,763.97,3746.49,Beauty
1190,Krystyna,Gorcke,1/10/2026,CY45 6517 4784 HDBM WPML QMDM KUQT,20.63,595.68,1922.45,Outdoor
1191,Symon,Manston,10/5/2025,BR95 0685 0858 0351 4190 8544 103G I,2.08,1401.93,18604.59,Food - Snacks
1192,Odelia,Yurov,5/1/2026,SM41 X258 6836 626W 02I0 ABF9 CSZ,7.8,2166.7,10365.71,Home Appliances
1193,Angelle,Leyban,12/29/2025,FR09 6353 9469 64S2 YJFZ VO8O G22,96.6,519.74,3027.39,Food - Bakery
1194,Harp,Blewmen,5/14/2026,GI57 UGHF 95GL DSGR OVQH TQZ,16.17,1047.26,7112.62,Food - Snacks
1195,Valli,Wilce,12/17/2025,BE04 3176 6581 7813,15.86,2392.67,6585.97,Food - Grains
1196,Joela,Viger,12/1/2025,CZ80 6340 4111 8129 5164 0204,2.0,91.16,1935.01,Food - Meat
1197,Selma,Cisec,11/5/2025,FR62 2382 1013 08C1 ZISW XC82 X62,18.96,2363.26,12392.6,Food - Condiments
1198,Mattie,Hubberstey,9/14/2026,FR35 4392 7235 10AK 51EF 8JMY 827,8.94,741.04,7303.79,Outdoor
1199,Filippa,Eldred,4/26/2026,FR03 0034 9449 11PK LT1W WZWJ C13,102.4,1367.61,4022.36,Food - Prepared Meals
1200,Goldie,Cowitz,1/10/2026,IE09 PBGF 6896 4003 5389 85,9.22,2157.94,24672.0,Food - Condiments
1201,Hunter,Drinkwater,12/29/2025,FR22 5173 2050 89QK NVLP AP3X J62,5.53,4044.09,28962.11,Outdoor
1202,Blair,Esbrook,4/17/2026,FI09 2554 6378 2455 03,143.45,1248.71,13904.95,Home
1203,Isabel,Tander,7/19/2026,IT85 A467 7069 3667 AILR L1ZC SU7,6.11,584.69,8706.76,Food - Beverages
1204,Maxie,Tretwell,5/26/2026,AZ80 VSGN ACAK XFUK JNOS IOXB NBKH,4.71,3643.09,40507.85,Electronics
1205,Jerrylee,Josiah,12/23/2025,FR84 5706 9767 02SS BYXT CCKC T68,112.16,605.51,3790.14,Kitchen
1206,Frants,Kelsall,6/24/2026,BH10 LHPH JWIY LVVV S7HO 65,23.82,4819.2,48007.95,Food - Beverages
1207,Layla,Brobyn,1/14/2026,DE84 2479 4793 9937 1122 69,18.85,13139.63,140829.19,Kitchen
1208,Anatola,Wontner,7/11/2026,FR84 6854 2577 05YR 4IFN HRTY I98,553.17,973.23,12667.39,Accessories
1209,Pietra,Jellings,3/11/2026,SA49 98VG ECDR I4MF SHJ0 39ID,15.57,3569.69,262194.31,Food - Nuts
1210,Nelly,Uttley,12/4/2025,TR65 6686 7QMO DHEJ VNI2 LIOT R8,24.36,11635.29,239544.33,Food - Beverages
1211,Charil,Rentoll,9/3/2026,FR77 2831 1124 23EK O2OZ E0TC X75,5.1,227.6,2805.52,Food - Prepared Meals
1212,Kalie,Hedgeley,10/29/2025,FR20 4990 9792 43Y4 JTS8 X0O0 M51,23.18,1896.88,12251.31,Food - Prepared Meals
1213,Dun,Frise,3/8/2026,BE89 3334 2230 0343,4.3,224.09,1014.57,Food - Produce
1214,Germain,Wellstead,4/30/2026,MU20 ZXFL 3154 6323 0067 0512 494P HB,117.49,2615.75,25014.78,Clothing - Footwear
1215,Selestina,Domerc,11/15/2025,LU83 039F MNO5 RZSQ V5XP,554.97,1116.01,7109.25,Kitchen
1216,Gerick,Episcopi,5/17/2026,FR54 1161 5028 62I0 XDWQ K1NX J64,475.33,323.32,1943.93,Food - Beverages
1217,Jacki,Bascombe,11/5/2025,KZ19 733M 4XDC BMUL HHCZ,2714.37,647.58,7505.79,Food - Meat
1218,Lillis,Eouzan,9/21/2026,HR28 5576 6703 2014 5501 2,41.37,851.66,4543.44,Food - Bakery
1219,Kira,Parfrey,7/6/2026,FI40 7883 5935 2192 73,18.69,1096.49,12049.74,Office
1220,Rheta,Wisniowski,6/12/2026,KZ13 533G YPUI Y8PK JY25,54.11,1013.48,14414.95,Food - Grains
1221,Bidget,McQuaker,1/14/2026,BG11 WUVY 0726 25JZ V8AH J4,4.82,1017.33,7985.79,Fitness
1222,Beth,Starbucke,12/20/2025,VG53 RMMB 6940 7208 4721 8103,27.79,4561.92,50970.77,Food - Grains
1223,Ortensia,Bremeyer,7/20/2026,AD42 8842 0238 TYPD DYBB G46I,29.3,360.29,2199.61,Food - Frozen Foods
1224,Field,Davidowsky,6/21/2026,FR70 7133 4751 082D V8OP YQRJ Z88,457.77,5418.67,126626.53,Fitness
1225,Reyna,Perchard,2/6/2026,AT38 3845 4003 7231 9574,26.63,4703.31,108120.44,Toys
1226,Kingston,Loveday,7/5/2026,SK05 8189 1924 9084 0386 8534,17.43,1693.97,6429.9,Accessories
1227,Rorke,Ganforthe,4/21/2026,LV23 HNQH MFSS F6WM QHBF 6,25.75,2008.44,25240.9,Kitchen
1228,Joell,Battson,6/3/2026,CZ19 5218 2010 7956 0442 6417,6.25,2027.65,19527.28,Food - Vegetables
1229,Ibby,Regnard,4/29/2026,FR03 6486 3391 64WD Y4NW SBTC N87,129.71,193.6,1074.44,Food - Snacks
1230,Joshuah,Blood,7/27/2026,SM24 C629 4170 648Y IKIZ 3W8A C65,25.85,10593.69,213429.51,Food - Condiments
1231,Luce,Treppas,6/24/2026,DK13 8578 4238 1513 26,21.97,13264.64,275030.33,Food - Salads
1232,Janna,Bibby,6/14/2026,LT34 5783 9105 7501 5395,62.56,962.7,11252.02,Food - Beverages
1233,Betteanne,Dallicoat,11/21/2025,IT83 N062 4425 089O YLYY YWDV OFA,26.76,31.31,1388.43,Pets
1234,Levi,Tolman,9/14/2026,EE70 2330 7966 7664 4062,64.45,5970.22,247048.53,Outdoor
1235,Barnabe,Trethewey,3/19/2026,DE22 4813 2524 8511 0840 76,120.61,115.69,1756.81,Garden
1236,Michelle,Stannah,5/12/2026,RS10 5607 1474 1204 9398 62,4.26,160.83,2145.18,Clothing - Activewear
1237,Goldi,Dyble,9/5/2026,IT69 G374 0714 0239 EZEA NZ19 ESE,5.37,3888.54,20911.18,Home
1238,Brittni,Baldi,8/4/2026,SK24 8656 7296 6588 7646 0637,17.17,1056.44,4714.59,Food - Condiments
1239,Philis,Carluccio,11/5/2025,CZ82 7866 2374 6567 2779 8861,8.28,60.48,2353.45,Clothing - Dresses
1240,Guy,Mattessen,8/18/2026,BE38 0374 4756 0716,249.08,2095.32,9375.0,Crafts
1241,Bennie,Gorcke,5/24/2026,LB46 4833 AVOY 59GF FIVY VYYZ 71CE,22.79,10299.71,200692.61,Crafts
1242,Leonid,Pettiward,8/9/2026,MK39 367G WXRR PXII A14,23.36,5526.92,78993.31,Outdoor
1243,Emmett,Outlaw,1/19/2026,IE74 UBKB 6552 2259 6393 82,33.7,2409.32,14839.02,Food - Canned Goods
1244,Gelya,Grindrod,10/4/2025,NL95 XBZM 0167 2907 78,19.76,245.37,1192.95,Food - Nuts
1245,Haskel,Corselles,8/8/2026,NL93 INBG 9467 1888 45,25.7,2254.12,18599.09,Food
1246,Ricard,Poppleston,4/17/2026,BG48 SSYN 0303 88ZW SSXX B0,17.09,848.21,6446.89,Food - Bakery
1247,Brigit,Tyre,11/8/2025,HU23 8629 9983 3585 7929 8299 0667,5.57,2683.85,43092.91,Kitchen
1248,Lorna,Mulligan,1/7/2026,FR33 3290 3535 176D ZPFU XTEF I56,44.19,3637.19,31772.94,Health
1249,Boigie,Matyushenko,12/23/2025,FI22 4616 9794 6402 07,600.97,1898.59,3860.86,Pets
1250,Melamie,Feldfisher,3/31/2026,FR75 8930 9199 01QH 0S3C UUUA 017,76.28,1350.26,5180.98,Clothing - Activewear
1251,Mercy,Hruska,11/22/2025,GR63 2425 365B GTXF QPXJ 8RBW MUA,24.71,2414.62,27259.36,Pets
1252,Ossie,Gillbee,6/8/2026,BG51 HRCU 6754 33KU HDZ1 RP,8.88,1266.07,9529.85,Food - Prepared Meals
1253,Evyn,Bride,7/9/2026,MT89 XZVI 6412 0ICT IUGB JQTB 3FHV X2Y,1522.99,1844.92,14864.73,Food - Snacks
1254,Ara,Frays,8/6/2026,FR15 3849 9643 02ZS 4YMX 114T I59,77.9,191.09,560.71,Tools
1255,Florence,Jeandillou,8/29/2026,NL54 MZYJ 3232 5673 65,75.97,152.6,2813.92,Clothing - Shoes
1256,Grove,LeEstut,3/20/2026,PL45 1306 0443 2145 2497 7006 9267,598.99,1003.11,11625.82,Crafts
1257,Bourke,Stuckes,2/15/2026,AD52 9945 7523 GR28 SP6F EYUY,598.22,4358.39,106980.47,Home
1258,Doris,Comsty,9/23/2026,LV28 BTJN NGUF CYTX 42UH 9,109.49,5530.13,271388.66,Food - Snacks
1259,Symon,Brade,7/18/2026,MC82 8566 8628 91F4 JAC9 A1FM B25,730.54,2128.69,24892.6,Food - Prepared Meals
1260,Amory,Berrey,10/13/2025,IE74 HNIG 3158 5040 5422 58,2.76,1958.21,17946.5,Food - Condiments
1261,Raymund,Prattin,11/22/2025,KW64 GKMM PQGE CI1V VR1K RYXW 67U2 WQ,22.71,1741.56,20632.39,Food - Condiments
1262,Heinrik,O'Sharry,6/17/2026,MT65 SHBU 5964 6LII BVD4 ACH7 JSIY BGX,373.89,1483.08,14511.7,Food
1263,Thelma,Graddon,12/20/2025,LT30 7765 9554 9971 0252,28.87,2213.79,32943.52,Home
1264,Gaston,Buckthorp,12/23/2025,FO18 9464 4505 8033 23,26.02,155.55,1035.39,Home
1265,Jules,Sholl,6/7/2026,MC74 0484 4588 87AG Q442 DTAL A97,40.8,2347.46,4886.58,Food - Beverages
1266,Car,Culbert,10/22/2025,SE49 4923 6236 6113 8552 0901,120.23,2296.44,26916.09,Food - Cereal
1267,Freddi,Catterell,9/8/2026,IE62 GHLA 1854 4685 0213 08,3.47,1419.67,8475.72,Pets
1268,Goldina,Morde,12/18/2025,BA34 4461 7394 5697 7226,42.67,2334.8,18652.05,Food - Seafood
1269,Chucho,Mudd,3/24/2026,CR20 8641 0288 5467 5313 1,7.0,4898.98,372325.7,Food - Meat
1270,Cynthia,Ivanusyev,5/17/2026,GE37 SE22 3974 0939 4519 51,10.8,1101.21,9905.55,Food - Condiments
1271,Jaimie,Zarfati,3/16/2026,HU23 3256 4119 9363 0707 3680 6747,95.07,2754.85,32556.19,Computers
1272,Innis,Buckingham,4/22/2026,LU12 067I YPFC ERNJ 74H0,23.36,11601.46,168999.62,Food - Baked Goods
1273,Burnaby,Aleksankin,6/6/2026,DE37 6325 3198 6399 4994 76,419.68,2986.07,27247.89,Accessories
1274,Patten,Pedri,11/23/2025,PT83 9493 6836 0192 2616 7288 1,3365.06,2076.96,7378.15,Food - Condiments
1275,Cordie,Kleinzweig,9/6/2026,MU36 RDBE 0574 1559 2321 0667 103D XR,14.26,56.39,1452.65,Clothing - Activewear
1276,Cori,Pouton,3/27/2026,FR29 3413 9037 36YC ZN7N TJRJ 294,5.31,5246.13,85607.66,Home Appliances
1277,Baxter,O'Hogertie,7/29/2026,DE95 7829 8518 3054 9363 76,11.32,28.1,803.46,Food - Snacks
1278,Idette,Mahon,7/17/2026,BR40 0920 0221 2257 1664 1412 020B F,2294.13,2347.21,17877.23,Food - Meat
1279,Arda,Smuth,7/30/2026,FR60 7367 3995 03B0 FLFO WVTW M67,14.84,2638.92,39498.15,Food - Grains
1280,Valentine,Ganley,9/19/2026,CZ95 6068 5415 4654 2009 0150,29.59,1587.82,9950.58,Food - Condiments
1281,Meredith,MacLucais,7/27/2026,NL14 YWYY 2373 6942 33,5.99,1846.3,17061.28,Food - Dairy
1282,Obed,Strippling,10/24/2025,GE62 LG34 9058 5056 7837 66,103.77,2457.18,35094.55,Food - Produce
1283,Roshelle,Creegan,2/12/2026,MU77 JNMK 6724 6033 1104 4956 963O AS,4.76,93.26,1482.21,Toys
1284,Deck,Dutt,8/1/2026,FO28 6719 6412 1250 00,13.08,1330.5,16773.18,Pets
1285,Terry,Shepperd,3/23/2026,CR88 9992 6391 2971 4722 8,18.6,1621.54,6573.72,Health
1286,Avigdor,Tressler,1/12/2026,DO77 PLEX 4045 4405 9152 2824 3653,136.78,1994.3,9618.22,Food - Frozen Foods
1287,Kerry,Persian,9/13/2026,LT16 5035 7107 3186 4105,2.96,5106.55,329301.43,Food - Cereal
1288,Sherilyn,Peploe,3/30/2026,LV69 GNLH MX24 EODQ Q4RT W,18.24,2316.14,29973.47,Food - Grains
1289,Yale,Scougal,8/15/2026,NO76 5627 8430 418,13.25,13292.53,328100.57,Food - Snacks
1290,Fitzgerald,Jirzik,9/2/2026,DE50 0403 0085 1714 1214 61,22.6,184.15,1894.33,Food - Frozen
1291,Bobbie,Mavin,10/31/2025,GL88 2550 9868 7544 21,7.3,17.36,801.02,Food - Bakery
1292,Even,Hessentaler,5/2/2026,GT09 JP1R NYGN M6JL BASR GUUU K7KP,12.96,505.87,1831.64,Food - Canned Goods
1293,Tad,Huntly,8/5/2026,BA51 0921 5742 0108 3701,55.58,2369.41,9489.24,Food - Grains
1294,Perren,Enric,11/27/2025,LU55 6283 GX6P NFBE QG6J,8.18,5421.62,113531.32,Automotive
1295,Danella,Chilvers,8/13/2026,BA12 1005 4304 0263 3251,9.97,5137.18,32196.18,Food - Canned Goods
1296,Kenon,Weaver,10/6/2025,FR03 0305 6030 89Z5 AGQ5 ZIIO 268,397.97,382.3,1469.71,Food - Frozen
1297,Coleen,Renard,4/6/2026,TN41 7578 5443 6695 0389 4582,2.58,1154.98,7417.85,Clothing - Outerwear
1298,Merrily,De Bell,11/26/2025,ES30 6805 7453 7029 0050 3307,10.23,2366.25,20930.88,Bathroom
1299,Troy,Gori,1/9/2026,MU43 NIOX 5041 8670 4150 4311 271G WD,22.64,3446.79,46741.38,Clothing
1300,Romain,Rembaud,10/31/2025,LV24 AVHO UOTA R8B3 V1NZ 1,96.84,217.4,103.71,Food - Frozen Foods
1301,Mitzi,Alderton,10/15/2025,LU13 063V DOCO SVPO EDOX,4.81,2290.24,14055.83,Photography
1302,Fidelity,Christensen,5/9/2026,BE37 5597 8263 3851,242.43,24.69,2166.22,Kitchen
1303,Rooney,Lycett,2/11/2026,IE11 QSIE 4474 4104 8163 00,132.37,3035.85,46684.93,Travel
1304,Inglebert,Hinrichs,4/4/2026,RS28 4722 3552 4555 7507 85,445.66,14429.41,289726.34,Health
1305,Kelsey,Maynard,5/29/2026,FR73 7631 1122 23XG PU6L TBXD 530,28.34,284.89,1463.93,Fitness
1306,Gizela,Sitlington,6/19/2026,FO24 1323 8692 3524 57,17.93,182.9,1512.28,Books
1307,Bernard,Meiningen,1/11/2026,PL07 7374 9844 9857 6510 4579 6686,96.88,4065.99,109327.28,Home
1308,Eddie,Standring,5/26/2026,FR15 8223 9603 72C9 HIKC 1Q34 T58,483.8,5864.9,231851.61,Toys
1309,Maye,Burberry,2/25/2026,VG87 BWST 4128 8371 8385 4576,313.02,1492.92,9714.63,Travel
1310,Aloin,Brydell,10/17/2025,IE89 KISA 5089 6776 1520 04,29.4,1655.55,5679.07,Food - Pasta
1311,Giacopo,Sorbie,6/13/2026,MU13 YJFY 3175 0355 3967 4008 895H LW,18.74,1741.91,17334.65,Automotive
1312,Damaris,Bellerby,3/16/2026,GI67 OWTH RQTH MAQE GXWO HKF,16.9,1305.43,6243.35,Kitchen
1313,Oswell,Gardener,12/15/2025,KW86 TEDY NRRI J6IA ASPU D4AD DKZJ QA,16.5,785.8,11069.79,Kitchen
1314,Max,Scandred,12/4/2025,KW66 WJFC ZU7J WLMC PPDU ZAZU 7RDS CG,19.6,1724.87,9020.85,Pets
1315,Jannelle,Biddiss,4/15/2026,IE63 KTJO 4023 6364 0585 94,11.2,1920.4,13337.38,Home
1316,Marley,Dransfield,5/13/2026,SM55 G110 6028 282B PVGZ 0DGX QPN,125.92,255.02,2408.14,Pets
1317,Patty,Gislebert,5/18/2026,TN86 9551 1421 8602 5045 5485,118.27,243.69,510.63,Food - Cooking Essentials
1318,Karolina,Foreman,4/1/2026,PL18 3054 2576 3122 9589 6221 0264,5.74,1200.82,4263.62,Automotive
1319,Davie,Brower,11/3/2025,MC14 7314 7801 44LL RX45 FJPZ Z43,668.14,1796.34,6007.31,Food - Meat Substitutes
1320,Ferrel,Dameisele,12/16/2025,FI24 2402 6414 6534 83,16.13,1645.16,18302.94,Outdoor
1321,Rolf,Splevins,12/8/2025,BG22 SRCA 8378 163B SMZ6 DB,25.75,618.29,2876.24,Food - Snacks
1322,Felicio,Ross,8/15/2026,FR03 0917 6466 1341 LTWQ PBOU L05,10.43,1232.65,9362.17,Food - Snacks
1323,Gary,Snyder,8/4/2026,GE35 XV90 7268 7419 9107 68,34.28,358.37,2708.08,Food - Baking
1324,Nickolai,St Angel,12/18/2025,SE26 1221 5394 2617 4595 3908,144.82,9052.9,178436.98,Food - Produce
1325,Sadie,Extall,8/24/2026,KZ38 876E 2Y2M RQ34 NQCX,44.53,6582.11,122099.23,Food - Grains
1326,Jaine,Lapping,2/15/2026,SE09 2808 8902 1692 1617 1509,24.28,524.99,6638.0,Food - Condiments
1327,Armando,Longwood,10/12/2025,AT05 6605 1200 8851 3733,419.64,93.86,2676.23,Books
1328,Kayla,Ronaldson,3/31/2026,MC92 4493 9627 094E DFED D6XV 012,10.14,1563.62,19537.02,Food
1329,Mendie,Beumant,6/3/2026,FR48 8566 4008 24NZ A0VQ TPYJ F31,20.7,237.68,1025.05,Food - Beverages
1330,Sarge,Redborn,9/23/2026,FR54 5004 7713 24M9 B22H CDDC E41,25.27,14623.04,272578.97,Food - Sauces
1331,Anne,Garms,4/16/2026,BH46 DFMZ PTSI F8SN AB6F JN,11.14,5366.88,60120.99,Electronics
1332,Genni,Gouch,5/19/2026,AD45 3551 1735 R41O UQGZ SS29,8.73,29.78,1863.28,Pets
1333,Clim,Hindshaw,9/5/2026,VG58 YXVD 5405 9546 0660 5885,28.45,598.85,5836.98,Food - Meat
1334,Junia,Kilban,11/2/2025,MT33 RALM 0426 2TOQ Z6DS 6XXF 9LLP 9DX,18.39,5945.77,76865.78,Home
1335,Amitie,Bartle,12/4/2025,MU62 VDFN 6450 2879 5749 1977 779Q HV,13.38,21.04,2044.01,Toys
1336,Jules,Metherell,8/8/2026,HU19 2510 0092 2818 8308 7194 5735,102.89,4427.95,53059.11,Food - Grains
1337,Ginger,Astupenas,8/27/2026,ME88 1097 2701 5595 4469 89,2.22,10.24,1643.8,Food - Meat
1338,Elly,Dukelow,2/19/2026,AT70 4460 9174 7612 9831,8.5,137.74,593.64,Food - Condiments
1339,Ringo,Cuckson,10/5/2025,SA44 82GW 6ZLU 96CR WNM3 FLZC,24.69,2398.76,22944.17,Food - Beverages
1340,Cindee,Baldung,1/24/2026,GE31 TB09 7329 4925 6023 90,82.32,3560.2,37736.25,Footwear
1341,Valentijn,Cregin,5/23/2026,ME78 6938 3846 5873 0256 79,10.01,4847.31,25870.93,Food - Salads
1342,Benedetta,Petti,11/28/2025,MU73 OLNU 3255 7164 7806 3835 277Q VZ,5.99,4772.31,98425.36,Food - Prepared Meals
1343,Caron,Dacres,8/27/2026,SA32 82WL EALU RPCD NRRQ MHLJ,14.84,2156.13,10547.79,Accessories
1344,Fin,Ribbens,3/23/2026,LV51 EQUM SUFH MNKG PGUF E,51.52,4724.0,53397.81,Health
1345,Keen,Illing,1/16/2026,KW91 DRMZ JEDK QOJC D57K WABL ITJH L3,9.96,1616.71,23377.9,Food - Bakery
1346,Hadrian,Teasdale-Markie,3/14/2026,FR49 8595 3641 286K UZZZ LKSM O55,518.28,699.95,2342.53,Outdoor
1347,Antonetta,Bausmann,12/1/2025,FR55 3239 7207 36TF WHCT 56IV 136,46.57,3642.01,90497.71,Home
1348,Galen,Kineton,5/30/2026,ME40 2528 6735 2874 5618 00,9.83,4946.78,87872.1,Kitchen
1349,Garey,Huet,10/8/2025,FR19 1651 1264 949X MYGG IHZJ J48,3.47,567.14,8357.92,Pets
1350,Matteo,Freke,11/24/2025,AL29 1917 5943 JSJP C1CZ DAC1 NH9J,3.93,13.39,2598.68,Food - Meat
1351,Feodor,Trevain,4/6/2026,HR29 6231 5510 9032 8790 9,701.31,2253.93,18254.47,Accessories
1352,Kendrick,Keeling,11/23/2025,FR64 8467 8440 36M8 NEIE GXTZ H08,676.07,145.6,2096.5,Food - Cereals
1353,Farrell,Hallgarth,4/28/2026,MR19 2682 6785 7654 7860 4489 478,20.56,1150.03,15327.69,Toys
1354,Kelsi,Egginson,3/2/2026,GT03 ZGPC KSBH VTIC ZRXH XKIJ K5AR,72.29,5195.39,104813.67,Food - Meat
1355,Cristin,Culpin,8/30/2026,SK51 3869 1740 9449 6693 1702,619.33,9.92,2195.34,Food - Beverages
1356,Danielle,Druett,4/6/2026,GE60 QT24 7557 1411 3177 55,314.44,471.63,3229.9,Food - Condiments
1357,Walton,Ondrak,6/3/2026,FR35 3908 6359 01D5 CZ1L ODMX L94,26.66,2196.53,19793.39,Outdoor
1358,Prue,Kondratenya,4/25/2026,FR34 7350 4341 81EK 3E8R B4G3 M95,11.67,4321.12,36302.03,Food - Snacks
1359,Garland,Bateson,3/9/2026,AE70 8788 0474 6545 6798 276,633.34,57.58,1566.96,Clothing - Outerwear
1360,Lonna,Bilton,7/21/2026,PS35 XMNA CSP3 BAZD SSI3 EWOS LZBA Y,19.3,2417.45,8824.01,Kitchen
1361,Philbert,Dicken,11/25/2025,BA71 0611 1996 8481 7029,129.81,1610.48,20273.91,Food - Beverages
1362,Yuri,Birtles,1/6/2026,GB40 RTJY 5353 1033 6433 66,5.73,16269.62,392891.72,Food - Nuts
1363,Diahann,Gason,2/10/2026,GR18 7885 4020 WGEN Y9MI SFAL 6P5,3.41,1419.4,18774.33,Outdoor
1364,Modesty,Michin,3/7/2026,CH16 3532 735C 2KFL NZGJ V,28.05,908.98,13187.03,Office
1365,Hinze,Peirone,9/29/2026,CY33 7868 9406 JSTF I7YN ZH1Z 00EK,11.04,2147.71,19313.7,Toys
1366,Sashenka,Wrigglesworth,8/17/2026,TN22 7764 2430 3631 1945 4481,12.88,2201.63,32911.94,Fitness
1367,Cathi,Cowope,4/25/2026,NO45 3483 5655 208,8.41,672.16,6820.59,Food - Produce
1368,Jory,Caras,3/23/2026,VG09 SOPW 2503 8717 1103 3538,9.76,976.97,4389.37,Food - Frozen Foods
1369,Rosette,Issacoff,2/14/2026,IE02 TYRV 5093 5107 6264 70,777.15,4608.19,74699.49,Baby
1370,Allie,Le Count,1/27/2026,FR21 8062 5636 35WR 0EDC P91J Q49,606.28,1798.46,13612.2,Food - Dairy Alternatives
1371,Claude,Cavanagh,2/21/2026,ME26 5974 8862 2332 0790 44,10.56,2828.12,187287.62,Accessories
1372,Zenia,Corneliussen,1/7/2026,MR91 1251 5618 4690 5561 2598 355,673.79,756.27,9014.26,Food - Beverages
1373,Gianni,McShea,12/17/2025,CH55 3664 0M8B HJYH YLXS R,14.73,427.73,2339.56,Food - Snacks
1374,Ivie,Leahy,5/16/2026,GE71 EH58 5255 4122 4894 76,11.82,4174.29,46479.85,Food - Canned Goods
1375,Horace,Lukock,7/9/2026,BR35 6734 5513 1952 3717 6542 539B L,593.12,9772.02,215232.26,Fitness
1376,Karlotta,Tabbernor,3/16/2026,GI96 HBRM FB05 JX4N 2BBT YYJ,23.01,369.69,2446.62,Food - Frozen Foods
1377,Jacques,Kinnerk,8/21/2026,IE09 JOIB 9703 1340 8765 23,87.57,5364.91,114993.18,Fitness
1378,Jephthah,Dury,1/21/2026,AZ45 YMXX U91L QTOP XMTU OD1B HPBO,49.04,9824.07,86254.25,Food - Spices
1379,Viole,Buckston,11/24/2025,SI11 4431 3952 6732 823,26.22,12754.23,301673.71,Food - Snacks
1380,Worthington,McPhee,2/18/2026,LT67 1729 1236 2402 8178,141.28,5985.88,126103.7,Food - Frozen Foods
1381,Adriane,Vader,2/28/2026,GB98 FWJM 7811 7143 4206 23,17.0,2061.3,14822.27,Food - Baking
1382,Kirbie,Slateford,7/26/2026,LV52 ADNF VOPH W1ZV OXTM K,7.3,307.88,1649.73,Food - Bakery
1383,Hart,Tiler,8/19/2026,AZ87 RUFQ FVB8 WP5K SYKI UVT5 P3AM,12.66,1862.13,7771.49,Kitchen
1384,Bobina,Bellas,3/19/2026,MT05 WKGG 5491 6ZOX L0FQ ZPX8 DRR0 SKN,105.8,9168.1,119828.56,Outdoor
1385,Bernhard,Elliston,6/3/2026,FR81 8949 3833 26AH BQHS KPOQ 212,49.06,2740.73,66815.33,Food - Snacks
1386,Avis,Loveitt,8/26/2026,DK52 5332 7981 6095 18,81.11,1226.34,5053.72,Food - Dairy
1387,Lionello,Nice,1/10/2026,MD40 F4WX W1R4 Y8JM G1KR 5LAJ,8.54,1932.62,25493.75,Outdoor
1388,Tomkin,Loudwell,12/4/2025,SI78 7166 4691 9691 088,1954.48,798.65,8548.86,Toys
1389,Liam,Louiset,8/15/2026,IE02 ISEJ 9671 5587 6929 58,25.27,2274.15,16411.84,Food - Freezer
1390,Julissa,Boreham,9/30/2025,GE02 PK04 0791 5030 3080 44,2.97,91.83,481.14,Toys
1391,Fayre,Gerhardt,4/30/2026,FR49 5895 7970 99WB PI2V 6TQ1 E55,113.91,1878.1,6503.93,Office
1392,Nappie,Safont,9/18/2026,BR42 6087 6294 1361 3369 1098 102Q G,288.01,902.06,10442.91,Food - Condiments
1393,Auberta,Chaffyn,3/10/2026,CY22 6156 8831 AHAP QKLG KWDG T4US,325.84,1523.56,12921.03,Food - Frozen Meals
1394,Sybilla,Ortiger,9/30/2025,MU33 KHRW 9252 5976 1867 2415 461Q WG,25.6,612.86,8558.26,Food - Beverages
1395,Ransom,Curd,11/12/2025,FR56 4514 8008 36GI 52ZP L98W 722,26.26,786.45,3749.07,Food - Beverages
1396,Kaitlyn,Summerell,3/12/2026,BA33 1802 5032 3255 7980,54.32,2499.92,14414.53,Home
1397,Jacquette,Segges,11/20/2025,PL57 6531 6827 4565 0078 1077 5750,18.5,354.97,2835.88,Food - Bakery
1398,Elsbeth,Howerd,1/29/2026,ES24 0022 7257 0762 5445 0627,23.46,5364.49,123854.29,Food - Snacks
1399,Jenny,Fetherston,11/30/2025,FR23 8645 8414 693Y 0DJZ PC8S Y36,16.67,539.14,7687.32,Outdoor
1400,Beverlie,Volkes,8/1/2026,FR79 6761 4886 49DM 6KCA PG5W 467,426.15,1652.01,16473.59,Food - Canned Soups
1401,Lu,Simoncelli,4/16/2026,CZ19 2033 7851 9779 8354 3463,50.66,266.49,1060.32,Kitchen
1402,Ozzy,Casseldine,12/13/2025,MD47 R3BK I0G8 QINT M4C0 W8PI,2.0,201.39,1196.4,Music
1403,Edouard,Pring,12/21/2025,SM14 L563 2611 177H 4HIZ 7VBR 5TO,41.29,875.99,7821.87,Outdoor
1404,Horatio,Wyrill,12/31/2025,LU44 5695 HUQE LZQP 9TFC,19.83,2278.4,5096.52,Food - Snacks
1405,Inger,Ivic,9/20/2026,NL69 VYND 9066 2811 97,130.93,545.58,7244.69,Food - Frozen Foods
1406,Mora,Greswell,5/27/2026,AE58 8034 3229 3637 4519 983,2.11,16925.91,778297.72,Food - Bakery
1407,Leslie,Pedgrift,9/30/2025,GB78 TBUY 8958 1135 6887 09,4.43,115.98,160.83,Clothing - Footwear
1408,Tomasina,Tuffey,9/21/2026,FR75 3867 4092 37RZ KQIA VAO1 T78,58.77,1498.55,5489.18,Automotive
1409,Whitman,Ziemecki,2/13/2026,LI86 5651 88MT AINS DU9N M,8.71,827.96,11044.09,Food - Frozen Foods
1410,Odessa,Bambra,6/10/2026,TR82 9000 8FBW 24DP L0PN DI7M LJ,77.41,4202.9,83626.85,Food - Snacks
1411,Bekki,Pattison,8/1/2026,FR71 6661 2910 43IS UZZF ZXOV F97,29.95,5390.45,126128.15,Food - Produce
1412,Gerick,Kristof,7/30/2026,GR85 4855 038F REYX SYBZ NRGJ FXF,540.12,1665.87,6099.15,Kitchen
1413,Winnah,Mealiffe,9/9/2026,CR97 8339 6876 4054 9622 3,69.0,1232.49,13664.78,Food - Spices
1414,Jaquenetta,Smeeth,4/4/2026,KZ63 571X 865M RQMH FQKL,6.81,1052.05,2852.71,Toys
1415,Freddie,Broodes,9/16/2026,FR45 3617 8988 71FW NTZA MTX5 I49,27.21,730.42,3103.86,Toys
1416,Illa,Morris,9/17/2026,ME32 8725 4302 7208 8728 95,28.81,1047.77,6738.97,Food - Frozen Foods
1417,Reinold,Phlippi,2/22/2026,LI80 9377 52VD M5FQ 9MM4 C,21.7,2030.76,22406.77,Food - Frozen Foods
1418,Dion,Shine,3/3/2026,CZ80 4716 0236 9333 6401 1879,21.26,2195.39,5825.36,Food - Baking
1419,Pru,Lockhurst,1/8/2026,LU62 453P 8XQ9 JCGG Z61M,26.8,3872.19,88433.36,Health
1420,Jeffry,Napthine,6/21/2026,CZ41 1678 1513 9355 8044 1296,3.09,2012.46,18686.09,Kitchen
1421,Moishe,Udy,12/7/2025,FR65 2319 3516 97AU YP54 EYAM P75,16.99,2922.41,68070.58,Health
1422,Prentice,Quince,4/3/2026,AD62 2588 4507 I6L1 MFQ0 LK6K,28.8,190.74,1551.76,Toys
1423,Shannah,Woodwind,7/26/2026,IL92 3933 6471 8414 3935 077,116.23,1535.68,19143.75,Smart Home
1424,Yetty,Cawker,10/30/2025,IE87 UKQD 8512 8903 1553 46,28.01,1353.17,16883.62,Kitchen
1425,Caesar,Bewsey,5/17/2026,NO78 4134 0503 423,120.09,2901.9,58612.66,Outdoor
1426,Vinson,Bener,3/30/2026,RS91 4970 7593 8452 4169 83,65.27,2189.64,7824.69,Food - Meat
1427,Nealson,Godon,10/31/2025,IS24 6007 7278 3776 8352 3875 75,65.36,1335.98,9750.45,Food - Dairy Alternatives
1428,Nicolea,Effaunt,5/9/2026,LU72 787D RDNM PFW3 VODI,13.3,156.3,2763.33,Food - Condiments
1429,Jehanna,Tretter,4/4/2026,AD02 7521 1301 HX4S KSFQ 1SV2,121.8,5687.24,30050.45,Food - Freezer
1430,Kittie,Gilhoolie,2/5/2026,GL89 0753 0194 5478 44,13.26,9930.39,69115.09,Food - Bakery
1431,Randal,Gowland,9/1/2026,LB76 5830 CCPM GAOM J5ES U9TK JU71,5.05,438.95,1244.47,Food - Frozen Desserts
1432,George,Crighten,3/5/2026,GR93 3221 1519 XHJM BIBJ JUJ3 AWJ,145.67,221.2,303.13,Food - Salads
1433,Axel,Swayton,2/18/2026,MT19 ITXT 4051 2O9F GSC9 H5YP BYW2 4XO,24.57,2066.28,12395.14,Food - Snacks
1434,Averyl,Rostern,8/8/2026,LB44 1507 X1GJ LBAY W7W4 BE72 TOH6,704.91,220.15,1763.71,Food - Snacks
1435,Merwyn,Tongue,6/6/2026,BR35 3712 4948 3774 5799 2299 267G 4,3.56,3109.16,25996.14,Food - Beverages
1436,Estevan,Fairebrother,3/28/2026,SI97 7638 7981 8265 422,3.86,1130.39,7926.14,Accessories
1437,Ariel,Amys,7/23/2026,AZ84 CZYR TGSM KKG3 SGDJ J96U YOPZ,2.7,20.59,1110.91,Food - Seafood
1438,Rockey,Albery,9/5/2026,VG55 VMZO 7659 5575 7985 3111,13.04,2005.96,28783.78,Kitchen
1439,Poul,Croney,7/20/2026,TN64 8736 6477 9969 9992 1635,26.96,1023.38,8874.77,Food - Frozen Vegetables
1440,Catha,Stannett,2/5/2026,LT03 0309 4323 3369 2000,16.98,5131.99,120477.63,Food - Snacks
1441,Gwenneth,Wordington,7/14/2026,LB22 6256 TB41 LCKI QVIK CBCS 7VQS,141.83,3269.95,41400.53,Food - Dairy
1442,Debra,Duran,1/4/2026,GB67 SVHK 2516 9996 3599 90,4.51,3783.48,35876.46,Food - Frozen Desserts
1443,Jilli,Wrangle,12/1/2025,KZ35 4149 D9Q3 WBO6 J1ID,670.46,581.14,4631.07,Food - Condiments
1444,Alyson,Studdard,7/8/2026,ME85 5983 3632 3501 1386 70,22.92,17490.61,1176007.18,Kitchen
1445,Karney,Bootherstone,7/31/2026,GL38 1667 6246 4149 71,49.72,3788.73,52072.93,Health
1446,Pembroke,Amyes,1/17/2026,IE87 ZZVY 5793 4426 4058 48,3.25,4982.73,105069.53,Kitchen
1447,Dell,Fackney,12/31/2025,PS67 FLJC TCH9 GYYA K3MA X2XY BO6U Y,3.89,905.98,3756.19,Home
1448,Francklyn,Nurse,2/9/2026,CR13 1417 6037 5164 9992 7,21.91,4299.84,66393.62,Health
1449,Carin,Quilligan,5/13/2026,NO62 4382 3326 963,24.98,1928.77,11706.26,Home Appliances
1450,Ursula,Noone,2/19/2026,CZ56 3720 4005 4784 8067 3272,91.68,105.32,1059.93,Gaming
1451,Carma,Dungee,9/18/2026,GB60 LQMM 7966 1145 1158 85,615.52,243.9,2336.39,Food - Spices
1452,Tersina,Goby,4/9/2026,KW38 CWYK JFQB OCQ8 2PJ5 KVJG 1DJT 3T,76.23,1130.59,11696.22,Food - Condiments
1453,Bird,Methringham,5/17/2026,DO64 SP54 8777 1495 4250 7714 1954,412.87,5172.3,110018.38,Food - Beverages
1454,Amargo,Swinyard,3/26/2026,SI27 3601 8382 5836 338,13.82,2948.87,18688.98,Food - Baking
1455,Jordan,McNea,6/12/2026,AE04 2052 2829 3730 3119 296,6.81,206.21,522.81,Food - Baking
1456,Roseann,Axcell,3/1/2026,LI69 5891 6CKX LVO2 H1DV N,56.18,353.1,3681.03,Food - Bakery
1457,Cyb,Kilminster,8/17/2026,BE32 8291 6339 9459,487.28,1353.54,7158.89,Food - Baking
1458,Venita,Izkoveski,12/22/2025,LI55 9818 9I4D EMNF FD4F B,23.23,984.03,3167.3,Food - Snacks
1459,Benson,Ewell,1/15/2026,FR33 5420 6613 26IA FCHO SLPN U00,142.11,3135.14,35845.83,Fitness
1460,Maynord,Giorgiutti,8/14/2026,FR35 1522 4369 98J1 PJUL FOFL A62,16.54,853.99,8271.43,Kitchen
1461,Zaria,Blaver,7/31/2026,FR77 4929 5923 88AV LPHA B7HW 635,24.28,609.45,6530.69,Fitness
1462,Bail,Hambelton,7/21/2026,NO61 6628 1567 910,13.15,620.4,4791.71,Food - Canned Goods
1463,Stevana,Perrinchief,1/9/2026,FR94 4567 5895 271I QUNV V1GS O59,344.12,1168.71,14156.23,Food - Canned Goods
1464,Arman,Borg-Bartolo,3/13/2026,KZ58 8004 FL0I OYC1 EDQW,7.45,354.91,4471.72,Food - Canned Goods
1465,Jane,Barrott,6/21/2026,GR42 2038 638V 6CSR QUDY GOKV F1T,10.6,900.99,1966.04,Food - Bakery
1466,Jacki,Mahady,8/28/2026,FR27 1769 3868 14TC LXDQ FMBH C60,22.77,810.94,5861.39,Food - Nuts
1467,Blaine,Andrini,10/18/2025,FO65 7504 4625 9671 54,19.31,13750.32,238938.47,Clothing - Bottoms
1468,Hobey,Waite,1/28/2026,HR63 2588 9324 0129 9593 0,22.4,4708.56,110520.15,Kitchen
1469,Sibyl,Lamps,7/23/2026,CH64 8968 89JU UPJ3 RGIC K,38.47,433.36,6327.35,Electronics
1470,Lorraine,Fuxman,11/29/2025,VG20 HQOO 0589 3401 3448 9210,47.46,270.48,991.47,Food - Snacks
1471,Ginger,Hatfield,5/30/2026,AL61 7294 9899 RQXX SCGE 9JBL V5UN,107.44,654.7,2178.22,Kitchen
1472,Flo,Nowakowska,9/6/2026,CZ15 7889 1604 5508 8547 6124,23.42,5135.03,78527.87,Kitchen
1473,Sande,Billings,1/17/2026,CR79 2616 8372 3134 6514 2,221.89,721.85,10228.59,Clothing - Bottoms
1474,Lenora,Dockree,5/28/2026,LV50 PBDC AO7J 9XIX KR96 M,21.42,1272.49,13931.36,Food - Snacks
1475,Almeda,Campey,9/16/2026,IT97 L549 0392 548M IUUZ NW1U DEF,553.7,4262.51,156286.46,Outdoor
1476,Kessia,Mingardo,6/3/2026,MD32 OWTY RREH EEHU FIWO ADIO,2.82,13623.14,254470.68,Food - Frozen Foods
1477,Lonna,Allaker,7/16/2026,LU93 014K CQD6 OA72 EYU8,27.75,2498.26,10722.23,Kitchen
1478,Moyna,Rozzier,7/7/2026,FI83 8984 5831 8510 14,5.97,2027.24,18063.42,Home
1479,Cassaundra,O'Hdirscoll,9/23/2026,HU18 2657 8017 0691 1155 6164 2551,660.39,1586.21,23530.13,Food - Snacks
1480,Laureen,Bumpus,10/14/2025,FI31 8542 4060 4057 73,15.35,3522.23,66702.39,Food - Grab-and-Go
1481,Lonna,Verdey,6/23/2026,HU30 0625 6626 9710 1595 5718 0814,22.87,1242.27,10927.22,Food - Condiments
1482,Jacquetta,Burnep,10/1/2025,FR53 0110 7030 94FU HI0F D4TP B09,87.18,1690.79,11377.35,Home
1483,Charmaine,Bultitude,8/24/2026,BH23 BGDI IIAJ 2UF7 ZXK0 NZ,27.09,760.82,2739.19,Food - Baking
1484,Zed,De Roberto,8/17/2026,IT77 N085 6350 530U KBF8 K2X1 NG2,16.98,1304.34,17679.73,Food - Canned Soups
1485,Ysabel,Hissett,6/13/2026,PK49 NUKX 7AJO 7WVR G5YQ ZQVI,102.15,1962.03,24251.94,Garden
1486,Gunilla,Dzenisenka,4/27/2026,BE69 0580 4895 3949,139.31,1609.09,21167.51,Food - Cereals
1487,Jenna,Antognozzii,5/6/2026,BA85 1475 3558 5716 9671,11.04,1652.37,8497.05,Food - Beverages
1488,Ange,Annear,5/21/2026,GI43 WCZG X8OK O1HO WMJJ HWW,4.66,2250.98,12987.65,Food - Meat
1489,Susannah,Goodram,2/7/2026,MK13 858B 3P5G 7FHR K12,119.07,990.72,3028.64,Food - Condiments
1490,Joann,Gannaway,12/31/2025,GT87 6IVF 3R4A 5EZE PQXZ SAGH ORH8,173.84,819.03,7095.16,Pets
1491,Hunter,Jury,5/29/2026,LB43 9119 YPYG 7WN1 RBTD D5CI OA1U,84.55,725.36,5000.74,Photography
1492,Donnamarie,Berwick,12/31/2025,FR57 3843 7876 44LV DRTK QATR X67,27.7,4493.3,29366.22,Food - Condiments
1493,Electra,Holbarrow,6/26/2026,DK90 7773 0358 0191 50,22.64,1304.58,3572.79,Food - Salads
1494,Johan,Vaz,10/30/2025,FR77 9762 3223 988B GW8I MGRR B36,14.24,281.59,1392.27,Kitchen
1495,Chrissie,Gartshore,12/13/2025,IE86 DXBV 5283 1116 0559 66,23.55,2274.75,16856.76,Food - Snacks
1496,Maximilian,O'Fielly,12/10/2025,LI22 2723 0PDR IWSO UVGX F,27.05,207.45,318.22,Kitchen
1497,Elisha,Bagworth,9/25/2026,GI61 RDUO N5MZ 5RE7 GIQ9 G1Q,294.72,23.6,1329.38,Clothing - Bottoms
1498,Dynah,Overbury,8/7/2026,LI98 9540 6GZZ RVGQ W16V W,219.3,1997.07,27259.13,Home
1499,Jandy,Lentsch,9/24/2026,LI43 6990 2AMT T1E1 ZTI5 L,10.58,232.68,949.83,Food - Bakery
1500,Herold,Ind,5/8/2026,MD21 GNS0 VLTW A1E1 F5AM SCKI,27.43,2375.54,31393.14,Health
1501,Lindsay,Rowlatt,10/5/2025,FR64 7279 3232 568D CZNF LXBZ 193,19.8,2508.31,151521.66,Food - Dairy Alternatives
1502,Crin,Finnan,3/29/2026,NL76 LBLH 4320 8352 34,8.57,2349.05,16680.3,Food - Frozen Foods
1503,Joey,Gatman,3/28/2026,DO92 LFND 9894 9243 4870 3907 4014,15.71,13533.04,305867.34,Food - Dairy
1504,Griselda,Aimeric,8/9/2026,FR76 6403 2736 23SB 1H3J C8T1 G46,8.99,642.97,7329.71,Food - Breakfast
1505,Lilias,Tubbs,4/24/2026,TN24 2630 7859 9364 8672 3433,112.64,12.0,1615.16,Kitchen
1506,Winnie,Feighney,11/30/2025,LV76 TGNI 8OHJ Z6SL KLWL Y,26.55,8656.51,226275.21,Clothing - Activewear
1507,Aggy,Shackleton,5/17/2026,CR70 1706 2658 6274 0692 6,78.54,841.94,10376.03,Computers
1508,Lynne,St. Leger,8/31/2026,DE84 4974 7377 3719 1733 03,6.14,5492.25,262821.29,Food - Baking
1509,Jae,Gonsalvo,3/17/2026,BH78 FHFV 6ET1 EQM7 EYVJ VJ,10.94,70.24,2267.23,Food - Frozen Foods
1510,Teddy,Sawley,10/27/2025,AT74 2461 0515 5156 0156,23.22,3846.5,87735.35,Outdoor
1511,Simmonds,Moorman,11/18/2025,FR47 4677 1926 768R JAAF 4OCL 235,27.51,1200.53,5959.2,Food - Nuts
1512,Stanford,McAne,10/19/2025,PT10 0483 8188 1540 6534 8562 8,28.05,1271.71,8384.6,Clothing - Shirts
1513,Lorant,Wikey,2/10/2026,FR92 6535 0346 38XQ ETCR 9L3K 571,24.66,5779.21,314187.28,Health
1514,Corrianne,Comsty,11/12/2025,FR08 1577 3766 99UE GU1K HEZH Q53,23.55,3064.46,72509.67,Food - Produce
1515,Darleen,Whysall,3/10/2026,ME07 3187 2901 4233 7800 05,112.52,753.4,4697.45,Outdoor
1516,Tim,Myatt,9/18/2026,GT65 5LZW SNZ6 BXVT UXSO R4ZB CSXM,7.57,4933.78,32403.35,Food - Condiments
1517,Artur,Nodin,5/26/2026,BA45 9099 6088 3007 2706,27.83,1437.86,16161.89,Food - Grains
1518,Zak,Cornford,6/25/2026,FR68 0400 3265 8636 USHS B3NF 243,1141.5,655.82,1579.96,Photography
1519,Ianthe,Sawden,9/15/2026,FO09 1372 9073 4675 94,28.71,11117.34,164336.81,Pets
1520,Fowler,Ubee,11/27/2025,IE57 QPNH 9475 1111 9287 43,3.73,2021.8,28053.29,Home Appliances
1521,Murry,Higginbottam,6/12/2026,FR50 0679 5572 54BQ LDTE 6L90 P35,4.68,120.92,1018.27,Food - Grocery
1522,Janetta,Prate,12/26/2025,GI61 JGLB 545L 7ST5 EKTI DDP,1159.28,181.36,559.92,Food - Snacks
1523,Avrom,Meeus,7/5/2026,LI88 1811 0CF7 T5TE B74Y Z,22.73,1354.25,3363.94,Fitness
1524,Kimberli,O'Beirne,2/6/2026,FR07 4549 6601 575M KFQJ CNMW F49,214.68,13.23,1236.41,Food - Grains
1525,Rodie,Oxborough,10/7/2025,DK47 2181 9499 7842 28,77.41,4818.18,367741.51,Pets
1526,Kippie,McGeachy,3/28/2026,PS64 SCLF CMAJ EA97 GQWK 1GNQ M4AR M,29.96,3807.06,32206.25,Food - Condiments
1527,Carlynn,Dominy,12/1/2025,PL62 6400 1266 2259 7840 2179 2147,549.84,9046.73,175343.1,Food - Beverages
1528,Annissa,Bardell,12/22/2025,LB43 2006 KSEU PD9T 87BX IEPD DFY8,26.35,1500.68,5475.2,Food - Salads
1529,Rosmunda,Lacroutz,12/15/2025,NL86 HDON 0558 2276 44,83.67,1943.33,26333.16,Food - Snacks
1530,Aurelea,Rizzardi,2/11/2026,MU72 HMKM 0602 3970 0050 7941 700K NA,74.05,1307.94,7197.39,Clothing - Accessories
1531,Wynn,Jocic,9/7/2026,ES87 5901 0003 9350 4351 1195,9.07,20.26,2068.7,Fitness
1532,Minta,Conley,1/6/2026,SM87 U846 0729 508A 48IF XBJI CEO,9.04,2005.61,4755.88,Food - Dressings
1533,Hillery,MacKenney,3/9/2026,PS91 HDDJ SKZI ZLVI T7QN UQON SO1Y Q,79.53,480.49,4905.04,Food - Breakfast
1534,Serene,Featherstonhalgh,6/18/2026,PT73 6235 3342 0517 2081 7578 8,67.14,1355.25,13845.23,Accessories
1535,Hugibert,Deniso,9/29/2026,FO20 8144 0186 9196 87,2844.71,4923.38,286684.04,Outdoor
1536,Roscoe,Devonish,5/2/2026,FR59 9465 3472 37RL GG7S YQ5S F55,65.24,11262.63,85418.35,Pets
1537,Velma,Adamek,5/17/2026,HU21 0127 0193 0720 5037 7159 2302,22.53,2160.58,12429.89,Food - Condiments
1538,Dolly,Barkaway,4/15/2026,NO68 8949 9167 296,141.11,7364.31,152782.15,Food - Frozen Foods
1539,Louisette,Tunnadine,1/14/2026,DO78 EITW 5453 9091 0503 4986 9267,514.21,4291.93,212553.7,Health
1540,Anselm,Whetland,8/16/2026,FR07 7425 8115 571Y TAK0 SIEI I91,24.79,144.73,302.47,Food - Meat
1541,Danila,Joscelyn,3/13/2026,FR60 7654 4327 85HL G0MI 8UJ5 A20,12.95,530.44,6231.49,Kitchen
1542,Lyndell,Gerrie,5/31/2026,GR47 6183 587Q GEJG X03B PCEL BRJ,4.66,1169.44,7604.1,Toys
1543,Gerek,Pentelow,7/14/2026,IE84 BBGR 7784 5548 6569 79,11.69,84.38,817.55,Food - Canned Goods
1544,Nedda,Iori,12/24/2025,GR63 4808 832D R7IG A0ZZ UEVC WV5,27.9,192.09,771.68,Food - Frozen Foods
1545,Elke,Prestidge,2/25/2026,CR91 6274 7983 6595 8563 0,18.94,13699.43,152446.39,Food - Frozen Foods
1546,Andra,Thaxter,2/2/2026,SE27 3664 1949 7747 9506 5228,140.61,3546.15,86623.96,Kitchen
1547,Yoshiko,Adamek,9/5/2026,IT83 Y815 6752 509O CF7Q 9XCB W6J,3.08,4880.61,166413.06,Food - Snacks
1548,Lindi,Elham,1/30/2026,MC30 1213 0541 30QE 7IE0 YBGP A07,5.49,126.73,1646.39,Food - Prepared Foods
1549,Zed,Rabson,10/20/2025,VG43 JSSF 4882 0728 4031 9977,9.0,10637.03,741410.92,Food - Dairy Alternatives
1550,Florance,Filmer,1/28/2026,NO95 3472 4819 974,2.4,1372.15,5820.87,Kitchen
1551,Nehemiah,Kaufman,7/15/2026,FO03 1231 3446 4757 05,29.04,2077.31,29647.17,Travel
1552,Amye,Blagbrough,2/15/2026,FR48 2403 2961 63QT 2QEB DPDZ W58,3633.23,1739.55,12693.75,Outdoor
1553,Avram,Chelley,12/11/2025,FR86 6524 1732 21I2 KF7K O4LQ X17,474.64,287.13,3113.97,Food - Salads
1554,Yuri,Duigan,10/12/2025,DE77 8566 9071 3301 3892 52,20.85,3307.61,22302.88,Garden
1555,Sergent,Crier,10/8/2025,EE56 6269 9787 7348 0946,24.15,613.56,6060.02,Home
1556,Nicolais,Burgill,8/5/2026,BR63 5767 5640 7280 6947 6352 615Q D,2.21,65.14,2494.44,Food - Canned Goods
1557,Rosemarie,Scarisbrick,8/8/2026,FO42 5099 1413 5298 03,55.18,1804.21,19118.07,Electronics
1558,Emmerich,Oakeby,3/5/2026,GT82 LU5C NJFP 3VZW OBJY IRW9 3HOZ,2.57,746.79,9410.16,Food - Dairy Alternatives
1559,Ethelbert,Grassick,8/15/2026,GB79 JWFH 4340 0844 2031 03,28.39,558.48,5563.61,Food - Bakery
1560,Mateo,Vallender,7/11/2026,MR22 3797 6368 0280 7095 1491 399,3754.68,4342.14,54267.58,Electronics
1561,Trish,Dachey,4/13/2026,GL97 8957 9208 0123 24,5.0,12738.59,168424.63,Food - Household
1562,Georgie,Commucci,4/16/2026,MR57 3353 8928 7449 5861 7055 125,14.34,1421.49,5354.13,Accessories
1563,Burke,Smewings,12/19/2025,SA32 52KR AAQC F22V ZAQ1 3KWB,16.21,101.4,2188.61,Food - Frozen Foods
1564,Erastus,Spraberry,10/15/2025,GI77 XPRZ WDQN NW6Q ALZH OKD,3800.71,5312.03,81324.91,Electronics
1565,Lolly,Gian,11/28/2025,AD69 9501 3438 7U0U CYIS Y2UQ,15.72,118.43,47.67,Food - Prepared Foods
1566,Madelene,Marlin,9/1/2026,RS25 9357 8246 6626 4402 27,18.45,4376.91,92901.64,Food - Spices
1567,Malinde,Smalman,3/25/2026,PT21 5487 1104 8352 1591 4699 0,17.85,1725.97,8429.71,Books
1568,Christoper,Seydlitz,9/15/2026,GR43 9539 923V YLEB 7OGR DEPD K47,18.23,4680.33,258193.85,Food - Condiments
1569,Mark,Knapton,3/28/2026,LT50 8021 7758 8978 5705,82.85,1797.28,9643.58,Food - Canned Goods
1570,Addy,Jennison,5/25/2026,CZ95 1180 8553 0948 2185 9378,10.04,5662.44,367976.64,Food - Prepared Foods
1571,Merrili,Hurlston,6/12/2026,GI58 ZGAU FDR1 CYAU TSLU ZMR,7.58,1655.13,16308.06,Food - Prepared Meals
1572,Maxi,Renneke,11/14/2025,TR03 6102 0XEY CXQI DKKR OTUH 3O,342.3,1807.52,8834.24,Smart Home
1573,Huntlee,Izachik,2/25/2026,VG81 GLQX 5372 2141 5290 7552,43.42,6524.83,326829.52,Food - Dairy
1574,Cornell,Huffer,8/28/2026,IL14 5091 8796 1000 5962 796,13.97,3193.8,89243.83,Food - Sauces
1575,Roslyn,Boughtwood,3/19/2026,BA14 8234 1276 9687 7857,24.11,5227.91,32762.53,Food - Dairy
1576,Alejandro,Guynemer,8/3/2026,GB04 NBLC 7159 4043 1325 45,766.07,411.91,3061.51,Clothing - Activewear
1577,Eveleen,Goodge,9/23/2026,LV19 OIDA YMDP C6DC MBQK N,11.83,888.12,3726.0,Food - Frozen Foods
1578,Octavius,Craine,5/7/2026,MT49 PMKW 6865 5BZC JA8A HNOX OQ9H AZI,66.85,2255.42,22388.12,Food - Frozen Desserts
1579,Forrester,Teggin,8/15/2026,BA10 4998 7675 3785 5713,5.61,2070.34,11595.28,Kitchen
1580,Sal,Molineaux,9/30/2025,FI03 5823 4657 6370 73,2586.25,1657.81,17236.1,Clothing - Footwear
1581,Marnia,Woolham,4/6/2026,LU63 006J SIB9 XWBX TIE1,69.82,413.53,1409.98,Food - Frozen Food
1582,Jenda,Kroch,3/2/2026,AT11 0202 4014 8885 1445,21.83,4419.29,34134.76,Kitchen
1583,Biddie,Pooke,6/9/2026,FR61 6302 9344 423Q TSW3 VLYR B59,7.31,1778.7,15693.74,Audio
1584,Loralyn,Itzhaki,10/25/2025,ES89 9069 3435 0487 4913 9010,29.56,699.36,2022.32,Food - Meat
1585,Irene,Cullrford,3/8/2026,PS10 OTDV SEI7 ZHNX G8PL 2P2S EFSE I,20.67,2315.82,12943.18,Food - Dairy
1586,Husain,Dudny,6/4/2026,SA51 31EF NEW6 VG7B 9SGI Q8QQ,103.92,627.6,2213.98,Health
1587,Bambi,Champagne,8/26/2026,KW68 JZJE AHNI VCAJ IHAG ELD4 VKHT PX,9.33,299.61,657.38,Outdoor
1588,Normand,Ardron,11/22/2025,PL68 3889 6113 8266 1532 3642 5144,11.19,2041.37,10115.34,Food - Baking Goods
1589,Leonidas,Zanuciolii,4/1/2026,IS28 9517 2741 1481 2674 0353 22,118.37,515.75,1887.47,Food - Bakery
1590,Clemmy,Dawid,7/10/2026,GE03 HX95 1873 9714 0498 06,2.93,2297.97,32945.36,Beauty
1591,Sigfried,Ilem,10/4/2025,NO10 9288 3789 437,314.01,179.88,487.79,Food - Health Foods
1592,Viv,Zanardii,6/15/2026,FR83 9414 1266 21BX JP0D THPY S82,14.38,2860.2,21830.15,Clothing - Outerwear
1593,Max,Whitebrook,8/16/2026,BH07 FLSD WWK3 KGBR EFDN N9,82.37,1675.25,9514.46,Food - Prepared Foods
1594,Shamus,Acott,9/19/2026,PL22 4956 4980 5175 9651 7415 5936,59.95,2212.87,21117.92,Food - Snacks
1595,Huey,Katt,6/30/2026,FR77 7893 8345 78EO QHYS 1DDF 146,18.85,1858.26,25260.12,Food - Confectionery
1596,Sharron,Hazelby,9/28/2026,SK80 3898 6744 1316 7170 0918,54.15,4079.32,246182.27,Food - Cheese
1597,Zak,Gother,11/24/2025,FR47 5988 1787 225S S7KT FM2Z F28,229.34,1743.48,5821.16,Food - Sauces
1598,Baldwin,Springell,3/16/2026,GB10 QSZX 5856 6375 7536 08,103.91,214.06,2502.21,Food - Produce
1599,Rivalee,Feather,3/15/2026,FR98 8212 0778 82A4 O9WJ D0CY G68,29.7,677.64,2313.27,Food - Baking & Cooking
1600,Sydelle,Lunney,10/4/2025,FR65 2294 6577 00HF YCJE HSST V35,139.95,2422.5,29868.65,Food - Desserts
1601,Annnora,Ghio,1/22/2026,KZ66 138X 9GWA QHHK UI0K,16.94,3913.54,26296.5,Clothing
1602,Vittorio,Tuminelli,2/17/2026,GE05 EU02 1698 4687 5944 40,135.32,1826.36,5163.0,Kitchen
1603,Carmon,Lerwell,9/19/2026,FR92 9869 9752 268D JEZA MB67 T83,6.61,1115.03,13962.11,Home Security
1604,Heinrick,McKim,4/12/2026,SI54 2209 6100 8778 998,6.39,1275.27,16585.79,Photography
1605,Luz,Widocks,4/8/2026,FR07 6564 5949 39VD Z64Z 6OFM B97,14.3,490.92,6737.0,Health
1606,Rozalie,Binding,9/25/2026,HR25 2394 6058 5735 6027 2,138.39,994.28,3586.29,Food - Meat
1607,Nicolis,Hamments,11/28/2025,VG68 ISBT 6942 1900 1458 6239,25.18,2005.27,12861.56,Kitchen
1608,Gnni,Shapcote,2/28/2026,CZ88 4992 7465 6628 7578 3472,7.66,152.36,855.26,Food - Dairy
1609,Melli,Lumby,6/3/2026,TR29 7511 8VSJ M1SH BXIT 2O8K TB,77.19,5568.08,72849.24,Home
1610,Moshe,Blakemore,6/5/2026,GL74 6200 8488 3735 90,2.03,3446.72,98343.86,Food - Produce
1611,Nissie,Sibthorpe,6/21/2026,GE72 WC55 8765 2525 0682 60,108.49,1767.99,7347.91,Food - Produce
1612,Kandy,Ashleigh,7/30/2026,DO68 SVEZ 0955 0111 3148 3391 3553,26.23,1209.36,2727.37,Fitness
1613,Ryann,Splain,4/14/2026,LV61 HUDG TFBG 1DE0 MVS1 T,18.81,925.26,13229.44,Footwear
1614,Pierce,Vader,11/2/2025,FR13 9022 1165 775E 3SGR M3WA I18,59.53,912.94,9104.47,Electronics
1615,Haley,Dexter,10/10/2025,GB14 RTYC 5640 1537 1878 53,107.23,66.17,1285.99,Beauty
1616,Kassi,Dexter,9/30/2025,BE05 2750 2292 0198,478.82,2415.2,18850.83,Food - Condiments
1617,Stacey,Burgane,8/16/2026,FR89 0945 4321 78Y6 YVCX BA8M C24,642.13,2979.19,42129.02,Food - Spreads
1618,Jen,Birrell,9/2/2026,IS77 5113 2401 7349 5993 4095 84,16.83,2142.39,6138.46,Outdoor
1619,Terrance,Valdes,4/5/2026,CH80 1122 7IGB HZVB ZWBH I,14.44,1592.31,20484.67,Food - Condiments
1620,Corbin,Slimmon,6/27/2026,FR82 6930 6201 33FZ JKZJ KDXS Y77,28.11,240.02,2861.89,Accessories
1621,Dunn,Longfellow,8/1/2026,BG27 AAKK 5674 87XN TOLH HV,17.3,1791.56,6337.77,Food - Fresh Produce
1622,Bendicty,Grishaev,7/13/2026,HR97 7901 3497 0923 5304 1,26.55,1237.71,4538.75,Food - Soups
1623,Evaleen,Leborgne,5/7/2026,NL72 IPOM 4998 5305 78,23.77,204.14,954.03,Fitness
1624,Druci,Lisciardelli,11/16/2025,IS77 5975 5540 1654 2250 1706 43,548.94,608.02,7909.1,Garden
1625,Chariot,Dake,2/24/2026,GE66 NC31 2996 9842 2066 82,92.76,2074.96,13158.23,Food - Seafood
1626,Shannen,Millyard,3/14/2026,AE61 2288 8711 6019 5466 725,468.37,2712.62,123335.31,Food - Snacks
1627,Ailis,McCrea,9/10/2026,FR61 6751 2235 417S 5JY7 3MJH K32,19.16,1001.07,13643.52,Food - Frozen Foods
1628,Kitti,Balf,4/15/2026,FR05 7335 2995 428Z GCW7 XRTA G64,125.38,2097.07,11392.73,Food - Frozen Meals
1629,Kristopher,Goomes,3/27/2026,GI25 TKGR MOSB 79UK 36WO RI1,122.79,103.52,1590.72,Food - Meat Alternatives
1630,Ayn,Firbank,2/9/2026,FR07 7581 7696 98ZB 7PUN RFEH S75,10.42,1910.7,7971.17,Health
1631,Hedwiga,Pidwell,8/11/2026,RO52 LRYQ MKIV 3EPN SMMW ADST,8.34,219.51,2562.59,Food - Grains
1632,Godiva,Cattow,3/16/2026,FR67 1523 6163 29OI JBEU 54LR D82,21.24,2261.39,20712.12,Crafts
1633,Dagmar,Ianinotti,1/2/2026,SA31 26NU 70FC KT25 JLXX TVFS,19.32,12.54,919.47,Food - Salads
1634,Mora,Cusick,10/2/2025,DO50 N57A 3088 6164 4297 5598 1467,17.67,1529.95,6839.73,Food - Condiments
1635,Jaime,O'Fergus,7/13/2026,RO46 LPZW AAAM XKCH MF3M MEFM,123.79,5957.78,109002.43,Food - Dairy
1636,Nelle,Laux,9/10/2026,FR23 0938 5875 44ZE NGBP 1NZA P53,23.03,2066.6,28363.15,Food - Frozen Foods
1637,Esteban,Tesdale,1/25/2026,TN16 8759 8081 5023 6092 7108,29.03,148.69,808.63,Food - Canned Goods
1638,Barnaby,Snazle,1/15/2026,KZ15 808U VB3F 96O1 DKKL,652.0,903.36,13312.16,Bathroom
1639,Donavon,Menure,6/29/2026,FR65 9102 7712 07IK HCYM D4HE W03,16.02,3136.2,48719.34,Food - Baking Goods
1640,Emlyn,Tabert,2/2/2026,MK75 2428 ISZH 3NWR G88,28.68,1450.17,11201.85,Accessories
1641,Lorne,Dennidge,6/11/2026,TR20 1846 5TFF 3MAD SVPM FBWP ZC,18.67,729.01,5123.59,Tools
1642,Alvy,Baldacco,6/6/2026,HU58 4655 7170 7827 4559 5830 7831,2.19,9925.59,633124.54,Food - Seafood
1643,Birdie,Brownjohn,1/13/2026,SM56 W756 8121 433H PNAQ ZSYO HAC,98.1,2114.86,7661.08,Kitchen
1644,Rodina,Haslin,10/9/2025,IE64 QAJB 7599 4679 9822 69,25.96,59.43,930.12,Food - Condiments
1645,Wayne,Disbrow,11/19/2025,FR79 8580 1142 83LU AVMD 4X2J B38,561.48,153.05,455.7,Food - Snacks
1646,Gannon,Rickaert,2/8/2026,LT12 8701 5299 3800 3703,15.25,799.13,2635.23,Kitchen
1647,Mufi,Gloucester,1/14/2026,DO36 WRCT 7982 8161 8847 9979 7394,9.68,3807.2,23617.98,Kitchen
1648,Krishna,Skyrme,3/25/2026,GI56 XDLB Y5MT USPE YZBU CDX,3.61,2239.56,17024.92,Clothing - Shoes
1649,Abelard,Busch,9/26/2026,SI28 6642 0618 4841 816,20.01,5366.76,214828.27,Food - Condiments
1650,Shepard,Haggett,6/12/2026,LV82 OEYM L2PB 6YOG ZURB 6,364.19,601.76,7364.9,Kitchen
1651,Hester,MacRierie,2/1/2026,MR86 9691 0066 8940 6943 5305 581,435.89,3904.7,77592.0,Audio
1652,Artemas,MacKey,3/31/2026,BR98 3439 2444 4475 1163 0293 179H I,59.97,1655.15,4195.1,Clothing - Bottoms
1653,Shannen,Skipperbottom,2/18/2026,CY43 9933 0466 9WTW ZAP4 OQYX FBWB,54.18,775.02,5434.63,Travel
1654,Antonina,Blumsom,6/29/2026,BE34 0748 3004 0812,460.65,178.95,1114.59,Food - Frozen Meals
1655,Nancey,Timeby,3/9/2026,MD50 SP9R TL5Q D59V 2RGU FEBK,138.49,5025.09,80191.69,Food - Frozen
1656,Kara,Spreull,1/2/2026,FR80 0491 1013 44EC AIOW Q1NP T19,74.37,3785.66,82179.27,Accessories
1657,Martie,Mosten,4/20/2026,NL72 UGLR 5530 8076 28,128.86,1775.8,18220.45,Outdoor
1658,Tove,Fourman,5/27/2026,RS54 1973 8685 4809 2732 10,239.94,1529.1,4919.73,Food - Fresh Produce
1659,Jinny,Wheatland,9/16/2026,AL28 5107 5519 JLSO IWCG BFXC WCFF,3.85,764.79,7969.01,Food - Cooking Oils
1660,Vere,McKenzie,9/12/2026,RO50 GPSF 5XTV DT0W YNPB NPPX,488.05,949.89,6081.1,Food - Snacks
1661,Meredeth,Capener,1/21/2026,LU41 2559 PIHQ ZBEY MCAI,123.67,1279.16,17716.09,Outdoor
1662,Zara,Wellard,6/13/2026,SA74 08HN HG4X O9S7 CJQT IMS1,11.32,1877.97,22340.12,Sports
1663,Parke,Colombier,4/2/2026,AT31 7816 3984 9281 1043,49.63,31.22,2217.27,Food - Snacks
1664,Henrik,Benadette,10/12/2025,NL84 NYBM 2197 8510 68,10.49,2497.36,33618.45,Food - Breakfast
1665,Anica,Bownde,8/4/2026,SM95 K897 8365 551C TVHW C3KC NFE,51.56,1511.29,11822.82,Food - Soups
1666,Justus,Weekly,8/5/2026,FR61 3096 5860 58ZA 2APH RGAC Y94,31.04,337.72,4616.45,Food - Bakery
1667,Sonni,Pulley,4/13/2026,FR82 5076 6077 0754 FOAE GG6Q 898,18.59,327.61,2172.14,Fitness
1668,Gladi,Coldtart,5/27/2026,VG21 LHDW 0035 3930 5392 3292,111.49,2178.3,15286.38,Electronics
1669,Zabrina,Mearns,8/7/2026,MR53 0060 5192 5818 0928 5240 465,18.25,2008.34,26166.22,Food - Frozen Foods
1670,Neala,Haddow,5/30/2026,IS29 2139 3505 2611 6496 4148 05,10.74,8705.88,152779.99,Outdoor
1671,Kizzee,Dewing,6/10/2026,BR26 5290 6421 7180 9102 9988 745E 9,17.81,2504.07,47931.53,Food - Snacks
1672,Zora,Chadderton,4/13/2026,BH78 CJKS QH9Q WIWY 9GIX TV,29.79,5.94,1583.01,Garden
1673,Rahal,Hepher,8/26/2026,HU36 0005 9303 1047 1788 8397 2768,56.5,129.09,922.21,Tools
1674,Sebastien,Fundell,3/30/2026,MU58 MINA 9138 5663 5471 2649 765D TJ,17.55,3295.37,31644.94,Food - Grains
1675,Katleen,Alvaro,7/20/2026,FR37 5506 1543 10NT 6EMM FLHV P08,9.54,214.6,167.3,Clothing - Bottoms
1676,Ash,Puddifer,7/14/2026,FR37 9141 9326 79PE BKIK SVJC Z98,22.67,1145.34,3803.39,Art Supplies
1677,Hatti,Ruffler,7/22/2026,FR51 7884 1461 166D 2VFK 9GY2 M12,15.56,4547.61,64850.68,Food - Deli Meats
1678,Antoinette,Hugo,2/19/2026,CH74 8104 9BTU F5HM 16OM D,262.1,6051.31,68732.98,Office
1679,Isac,Oglesbee,1/21/2026,ES13 8253 8322 3411 2599 5383,9.85,1508.85,5826.69,Food - Condiments
1680,Melissa,Wyrall,9/22/2026,MR21 1250 5496 4658 5813 1893 841,26.6,2067.35,12600.54,Automotive
1681,Hanson,Summerside,5/25/2026,CR35 8469 3766 1254 5620 5,28.93,5760.72,123636.59,Food - Salads
1682,Dona,Plumbridge,1/2/2026,KW67 WCCU 4IUE LNAY HNCV CHMI 7ILI BW,71.9,238.29,2658.42,Food - Snacks
1683,Pattin,Plunkett,2/24/2026,PT91 0971 9253 8451 2101 3701 0,15.13,55.01,2698.33,Food - Produce
1684,Quentin,Geill,10/9/2025,FR74 9604 6487 94AV BZYX EFYK H24,137.25,2096.57,25687.57,Beauty
1685,Tull,Kisbee,3/17/2026,BH29 DBTC CMH7 0ENE SNUV 2D,535.67,940.49,6220.11,Clothing
1686,Teddie,Hunn,11/22/2025,KW84 UCOL J0HM PJPF EVUM QMSM PAKC EQ,21.64,53.34,1436.58,Audio
1687,Matthieu,Moukes,7/18/2026,KW19 SYGV 9VPA 5IBL 8Y4X SQZ1 WR43 IQ,13.22,229.52,38.38,Food - Condiments
1688,Chelsae,Seine,8/16/2026,IS19 9561 2079 6132 7871 6218 76,27.26,5163.08,116457.75,Kitchen
1689,Celene,Aulds,4/11/2026,NO13 0105 6804 330,4.17,225.07,1311.43,Food - Breakfast
1690,Vince,Feaster,6/14/2026,FR04 8760 3828 11PQ GSVJ RBXN Y65,121.68,1644.06,13300.0,Food - Bakery
1691,Rae,Malser,11/6/2025,BA43 6363 1509 4495 5744,130.4,4368.12,78899.4,Food - Cheese
1692,Westbrooke,Parslow,1/10/2026,BH31 NRSF AQ33 Z5BM B439 4F,3822.63,3951.97,95647.74,Food - Household
1693,Rozamond,Coom,3/12/2026,FR84 0686 7574 69TG SZPG SQGC U62,14.5,695.12,4508.36,Accessories
1694,Amalee,Zorzini,11/12/2025,GL43 9432 5663 5206 84,123.23,2650.1,16742.53,Home
1695,Aldin,Wackett,3/5/2026,DK85 7421 4297 3645 98,3.28,481.2,6627.03,Electronics
1696,Janeva,Ingleston,5/14/2026,SI04 9744 9925 8195 637,26.97,17044.6,326069.69,Pets
1697,Nadia,Wederell,9/28/2026,AE90 6024 3494 9436 8454 723,102.06,6896.05,163792.93,Food - Meat
1698,Hervey,Tupper,12/19/2025,FR75 1925 8004 00KZ NTW6 2MZD Y98,11.97,63.61,1642.48,Toys
1699,Rania,Ricarde,4/30/2026,MT97 OMKJ 6551 6YLY ZTZB DB7C 8KUP HC8,8.69,762.62,11028.14,Kitchen
1700,Benoite,MacKibbon,3/7/2026,KZ19 030F IO8V RXW1 I217,33.39,2453.51,19566.87,Food - Produce
1701,Cahra,Domenichelli,11/5/2025,FR41 6491 0367 06HE IXBG R4ZT N85,20.63,3096.11,74040.17,Food - Baking
1702,Marius,Sturton,4/9/2026,FR96 0425 3753 290X 5EPS XK9C W22,20.1,15668.08,296582.31,Audio
1703,Dolf,Twizell,9/19/2026,CZ30 6492 3300 0188 9809 3631,26.57,909.41,2965.51,Food - Produce
1704,Kacey,Shatford,8/14/2026,FR95 9350 7236 07NO VGJW Q8N2 779,22.87,1279.26,6776.89,Pets
1705,Aurie,McGaughey,6/30/2026,BH43 ZJBX VKLB YDEA GZWR OR,147.31,5.45,376.97,Gaming
1706,Helen,La Padula,12/16/2025,AZ65 BIUX VO6R MVJ4 ESAH UXBB LOS5,98.42,206.9,622.02,Food - Snacks
1707,Faustine,Vaillant,12/7/2025,SI53 1540 6902 7791 276,21.82,1919.27,5320.12,Food - Baking
1708,Monroe,Dehm,2/3/2026,LU10 074N 8BIM PZ9Q 7WVD,21.29,3953.85,54963.02,Food - Bakery
1709,Eloisa,Esh,3/21/2026,HU08 3375 8254 1893 5727 9769 8477,49.47,11620.31,520957.87,Kitchen
1710,Cele,Skellington,3/4/2026,FR31 6153 9842 18EM 7G76 0XIW 697,15.57,2868.77,27338.19,Food - Snacks
1711,Edlin,Smethurst,1/26/2026,MU10 QCBR 2050 0356 2072 3009 458R EO,26.19,2295.65,29926.15,Food - Canned Goods
1712,Kally,Trousdell,4/9/2026,SA43 00QK OLAW VJBD EOOG 49QL,13.1,187.92,2774.53,Food - Canned Goods
1713,Georgianna,Loxly,3/15/2026,FR59 9352 7016 87IM TQR4 FGTW X99,3.01,2865.61,98592.38,Food - Snacks
1714,Tam,Bearcock,10/16/2025,HU02 9350 6123 3008 8712 3275 8158,125.07,1995.81,23376.06,Accessories
1715,Moyna,Yurkov,4/2/2026,NL15 RHOM 8490 0179 52,35.48,2040.23,12850.63,Home
1716,Barris,Medgewick,3/24/2026,FR67 5995 3730 27V2 XOTK FUSE J15,20.3,2585.06,23648.36,Pets
1717,Sonia,Euels,9/4/2026,MD18 EA8W PLNF MZDZ VDF3 JVYQ,7.95,2289.95,22262.48,Kitchen
1718,Thorndike,Lambdin,6/11/2026,FR40 1258 4167 84H4 0UX6 B915 966,20.11,11337.81,120946.42,Clothing - Accessories
1719,Callean,Harriskine,12/20/2025,KW52 RBCV ZXX7 F26Q HOZU 0K3H EOPC PK,79.44,2001.1,4628.91,Food - Snacks
1720,Beryle,Brickner,2/22/2026,MC79 8495 3619 00A9 LD7P IZAB 048,12.74,1254.23,7717.87,Kitchen
1721,Ceil,Jozefowicz,11/28/2025,IT26 R343 7660 3151 JY8C CVC8 T8A,769.39,3035.89,83329.07,Food - Spices & Seasonings
1722,Hersh,Sahnow,12/14/2025,KW37 EZVI GYQC ONLS ODNC YZU8 KYO0 5N,28.6,8968.99,69889.59,Garden
1723,Bernard,St Pierre,12/20/2025,GE58 QB01 0979 1491 8599 93,18.49,410.45,3696.94,Photography
1724,Rosella,Pachta,8/24/2026,BE74 1141 2601 5642,48.19,198.75,934.53,Food - Snacks
1725,Barbie,Mulqueen,2/15/2026,LB19 5374 AGIS PCQA E2YO VNWK 6I9T,25.45,1474.58,9045.59,Food - Snacks
1726,Colin,McKeag,9/10/2026,BA69 0686 4821 5463 7001,7.49,141.53,154.31,Fitness
1727,Caz,Hastelow,9/30/2025,CR78 5190 9963 5871 9889 7,12.24,13184.94,135390.12,Food - Dips
1728,Sibella,Toolin,5/23/2026,SE54 8123 3408 2002 5126 5384,19.84,1150.03,10756.35,Health
1729,Jackelyn,Jaquiss,11/24/2025,IS15 9921 9175 6535 1443 0407 39,6.77,1223.35,11822.44,Toys
1730,Aili,Nineham,11/3/2025,MT48 CHZF 0368 19NL ARKV RGZP 2WYR TQG,100.06,248.22,1257.1,Outdoor
1731,Yardley,Cupper,10/1/2025,AD73 6094 9152 2LW7 SJDO GZ6Q,108.81,632.14,4509.57,Outdoor
1732,Noe,Bulcock,8/23/2026,ES50 4735 3415 4749 5538 9083,12.68,3548.11,83303.58,Food - Breakfast
1733,Ruth,Truswell,1/15/2026,FR86 6112 6427 27MP FRQW NHGM P11,10.36,1365.69,7640.51,Kitchen
1734,Gaylord,Heighway,8/9/2026,LU50 137N GYQ6 FOQV XTA6,112.85,1641.73,9012.76,Food - Grains
1735,Almeta,Curcher,9/2/2026,SI71 4131 7720 2339 313,4.91,582.41,4937.42,Food - Beverages
1736,Cullie,Gaitskell,2/12/2026,VG97 YSUP 4412 0437 8954 2836,2028.99,723.74,7170.21,Food - Spices
1737,See,Jeynes,7/21/2026,DK68 5642 9321 4849 16,23.68,10529.6,717178.94,Food - Condiments
1738,Faun,Lamberteschi,4/29/2026,KW85 WFKG CUN5 TYWH WKSB IZQB EIJU SH,23.02,2094.44,25774.77,Food - Condiments
1739,Kerrin,O'Griffin,12/5/2025,GE94 DV22 8915 3951 6467 23,7.9,2098.74,24432.5,Clothing - Shirts
1740,Steffen,Heinritz,12/14/2025,AZ63 RTLG LMTT LMJE SH2S BSXQ EIR1,7.89,6041.58,61055.16,Food - Beverages
1741,Ardella,Cud,4/18/2026,CZ39 1831 1326 3127 7825 9443,3.58,113.28,1051.04,Wearable Tech
1742,Malvina,McGonigle,6/25/2026,PL27 9462 8062 8526 8511 5581 4658,22.88,10283.62,129401.41,Food - Beverages
1743,Mel,Willock,8/25/2026,TN78 1715 2622 4635 3933 5758,2.8,3724.67,71879.78,Health
1744,Tad,Gymlett,3/3/2026,FR57 8020 3147 595I 2JYV JRJ2 G87,3.49,775.51,4162.39,Food - Grocery
1745,Darcy,Gillow,7/15/2026,IL32 3308 0347 0341 0367 513,14.0,1093.79,14955.91,Fitness
1746,Chauncey,Kubach,3/31/2026,CZ09 3868 2596 1511 9273 0036,73.58,1767.19,4087.02,Garden
1747,Gill,Ledeker,3/27/2026,FR48 7012 9287 23WK MWGY JKCI 069,442.5,3823.97,111720.27,Fitness
1748,Skippie,Padefield,9/21/2026,DK27 3346 5783 1344 79,13.14,464.23,3724.25,Computers
1749,Jasen,Bygrove,11/29/2025,ES06 4684 7897 3119 9337 2691,36.18,2454.45,18815.34,Clothing - Accessories
1750,Caressa,Cadlock,8/24/2026,KW09 OLSJ MKTZ NTOM EKT3 RKZ0 JWHG 9V,47.13,1364.3,19693.11,Clothing - Footwear
1751,Marylee,Maddison,12/31/2025,BG42 MTBP 8009 09RK KAS2 WF,27.35,119.63,680.53,Food - Baked Goods
1752,Constantina,Eyton,3/8/2026,NL15 DUER 2594 3408 29,1170.99,5135.81,58163.96,Food - Produce
1753,Zorine,Sander,1/28/2026,AE73 2875 7148 3064 4933 155,1075.41,48.45,2244.55,Kitchen
1754,Candi,Madgett,7/31/2026,FI27 1080 5126 4036 86,27.08,2121.32,15896.26,Smart Home
1755,Sarajane,Hanton,5/16/2026,ME20 3191 7227 0753 8880 40,206.7,1269.59,5183.78,Food - Grains
1756,Mallory,Diggles,8/26/2026,LB41 5515 AJFD MDV6 SXQ6 PSRD ASFI,23.05,164.52,2353.26,Fitness
1757,Kerk,Kleinhausen,10/2/2025,ES34 8804 6785 6296 9064 5016,25.89,3399.59,32798.82,Food - Frozen
1758,Wenona,Di Baudi,4/14/2026,FI62 3311 2410 6260 59,26.15,5721.45,345095.89,Kitchen
1759,Maurits,Tabourel,5/17/2026,MK82 717E 8UAJ AGQA O55,13.72,3810.15,119668.67,Kitchen
1760,Livia,Vedeniktov,4/14/2026,DE53 0674 0307 5290 7534 98,14.85,87.86,1387.37,Food - Frozen Foods
1761,Serene,O'Drought,3/5/2026,GI72 XFDF Q0SJ VBYY 4YTQ N0W,28.49,1796.84,4688.18,Food - Snacks
1762,Crin,Pulham,7/15/2026,TR56 6150 6EPP XBNK 2VYG XHS3 N9,145.6,479.26,3444.56,Food - Breakfast
1763,Bobby,Damrell,3/8/2026,MC93 9659 9002 28PO DSDS UOWM E40,7.64,1627.7,5399.24,Pets
1764,Bobbi,Hindenburg,1/4/2026,SI81 0795 5495 2704 848,3.99,2427.13,20165.69,Food - Frozen Foods
1765,Rod,Pentecust,3/10/2026,FO68 7482 1970 9599 35,24.72,3664.59,164568.34,Food - Condiments
1766,Olag,Randlesome,10/11/2025,DO02 0FVT 2218 3858 2754 2516 2697,3051.89,2357.84,9016.68,Food - Oils
1767,Massimiliano,Bucher,4/4/2026,DE68 0511 0596 1216 9293 87,67.42,216.68,2956.03,Health
1768,Jase,Hammonds,8/2/2026,FI11 9196 1445 2819 26,20.94,4818.94,70308.64,Food - Meat
1769,Ryun,Reskelly,12/5/2025,CR38 3518 8160 4942 6212 6,38.79,1136.24,7898.86,Clothing - Outerwear
1770,Cloris,de Courcy,2/19/2026,DE23 5480 5581 3287 1744 04,549.2,107.84,432.66,Food - Beverages
1771,Clarita,Zecchetti,2/7/2026,SM93 T789 7955 5867 M1Y9 UMNT EKE,142.55,372.6,1937.51,Fitness
1772,Andie,Marval,1/19/2026,RO33 ETBG AHK1 UADH HAK9 ATLZ,17.0,13299.21,144776.15,Food - Frozen Foods
1773,Bella,Drummond,8/24/2026,TN27 5557 2496 8680 4967 5271,2328.92,2484.88,21000.88,Food - Pasta
1774,Gussi,O'Skehan,10/5/2025,GL14 5606 6112 0776 00,15.0,118.75,23.0,Garden
1775,Marilee,Strangeways,2/24/2026,GB33 CWMB 5941 2153 1817 14,390.09,1599.47,15397.42,Toys
1776,Lee,Bertomieu,3/27/2026,BE20 7607 5491 1513,113.56,214.03,1361.27,Food - Salads
1777,Jarrid,Craiker,12/17/2025,GL58 1786 4975 7814 33,120.46,6466.55,152332.98,Food - Snacks
1778,Tremain,Lamborn,8/9/2026,FR52 1142 4435 66IN QORN H2D3 C02,553.04,96.44,2224.37,Accessories
1779,Jeremy,Reeves,10/3/2025,BA03 4719 8349 1949 1313,29.56,1607.68,5379.63,Garden
1780,Melicent,Sunner,11/26/2025,SE20 8309 0061 6229 2552 5941,1885.42,4666.4,51940.73,Health
1781,Pamelina,Kaiser,1/27/2026,CY36 6438 5505 BRM2 QP0J EDFH EBT0,23.54,1666.53,17715.44,Garden
1782,Donna,Swyne,12/8/2025,EE19 7878 9028 3492 3086,5.37,13701.66,253488.88,Food - Beverages
1783,Ediva,Pawelczyk,6/30/2026,PL67 8284 6522 8575 2944 1443 5323,121.19,3455.38,67720.38,Food - Prepared Foods
1784,Miltie,Genever,2/28/2026,FR70 4618 8779 886A GU6N UPOV E71,110.51,733.87,10665.55,Food - Produce
1785,Paige,Duckers,1/12/2026,GL64 0655 3925 4517 77,6.47,1139.36,12197.96,Clothing - Loungewear
1786,Ag,Whistance,9/27/2026,ES83 8649 4531 5004 5486 1301,147.39,2379.07,19639.91,Food - Baked Goods
1787,Talia,Brommage,8/14/2026,LT37 9192 4171 7512 4556,24.25,1696.06,22273.17,Office
1788,Leonie,todor,1/16/2026,PS79 BQQT WYUY YBPW 9PZ0 ZQPJ ANPU S,10.23,5232.08,108594.69,Food - Frozen Meals
1789,Albrecht,Mityushin,8/22/2026,KW50 BXOY DH1X OCH7 ITTE JRTJ 2WGD DF,107.78,1436.44,15220.14,Food - Prepared Meals
1790,Joann,Reignould,2/3/2026,FO03 6460 3728 2864 63,24.45,2112.24,28586.63,Kitchen
1791,Annora,Peasnone,6/21/2026,SI34 2345 1556 6255 829,97.0,7001.92,166897.65,Food - Baking
1792,Port,Iacopini,7/21/2026,FR91 0589 1269 17JL 44WH VTTF I10,10.85,13065.33,89269.3,Clothing - Dresses
1793,Archibold,Quantrell,4/14/2026,LB94 1741 K5EW CVMT XXHA TO5X DXBN,9.05,978.83,14568.25,Food - Bakery
1794,Nadeen,Pol,5/20/2026,GB16 DVRC 5035 5426 2694 22,778.15,344.53,4467.55,Food - Baking
1795,Audy,Cornish,1/16/2026,HU22 9574 4667 9297 8857 5942 4672,17.08,2416.74,6666.17,Food - Spices
1796,Joseph,Chason,5/5/2026,DO08 XQXH 3456 5248 8193 0506 6985,11.21,637.2,6503.25,Clothing - Dresses
1797,Sharity,Cosham,11/27/2025,FR10 5915 4091 86FX 2ZAZ OTPX K94,10.95,591.84,8351.17,Food - Snacks
1798,Remus,Fort,11/11/2025,TN24 9772 7495 3551 6162 1171,11.12,1406.83,17475.26,Food - Prepared Foods
1799,Lurleen,Brimilcombe,1/3/2026,BR77 2030 3142 7053 9918 8319 718R J,12.82,788.49,2721.2,Food - Fruits
1800,Ingrid,Jamot,12/6/2025,PK86 EKKF YCOR FEQJ 0T4B D2GY,17.57,1026.12,7102.13,Food - Frozen Foods
1801,Carlyle,Clemenceau,2/10/2026,FR48 3348 2486 691U GVD7 FFV2 V47,11.01,4479.01,83398.35,Food - Grains
1802,Neely,Shadfourth,7/30/2026,MC68 9252 6605 81SH 4MSP YGER O73,2422.69,1651.65,21018.15,Food - Canned Goods
1803,Cami,Domerque,12/15/2025,IE44 XNDT 9839 7043 2251 79,126.85,2291.72,20980.02,Food - Produce
1804,Patrick,Lempenny,10/12/2025,SE31 9846 8760 6493 2783 2802,24.32,8399.43,109945.31,Tools
1805,Jorgan,Jouning,1/29/2026,AE14 6255 5019 0897 2855 464,232.24,73.26,828.92,Food - Bakery
1806,Kahaleel,Rowantree,4/10/2026,ES72 6323 6077 6395 3716 9791,14.88,2453.43,26282.69,Clothing - Footwear
1807,Hillyer,McPhee,2/9/2026,FR53 3262 0929 13RG UTTJ KYK2 T94,15.13,64.1,550.09,Health
1808,Darya,Birkett,9/8/2026,DE79 9961 9962 0852 6305 88,14.14,3368.13,48299.74,Kitchen
1809,Hugibert,Deaton,10/18/2025,FR11 9577 3471 79BR DSIV 48YB E26,18.77,5117.13,122427.68,Home
1810,Jamil,Escott,3/8/2026,SI47 3568 1879 4431 014,50.06,9902.75,50836.52,Home
1811,Sorcha,Gonthier,10/10/2025,IS71 4869 6412 0935 3459 2111 04,76.87,33.73,1152.21,Food - Nuts
1812,Gwenette,Hainey`,12/2/2025,MU33 BKQX 8652 5990 7254 1236 020W TL,8.94,2291.69,32461.05,Home
1813,Rodina,Aujouanet,3/10/2026,SM65 U884 1639 041H FQVQ O03S RUG,322.06,1200.63,11322.53,Computers
1814,Mortimer,Jickles,6/29/2026,FR50 6571 6687 06TX YSFI M7BK B04,9.4,965.49,11197.29,Accessories
1815,Moyra,Saunderson,11/15/2025,FO32 0249 1633 0766 79,3.64,2602.15,22527.43,Kitchen
1816,Fianna,Lukacs,9/30/2025,RS08 3002 1339 5787 9544 35,96.85,17472.52,435696.79,Automotive
1817,Francisco,Jakubiak,5/23/2026,PT67 2361 4243 6836 0712 1377 9,19.3,2629.91,25268.58,Audio
1818,Standford,Bortolini,1/19/2026,CZ68 9568 8666 9455 6707 4141,137.31,4355.11,48984.86,Food - Prepared Meals
1819,Salomo,Fortnum,8/7/2026,SI26 8912 6531 1463 548,8.35,1139.94,13576.82,Food - Dressing
1820,Pru,Shoebotham,4/18/2026,AT11 0390 6512 1403 8753,143.84,2755.98,36718.45,Food - Dairy
1821,Margalit,Hynes,9/10/2026,LV19 XTXP SVKS VRSX NBX9 D,24.63,2215.8,30203.45,Food - Beverages
1822,Dorris,Blowin,11/1/2025,PT95 1371 3592 5048 2159 5543 6,3.2,78.27,139.37,Food - Condiments
1823,Madelon,McCorry,7/17/2026,FR91 6188 1374 255W HFVT 1RQL B83,23.06,1718.88,10638.89,Food - Nuts
1824,Rafaellle,Loughran,12/28/2025,FI75 9282 8690 5608 04,3.64,987.41,12606.97,Food - Cereals
1825,Nealson,Twamley,7/26/2026,AL86 2075 8726 4UID 9ULD ESS7 ZAXV,60.81,565.95,6982.02,Food - Frozen Foods
1826,Mandi,Duly,6/17/2026,BR21 6692 3697 2922 0339 9854 260G L,66.68,14956.08,1145321.99,Accessories
1827,Rafi,Leyfield,1/12/2026,ES31 8698 0271 6779 0255 2498,9.77,2041.32,9633.17,Clothing - Bottoms
1828,Pansy,Gonnard,7/24/2026,EE49 1780 6352 1854 0400,25.66,4204.76,144276.22,Food - Snacks
1829,Ranice,Brigg,9/13/2026,SK93 1031 7332 9534 2961 9074,25.31,221.43,2344.83,Food - Snacks
1830,Doro,Garrals,3/8/2026,GT36 WIGX F24T ITNX 7E8P BMBF KMRT,12.89,3991.22,266878.49,Garden
1831,Linet,Rogier,7/4/2026,EE32 8422 7635 4099 0281,4.94,581.5,2643.33,Clothing
1832,Nolan,Venables,11/5/2025,CR95 4836 8804 6611 0376 3,9.38,587.55,6279.55,Clothing - Tops
1833,Lacey,Martinon,8/6/2026,NL43 PXDW 0125 6458 68,26.32,5522.22,102068.01,Food - Condiments
1834,Les,Walkling,6/16/2026,DK85 2414 5025 9301 73,36.77,2384.52,35470.89,Food - Meat
1835,Burnaby,Llorente,7/28/2026,KZ87 365T BBNK A3GV CEEB,141.98,449.27,4235.82,Outdoor
1836,Derick,Vossgen,6/17/2026,CZ67 7943 9482 7258 2213 8099,24.61,727.7,8703.34,Food - Snacks
1837,Sherry,Ludlamme,12/31/2025,FR13 1759 5044 43EA 8ACY NVXZ Z27,101.55,3438.1,53457.69,Food - Bakery
1838,Terza,Grice,3/19/2026,DK79 2212 0354 1074 51,18.22,3136.19,100191.3,Fitness
1839,Ricki,Ast,10/30/2025,NL93 ZIRN 5413 1110 04,9.94,16650.42,105025.47,Food - Dressings
1840,Hedvig,Hallsworth,1/8/2026,PK80 NEZF LPRR H8FC F4MI WY8B,42.82,564.59,4523.23,Food - Vegetables
1841,Laurella,Ryson,11/2/2025,FR23 1164 7872 53D6 YG9X ZCCX 868,16.67,145.76,2612.18,Home
1842,Rick,Moseby,12/24/2025,IE66 QLAT 0404 6098 9584 13,261.47,2359.93,27070.09,Travel
1843,Goraud,Schimoni,5/11/2026,AL21 7114 7441 ZW8O 2J3J X0NR RR5B,56.85,656.52,8157.26,Smart Home
1844,Buiron,Vedenyakin,10/26/2025,NO78 1709 6833 061,8.88,3261.65,41507.26,Home
1845,Paulo,Pykerman,7/2/2026,HU74 3401 7108 9439 2829 1381 3456,13.13,2437.65,26742.14,Food - Produce
1846,Jody,Grist,12/1/2025,FR39 1612 2500 55HJ SC1F QXWC 310,21.9,12.56,1059.2,Travel
1847,Clarinda,Ghidetti,3/11/2026,LU44 681J UAS5 TWTG OYQD,14.01,2425.6,25748.23,Food - Snacks
1848,Kevon,Mauger,5/11/2026,LB89 2666 HRIF TZ9G IF4C P9WS RMH6,16.0,332.17,1522.76,Food - Baking
1849,Marianne,Farnsworth,8/28/2026,RO39 NIAL ZAB8 HSND 1E9V DZD4,125.5,4427.82,94164.65,Food - Snacks
1850,Abbye,Zarb,12/8/2025,CR97 1044 4666 9291 7882 7,48.45,2162.43,11639.63,Home
1851,Harper,Goddard,4/22/2026,FR10 6690 4470 56PH 1QDB OHNL 824,83.16,62.08,958.39,Food - Snacks
1852,Roma,De Bruin,4/28/2026,PK80 OYBR BO71 YQB6 Z7UV OOFK,23.95,1867.94,21106.68,Gaming
1853,Annette,Pavyer,8/24/2026,TN88 4555 8809 4264 9840 8129,2.28,4858.38,43581.27,Food - Sauces
1854,Bendicty,Killingbeck,12/7/2025,TN17 4649 4121 9926 2159 8051,23.49,3490.17,220975.83,Food - Baking
1855,Even,Eitter,1/14/2026,GB37 MKTN 2274 8979 9554 92,40.59,1780.07,22963.29,Home
1856,Daniella,Grabbam,5/24/2026,AL27 8287 9758 MMJG VHVU DHI8 UBVN,21.8,2013.73,20249.79,Clothing - Outerwear
1857,Keeley,Lere,11/2/2025,VG57 JLXR 4819 7510 6871 3290,140.86,196.73,76.05,Electronics
1858,Abby,Aitchinson,9/29/2026,GB69 IDMS 8114 4693 4231 70,91.32,272.01,2624.74,Kitchen
1859,Jorge,Hamlett,6/15/2026,BG55 HBNW 7727 14AX W61S PT,24.11,945.85,11985.65,Food - Condiments
1860,Del,Cribbins,3/13/2026,AT56 8780 7528 3428 4932,620.02,3517.99,104271.27,Kitchen
1861,Luisa,Blackett,8/20/2026,BR12 4228 7745 4057 5950 7056 429Y J,10.83,3008.48,57133.32,Beauty
1862,Inglis,Genery,10/19/2025,FR91 1820 1567 92M6 UKHH A8FE F67,22.34,5125.51,79221.38,Food - Frozen
1863,Hillie,Foskett,8/6/2026,NL47 QRIT 0843 6983 43,74.59,2107.42,8104.44,Kitchen
1864,Kellyann,Bernardy,4/20/2026,PL86 2295 9778 8698 0621 9874 1217,118.25,1289.68,6751.36,Food - Grains
1865,Jill,Kennon,9/25/2026,GB38 EFNQ 2612 3546 7765 42,26.59,3707.44,69799.2,Food - Soups
1866,Cass,Simla,7/3/2026,BR52 9506 0894 2484 2994 8427 443Q O,124.81,99.99,2204.76,Food - Cereal
1867,Elsinore,Nelthorp,5/17/2026,HR09 6517 7634 1220 0577 3,37.82,5504.22,134425.93,Food - Frozen Foods
1868,Patti,Stych,6/4/2026,GE79 IE51 3314 4797 8677 96,12.53,4217.53,42069.26,Travel
1869,Janos,Giacobo,7/7/2026,FR20 3400 1402 61ZF IYWN ZXT2 469,9.67,961.84,14399.15,Food - Breakfast
1870,Lars,Blissitt,11/28/2025,ME03 9076 8836 1485 9957 19,19.16,1292.7,5955.49,Pets
1871,Lazar,Jamson,12/16/2025,BA54 2833 9900 3059 3985,23.9,15779.51,378876.85,Food - Prepared Foods
1872,Kelci,Frape,7/24/2026,AE37 1248 1696 1239 1726 471,15.22,5338.09,54637.47,Garden
1873,Hew,Trask,5/20/2026,DE03 1487 8203 6398 7934 57,20.53,2688.64,67412.4,Kitchen
1874,Judon,Cullon,7/20/2026,FR96 7781 8570 02OS CRIB MKKV X16,139.56,215.73,265.36,Food - Sides
1875,Corene,Bulloch,12/20/2025,ES52 5708 3059 9699 0224 2173,204.5,4155.03,99827.91,Food - Pasta
1876,Laughton,Spavon,11/18/2025,SI75 3620 9423 7126 776,26.42,189.02,1593.41,Clothing - Footwear
1877,Kris,Zute,6/23/2026,MU81 RLEU 9265 5665 1219 8565 147V NW,10.3,1647.99,20625.35,Outdoor
1878,Robenia,Corde,11/17/2025,BE98 6969 7915 0483,75.44,6305.17,121403.32,Food - Condiments
1879,Michelina,Shillitoe,10/30/2025,FR51 7634 3939 67D6 OHQX WJPM S45,24.23,1105.98,11684.43,Food - Produce
1880,Junie,Dumbleton,1/2/2026,BH86 GOTS 2X3J KYTT HROO F1,15.63,149.68,1293.37,Kitchen
1881,Vanya,Croy,7/5/2026,FR56 4103 7487 40XR D2JU MWUO S80,54.66,2252.89,33146.27,Food - Breakfast
1882,Ida,Taunton.,3/24/2026,MU23 TJRX 2506 0582 2837 7533 248Q BM,12.23,14682.91,955223.33,Kitchen
1883,Wendell,Dumbare,9/17/2026,PT87 5235 6006 8461 5348 4683 0,21.54,5337.93,78760.19,Food - Salads
1884,Aaron,McCathie,3/22/2026,PK66 VZZB PHSZ ZQCA ZCT0 KKN8,118.79,536.82,1142.07,Outdoor
1885,Alidia,Ortler,8/5/2026,TN83 9795 9085 0277 8119 3901,5.17,4690.17,107359.44,Food - Condiments
1886,Juliane,Ridgley,4/5/2026,BH57 QEIN 9RW5 PH6Z PUWK MY,746.38,4273.68,92014.52,Food - Frozen Foods
1887,Aldric,Restill,5/18/2026,FO67 9417 3701 1285 37,67.04,67.56,2292.91,Food - Spices
1888,Monique,Cornils,9/11/2026,IL75 4589 5618 4819 4004 480,3.25,70.14,2753.79,Food - Condiments
1889,Berti,Demageard,10/4/2025,GT51 SC4F XVSP INIO BYHG CCNZ FWZF,6.24,72.95,2700.32,Food - Grains
1890,Livia,McIlhagga,6/14/2026,BR35 7638 6182 5612 6580 8349 658R M,24.03,5269.27,180460.31,Home
1891,Scarface,Behninck,3/5/2026,BE08 0213 7743 6135,29.34,1442.62,4398.79,Outdoor
1892,Ella,Royall,7/5/2026,MT72 VIGL 0848 47UD KLJ4 3IGF IOEX 2XU,17.07,1984.48,13249.42,Outdoor
1893,Gamaliel,Noore,12/8/2025,HR62 7171 6511 9312 6965 9,21.41,59.85,52.6,Outdoor
1894,Janaya,Latty,8/23/2026,EE09 2198 7729 0993 9807,18.73,1579.08,17305.85,Food - Sauces
1895,Alexandros,Adran,8/3/2026,MC80 8327 0491 13FA NP0Q YFJB X15,11.04,4791.02,132244.29,Food - Prepared Foods
1896,Sinclair,Yitzowitz,8/19/2026,IL72 4710 5241 0551 7938 010,4286.22,1965.15,7519.55,Food - Condiments
1897,Mile,Pedler,3/2/2026,AZ54 ZEYU H3AA CXXL 3A3L RJ6T K1FB,7.67,86.87,1943.46,Home
1898,Taite,Lincoln,5/20/2026,SE50 7679 1003 0190 8172 9140,616.72,722.06,1985.04,Outdoor
1899,Kyle,Grinyov,1/3/2026,CZ06 1333 6611 6057 8629 8464,29.94,2393.35,20852.78,Health
1900,Dominic,Conibeer,3/12/2026,AD89 1221 4992 IMLZ 9RRH 6IGN,28.49,931.57,8847.23,Food - Produce
1901,Lana,Elsmor,11/2/2025,IT25 V067 5242 181T 0J1S TOHO OAK,12.9,3067.16,43690.2,Toys
1902,Mitzi,Lytlle,3/14/2026,LB06 4248 BJ1F ZPGJ 1KKR 8V4V ZZA6,28.7,808.62,3777.03,Kitchen
1903,Diann,Minger,3/25/2026,CZ81 8354 9878 8150 8678 5952,13.23,482.18,4608.37,Food - Spices
1904,Ricky,Peddowe,8/30/2026,FR24 8774 4909 98JO L1QX IV2E F72,10.69,115.17,1962.16,Clothing - Tops
1905,Kirbee,Sissens,5/26/2026,FR52 5645 5855 11TS R1AW DIRU 186,2.77,86.96,2665.79,Food - Grains
1906,Carlene,Doore,11/6/2025,BG57 PBOC 2215 52M3 W5XR OB,613.23,3701.24,48183.31,Fitness
1907,Ronica,Ivasyushkin,2/15/2026,LB12 5768 HIMQ LMMN R31K QPCE IPRN,2.04,1613.2,17145.79,Food - Spices
1908,Laraine,Pietrzak,3/30/2026,LT19 8187 8326 7021 9338,40.48,209.63,2185.85,Pets
1909,Elsinore,Durran,8/10/2026,PL95 8013 2645 2248 8667 0334 7173,269.51,3284.7,232557.08,Kitchen
1910,Theodora,Loren,11/13/2025,CH15 6937 07DJ ZPPJ SEPQ T,144.94,2976.66,55940.4,Garden
1911,Sascha,Lehr,11/11/2025,LT08 7380 3719 9104 7188,129.98,2017.27,5016.18,Food - Beverages
1912,Lesley,Got,11/23/2025,FR35 6607 6382 89LS BMPN 0UO5 K66,54.68,1554.33,12567.51,Kitchen
1913,Hanson,Vidineev,12/23/2025,MR67 9767 5584 9777 4207 4403 174,744.23,400.15,3082.3,Home
1914,Lester,Etherington,4/18/2026,FR75 2414 0109 61H3 ZTBS SWCA F74,97.55,1880.35,10169.16,Beauty
1915,Othelia,Jouanot,4/27/2026,FR41 5896 5218 865O GMDT VQOO G88,3.15,161.07,224.56,Books
1916,Alphonso,Burney,1/2/2026,PK21 LISY TI5O HKIQ HTFU HBZO,10.29,2345.4,12620.07,Food - Canned Goods
1917,Tanner,Tirone,2/4/2026,GI41 VUAK 2N60 53KX 6MWM RJJ,21.96,774.05,6386.79,Accessories
1918,Katusha,Ovesen,5/22/2026,KW40 IKBH CZXF T3WO QGKT BIDP MOI2 Y4,10.99,2482.75,14937.7,Toys
1919,Porter,Sill,12/18/2025,GE44 MH92 6369 7081 0045 45,308.01,1646.45,14887.25,Smart Home
1920,Auroora,Trewhitt,5/22/2026,RS50 8751 0534 0872 5945 40,27.68,2222.74,22078.76,Food - Condiments
1921,Lucienne,Sailor,11/16/2025,KW61 KACM GHVI L0AD IWUS 7TPN IFK5 FV,141.45,4180.28,26816.48,Food - Grains
1922,Jan,Applebee,2/27/2026,LB67 1707 CHIV 1KHB EU1L NPIB TAYN,25.48,4018.39,44805.49,Food - Condiments
1923,Boigie,Aleksidze,3/7/2026,DE30 5697 0070 4738 9236 47,19.32,4636.62,338511.71,Pets
1924,Bernadene,Zelland,12/20/2025,LI42 5788 4BWB TEDU CLW1 1,12.91,21.01,172.96,Automotive
1925,Britt,Kolczynski,6/15/2026,MT92 RBSJ 9188 0DPV ZFVK RRFC TCVE 8AI,14.7,2027.59,5986.37,Food - Frozen Desserts
1926,Ave,Clausewitz,8/13/2026,NO10 3465 8794 962,727.72,1895.15,5938.23,Kitchen
1927,Rhea,Riediger,2/21/2026,AZ07 IMGT KZN4 FU4P V5ZJ XQST C4IE,116.9,7043.26,508680.93,Clothing - Outerwear
1928,Rania,Piccard,1/23/2026,MD89 PFG0 SWMP 0ESI 4O00 A7N0,9.82,5801.1,98664.51,Electronics
1929,Margie,Klausen,7/11/2026,MC80 4118 3022 51IF FLDA R0NM I91,10.24,2213.55,24660.35,Home
1930,Mollee,Rumsby,1/31/2026,FR85 0532 9600 697Z VO2X P3SP O13,179.95,261.41,839.46,Kitchen
1931,Jeannine,Jaquet,4/18/2026,FR29 6624 1200 27HP YPPN Y71F Y83,3.39,12906.53,133746.45,Food - Baking
1932,Amara,Watkinson,11/27/2025,PL45 3860 9260 3486 4283 5272 3404,21.17,13912.92,532214.13,Food - Snacks
1933,Torre,Studeart,9/22/2026,IL54 9396 4274 4065 9098 812,326.11,1213.15,17971.86,Home
1934,Larisa,Guiduzzi,4/17/2026,RO23 YQKM 666W CAD0 R8TP YSQY,140.58,2522.86,61965.95,Food - Bakery
1935,Ileana,Jossel,9/21/2026,MU45 YIDR 4546 8687 8519 5941 969G YK,27.99,1254.46,8564.38,Food - Snacks
1936,Sosanna,Trewartha,4/30/2026,LB67 4510 AJAM 19XO OOPW QODG 3OEB,24.59,220.77,2349.33,Accessories
1937,Langston,Nolan,6/1/2026,BA81 3590 6919 8151 4433,47.16,911.88,6052.75,Food - Condiments
1938,Sosanna,Michal,11/9/2025,FR66 0439 2255 23EW SULZ LO6M L59,62.38,348.18,737.06,Food - Grains
1939,Robinet,Longhorne,8/25/2026,LV02 WQLY WQGY GIWT 25FC G,769.64,237.97,426.7,Food - Snacks
1940,Shawnee,Devin,10/14/2025,NO30 1775 4784 537,87.06,63.09,2173.02,Food - Seafood
1941,Egon,Sherewood,5/16/2026,MK89 9484 VQBB FRCM P32,19.39,7181.04,145491.03,Food - Baking
1942,Maxwell,Drysdall,11/1/2025,PT85 3219 2388 5999 6047 5478 8,12.56,1686.76,17747.28,Food - Condiments
1943,Hynda,Gibbieson,12/25/2025,GT10 ORAD 2FBH RRGL 9BFV ASMV OVHO,90.82,3897.95,97240.0,Clothing - Sweaters
1944,Veda,Mitkcov,8/25/2026,FO15 4587 8809 6719 05,25.46,1261.12,9177.76,Food - Snacks
1945,Helyn,Kristoffersen,1/26/2026,FI92 1471 9182 8104 49,53.9,2498.67,35755.5,Food - Snacks
1946,Benedicto,Magowan,1/18/2026,TR67 4425 3IHF QZ72 XMBS ASPL HP,2.19,660.21,9737.75,Pets
1947,Dillon,Doudny,12/16/2025,VG16 URMV 4938 9553 5302 7075,13.83,4902.16,93302.02,Food - Canned Goods
1948,Flo,Jacson,2/10/2026,FR38 8936 4115 27MC MQCH FLHE A27,666.35,1650.04,22141.01,Kitchen
1949,Eleanore,Colgan,7/20/2026,ME80 8195 5067 9281 0726 66,19.95,2228.88,9306.8,Electronics
1950,Denis,Pitson,7/4/2026,MK37 735P 3G6P 0DLC 205,108.52,205.25,2331.5,Food - Frozen Vegetables
1951,Jeane,Rowbrey,5/18/2026,KW31 MGRI D1RH TZX0 2LDG JUVB USRK JN,18.66,1234.91,13855.51,Automotive
1952,Sonny,Ramelot,12/20/2025,MU35 KPFE 5072 4048 7666 0869 375C SF,236.56,5256.21,57503.76,Food - Beverages
1953,Adlai,Eakly,11/26/2025,GL55 6873 9883 8364 99,54.56,5294.62,352258.26,Beauty
1954,Joycelin,Mounch,4/22/2026,IE45 QXGE 1024 0699 0559 12,71.97,1788.01,23023.21,Electronics
1955,Billye,Kornes,5/24/2026,FR05 9407 6724 97JA C5GV DCZF E14,24.61,1547.23,10370.98,Food - Produce
1956,Sharon,Andrews,10/10/2025,KW02 XJMU G8A5 XPEV KLEN XE0R 299O NO,10.11,1629.83,9791.3,Food - Condiments
1957,Alphonse,Mattingly,3/15/2026,CY12 8996 9911 XTPO FORN D4IF V3JA,2678.1,193.54,590.53,Fitness
1958,Berti,Risdall,7/23/2026,CH75 9764 4RU6 5IGY SOKY G,29.49,1197.57,14217.3,Food - Condiments
1959,Xenos,Cahey,8/9/2026,MD42 FJ1Z B6UI D267 BROF BANO,123.96,1490.68,21219.82,Pets
1960,Lishe,Dixsee,1/9/2026,IT54 A096 0696 018X E9NV F6IN REW,18.31,765.31,7935.35,Food - Seafood
1961,Shellysheldon,Hickinbottom,9/28/2026,AZ64 FJNB E1RK ORLX 0TNK 2ELN JKWY,49.94,9349.26,130067.71,Food - Frozen Foods
1962,Meris,Warnes,4/2/2026,CZ51 7218 9715 6122 8383 9982,19.75,174.38,2775.52,Food - Sauces
1963,Gaby,Priddy,6/27/2026,GI03 ZBXE BEZM 1SJC PINC FFT,209.73,2139.64,19110.87,Kitchen
1964,Son,Haslam,6/3/2026,IL81 8590 9907 1989 1618 667,27.34,1190.09,8350.27,Food - Snacks
1965,Maxim,Tough,11/18/2025,AL79 5031 5601 7DDZ OLDP 0QAA 0HTI,21.89,76.95,1761.79,Food - Canned Goods
1966,Yasmeen,Rubinow,7/4/2026,ES85 6424 2537 8739 0200 0347,606.57,1198.17,9517.02,Food - Salads
1967,Cherianne,le Keux,3/21/2026,AD73 0036 4571 CFNB YOBV SDA0,602.29,101.97,1064.52,Garden
1968,Ingelbert,Oliveras,3/25/2026,ME84 9078 9471 0803 5244 87,18.04,1257.01,11258.54,Food - Breakfast
1969,Van,Huckel,6/13/2026,SA49 976I ZG1L ML4C X9VT NA4P,98.85,5012.36,77350.4,Food - Produce
1970,Silvan,Serfati,1/24/2026,AL48 1178 4573 8T0O 3EHI HKVN ZSEH,26.38,1895.34,13022.76,Health
1971,Flemming,Eloy,11/30/2025,AE18 3442 8879 7789 8568 412,110.12,1977.7,23394.74,Beauty
1972,Hammad,Jeannon,6/25/2026,AZ26 AUBR FGOT QMME ZOOZ D0DB CT8W,11.17,25.38,442.29,Kitchen
1973,Sonja,Dreghorn,6/14/2026,VG18 ISHE 3678 1378 5969 1795,687.76,7652.33,178686.88,Food - Meat
1974,Ammamaria,Waterman,9/16/2026,TR57 0616 5FNI WWYN N4WD 1A7R FG,26.67,141.99,77.65,Sports
1975,Tully,Wickling,1/25/2026,AL02 2140 0189 HICC QVHZ 78RR IUJS,13.8,5203.78,78574.38,Food - Frozen Foods
1976,Zilvia,Olorenshaw,12/30/2025,FR44 7673 1388 46IX LRWA IUEJ 718,13.11,1939.19,27761.24,Health
1977,Justinn,Reveley,8/21/2026,SM02 F211 3439 746N FTSB TUJV MFR,721.72,33.59,2708.14,Food - Condiments
1978,Morten,Welchman,6/1/2026,ME04 5034 7859 2777 7478 10,7.6,1718.71,4427.71,Electronics
1979,Roselle,Click,8/3/2026,GB12 MDEO 9357 0197 0547 08,41.46,1383.36,19824.0,Garden
1980,Marrilee,Timcke,9/21/2026,FR79 1826 5848 65TA MOCV DOGL H52,630.26,1922.86,24061.05,Clothing - Tops
1981,Kurtis,Laslett,10/23/2025,RS98 9446 2787 0384 5104 48,40.59,47.54,2722.13,Home
1982,Emmi,McGiveen,6/11/2026,HR06 3377 7196 0890 9072 9,10.97,191.65,1052.47,Food - Canned Goods
1983,Reamonn,Scurrell,3/24/2026,AZ25 ADKS YFGR Z5SU NGXZ FI4U OPMS,13.43,15324.64,103292.01,Food - Grains
1984,Paulie,Croydon,10/1/2025,GL35 0621 9787 2981 16,26.76,1197.82,13614.49,Home
1985,Lyle,Meriton,10/28/2025,AT98 5906 4110 9396 8145,13.26,33.7,2435.04,Food - Spices
1986,Correy,Gordge,2/19/2026,PL95 7209 5616 0782 4756 2079 3267,1246.71,4582.42,58248.38,Kitchen
1987,Gnni,Mooreed,8/24/2026,GI63 PPGW LNZU RD2L 502B E3K,120.3,5184.04,90375.91,Kitchen
1988,Darius,Beasley,7/26/2026,TN52 8829 8214 4208 4374 6428,57.54,3468.99,45660.8,Audio
1989,Merilyn,Raiment,10/21/2025,TN51 9273 7287 7983 1173 0308,122.99,2326.05,32321.81,Kitchen
1990,Philbert,Bottrell,6/14/2026,SM24 O258 7286 245P ZSKL H6JA CYP,20.58,1856.53,12431.73,Food - Canned Goods
1991,Jerad,Braemer,10/5/2025,AZ74 BODJ GQBR ZWWC NSWG 99TS XZL3,2.24,2294.95,6716.61,Office
1992,Jilly,Elion,7/10/2026,GL46 0050 1482 3586 54,9.66,5989.7,282140.11,Food - Condiments
1993,Vail,Beswell,7/30/2026,FR79 2860 4770 83NC CQGM YO78 B62,19.53,505.09,3620.42,Food - Seafood
1994,Faye,Elener,3/31/2026,PL63 8495 8755 0720 2864 9895 3309,50.8,995.89,6523.17,Food - Cheese
1995,Cathryn,Blaxter,4/20/2026,SM93 C992 5556 273T 0KVR THLY QFZ,2.98,840.75,6439.29,Food - Spices
1996,Wiatt,Heartfield,11/29/2025,FR21 2898 6243 74HG WPT5 0SGO G22,10.03,4413.81,64477.59,Food - Sauces
1997,Ruthanne,Dickson,12/4/2025,ME24 2232 2571 5271 6296 96,57.44,2572.02,30303.09,Food - Condiments
1998,West,Thicking,12/1/2025,RO44 CQMN EWGX 13QB CHTV 69BF,21.3,1534.8,8960.73,Computers
1999,Sawyere,Troup,7/23/2026,AZ92 RPDE UQ8O KMUN KXOA 8OAR UJQW,91.21,570.49,3372.96,Food - Condiments
2000,Hermon,Wildt,11/14/2025,FR34 5697 9386 90ZB WL7K UE59 Z09,24.48,1322.12,9031.75,Food - Breakfast