client_id,as_of,section,item,label,value,unit,period,category,rank,probability,source,evidence
BE9101,2026-04-14,profile,segment,Segment,young_professional,text,,,,,actual,
BE9101,2026-04-14,profile,age_band,Age band,25-34,text,,,,,actual,
BE9101,2026-04-14,profile,household,Household,couple,text,,,,,actual,
BE9101,2026-04-14,profile,language,Language,nl,text,,,,,actual,
BE9101,2026-04-14,income,net_income,Net income,3400.04,EUR,2025-04,,,,actual,
BE9101,2026-04-14,income,net_income,Net income,3410.16,EUR,2025-05,,,,actual,
BE9101,2026-04-14,income,net_income,Net income,3390.68,EUR,2025-06,,,,actual,
BE9101,2026-04-14,income,net_income,Net income,3369.72,EUR,2025-07,,,,actual,
BE9101,2026-04-14,income,net_income,Net income,3384.54,EUR,2025-08,,,,actual,
BE9101,2026-04-14,income,net_income,Net income,3366.28,EUR,2025-09,,,,actual,
BE9101,2026-04-14,income,net_income,Net income,3402.04,EUR,2025-10,,,,actual,
BE9101,2026-04-14,income,net_income,Net income,3445.57,EUR,2025-11,,,,actual,
BE9101,2026-04-14,income,net_income,Net income,3383.26,EUR,2025-12,,,,actual,
BE9101,2026-04-14,income,net_income,Net income,3378.9,EUR,2026-01,,,,actual,
BE9101,2026-04-14,income,net_income,Net income,3416.65,EUR,2026-02,,,,actual,
BE9101,2026-04-14,income,net_income,Net income,3412.13,EUR,2026-03,,,,actual,
BE9101,2026-04-14,income,avg_monthly_income,Average monthly income,3396.67,EUR,,,,,derived,
BE9101,2026-04-14,balances,current_account,Current account,2100.0,EUR,,,,,actual,
BE9101,2026-04-14,balances,savings_account,Savings account,4200.0,EUR,,,,,actual,
BE9101,2026-04-14,balances,total_debt,Total debt,0.0,EUR,,,,,actual,
BE9101,2026-04-14,balances,investments,Investments,1500.0,EUR,,,,,actual,
BE9101,2026-04-14,balances,total_assets,Total assets,7800.0,EUR,,,,,derived,
BE9101,2026-04-14,balances,net_worth,Net worth,7800.0,EUR,,,,,derived,
BE9101,2026-04-14,balance_history,current_account,Current account,2388.49,EUR,2025-04,,,,actual,
BE9101,2026-04-14,balance_history,savings_account,Savings account,3780.0,EUR,2025-04,,,,actual,
BE9101,2026-04-14,balance_history,investments,Investments,1275.0,EUR,2025-04,,,,actual,
BE9101,2026-04-14,balance_history,total_debt,Total debt,0.0,EUR,2025-04,,,,actual,
BE9101,2026-04-14,balance_history,current_account,Current account,1900.75,EUR,2025-05,,,,actual,
BE9101,2026-04-14,balance_history,savings_account,Savings account,3822.0,EUR,2025-05,,,,actual,
BE9101,2026-04-14,balance_history,investments,Investments,1293.75,EUR,2025-05,,,,actual,
BE9101,2026-04-14,balance_history,total_debt,Total debt,0.0,EUR,2025-05,,,,actual,
BE9101,2026-04-14,balance_history,current_account,Current account,1961.66,EUR,2025-06,,,,actual,
BE9101,2026-04-14,balance_history,savings_account,Savings account,3864.0,EUR,2025-06,,,,actual,
BE9101,2026-04-14,balance_history,investments,Investments,1312.5,EUR,2025-06,,,,actual,
BE9101,2026-04-14,balance_history,total_debt,Total debt,0.0,EUR,2025-06,,,,actual,
BE9101,2026-04-14,balance_history,current_account,Current account,2481.54,EUR,2025-07,,,,actual,
BE9101,2026-04-14,balance_history,savings_account,Savings account,3906.0,EUR,2025-07,,,,actual,
BE9101,2026-04-14,balance_history,investments,Investments,1331.25,EUR,2025-07,,,,actual,
BE9101,2026-04-14,balance_history,total_debt,Total debt,0.0,EUR,2025-07,,,,actual,
BE9101,2026-04-14,balance_history,current_account,Current account,2805.16,EUR,2025-08,,,,actual,
BE9101,2026-04-14,balance_history,savings_account,Savings account,3948.0,EUR,2025-08,,,,actual,
BE9101,2026-04-14,balance_history,investments,Investments,1350.0,EUR,2025-08,,,,actual,
BE9101,2026-04-14,balance_history,total_debt,Total debt,0.0,EUR,2025-08,,,,actual,
BE9101,2026-04-14,balance_history,current_account,Current account,2729.69,EUR,2025-09,,,,actual,
BE9101,2026-04-14,balance_history,savings_account,Savings account,3990.0,EUR,2025-09,,,,actual,
BE9101,2026-04-14,balance_history,investments,Investments,1368.75,EUR,2025-09,,,,actual,
BE9101,2026-04-14,balance_history,total_debt,Total debt,0.0,EUR,2025-09,,,,actual,
BE9101,2026-04-14,balance_history,current_account,Current account,2119.92,EUR,2025-10,,,,actual,
BE9101,2026-04-14,balance_history,savings_account,Savings account,4032.0,EUR,2025-10,,,,actual,
BE9101,2026-04-14,balance_history,investments,Investments,1387.5,EUR,2025-10,,,,actual,
BE9101,2026-04-14,balance_history,total_debt,Total debt,0.0,EUR,2025-10,,,,actual,
BE9101,2026-04-14,balance_history,current_account,Current account,2168.94,EUR,2025-11,,,,actual,
BE9101,2026-04-14,balance_history,savings_account,Savings account,4074.0,EUR,2025-11,,,,actual,
BE9101,2026-04-14,balance_history,investments,Investments,1406.25,EUR,2025-11,,,,actual,
BE9101,2026-04-14,balance_history,total_debt,Total debt,0.0,EUR,2025-11,,,,actual,
BE9101,2026-04-14,balance_history,current_account,Current account,2583.04,EUR,2025-12,,,,actual,
BE9101,2026-04-14,balance_history,savings_account,Savings account,4116.0,EUR,2025-12,,,,actual,
BE9101,2026-04-14,balance_history,investments,Investments,1425.0,EUR,2025-12,,,,actual,
BE9101,2026-04-14,balance_history,total_debt,Total debt,0.0,EUR,2025-12,,,,actual,
BE9101,2026-04-14,balance_history,current_account,Current account,2060.8,EUR,2026-01,,,,actual,
BE9101,2026-04-14,balance_history,savings_account,Savings account,4158.0,EUR,2026-01,,,,actual,
BE9101,2026-04-14,balance_history,investments,Investments,1443.75,EUR,2026-01,,,,actual,
BE9101,2026-04-14,balance_history,total_debt,Total debt,0.0,EUR,2026-01,,,,actual,
BE9101,2026-04-14,balance_history,current_account,Current account,1792.45,EUR,2026-02,,,,actual,
BE9101,2026-04-14,balance_history,savings_account,Savings account,4200.0,EUR,2026-02,,,,actual,
BE9101,2026-04-14,balance_history,investments,Investments,1462.5,EUR,2026-02,,,,actual,
BE9101,2026-04-14,balance_history,total_debt,Total debt,0.0,EUR,2026-02,,,,actual,
BE9101,2026-04-14,balance_history,current_account,Current account,2136.82,EUR,2026-03,,,,actual,
BE9101,2026-04-14,balance_history,savings_account,Savings account,4242.0,EUR,2026-03,,,,actual,
BE9101,2026-04-14,balance_history,investments,Investments,1481.25,EUR,2026-03,,,,actual,
BE9101,2026-04-14,balance_history,total_debt,Total debt,0.0,EUR,2026-03,,,,actual,
BE9101,2026-04-14,monthly_expenses,food,Groceries & food,378.73,EUR,2025-04,food,,,actual,
BE9101,2026-04-14,monthly_expenses,health,Health,122.13,EUR,2025-04,health,,,actual,
BE9101,2026-04-14,monthly_expenses,housing,Housing,1028.64,EUR,2025-04,housing,,,actual,
BE9101,2026-04-14,monthly_expenses,leisure,Leisure & travel,262.22,EUR,2025-04,leisure,,,actual,
BE9101,2026-04-14,monthly_expenses,savings,Savings transfers,368.01,EUR,2025-04,savings,,,actual,
BE9101,2026-04-14,monthly_expenses,shopping,Shopping,292.03,EUR,2025-04,shopping,,,actual,
BE9101,2026-04-14,monthly_expenses,transport,Transport,271.36,EUR,2025-04,transport,,,actual,
BE9101,2026-04-14,monthly_expenses,utilities,Utilities & insurance,287.56,EUR,2025-04,utilities,,,actual,
BE9101,2026-04-14,monthly_expenses,total,Total spending,3010.68,EUR,2025-04,total,,,actual,
BE9101,2026-04-14,monthly_expenses,food,Groceries & food,400.4,EUR,2025-05,food,,,actual,
BE9101,2026-04-14,monthly_expenses,health,Health,137.72,EUR,2025-05,health,,,actual,
BE9101,2026-04-14,monthly_expenses,housing,Housing,880.26,EUR,2025-05,housing,,,actual,
BE9101,2026-04-14,monthly_expenses,leisure,Leisure & travel,267.96,EUR,2025-05,leisure,,,actual,
BE9101,2026-04-14,monthly_expenses,savings,Savings transfers,390.79,EUR,2025-05,savings,,,actual,
BE9101,2026-04-14,monthly_expenses,shopping,Shopping,278.0,EUR,2025-05,shopping,,,actual,
BE9101,2026-04-14,monthly_expenses,transport,Transport,245.77,EUR,2025-05,transport,,,actual,
BE9101,2026-04-14,monthly_expenses,utilities,Utilities & insurance,277.97,EUR,2025-05,utilities,,,actual,
BE9101,2026-04-14,monthly_expenses,total,Total spending,2878.86,EUR,2025-05,total,,,actual,
BE9101,2026-04-14,monthly_expenses,food,Groceries & food,411.72,EUR,2025-06,food,,,actual,
BE9101,2026-04-14,monthly_expenses,health,Health,125.76,EUR,2025-06,health,,,actual,
BE9101,2026-04-14,monthly_expenses,housing,Housing,1016.05,EUR,2025-06,housing,,,actual,
BE9101,2026-04-14,monthly_expenses,leisure,Leisure & travel,254.96,EUR,2025-06,leisure,,,actual,
BE9101,2026-04-14,monthly_expenses,savings,Savings transfers,382.48,EUR,2025-06,savings,,,actual,
BE9101,2026-04-14,monthly_expenses,shopping,Shopping,370.12,EUR,2025-06,shopping,,,actual,
BE9101,2026-04-14,monthly_expenses,transport,Transport,240.66,EUR,2025-06,transport,,,actual,
BE9101,2026-04-14,monthly_expenses,utilities,Utilities & insurance,261.8,EUR,2025-06,utilities,,,actual,
BE9101,2026-04-14,monthly_expenses,total,Total spending,3063.54,EUR,2025-06,total,,,actual,
BE9101,2026-04-14,monthly_expenses,food,Groceries & food,437.91,EUR,2025-07,food,,,actual,
BE9101,2026-04-14,monthly_expenses,health,Health,137.21,EUR,2025-07,health,,,actual,
BE9101,2026-04-14,monthly_expenses,housing,Housing,1017.35,EUR,2025-07,housing,,,actual,
BE9101,2026-04-14,monthly_expenses,leisure,Leisure & travel,273.39,EUR,2025-07,leisure,,,actual,
BE9101,2026-04-14,monthly_expenses,savings,Savings transfers,410.49,EUR,2025-07,savings,,,actual,
BE9101,2026-04-14,monthly_expenses,shopping,Shopping,308.26,EUR,2025-07,shopping,,,actual,
BE9101,2026-04-14,monthly_expenses,transport,Transport,259.59,EUR,2025-07,transport,,,actual,
BE9101,2026-04-14,monthly_expenses,utilities,Utilities & insurance,269.58,EUR,2025-07,utilities,,,actual,
BE9101,2026-04-14,monthly_expenses,total,Total spending,3113.79,EUR,2025-07,total,,,actual,
BE9101,2026-04-14,monthly_expenses,food,Groceries & food,360.5,EUR,2025-08,food,,,actual,
BE9101,2026-04-14,monthly_expenses,health,Health,129.2,EUR,2025-08,health,,,actual,
BE9101,2026-04-14,monthly_expenses,housing,Housing,1137.13,EUR,2025-08,housing,,,actual,
BE9101,2026-04-14,monthly_expenses,leisure,Leisure & travel,319.21,EUR,2025-08,leisure,,,actual,
BE9101,2026-04-14,monthly_expenses,savings,Savings transfers,370.67,EUR,2025-08,savings,,,actual,
BE9101,2026-04-14,monthly_expenses,shopping,Shopping,361.38,EUR,2025-08,shopping,,,actual,
BE9101,2026-04-14,monthly_expenses,transport,Transport,291.36,EUR,2025-08,transport,,,actual,
BE9101,2026-04-14,monthly_expenses,utilities,Utilities & insurance,274.61,EUR,2025-08,utilities,,,actual,
BE9101,2026-04-14,monthly_expenses,total,Total spending,3244.06,EUR,2025-08,total,,,actual,
BE9101,2026-04-14,monthly_expenses,food,Groceries & food,427.26,EUR,2025-09,food,,,actual,
BE9101,2026-04-14,monthly_expenses,health,Health,135.28,EUR,2025-09,health,,,actual,
BE9101,2026-04-14,monthly_expenses,housing,Housing,1026.1,EUR,2025-09,housing,,,actual,
BE9101,2026-04-14,monthly_expenses,leisure,Leisure & travel,286.91,EUR,2025-09,leisure,,,actual,
BE9101,2026-04-14,monthly_expenses,savings,Savings transfers,386.53,EUR,2025-09,savings,,,actual,
BE9101,2026-04-14,monthly_expenses,shopping,Shopping,381.47,EUR,2025-09,shopping,,,actual,
BE9101,2026-04-14,monthly_expenses,transport,Transport,267.92,EUR,2025-09,transport,,,actual,
BE9101,2026-04-14,monthly_expenses,utilities,Utilities & insurance,287.27,EUR,2025-09,utilities,,,actual,
BE9101,2026-04-14,monthly_expenses,total,Total spending,3198.75,EUR,2025-09,total,,,actual,
BE9101,2026-04-14,monthly_expenses,food,Groceries & food,393.15,EUR,2025-10,food,,,actual,
BE9101,2026-04-14,monthly_expenses,health,Health,129.84,EUR,2025-10,health,,,actual,
BE9101,2026-04-14,monthly_expenses,housing,Housing,1036.71,EUR,2025-10,housing,,,actual,
BE9101,2026-04-14,monthly_expenses,leisure,Leisure & travel,267.76,EUR,2025-10,leisure,,,actual,
BE9101,2026-04-14,monthly_expenses,savings,Savings transfers,447.15,EUR,2025-10,savings,,,actual,
BE9101,2026-04-14,monthly_expenses,shopping,Shopping,365.35,EUR,2025-10,shopping,,,actual,
BE9101,2026-04-14,monthly_expenses,transport,Transport,274.78,EUR,2025-10,transport,,,actual,
BE9101,2026-04-14,monthly_expenses,utilities,Utilities & insurance,247.36,EUR,2025-10,utilities,,,actual,
BE9101,2026-04-14,monthly_expenses,total,Total spending,3162.1,EUR,2025-10,total,,,actual,
BE9101,2026-04-14,monthly_expenses,food,Groceries & food,382.87,EUR,2025-11,food,,,actual,
BE9101,2026-04-14,monthly_expenses,health,Health,131.05,EUR,2025-11,health,,,actual,
BE9101,2026-04-14,monthly_expenses,housing,Housing,917.52,EUR,2025-11,housing,,,actual,
BE9101,2026-04-14,monthly_expenses,leisure,Leisure & travel,269.89,EUR,2025-11,leisure,,,actual,
BE9101,2026-04-14,monthly_expenses,savings,Savings transfers,431.13,EUR,2025-11,savings,,,actual,
BE9101,2026-04-14,monthly_expenses,shopping,Shopping,375.97,EUR,2025-11,shopping,,,actual,
BE9101,2026-04-14,monthly_expenses,transport,Transport,286.45,EUR,2025-11,transport,,,actual,
BE9101,2026-04-14,monthly_expenses,utilities,Utilities & insurance,231.92,EUR,2025-11,utilities,,,actual,
BE9101,2026-04-14,monthly_expenses,total,Total spending,3026.81,EUR,2025-11,total,,,actual,
BE9101,2026-04-14,monthly_expenses,food,Groceries & food,396.15,EUR,2025-12,food,,,actual,
BE9101,2026-04-14,monthly_expenses,health,Health,131.42,EUR,2025-12,health,,,actual,
BE9101,2026-04-14,monthly_expenses,housing,Housing,993.65,EUR,2025-12,housing,,,actual,
BE9101,2026-04-14,monthly_expenses,leisure,Leisure & travel,265.47,EUR,2025-12,leisure,,,actual,
BE9101,2026-04-14,monthly_expenses,savings,Savings transfers,404.08,EUR,2025-12,savings,,,actual,
BE9101,2026-04-14,monthly_expenses,shopping,Shopping,349.73,EUR,2025-12,shopping,,,actual,
BE9101,2026-04-14,monthly_expenses,transport,Transport,266.61,EUR,2025-12,transport,,,actual,
BE9101,2026-04-14,monthly_expenses,utilities,Utilities & insurance,307.26,EUR,2025-12,utilities,,,actual,
BE9101,2026-04-14,monthly_expenses,total,Total spending,3114.36,EUR,2025-12,total,,,actual,
BE9101,2026-04-14,monthly_expenses,food,Groceries & food,373.21,EUR,2026-01,food,,,actual,
BE9101,2026-04-14,monthly_expenses,health,Health,149.3,EUR,2026-01,health,,,actual,
BE9101,2026-04-14,monthly_expenses,housing,Housing,1004.03,EUR,2026-01,housing,,,actual,
BE9101,2026-04-14,monthly_expenses,leisure,Leisure & travel,286.59,EUR,2026-01,leisure,,,actual,
BE9101,2026-04-14,monthly_expenses,savings,Savings transfers,430.41,EUR,2026-01,savings,,,actual,
BE9101,2026-04-14,monthly_expenses,shopping,Shopping,339.34,EUR,2026-01,shopping,,,actual,
BE9101,2026-04-14,monthly_expenses,transport,Transport,407.62,EUR,2026-01,transport,,,actual,
BE9101,2026-04-14,monthly_expenses,utilities,Utilities & insurance,262.52,EUR,2026-01,utilities,,,actual,
BE9101,2026-04-14,monthly_expenses,total,Total spending,3253.02,EUR,2026-01,total,,,actual,
BE9101,2026-04-14,monthly_expenses,food,Groceries & food,443.83,EUR,2026-02,food,,,actual,
BE9101,2026-04-14,monthly_expenses,health,Health,122.66,EUR,2026-02,health,,,actual,
BE9101,2026-04-14,monthly_expenses,housing,Housing,992.64,EUR,2026-02,housing,,,actual,
BE9101,2026-04-14,monthly_expenses,leisure,Leisure & travel,279.65,EUR,2026-02,leisure,,,actual,
BE9101,2026-04-14,monthly_expenses,savings,Savings transfers,346.69,EUR,2026-02,savings,,,actual,
BE9101,2026-04-14,monthly_expenses,shopping,Shopping,297.05,EUR,2026-02,shopping,,,actual,
BE9101,2026-04-14,monthly_expenses,transport,Transport,407.82,EUR,2026-02,transport,,,actual,
BE9101,2026-04-14,monthly_expenses,utilities,Utilities & insurance,285.0,EUR,2026-02,utilities,,,actual,
BE9101,2026-04-14,monthly_expenses,total,Total spending,3175.33,EUR,2026-02,total,,,actual,
BE9101,2026-04-14,monthly_expenses,food,Groceries & food,379.66,EUR,2026-03,food,,,actual,
BE9101,2026-04-14,monthly_expenses,health,Health,127.25,EUR,2026-03,health,,,actual,
BE9101,2026-04-14,monthly_expenses,housing,Housing,995.45,EUR,2026-03,housing,,,actual,
BE9101,2026-04-14,monthly_expenses,leisure,Leisure & travel,258.76,EUR,2026-03,leisure,,,actual,
BE9101,2026-04-14,monthly_expenses,savings,Savings transfers,424.41,EUR,2026-03,savings,,,actual,
BE9101,2026-04-14,monthly_expenses,shopping,Shopping,345.63,EUR,2026-03,shopping,,,actual,
BE9101,2026-04-14,monthly_expenses,transport,Transport,19261.89,EUR,2026-03,transport,,,actual,
BE9101,2026-04-14,monthly_expenses,utilities,Utilities & insurance,325.51,EUR,2026-03,utilities,,,actual,
BE9101,2026-04-14,monthly_expenses,total,Total spending,22118.56,EUR,2026-03,total,,,actual,
BE9101,2026-04-14,expense_summary,food_avg_3m,Groceries & food: average last 3 months,398.9,EUR,,food,,,derived,
BE9101,2026-04-14,expense_summary,food_change_pct,Groceries & food: change vs previous 3 months,2.09,pct,,food,,,derived,
BE9101,2026-04-14,expense_summary,food_share_of_income_pct,Groceries & food: share of income,11.74,pct,,food,,,derived,
BE9101,2026-04-14,expense_summary,health_avg_3m,Health: average last 3 months,133.07,EUR,,health,,,derived,
BE9101,2026-04-14,expense_summary,health_change_pct,Health: change vs previous 3 months,1.75,pct,,health,,,derived,
BE9101,2026-04-14,expense_summary,health_share_of_income_pct,Health: share of income,3.92,pct,,health,,,derived,
BE9101,2026-04-14,expense_summary,housing_avg_3m,Housing: average last 3 months,997.37,EUR,,housing,,,derived,
BE9101,2026-04-14,expense_summary,housing_change_pct,Housing: change vs previous 3 months,1.5,pct,,housing,,,derived,
BE9101,2026-04-14,expense_summary,housing_share_of_income_pct,Housing: share of income,29.36,pct,,housing,,,derived,
BE9101,2026-04-14,expense_summary,leisure_avg_3m,Leisure & travel: average last 3 months,275.0,EUR,,leisure,,,derived,
BE9101,2026-04-14,expense_summary,leisure_change_pct,Leisure & travel: change vs previous 3 months,2.72,pct,,leisure,,,derived,
BE9101,2026-04-14,expense_summary,leisure_share_of_income_pct,Leisure & travel: share of income,8.1,pct,,leisure,,,derived,
BE9101,2026-04-14,expense_summary,savings_avg_3m,Savings transfers: average last 3 months,400.51,EUR,,savings,,,derived,
BE9101,2026-04-14,expense_summary,savings_change_pct,Savings transfers: change vs previous 3 months,-6.3,pct,,savings,,,derived,
BE9101,2026-04-14,expense_summary,savings_share_of_income_pct,Savings transfers: share of income,11.79,pct,,savings,,,derived,
BE9101,2026-04-14,expense_summary,shopping_avg_3m,Shopping: average last 3 months,327.34,EUR,,shopping,,,derived,
BE9101,2026-04-14,expense_summary,shopping_change_pct,Shopping: change vs previous 3 months,-9.99,pct,,shopping,,,derived,
BE9101,2026-04-14,expense_summary,shopping_share_of_income_pct,Shopping: share of income,9.64,pct,,shopping,,,derived,
BE9101,2026-04-14,expense_summary,transport_avg_3m,Transport: average last 3 months,6692.45,EUR,,transport,,,derived,
BE9101,2026-04-14,expense_summary,transport_change_pct,Transport: change vs previous 3 months,2325.27,pct,,transport,,,derived,
BE9101,2026-04-14,expense_summary,transport_share_of_income_pct,Transport: share of income,197.03,pct,,transport,,,derived,
BE9101,2026-04-14,expense_summary,utilities_avg_3m,Utilities & insurance: average last 3 months,291.01,EUR,,utilities,,,derived,
BE9101,2026-04-14,expense_summary,utilities_change_pct,Utilities & insurance: change vs previous 3 months,11.0,pct,,utilities,,,derived,
BE9101,2026-04-14,expense_summary,utilities_share_of_income_pct,Utilities & insurance: share of income,8.57,pct,,utilities,,,derived,
BE9101,2026-04-14,expense_summary,total_avg_3m,Total spending: average last 3 months,9515.64,EUR,,total,,,derived,
BE9101,2026-04-14,expense_summary,total_change_pct,Total spending: change vs previous 3 months,206.85,pct,,total,,,derived,
BE9101,2026-04-14,expense_summary,total_share_of_income_pct,Total spending: share of income,280.15,pct,,total,,,derived,
BE9101,2026-04-14,cashflow,avg_monthly_surplus,Average monthly surplus (income - spending),-5718.47,EUR,,,,,derived,
BE9101,2026-04-14,cashflow,savings_rate_pct,Savings rate,-168.36,pct,,,,,derived,
BE9101,2026-04-14,cashflow,emergency_buffer_months,Liquid savings / monthly spending,0.69,months,,,,,derived,
BE9101,2026-04-14,investments,fund:kbc_eco_fund,KBC Eco Fund,1500.0,EUR,,funds,,,actual,35.7143 units @ 42.00
BE9101,2026-04-14,investments,allocation_funds_pct,Share of portfolio: funds,100.0,pct,,funds,,,derived,
BE9101,2026-04-14,products_held,car_insurance,Car insurance,active,text,2026-04,insurance,,,actual,
BE9101,2026-04-14,products_held,savings_account,Savings account,active,text,2021-06,savings,,,actual,
BE9101,2026-04-14,products_held,credit_card,Credit card,active,text,2020-02,payments,,,actual,
BE9101,2026-04-14,recent_transactions,TX-1001,Garage Cardoen Leuven: Aankoop tweedehands Skoda Octavia,18500.0,EUR,2026-04-10,mcc_5511,,,actual,SEPA Transfer
BE9101,2026-04-14,recent_transactions,TX-1002,Vlaamse Belastingdienst - BIV: Belasting op inverkeerstelling,348.5,EUR,2026-04-12,mcc_9311,,,actual,SEPA Transfer
BE9101,2026-04-14,recent_transactions,TX-1003,KBC Verzekeringen: Polis Auto BA + Full Omnium premie,84.5,EUR,2026-04-13,mcc_6300,,,actual,Direct Debit
BE9101,2026-04-14,life_events,automotive_lifecycle,Just bought a car,97.0,pct,,automotive_lifecycle,1,0.97,model:timesync,"Garage Cardoen EUR 18,500 + BIV tax + car policy"
BE9101,2026-04-14,next_needs_30d,ROADSIDE_ASSISTANCE,Roadside assistance,58.0,pct,,automotive_lifecycle,1,0.58,model:timesync,"car bought 3 days ago, no assistance cover yet"
BE9101,2026-04-14,next_needs_30d,REBUILD_SAVINGS,Rebuild savings buffer,41.0,pct,,automotive_lifecycle,2,0.41,model:timesync,savings dropped from 22.7k to 4.2k
BE9101,2026-04-14,next_needs_30d,CAR_MAINTENANCE_BUDGET,Car maintenance budget,22.0,pct,,automotive_lifecycle,3,0.22,model:timesync,second-hand car
BE9101,2026-04-14,next_needs_30d,INVEST,Start investing,5.0,pct,,wealth_building,4,0.05,model:timesync,
BE9101,2026-04-14,next_needs_30d,BUY_BIKE,Buy a bike,3.0,pct,,micro_mobility_acquisition,5,0.03,model:timesync,
BE9101,2026-04-14,product_propensity,kbc_roadside_assistance,KBC Roadside Assistance,58.0,pct,,,1,0.58,model:lightgbm,no assistance cover on new car
BE9101,2026-04-14,product_propensity,savings_plan,Automatic savings plan,41.0,pct,,,2,0.41,model:lightgbm,rebuild buffer after car purchase
BE9101,2026-04-14,product_propensity,fuel_card,KBC fuel card cashback,20.0,pct,,,3,0.2,model:lightgbm,new recurring fuel spend
BE4402,2026-05-17,profile,segment,Segment,family,text,,,,,actual,
BE4402,2026-05-17,profile,age_band,Age band,35-44,text,,,,,actual,
BE4402,2026-05-17,profile,household,Household,family,text,,,,,actual,
BE4402,2026-05-17,profile,language,Language,nl,text,,,,,actual,
BE4402,2026-05-17,income,net_income,Net income,5190.83,EUR,2025-05,,,,actual,
BE4402,2026-05-17,income,net_income,Net income,5189.29,EUR,2025-06,,,,actual,
BE4402,2026-05-17,income,net_income,Net income,5236.53,EUR,2025-07,,,,actual,
BE4402,2026-05-17,income,net_income,Net income,5227.04,EUR,2025-08,,,,actual,
BE4402,2026-05-17,income,net_income,Net income,5146.25,EUR,2025-09,,,,actual,
BE4402,2026-05-17,income,net_income,Net income,5195.88,EUR,2025-10,,,,actual,
BE4402,2026-05-17,income,net_income,Net income,5201.83,EUR,2025-11,,,,actual,
BE4402,2026-05-17,income,net_income,Net income,5145.17,EUR,2025-12,,,,actual,
BE4402,2026-05-17,income,net_income,Net income,5213.51,EUR,2026-01,,,,actual,
BE4402,2026-05-17,income,net_income,Net income,5155.39,EUR,2026-02,,,,actual,
BE4402,2026-05-17,income,net_income,Net income,5250.55,EUR,2026-03,,,,actual,
BE4402,2026-05-17,income,net_income,Net income,5210.02,EUR,2026-04,,,,actual,
BE4402,2026-05-17,income,avg_monthly_income,Average monthly income,5196.86,EUR,,,,,derived,
BE4402,2026-05-17,balances,current_account,Current account,3800.0,EUR,,,,,actual,
BE4402,2026-05-17,balances,savings_account,Savings account,9500.0,EUR,,,,,actual,
BE4402,2026-05-17,balances,total_debt,Total debt,285000.0,EUR,,,,,actual,
BE4402,2026-05-17,balances,investments,Investments,14200.0,EUR,,,,,actual,
BE4402,2026-05-17,balances,total_assets,Total assets,27500.0,EUR,,,,,derived,
BE4402,2026-05-17,balances,net_worth,Net worth,-257500.0,EUR,,,,,derived,
BE4402,2026-05-17,balance_history,current_account,Current account,4057.36,EUR,2025-05,,,,actual,
BE4402,2026-05-17,balance_history,savings_account,Savings account,8550.0,EUR,2025-05,,,,actual,
BE4402,2026-05-17,balance_history,investments,Investments,12070.0,EUR,2025-05,,,,actual,
BE4402,2026-05-17,balance_history,total_debt,Total debt,298680.0,EUR,2025-05,,,,actual,
BE4402,2026-05-17,balance_history,current_account,Current account,3327.38,EUR,2025-06,,,,actual,
BE4402,2026-05-17,balance_history,savings_account,Savings account,8645.0,EUR,2025-06,,,,actual,
BE4402,2026-05-17,balance_history,investments,Investments,12247.5,EUR,2025-06,,,,actual,
BE4402,2026-05-17,balance_history,total_debt,Total debt,297540.0,EUR,2025-06,,,,actual,
BE4402,2026-05-17,balance_history,current_account,Current account,2861.65,EUR,2025-07,,,,actual,
BE4402,2026-05-17,balance_history,savings_account,Savings account,8740.0,EUR,2025-07,,,,actual,
BE4402,2026-05-17,balance_history,investments,Investments,12425.0,EUR,2025-07,,,,actual,
BE4402,2026-05-17,balance_history,total_debt,Total debt,296400.0,EUR,2025-07,,,,actual,
BE4402,2026-05-17,balance_history,current_account,Current account,2981.06,EUR,2025-08,,,,actual,
BE4402,2026-05-17,balance_history,savings_account,Savings account,8835.0,EUR,2025-08,,,,actual,
BE4402,2026-05-17,balance_history,investments,Investments,12602.5,EUR,2025-08,,,,actual,
BE4402,2026-05-17,balance_history,total_debt,Total debt,295260.0,EUR,2025-08,,,,actual,
BE4402,2026-05-17,balance_history,current_account,Current account,4179.29,EUR,2025-09,,,,actual,
BE4402,2026-05-17,balance_history,savings_account,Savings account,8930.0,EUR,2025-09,,,,actual,
BE4402,2026-05-17,balance_history,investments,Investments,12780.0,EUR,2025-09,,,,actual,
BE4402,2026-05-17,balance_history,total_debt,Total debt,294120.0,EUR,2025-09,,,,actual,
BE4402,2026-05-17,balance_history,current_account,Current account,3367.73,EUR,2025-10,,,,actual,
BE4402,2026-05-17,balance_history,savings_account,Savings account,9025.0,EUR,2025-10,,,,actual,
BE4402,2026-05-17,balance_history,investments,Investments,12957.5,EUR,2025-10,,,,actual,
BE4402,2026-05-17,balance_history,total_debt,Total debt,292980.0,EUR,2025-10,,,,actual,
BE4402,2026-05-17,balance_history,current_account,Current account,3719.43,EUR,2025-11,,,,actual,
BE4402,2026-05-17,balance_history,savings_account,Savings account,9120.0,EUR,2025-11,,,,actual,
BE4402,2026-05-17,balance_history,investments,Investments,13135.0,EUR,2025-11,,,,actual,
BE4402,2026-05-17,balance_history,total_debt,Total debt,291840.0,EUR,2025-11,,,,actual,
BE4402,2026-05-17,balance_history,current_account,Current account,3921.16,EUR,2025-12,,,,actual,
BE4402,2026-05-17,balance_history,savings_account,Savings account,9215.0,EUR,2025-12,,,,actual,
BE4402,2026-05-17,balance_history,investments,Investments,13312.5,EUR,2025-12,,,,actual,
BE4402,2026-05-17,balance_history,total_debt,Total debt,290700.0,EUR,2025-12,,,,actual,
BE4402,2026-05-17,balance_history,current_account,Current account,4152.91,EUR,2026-01,,,,actual,
BE4402,2026-05-17,balance_history,savings_account,Savings account,9310.0,EUR,2026-01,,,,actual,
BE4402,2026-05-17,balance_history,investments,Investments,13490.0,EUR,2026-01,,,,actual,
BE4402,2026-05-17,balance_history,total_debt,Total debt,289560.0,EUR,2026-01,,,,actual,
BE4402,2026-05-17,balance_history,current_account,Current account,3609.11,EUR,2026-02,,,,actual,
BE4402,2026-05-17,balance_history,savings_account,Savings account,9405.0,EUR,2026-02,,,,actual,
BE4402,2026-05-17,balance_history,investments,Investments,13667.5,EUR,2026-02,,,,actual,
BE4402,2026-05-17,balance_history,total_debt,Total debt,288420.0,EUR,2026-02,,,,actual,
BE4402,2026-05-17,balance_history,current_account,Current account,4084.27,EUR,2026-03,,,,actual,
BE4402,2026-05-17,balance_history,savings_account,Savings account,9500.0,EUR,2026-03,,,,actual,
BE4402,2026-05-17,balance_history,investments,Investments,13845.0,EUR,2026-03,,,,actual,
BE4402,2026-05-17,balance_history,total_debt,Total debt,287280.0,EUR,2026-03,,,,actual,
BE4402,2026-05-17,balance_history,current_account,Current account,3292.67,EUR,2026-04,,,,actual,
BE4402,2026-05-17,balance_history,savings_account,Savings account,9595.0,EUR,2026-04,,,,actual,
BE4402,2026-05-17,balance_history,investments,Investments,14022.5,EUR,2026-04,,,,actual,
BE4402,2026-05-17,balance_history,total_debt,Total debt,286140.0,EUR,2026-04,,,,actual,
BE4402,2026-05-17,monthly_expenses,food,Groceries & food,595.18,EUR,2025-05,food,,,actual,
BE4402,2026-05-17,monthly_expenses,health,Health,190.0,EUR,2025-05,health,,,actual,
BE4402,2026-05-17,monthly_expenses,housing,Housing,1571.19,EUR,2025-05,housing,,,actual,
BE4402,2026-05-17,monthly_expenses,leisure,Leisure & travel,428.25,EUR,2025-05,leisure,,,actual,
BE4402,2026-05-17,monthly_expenses,savings,Savings transfers,667.73,EUR,2025-05,savings,,,actual,
BE4402,2026-05-17,monthly_expenses,shopping,Shopping,438.58,EUR,2025-05,shopping,,,actual,
BE4402,2026-05-17,monthly_expenses,transport,Transport,412.07,EUR,2025-05,transport,,,actual,
BE4402,2026-05-17,monthly_expenses,utilities,Utilities & insurance,354.56,EUR,2025-05,utilities,,,actual,
BE4402,2026-05-17,monthly_expenses,total,Total spending,4657.55,EUR,2025-05,total,,,actual,
BE4402,2026-05-17,monthly_expenses,food,Groceries & food,662.94,EUR,2025-06,food,,,actual,
BE4402,2026-05-17,monthly_expenses,health,Health,210.19,EUR,2025-06,health,,,actual,
BE4402,2026-05-17,monthly_expenses,housing,Housing,1356.62,EUR,2025-06,housing,,,actual,
BE4402,2026-05-17,monthly_expenses,leisure,Leisure & travel,367.87,EUR,2025-06,leisure,,,actual,
BE4402,2026-05-17,monthly_expenses,savings,Savings transfers,700.28,EUR,2025-06,savings,,,actual,
BE4402,2026-05-17,monthly_expenses,shopping,Shopping,574.65,EUR,2025-06,shopping,,,actual,
BE4402,2026-05-17,monthly_expenses,transport,Transport,388.79,EUR,2025-06,transport,,,actual,
BE4402,2026-05-17,monthly_expenses,utilities,Utilities & insurance,442.75,EUR,2025-06,utilities,,,actual,
BE4402,2026-05-17,monthly_expenses,total,Total spending,4704.11,EUR,2025-06,total,,,actual,
BE4402,2026-05-17,monthly_expenses,food,Groceries & food,610.47,EUR,2025-07,food,,,actual,
BE4402,2026-05-17,monthly_expenses,health,Health,227.11,EUR,2025-07,health,,,actual,
BE4402,2026-05-17,monthly_expenses,housing,Housing,1551.81,EUR,2025-07,housing,,,actual,
BE4402,2026-05-17,monthly_expenses,leisure,Leisure & travel,398.32,EUR,2025-07,leisure,,,actual,
BE4402,2026-05-17,monthly_expenses,savings,Savings transfers,585.63,EUR,2025-07,savings,,,actual,
BE4402,2026-05-17,monthly_expenses,shopping,Shopping,517.87,EUR,2025-07,shopping,,,actual,
BE4402,2026-05-17,monthly_expenses,transport,Transport,410.71,EUR,2025-07,transport,,,actual,
BE4402,2026-05-17,monthly_expenses,utilities,Utilities & insurance,384.78,EUR,2025-07,utilities,,,actual,
BE4402,2026-05-17,monthly_expenses,total,Total spending,4686.71,EUR,2025-07,total,,,actual,
BE4402,2026-05-17,monthly_expenses,food,Groceries & food,563.37,EUR,2025-08,food,,,actual,
BE4402,2026-05-17,monthly_expenses,health,Health,224.71,EUR,2025-08,health,,,actual,
BE4402,2026-05-17,monthly_expenses,housing,Housing,1483.79,EUR,2025-08,housing,,,actual,
BE4402,2026-05-17,monthly_expenses,leisure,Leisure & travel,416.44,EUR,2025-08,leisure,,,actual,
BE4402,2026-05-17,monthly_expenses,savings,Savings transfers,607.9,EUR,2025-08,savings,,,actual,
BE4402,2026-05-17,monthly_expenses,shopping,Shopping,491.9,EUR,2025-08,shopping,,,actual,
BE4402,2026-05-17,monthly_expenses,transport,Transport,460.01,EUR,2025-08,transport,,,actual,
BE4402,2026-05-17,monthly_expenses,utilities,Utilities & insurance,410.9,EUR,2025-08,utilities,,,actual,
BE4402,2026-05-17,monthly_expenses,total,Total spending,4659.03,EUR,2025-08,total,,,actual,
BE4402,2026-05-17,monthly_expenses,food,Groceries & food,624.4,EUR,2025-09,food,,,actual,
BE4402,2026-05-17,monthly_expenses,health,Health,186.28,EUR,2025-09,health,,,actual,
BE4402,2026-05-17,monthly_expenses,housing,Housing,1491.63,EUR,2025-09,housing,,,actual,
BE4402,2026-05-17,monthly_expenses,leisure,Leisure & travel,390.0,EUR,2025-09,leisure,,,actual,
BE4402,2026-05-17,monthly_expenses,savings,Savings transfers,591.38,EUR,2025-09,savings,,,actual,
BE4402,2026-05-17,monthly_expenses,shopping,Shopping,593.57,EUR,2025-09,shopping,,,actual,
BE4402,2026-05-17,monthly_expenses,transport,Transport,403.7,EUR,2025-09,transport,,,actual,
BE4402,2026-05-17,monthly_expenses,utilities,Utilities & insurance,406.14,EUR,2025-09,utilities,,,actual,
BE4402,2026-05-17,monthly_expenses,total,Total spending,4687.08,EUR,2025-09,total,,,actual,
BE4402,2026-05-17,monthly_expenses,food,Groceries & food,641.07,EUR,2025-10,food,,,actual,
BE4402,2026-05-17,monthly_expenses,health,Health,204.56,EUR,2025-10,health,,,actual,
BE4402,2026-05-17,monthly_expenses,housing,Housing,1433.84,EUR,2025-10,housing,,,actual,
BE4402,2026-05-17,monthly_expenses,leisure,Leisure & travel,395.49,EUR,2025-10,leisure,,,actual,
BE4402,2026-05-17,monthly_expenses,savings,Savings transfers,661.79,EUR,2025-10,savings,,,actual,
BE4402,2026-05-17,monthly_expenses,shopping,Shopping,451.67,EUR,2025-10,shopping,,,actual,
BE4402,2026-05-17,monthly_expenses,transport,Transport,465.57,EUR,2025-10,transport,,,actual,
BE4402,2026-05-17,monthly_expenses,utilities,Utilities & insurance,370.32,EUR,2025-10,utilities,,,actual,
BE4402,2026-05-17,monthly_expenses,total,Total spending,4624.3,EUR,2025-10,total,,,actual,
BE4402,2026-05-17,monthly_expenses,food,Groceries & food,627.58,EUR,2025-11,food,,,actual,
BE4402,2026-05-17,monthly_expenses,health,Health,199.22,EUR,2025-11,health,,,actual,
BE4402,2026-05-17,monthly_expenses,housing,Housing,1557.08,EUR,2025-11,housing,,,actual,
BE4402,2026-05-17,monthly_expenses,leisure,Leisure & travel,411.27,EUR,2025-11,leisure,,,actual,
BE4402,2026-05-17,monthly_expenses,savings,Savings transfers,566.15,EUR,2025-11,savings,,,actual,
BE4402,2026-05-17,monthly_expenses,shopping,Shopping,475.88,EUR,2025-11,shopping,,,actual,
BE4402,2026-05-17,monthly_expenses,transport,Transport,391.7,EUR,2025-11,transport,,,actual,
BE4402,2026-05-17,monthly_expenses,utilities,Utilities & insurance,431.41,EUR,2025-11,utilities,,,actual,
BE4402,2026-05-17,monthly_expenses,total,Total spending,4660.29,EUR,2025-11,total,,,actual,
BE4402,2026-05-17,monthly_expenses,food,Groceries & food,599.19,EUR,2025-12,food,,,actual,
BE4402,2026-05-17,monthly_expenses,health,Health,200.79,EUR,2025-12,health,,,actual,
BE4402,2026-05-17,monthly_expenses,housing,Housing,1735.9,EUR,2025-12,housing,,,actual,
BE4402,2026-05-17,monthly_expenses,leisure,Leisure & travel,399.43,EUR,2025-12,leisure,,,actual,
BE4402,2026-05-17,monthly_expenses,savings,Savings transfers,609.11,EUR,2025-12,savings,,,actual,
BE4402,2026-05-17,monthly_expenses,shopping,Shopping,546.88,EUR,2025-12,shopping,,,actual,
BE4402,2026-05-17,monthly_expenses,transport,Transport,425.82,EUR,2025-12,transport,,,actual,
BE4402,2026-05-17,monthly_expenses,utilities,Utilities & insurance,414.88,EUR,2025-12,utilities,,,actual,
BE4402,2026-05-17,monthly_expenses,total,Total spending,4932.01,EUR,2025-12,total,,,actual,
BE4402,2026-05-17,monthly_expenses,food,Groceries & food,625.11,EUR,2026-01,food,,,actual,
BE4402,2026-05-17,monthly_expenses,health,Health,214.46,EUR,2026-01,health,,,actual,
BE4402,2026-05-17,monthly_expenses,housing,Housing,1541.21,EUR,2026-01,housing,,,actual,
BE4402,2026-05-17,monthly_expenses,leisure,Leisure & travel,397.66,EUR,2026-01,leisure,,,actual,
BE4402,2026-05-17,monthly_expenses,savings,Savings transfers,1077.2,EUR,2026-01,savings,,,actual,
BE4402,2026-05-17,monthly_expenses,shopping,Shopping,465.57,EUR,2026-01,shopping,,,actual,
BE4402,2026-05-17,monthly_expenses,transport,Transport,457.06,EUR,2026-01,transport,,,actual,
BE4402,2026-05-17,monthly_expenses,utilities,Utilities & insurance,439.28,EUR,2026-01,utilities,,,actual,
BE4402,2026-05-17,monthly_expenses,total,Total spending,5217.55,EUR,2026-01,total,,,actual,
BE4402,2026-05-17,monthly_expenses,food,Groceries & food,617.02,EUR,2026-02,food,,,actual,
BE4402,2026-05-17,monthly_expenses,health,Health,222.3,EUR,2026-02,health,,,actual,
BE4402,2026-05-17,monthly_expenses,housing,Housing,1685.4,EUR,2026-02,housing,,,actual,
BE4402,2026-05-17,monthly_expenses,leisure,Leisure & travel,447.82,EUR,2026-02,leisure,,,actual,
BE4402,2026-05-17,monthly_expenses,savings,Savings transfers,1127.04,EUR,2026-02,savings,,,actual,
BE4402,2026-05-17,monthly_expenses,shopping,Shopping,501.39,EUR,2026-02,shopping,,,actual,
BE4402,2026-05-17,monthly_expenses,transport,Transport,434.43,EUR,2026-02,transport,,,actual,
BE4402,2026-05-17,monthly_expenses,utilities,Utilities & insurance,442.84,EUR,2026-02,utilities,,,actual,
BE4402,2026-05-17,monthly_expenses,total,Total spending,5478.23,EUR,2026-02,total,,,actual,
BE4402,2026-05-17,monthly_expenses,food,Groceries & food,668.53,EUR,2026-03,food,,,actual,
BE4402,2026-05-17,monthly_expenses,health,Health,241.74,EUR,2026-03,health,,,actual,
BE4402,2026-05-17,monthly_expenses,housing,Housing,13911.93,EUR,2026-03,housing,,,actual,
BE4402,2026-05-17,monthly_expenses,leisure,Leisure & travel,468.46,EUR,2026-03,leisure,,,actual,
BE4402,2026-05-17,monthly_expenses,savings,Savings transfers,872.24,EUR,2026-03,savings,,,actual,
BE4402,2026-05-17,monthly_expenses,shopping,Shopping,474.48,EUR,2026-03,shopping,,,actual,
BE4402,2026-05-17,monthly_expenses,transport,Transport,432.77,EUR,2026-03,transport,,,actual,
BE4402,2026-05-17,monthly_expenses,utilities,Utilities & insurance,446.11,EUR,2026-03,utilities,,,actual,
BE4402,2026-05-17,monthly_expenses,total,Total spending,17516.26,EUR,2026-03,total,,,actual,
BE4402,2026-05-17,monthly_expenses,food,Groceries & food,575.33,EUR,2026-04,food,,,actual,
BE4402,2026-05-17,monthly_expenses,health,Health,182.37,EUR,2026-04,health,,,actual,
BE4402,2026-05-17,monthly_expenses,housing,Housing,2664.56,EUR,2026-04,housing,,,actual,
BE4402,2026-05-17,monthly_expenses,leisure,Leisure & travel,351.39,EUR,2026-04,leisure,,,actual,
BE4402,2026-05-17,monthly_expenses,savings,Savings transfers,1001.95,EUR,2026-04,savings,,,actual,
BE4402,2026-05-17,monthly_expenses,shopping,Shopping,530.9,EUR,2026-04,shopping,,,actual,
BE4402,2026-05-17,monthly_expenses,transport,Transport,415.59,EUR,2026-04,transport,,,actual,
BE4402,2026-05-17,monthly_expenses,utilities,Utilities & insurance,444.91,EUR,2026-04,utilities,,,actual,
BE4402,2026-05-17,monthly_expenses,total,Total spending,6167.0,EUR,2026-04,total,,,actual,
BE4402,2026-05-17,expense_summary,food_avg_3m,Groceries & food: average last 3 months,620.29,EUR,,food,,,derived,
BE4402,2026-05-17,expense_summary,food_change_pct,Groceries & food: change vs previous 3 months,0.49,pct,,food,,,derived,
BE4402,2026-05-17,expense_summary,food_share_of_income_pct,Groceries & food: share of income,11.94,pct,,food,,,derived,
BE4402,2026-05-17,expense_summary,health_avg_3m,Health: average last 3 months,215.47,EUR,,health,,,derived,
BE4402,2026-05-17,expense_summary,health_change_pct,Health: change vs previous 3 months,5.2,pct,,health,,,derived,
BE4402,2026-05-17,expense_summary,health_share_of_income_pct,Health: share of income,4.15,pct,,health,,,derived,
BE4402,2026-05-17,expense_summary,housing_avg_3m,Housing: average last 3 months,6087.3,EUR,,housing,,,derived,
BE4402,2026-05-17,expense_summary,housing_change_pct,Housing: change vs previous 3 months,277.76,pct,,housing,,,derived,
BE4402,2026-05-17,expense_summary,housing_share_of_income_pct,Housing: share of income,117.13,pct,,housing,,,derived,
BE4402,2026-05-17,expense_summary,leisure_avg_3m,Leisure & travel: average last 3 months,422.55,EUR,,leisure,,,derived,
BE4402,2026-05-17,expense_summary,leisure_change_pct,Leisure & travel: change vs previous 3 months,4.91,pct,,leisure,,,derived,
BE4402,2026-05-17,expense_summary,leisure_share_of_income_pct,Leisure & travel: share of income,8.13,pct,,leisure,,,derived,
BE4402,2026-05-17,expense_summary,savings_avg_3m,Savings transfers: average last 3 months,1000.41,EUR,,savings,,,derived,
BE4402,2026-05-17,expense_summary,savings_change_pct,Savings transfers: change vs previous 3 months,33.24,pct,,savings,,,derived,
BE4402,2026-05-17,expense_summary,savings_share_of_income_pct,Savings transfers: share of income,19.25,pct,,savings,,,derived,
BE4402,2026-05-17,expense_summary,shopping_avg_3m,Shopping: average last 3 months,502.25,EUR,,shopping,,,derived,
BE4402,2026-05-17,expense_summary,shopping_change_pct,Shopping: change vs previous 3 months,1.24,pct,,shopping,,,derived,
BE4402,2026-05-17,expense_summary,shopping_share_of_income_pct,Shopping: share of income,9.66,pct,,shopping,,,derived,
BE4402,2026-05-17,expense_summary,transport_avg_3m,Transport: average last 3 months,427.6,EUR,,transport,,,derived,
BE4402,2026-05-17,expense_summary,transport_change_pct,Transport: change vs previous 3 months,0.64,pct,,transport,,,derived,
BE4402,2026-05-17,expense_summary,transport_share_of_income_pct,Transport: share of income,8.23,pct,,transport,,,derived,
BE4402,2026-05-17,expense_summary,utilities_avg_3m,Utilities & insurance: average last 3 months,444.62,EUR,,utilities,,,derived,
BE4402,2026-05-17,expense_summary,utilities_change_pct,Utilities & insurance: change vs previous 3 months,3.76,pct,,utilities,,,derived,
BE4402,2026-05-17,expense_summary,utilities_share_of_income_pct,Utilities & insurance: share of income,8.56,pct,,utilities,,,derived,
BE4402,2026-05-17,expense_summary,total_avg_3m,Total spending: average last 3 months,9720.5,EUR,,total,,,derived,
BE4402,2026-05-17,expense_summary,total_change_pct,Total spending: change vs previous 3 months,96.91,pct,,total,,,derived,
BE4402,2026-05-17,expense_summary,total_share_of_income_pct,Total spending: share of income,187.05,pct,,total,,,derived,
BE4402,2026-05-17,cashflow,avg_monthly_surplus,Average monthly surplus (income - spending),-3523.23,EUR,,,,,derived,
BE4402,2026-05-17,cashflow,savings_rate_pct,Savings rate,-67.8,pct,,,,,derived,
BE4402,2026-05-17,cashflow,emergency_buffer_months,Liquid savings / monthly spending,1.53,months,,,,,derived,
BE4402,2026-05-17,investments,fund:kbc_pension_fund,Pension savings fund,14200.0,EUR,,funds,,,actual,338.0952 units @ 42.00
BE4402,2026-05-17,investments,allocation_funds_pct,Share of portfolio: funds,100.0,pct,,funds,,,derived,
BE4402,2026-05-17,products_held,home_loan,Home loan,active,text,2026-05,loans,,,actual,
BE4402,2026-05-17,products_held,home_insurance,Home insurance,active,text,2026-05,insurance,,,actual,
BE4402,2026-05-17,products_held,life_insurance,Life insurance,active,text,2026-05,insurance,,,actual,
BE4402,2026-05-17,products_held,savings_account,Savings account,active,text,2015-03,savings,,,actual,
BE4402,2026-05-17,recent_transactions,TX-2001,Notariskantoor De Smet: Provisie aktekosten aankoop woning,12500.0,EUR,2026-05-02,mcc_8111,,,actual,SEPA Transfer
BE4402,2026-05-17,recent_transactions,TX-2002,KBC Bank NV: Maandelijkse aflossing hypothecair krediet,1150.0,EUR,2026-05-15,mcc_6012,,,actual,Direct Debit
BE4402,2026-05-17,recent_transactions,TX-2003,KBC Verzekeringen: Woningpolis brand en waterschade,42.2,EUR,2026-05-16,mcc_6300,,,actual,Direct Debit
BE4402,2026-05-17,recent_transactions,TX-2004,KBC Verzekeringen: Schuldsaldoverzekering periodieke premie,28.75,EUR,2026-05-16,mcc_6300,,,actual,Direct Debit
BE4402,2026-05-17,life_events,real_estate_acquisition,Bought a home,98.0,pct,,real_estate_acquisition,1,0.98,model:timesync,"notary EUR 12,500 + first mortgage payment"
BE4402,2026-05-17,next_needs_30d,RENOVATION_LOAN,Renovation loan,47.0,pct,,real_estate_acquisition,1,0.47,model:timesync,"new home, typical renovation within 6 months"
BE4402,2026-05-17,next_needs_30d,ENERGY_CONTRACT,Energy / utilities setup,39.0,pct,,real_estate_acquisition,2,0.39,model:timesync,just moved
BE4402,2026-05-17,next_needs_30d,FAMILY_INSURANCE,Family liability insurance,25.0,pct,,family_expansion,3,0.25,model:timesync,"family household, no family policy"
BE4402,2026-05-17,next_needs_30d,BUY_CAR,Buy a car,6.0,pct,,automotive_lifecycle,4,0.06,model:timesync,
BE4402,2026-05-17,next_needs_30d,INVEST,Start investing,4.0,pct,,wealth_building,5,0.04,model:timesync,
BE4402,2026-05-17,product_propensity,renovation_loan,KBC Renovation Loan (green),47.0,pct,,,1,0.47,model:lightgbm,"new home, energy label improvements"
BE4402,2026-05-17,product_propensity,family_insurance,Family liability insurance,25.0,pct,,,2,0.25,model:lightgbm,no family policy yet
BE4402,2026-05-17,product_propensity,energy_scan,Energy scan with KBC partner,30.0,pct,,,3,0.3,model:lightgbm,new home
BE5505,2026-08-03,profile,segment,Segment,student,text,,,,,actual,
BE5505,2026-08-03,profile,age_band,Age band,18-24,text,,,,,actual,
BE5505,2026-08-03,profile,household,Household,single,text,,,,,actual,
BE5505,2026-08-03,profile,language,Language,nl,text,,,,,actual,
BE5505,2026-08-03,income,net_income,Net income,1396.56,EUR,2025-08,,,,actual,
BE5505,2026-08-03,income,net_income,Net income,1400.54,EUR,2025-09,,,,actual,
BE5505,2026-08-03,income,net_income,Net income,1387.95,EUR,2025-10,,,,actual,
BE5505,2026-08-03,income,net_income,Net income,1378.81,EUR,2025-11,,,,actual,
BE5505,2026-08-03,income,net_income,Net income,1397.67,EUR,2025-12,,,,actual,
BE5505,2026-08-03,income,net_income,Net income,1386.4,EUR,2026-01,,,,actual,
BE5505,2026-08-03,income,net_income,Net income,1376.99,EUR,2026-02,,,,actual,
BE5505,2026-08-03,income,net_income,Net income,1407.08,EUR,2026-03,,,,actual,
BE5505,2026-08-03,income,net_income,Net income,1399.14,EUR,2026-04,,,,actual,
BE5505,2026-08-03,income,net_income,Net income,1405.69,EUR,2026-05,,,,actual,
BE5505,2026-08-03,income,net_income,Net income,1386.15,EUR,2026-06,,,,actual,
BE5505,2026-08-03,income,net_income,Net income,1390.79,EUR,2026-07,,,,actual,
BE5505,2026-08-03,income,avg_monthly_income,Average monthly income,1392.81,EUR,,,,,derived,
BE5505,2026-08-03,balances,current_account,Current account,650.0,EUR,,,,,actual,
BE5505,2026-08-03,balances,savings_account,Savings account,1200.0,EUR,,,,,actual,
BE5505,2026-08-03,balances,total_debt,Total debt,0.0,EUR,,,,,actual,
BE5505,2026-08-03,balances,investments,Investments,0,EUR,,,,,actual,
BE5505,2026-08-03,balances,total_assets,Total assets,1850.0,EUR,,,,,derived,
BE5505,2026-08-03,balances,net_worth,Net worth,1850.0,EUR,,,,,derived,
BE5505,2026-08-03,balance_history,current_account,Current account,614.73,EUR,2025-08,,,,actual,
BE5505,2026-08-03,balance_history,savings_account,Savings account,1080.0,EUR,2025-08,,,,actual,
BE5505,2026-08-03,balance_history,investments,Investments,0.0,EUR,2025-08,,,,actual,
BE5505,2026-08-03,balance_history,total_debt,Total debt,0.0,EUR,2025-08,,,,actual,
BE5505,2026-08-03,balance_history,current_account,Current account,550.12,EUR,2025-09,,,,actual,
BE5505,2026-08-03,balance_history,savings_account,Savings account,1092.0,EUR,2025-09,,,,actual,
BE5505,2026-08-03,balance_history,investments,Investments,0.0,EUR,2025-09,,,,actual,
BE5505,2026-08-03,balance_history,total_debt,Total debt,0.0,EUR,2025-09,,,,actual,
BE5505,2026-08-03,balance_history,current_account,Current account,760.35,EUR,2025-10,,,,actual,
BE5505,2026-08-03,balance_history,savings_account,Savings account,1104.0,EUR,2025-10,,,,actual,
BE5505,2026-08-03,balance_history,investments,Investments,0.0,EUR,2025-10,,,,actual,
BE5505,2026-08-03,balance_history,total_debt,Total debt,0.0,EUR,2025-10,,,,actual,
BE5505,2026-08-03,balance_history,current_account,Current account,647.36,EUR,2025-11,,,,actual,
BE5505,2026-08-03,balance_history,savings_account,Savings account,1116.0,EUR,2025-11,,,,actual,
BE5505,2026-08-03,balance_history,investments,Investments,0.0,EUR,2025-11,,,,actual,
BE5505,2026-08-03,balance_history,total_debt,Total debt,0.0,EUR,2025-11,,,,actual,
BE5505,2026-08-03,balance_history,current_account,Current account,577.92,EUR,2025-12,,,,actual,
BE5505,2026-08-03,balance_history,savings_account,Savings account,1128.0,EUR,2025-12,,,,actual,
BE5505,2026-08-03,balance_history,investments,Investments,0.0,EUR,2025-12,,,,actual,
BE5505,2026-08-03,balance_history,total_debt,Total debt,0.0,EUR,2025-12,,,,actual,
BE5505,2026-08-03,balance_history,current_account,Current account,615.64,EUR,2026-01,,,,actual,
BE5505,2026-08-03,balance_history,savings_account,Savings account,1140.0,EUR,2026-01,,,,actual,
BE5505,2026-08-03,balance_history,investments,Investments,0.0,EUR,2026-01,,,,actual,
BE5505,2026-08-03,balance_history,total_debt,Total debt,0.0,EUR,2026-01,,,,actual,
BE5505,2026-08-03,balance_history,current_account,Current account,628.38,EUR,2026-02,,,,actual,
BE5505,2026-08-03,balance_history,savings_account,Savings account,1152.0,EUR,2026-02,,,,actual,
BE5505,2026-08-03,balance_history,investments,Investments,0.0,EUR,2026-02,,,,actual,
BE5505,2026-08-03,balance_history,total_debt,Total debt,0.0,EUR,2026-02,,,,actual,
BE5505,2026-08-03,balance_history,current_account,Current account,718.3,EUR,2026-03,,,,actual,
BE5505,2026-08-03,balance_history,savings_account,Savings account,1164.0,EUR,2026-03,,,,actual,
BE5505,2026-08-03,balance_history,investments,Investments,0.0,EUR,2026-03,,,,actual,
BE5505,2026-08-03,balance_history,total_debt,Total debt,0.0,EUR,2026-03,,,,actual,
BE5505,2026-08-03,balance_history,current_account,Current account,494.43,EUR,2026-04,,,,actual,
BE5505,2026-08-03,balance_history,savings_account,Savings account,1176.0,EUR,2026-04,,,,actual,
BE5505,2026-08-03,balance_history,investments,Investments,0.0,EUR,2026-04,,,,actual,
BE5505,2026-08-03,balance_history,total_debt,Total debt,0.0,EUR,2026-04,,,,actual,
BE5505,2026-08-03,balance_history,current_account,Current account,548.87,EUR,2026-05,,,,actual,
BE5505,2026-08-03,balance_history,savings_account,Savings account,1188.0,EUR,2026-05,,,,actual,
BE5505,2026-08-03,balance_history,investments,Investments,0.0,EUR,2026-05,,,,actual,
BE5505,2026-08-03,balance_history,total_debt,Total debt,0.0,EUR,2026-05,,,,actual,
BE5505,2026-08-03,balance_history,current_account,Current account,613.13,EUR,2026-06,,,,actual,
BE5505,2026-08-03,balance_history,savings_account,Savings account,1200.0,EUR,2026-06,,,,actual,
BE5505,2026-08-03,balance_history,investments,Investments,0.0,EUR,2026-06,,,,actual,
BE5505,2026-08-03,balance_history,total_debt,Total debt,0.0,EUR,2026-06,,,,actual,
BE5505,2026-08-03,balance_history,current_account,Current account,896.9,EUR,2026-07,,,,actual,
BE5505,2026-08-03,balance_history,savings_account,Savings account,1212.0,EUR,2026-07,,,,actual,
BE5505,2026-08-03,balance_history,investments,Investments,0.0,EUR,2026-07,,,,actual,
BE5505,2026-08-03,balance_history,total_debt,Total debt,0.0,EUR,2026-07,,,,actual,
BE5505,2026-08-03,monthly_expenses,food,Groceries & food,156.5,EUR,2025-08,food,,,actual,
BE5505,2026-08-03,monthly_expenses,health,Health,57.62,EUR,2025-08,health,,,actual,
BE5505,2026-08-03,monthly_expenses,housing,Housing,387.74,EUR,2025-08,housing,,,actual,
BE5505,2026-08-03,monthly_expenses,leisure,Leisure & travel,115.09,EUR,2025-08,leisure,,,actual,
BE5505,2026-08-03,monthly_expenses,savings,Savings transfers,150.29,EUR,2025-08,savings,,,actual,
BE5505,2026-08-03,monthly_expenses,shopping,Shopping,164.62,EUR,2025-08,shopping,,,actual,
BE5505,2026-08-03,monthly_expenses,transport,Transport,113.76,EUR,2025-08,transport,,,actual,
BE5505,2026-08-03,monthly_expenses,utilities,Utilities & insurance,105.2,EUR,2025-08,utilities,,,actual,
BE5505,2026-08-03,monthly_expenses,total,Total spending,1250.81,EUR,2025-08,total,,,actual,
BE5505,2026-08-03,monthly_expenses,food,Groceries & food,166.8,EUR,2025-09,food,,,actual,
BE5505,2026-08-03,monthly_expenses,health,Health,53.98,EUR,2025-09,health,,,actual,
BE5505,2026-08-03,monthly_expenses,housing,Housing,450.92,EUR,2025-09,housing,,,actual,
BE5505,2026-08-03,monthly_expenses,leisure,Leisure & travel,118.86,EUR,2025-09,leisure,,,actual,
BE5505,2026-08-03,monthly_expenses,savings,Savings transfers,169.09,EUR,2025-09,savings,,,actual,
BE5505,2026-08-03,monthly_expenses,shopping,Shopping,139.08,EUR,2025-09,shopping,,,actual,
BE5505,2026-08-03,monthly_expenses,transport,Transport,111.87,EUR,2025-09,transport,,,actual,
BE5505,2026-08-03,monthly_expenses,utilities,Utilities & insurance,99.73,EUR,2025-09,utilities,,,actual,
BE5505,2026-08-03,monthly_expenses,total,Total spending,1310.34,EUR,2025-09,total,,,actual,
BE5505,2026-08-03,monthly_expenses,food,Groceries & food,184.26,EUR,2025-10,food,,,actual,
BE5505,2026-08-03,monthly_expenses,health,Health,52.98,EUR,2025-10,health,,,actual,
BE5505,2026-08-03,monthly_expenses,housing,Housing,410.34,EUR,2025-10,housing,,,actual,
BE5505,2026-08-03,monthly_expenses,leisure,Leisure & travel,95.68,EUR,2025-10,leisure,,,actual,
BE5505,2026-08-03,monthly_expenses,savings,Savings transfers,161.02,EUR,2025-10,savings,,,actual,
BE5505,2026-08-03,monthly_expenses,shopping,Shopping,107.93,EUR,2025-10,shopping,,,actual,
BE5505,2026-08-03,monthly_expenses,transport,Transport,111.81,EUR,2025-10,transport,,,actual,
BE5505,2026-08-03,monthly_expenses,utilities,Utilities & insurance,93.92,EUR,2025-10,utilities,,,actual,
BE5505,2026-08-03,monthly_expenses,total,Total spending,1217.95,EUR,2025-10,total,,,actual,
BE5505,2026-08-03,monthly_expenses,food,Groceries & food,168.63,EUR,2025-11,food,,,actual,
BE5505,2026-08-03,monthly_expenses,health,Health,61.3,EUR,2025-11,health,,,actual,
BE5505,2026-08-03,monthly_expenses,housing,Housing,467.29,EUR,2025-11,housing,,,actual,
BE5505,2026-08-03,monthly_expenses,leisure,Leisure & travel,113.42,EUR,2025-11,leisure,,,actual,
BE5505,2026-08-03,monthly_expenses,savings,Savings transfers,167.28,EUR,2025-11,savings,,,actual,
BE5505,2026-08-03,monthly_expenses,shopping,Shopping,140.54,EUR,2025-11,shopping,,,actual,
BE5505,2026-08-03,monthly_expenses,transport,Transport,101.97,EUR,2025-11,transport,,,actual,
BE5505,2026-08-03,monthly_expenses,utilities,Utilities & insurance,103.88,EUR,2025-11,utilities,,,actual,
BE5505,2026-08-03,monthly_expenses,total,Total spending,1324.32,EUR,2025-11,total,,,actual,
BE5505,2026-08-03,monthly_expenses,food,Groceries & food,179.18,EUR,2025-12,food,,,actual,
BE5505,2026-08-03,monthly_expenses,health,Health,51.52,EUR,2025-12,health,,,actual,
BE5505,2026-08-03,monthly_expenses,housing,Housing,421.29,EUR,2025-12,housing,,,actual,
BE5505,2026-08-03,monthly_expenses,leisure,Leisure & travel,116.67,EUR,2025-12,leisure,,,actual,
BE5505,2026-08-03,monthly_expenses,savings,Savings transfers,183.36,EUR,2025-12,savings,,,actual,
BE5505,2026-08-03,monthly_expenses,shopping,Shopping,132.54,EUR,2025-12,shopping,,,actual,
BE5505,2026-08-03,monthly_expenses,transport,Transport,117.06,EUR,2025-12,transport,,,actual,
BE5505,2026-08-03,monthly_expenses,utilities,Utilities & insurance,113.95,EUR,2025-12,utilities,,,actual,
BE5505,2026-08-03,monthly_expenses,total,Total spending,1315.58,EUR,2025-12,total,,,actual,
BE5505,2026-08-03,monthly_expenses,food,Groceries & food,166.16,EUR,2026-01,food,,,actual,
BE5505,2026-08-03,monthly_expenses,health,Health,64.27,EUR,2026-01,health,,,actual,
BE5505,2026-08-03,monthly_expenses,housing,Housing,379.39,EUR,2026-01,housing,,,actual,
BE5505,2026-08-03,monthly_expenses,leisure,Leisure & travel,125.88,EUR,2026-01,leisure,,,actual,
BE5505,2026-08-03,monthly_expenses,savings,Savings transfers,178.7,EUR,2026-01,savings,,,actual,
BE5505,2026-08-03,monthly_expenses,shopping,Shopping,134.9,EUR,2026-01,shopping,,,actual,
BE5505,2026-08-03,monthly_expenses,transport,Transport,111.93,EUR,2026-01,transport,,,actual,
BE5505,2026-08-03,monthly_expenses,utilities,Utilities & insurance,100.74,EUR,2026-01,utilities,,,actual,
BE5505,2026-08-03,monthly_expenses,total,Total spending,1261.98,EUR,2026-01,total,,,actual,
BE5505,2026-08-03,monthly_expenses,food,Groceries & food,136.3,EUR,2026-02,food,,,actual,
BE5505,2026-08-03,monthly_expenses,health,Health,56.37,EUR,2026-02,health,,,actual,
BE5505,2026-08-03,monthly_expenses,housing,Housing,432.92,EUR,2026-02,housing,,,actual,
BE5505,2026-08-03,monthly_expenses,leisure,Leisure & travel,102.76,EUR,2026-02,leisure,,,actual,
BE5505,2026-08-03,monthly_expenses,savings,Savings transfers,165.62,EUR,2026-02,savings,,,actual,
BE5505,2026-08-03,monthly_expenses,shopping,Shopping,137.02,EUR,2026-02,shopping,,,actual,
BE5505,2026-08-03,monthly_expenses,transport,Transport,114.27,EUR,2026-02,transport,,,actual,
BE5505,2026-08-03,monthly_expenses,utilities,Utilities & insurance,111.45,EUR,2026-02,utilities,,,actual,
BE5505,2026-08-03,monthly_expenses,total,Total spending,1256.7,EUR,2026-02,total,,,actual,
BE5505,2026-08-03,monthly_expenses,food,Groceries & food,172.56,EUR,2026-03,food,,,actual,
BE5505,2026-08-03,monthly_expenses,health,Health,53.57,EUR,2026-03,health,,,actual,
BE5505,2026-08-03,monthly_expenses,housing,Housing,461.88,EUR,2026-03,housing,,,actual,
BE5505,2026-08-03,monthly_expenses,leisure,Leisure & travel,108.56,EUR,2026-03,leisure,,,actual,
BE5505,2026-08-03,monthly_expenses,savings,Savings transfers,190.47,EUR,2026-03,savings,,,actual,
BE5505,2026-08-03,monthly_expenses,shopping,Shopping,121.06,EUR,2026-03,shopping,,,actual,
BE5505,2026-08-03,monthly_expenses,transport,Transport,111.95,EUR,2026-03,transport,,,actual,
BE5505,2026-08-03,monthly_expenses,utilities,Utilities & insurance,126.57,EUR,2026-03,utilities,,,actual,
BE5505,2026-08-03,monthly_expenses,total,Total spending,1346.62,EUR,2026-03,total,,,actual,
BE5505,2026-08-03,monthly_expenses,food,Groceries & food,180.79,EUR,2026-04,food,,,actual,
BE5505,2026-08-03,monthly_expenses,health,Health,56.97,EUR,2026-04,health,,,actual,
BE5505,2026-08-03,monthly_expenses,housing,Housing,453.68,EUR,2026-04,housing,,,actual,
BE5505,2026-08-03,monthly_expenses,leisure,Leisure & travel,109.76,EUR,2026-04,leisure,,,actual,
BE5505,2026-08-03,monthly_expenses,savings,Savings transfers,168.73,EUR,2026-04,savings,,,actual,
BE5505,2026-08-03,monthly_expenses,shopping,Shopping,137.74,EUR,2026-04,shopping,,,actual,
BE5505,2026-08-03,monthly_expenses,transport,Transport,118.16,EUR,2026-04,transport,,,actual,
BE5505,2026-08-03,monthly_expenses,utilities,Utilities & insurance,112.99,EUR,2026-04,utilities,,,actual,
BE5505,2026-08-03,monthly_expenses,total,Total spending,1338.83,EUR,2026-04,total,,,actual,
BE5505,2026-08-03,monthly_expenses,food,Groceries & food,175.64,EUR,2026-05,food,,,actual,
BE5505,2026-08-03,monthly_expenses,health,Health,53.23,EUR,2026-05,health,,,actual,
BE5505,2026-08-03,monthly_expenses,housing,Housing,474.0,EUR,2026-05,housing,,,actual,
BE5505,2026-08-03,monthly_expenses,leisure,Leisure & travel,165.52,EUR,2026-05,leisure,,,actual,
BE5505,2026-08-03,monthly_expenses,savings,Savings transfers,168.91,EUR,2026-05,savings,,,actual,
BE5505,2026-08-03,monthly_expenses,shopping,Shopping,145.79,EUR,2026-05,shopping,,,actual,
BE5505,2026-08-03,monthly_expenses,transport,Transport,111.48,EUR,2026-05,transport,,,actual,
BE5505,2026-08-03,monthly_expenses,utilities,Utilities & insurance,106.93,EUR,2026-05,utilities,,,actual,
BE5505,2026-08-03,monthly_expenses,total,Total spending,1401.48,EUR,2026-05,total,,,actual,
BE5505,2026-08-03,monthly_expenses,food,Groceries & food,153.74,EUR,2026-06,food,,,actual,
BE5505,2026-08-03,monthly_expenses,health,Health,54.27,EUR,2026-06,health,,,actual,
BE5505,2026-08-03,monthly_expenses,housing,Housing,408.53,EUR,2026-06,housing,,,actual,
BE5505,2026-08-03,monthly_expenses,leisure,Leisure & travel,142.98,EUR,2026-06,leisure,,,actual,
BE5505,2026-08-03,monthly_expenses,savings,Savings transfers,169.48,EUR,2026-06,savings,,,actual,
BE5505,2026-08-03,monthly_expenses,shopping,Shopping,137.55,EUR,2026-06,shopping,,,actual,
BE5505,2026-08-03,monthly_expenses,transport,Transport,111.4,EUR,2026-06,transport,,,actual,
BE5505,2026-08-03,monthly_expenses,utilities,Utilities & insurance,120.11,EUR,2026-06,utilities,,,actual,
BE5505,2026-08-03,monthly_expenses,total,Total spending,1298.05,EUR,2026-06,total,,,actual,
BE5505,2026-08-03,monthly_expenses,food,Groceries & food,164.87,EUR,2026-07,food,,,actual,
BE5505,2026-08-03,monthly_expenses,health,Health,52.65,EUR,2026-07,health,,,actual,
BE5505,2026-08-03,monthly_expenses,housing,Housing,369.75,EUR,2026-07,housing,,,actual,
BE5505,2026-08-03,monthly_expenses,leisure,Leisure & travel,3451.48,EUR,2026-07,leisure,,,actual,
BE5505,2026-08-03,monthly_expenses,savings,Savings transfers,163.84,EUR,2026-07,savings,,,actual,
BE5505,2026-08-03,monthly_expenses,shopping,Shopping,158.16,EUR,2026-07,shopping,,,actual,
BE5505,2026-08-03,monthly_expenses,transport,Transport,104.6,EUR,2026-07,transport,,,actual,
BE5505,2026-08-03,monthly_expenses,utilities,Utilities & insurance,120.21,EUR,2026-07,utilities,,,actual,
BE5505,2026-08-03,monthly_expenses,total,Total spending,4585.55,EUR,2026-07,total,,,actual,
BE5505,2026-08-03,expense_summary,food_avg_3m,Groceries & food: average last 3 months,164.75,EUR,,food,,,derived,
BE5505,2026-08-03,expense_summary,food_change_pct,Groceries & food: change vs previous 3 months,0.94,pct,,food,,,derived,
BE5505,2026-08-03,expense_summary,food_share_of_income_pct,Groceries & food: share of income,11.83,pct,,food,,,derived,
BE5505,2026-08-03,expense_summary,health_avg_3m,Health: average last 3 months,53.38,EUR,,health,,,derived,
BE5505,2026-08-03,expense_summary,health_change_pct,Health: change vs previous 3 months,-4.05,pct,,health,,,derived,
BE5505,2026-08-03,expense_summary,health_share_of_income_pct,Health: share of income,3.83,pct,,health,,,derived,
BE5505,2026-08-03,expense_summary,housing_avg_3m,Housing: average last 3 months,417.42,EUR,,housing,,,derived,
BE5505,2026-08-03,expense_summary,housing_change_pct,Housing: change vs previous 3 months,-7.13,pct,,housing,,,derived,
BE5505,2026-08-03,expense_summary,housing_share_of_income_pct,Housing: share of income,29.97,pct,,housing,,,derived,
BE5505,2026-08-03,expense_summary,leisure_avg_3m,Leisure & travel: average last 3 months,1253.32,EUR,,leisure,,,derived,
BE5505,2026-08-03,expense_summary,leisure_change_pct,Leisure & travel: change vs previous 3 months,1071.02,pct,,leisure,,,derived,
BE5505,2026-08-03,expense_summary,leisure_share_of_income_pct,Leisure & travel: share of income,89.99,pct,,leisure,,,derived,
BE5505,2026-08-03,expense_summary,savings_avg_3m,Savings transfers: average last 3 months,167.41,EUR,,savings,,,derived,
BE5505,2026-08-03,expense_summary,savings_change_pct,Savings transfers: change vs previous 3 months,-4.31,pct,,savings,,,derived,
BE5505,2026-08-03,expense_summary,savings_share_of_income_pct,Savings transfers: share of income,12.02,pct,,savings,,,derived,
BE5505,2026-08-03,expense_summary,shopping_avg_3m,Shopping: average last 3 months,147.17,EUR,,shopping,,,derived,
BE5505,2026-08-03,expense_summary,shopping_change_pct,Shopping: change vs previous 3 months,11.54,pct,,shopping,,,derived,
BE5505,2026-08-03,expense_summary,shopping_share_of_income_pct,Shopping: share of income,10.57,pct,,shopping,,,derived,
BE5505,2026-08-03,expense_summary,transport_avg_3m,Transport: average last 3 months,109.16,EUR,,transport,,,derived,
BE5505,2026-08-03,expense_summary,transport_change_pct,Transport: change vs previous 3 months,-4.91,pct,,transport,,,derived,
BE5505,2026-08-03,expense_summary,transport_share_of_income_pct,Transport: share of income,7.84,pct,,transport,,,derived,
BE5505,2026-08-03,expense_summary,utilities_avg_3m,Utilities & insurance: average last 3 months,115.75,EUR,,utilities,,,derived,
BE5505,2026-08-03,expense_summary,utilities_change_pct,Utilities & insurance: change vs previous 3 months,-1.07,pct,,utilities,,,derived,
BE5505,2026-08-03,expense_summary,utilities_share_of_income_pct,Utilities & insurance: share of income,8.31,pct,,utilities,,,derived,
BE5505,2026-08-03,expense_summary,total_avg_3m,Total spending: average last 3 months,2428.36,EUR,,total,,,derived,
BE5505,2026-08-03,expense_summary,total_change_pct,Total spending: change vs previous 3 months,84.8,pct,,total,,,derived,
BE5505,2026-08-03,expense_summary,total_share_of_income_pct,Total spending: share of income,174.35,pct,,total,,,derived,
BE5505,2026-08-03,cashflow,avg_monthly_surplus,Average monthly surplus (income - spending),-868.14,EUR,,,,,derived,
BE5505,2026-08-03,cashflow,savings_rate_pct,Savings rate,-62.33,pct,,,,,derived,
BE5505,2026-08-03,cashflow,emergency_buffer_months,Liquid savings / monthly spending,0.82,months,,,,,derived,
BE5505,2026-08-03,products_held,bike_insurance,Bike insurance,active,text,2026-08,insurance,,,actual,
BE5505,2026-08-03,products_held,savings_account,Savings account,active,text,2024-09,savings,,,actual,
BE5505,2026-08-03,recent_transactions,TX-3001,Fietsen De Geus: Riese & Müller E-Bike aankoop,3299.0,EUR,2026-08-01,mcc_5940,,,actual,Bancontact
BE5505,2026-08-03,recent_transactions,TX-3002,KBC Verzekeringen: KBC Fietsverzekering Omnium + Diefstal,14.5,EUR,2026-08-02,mcc_6300,,,actual,Direct Debit
BE5505,2026-08-03,life_events,micro_mobility_acquisition,Bought an e-bike,95.0,pct,,micro_mobility_acquisition,1,0.95,model:timesync,"Fietsen De Geus EUR 3,299 + bike policy"
BE5505,2026-08-03,next_needs_30d,REBUILD_SAVINGS,Rebuild savings,52.0,pct,,micro_mobility_acquisition,1,0.52,model:timesync,large purchase vs small buffer
BE5505,2026-08-03,next_needs_30d,BUDGET_HELP,Budget coaching,33.0,pct,,cashflow,2,0.33,model:timesync,spending above income this month
BE5505,2026-08-03,next_needs_30d,BIKE_ACCESSORIES,Bike accessories,28.0,pct,,micro_mobility_acquisition,3,0.28,model:timesync,new e-bike
BE5505,2026-08-03,next_needs_30d,CARD_QUESTION,Card / payment question,10.0,pct,,routine,4,0.1,model:timesync,
BE5505,2026-08-03,next_needs_30d,BUY_CAR,Buy a car,2.0,pct,,automotive_lifecycle,5,0.02,model:timesync,
BE5505,2026-08-03,product_propensity,savings_plan,Round-up savings,52.0,pct,,,1,0.52,model:lightgbm,"rebuild buffer, small amounts"
BE5505,2026-08-03,product_propensity,budget_coach,KBC budget coach,33.0,pct,,,2,0.33,model:lightgbm,spent more than income
BE7701,2026-09-30,profile,segment,Segment,affluent,text,,,,,actual,
BE7701,2026-09-30,profile,age_band,Age band,45-54,text,,,,,actual,
BE7701,2026-09-30,profile,household,Household,couple,text,,,,,actual,
BE7701,2026-09-30,profile,language,Language,nl,text,,,,,actual,
BE7701,2026-09-30,income,net_income,Net income,11430.82,EUR,2025-09,,,,actual,
BE7701,2026-09-30,income,net_income,Net income,11522.01,EUR,2025-10,,,,actual,
BE7701,2026-09-30,income,net_income,Net income,11499.77,EUR,2025-11,,,,actual,
BE7701,2026-09-30,income,net_income,Net income,11385.73,EUR,2025-12,,,,actual,
BE7701,2026-09-30,income,net_income,Net income,11553.01,EUR,2026-01,,,,actual,
BE7701,2026-09-30,income,net_income,Net income,23463.57,EUR,2026-02,,,,actual,
BE7701,2026-09-30,income,net_income,Net income,11470.32,EUR,2026-03,,,,actual,
BE7701,2026-09-30,income,net_income,Net income,11476.67,EUR,2026-04,,,,actual,
BE7701,2026-09-30,income,net_income,Net income,11379.83,EUR,2026-05,,,,actual,
BE7701,2026-09-30,income,net_income,Net income,11536.7,EUR,2026-06,,,,actual,
BE7701,2026-09-30,income,net_income,Net income,11356.6,EUR,2026-07,,,,actual,
BE7701,2026-09-30,income,net_income,Net income,11372.7,EUR,2026-08,,,,actual,
BE7701,2026-09-30,income,avg_monthly_income,Average monthly income,12453.98,EUR,,,,,derived,
BE7701,2026-09-30,balances,current_account,Current account,18500.0,EUR,,,,,actual,
BE7701,2026-09-30,balances,savings_account,Savings account,62000.0,EUR,,,,,actual,
BE7701,2026-09-30,balances,total_debt,Total debt,45000.0,EUR,,,,,actual,
BE7701,2026-09-30,balances,investments,Investments,256900.0,EUR,,,,,actual,
BE7701,2026-09-30,balances,total_assets,Total assets,337400.0,EUR,,,,,derived,
BE7701,2026-09-30,balances,net_worth,Net worth,292400.0,EUR,,,,,derived,
BE7701,2026-09-30,balance_history,current_account,Current account,21152.01,EUR,2025-09,,,,actual,
BE7701,2026-09-30,balance_history,savings_account,Savings account,55800.0,EUR,2025-09,,,,actual,
BE7701,2026-09-30,balance_history,investments,Investments,218365.0,EUR,2025-09,,,,actual,
BE7701,2026-09-30,balance_history,total_debt,Total debt,47160.0,EUR,2025-09,,,,actual,
BE7701,2026-09-30,balance_history,current_account,Current account,18190.72,EUR,2025-10,,,,actual,
BE7701,2026-09-30,balance_history,savings_account,Savings account,56420.0,EUR,2025-10,,,,actual,
BE7701,2026-09-30,balance_history,investments,Investments,221576.25,EUR,2025-10,,,,actual,
BE7701,2026-09-30,balance_history,total_debt,Total debt,46980.0,EUR,2025-10,,,,actual,
BE7701,2026-09-30,balance_history,current_account,Current account,20475.8,EUR,2025-11,,,,actual,
BE7701,2026-09-30,balance_history,savings_account,Savings account,57040.0,EUR,2025-11,,,,actual,
BE7701,2026-09-30,balance_history,investments,Investments,224787.5,EUR,2025-11,,,,actual,
BE7701,2026-09-30,balance_history,total_debt,Total debt,46800.0,EUR,2025-11,,,,actual,
BE7701,2026-09-30,balance_history,current_account,Current account,24209.39,EUR,2025-12,,,,actual,
BE7701,2026-09-30,balance_history,savings_account,Savings account,57660.0,EUR,2025-12,,,,actual,
BE7701,2026-09-30,balance_history,investments,Investments,227998.75,EUR,2025-12,,,,actual,
BE7701,2026-09-30,balance_history,total_debt,Total debt,46620.0,EUR,2025-12,,,,actual,
BE7701,2026-09-30,balance_history,current_account,Current account,17851.36,EUR,2026-01,,,,actual,
BE7701,2026-09-30,balance_history,savings_account,Savings account,58280.0,EUR,2026-01,,,,actual,
BE7701,2026-09-30,balance_history,investments,Investments,231210.0,EUR,2026-01,,,,actual,
BE7701,2026-09-30,balance_history,total_debt,Total debt,46440.0,EUR,2026-01,,,,actual,
BE7701,2026-09-30,balance_history,current_account,Current account,17483.2,EUR,2026-02,,,,actual,
BE7701,2026-09-30,balance_history,savings_account,Savings account,58900.0,EUR,2026-02,,,,actual,
BE7701,2026-09-30,balance_history,investments,Investments,234421.25,EUR,2026-02,,,,actual,
BE7701,2026-09-30,balance_history,total_debt,Total debt,46260.0,EUR,2026-02,,,,actual,
BE7701,2026-09-30,balance_history,current_account,Current account,21863.14,EUR,2026-03,,,,actual,
BE7701,2026-09-30,balance_history,savings_account,Savings account,59520.0,EUR,2026-03,,,,actual,
BE7701,2026-09-30,balance_history,investments,Investments,237632.5,EUR,2026-03,,,,actual,
BE7701,2026-09-30,balance_history,total_debt,Total debt,46080.0,EUR,2026-03,,,,actual,
BE7701,2026-09-30,balance_history,current_account,Current account,19871.34,EUR,2026-04,,,,actual,
BE7701,2026-09-30,balance_history,savings_account,Savings account,60140.0,EUR,2026-04,,,,actual,
BE7701,2026-09-30,balance_history,investments,Investments,240843.75,EUR,2026-04,,,,actual,
BE7701,2026-09-30,balance_history,total_debt,Total debt,45900.0,EUR,2026-04,,,,actual,
BE7701,2026-09-30,balance_history,current_account,Current account,20362.95,EUR,2026-05,,,,actual,
BE7701,2026-09-30,balance_history,savings_account,Savings account,60760.0,EUR,2026-05,,,,actual,
BE7701,2026-09-30,balance_history,investments,Investments,244055.0,EUR,2026-05,,,,actual,
BE7701,2026-09-30,balance_history,total_debt,Total debt,45720.0,EUR,2026-05,,,,actual,
BE7701,2026-09-30,balance_history,current_account,Current account,17089.68,EUR,2026-06,,,,actual,
BE7701,2026-09-30,balance_history,savings_account,Savings account,61380.0,EUR,2026-06,,,,actual,
BE7701,2026-09-30,balance_history,investments,Investments,247266.25,EUR,2026-06,,,,actual,
BE7701,2026-09-30,balance_history,total_debt,Total debt,45540.0,EUR,2026-06,,,,actual,
BE7701,2026-09-30,balance_history,current_account,Current account,23839.66,EUR,2026-07,,,,actual,
BE7701,2026-09-30,balance_history,savings_account,Savings account,62000.0,EUR,2026-07,,,,actual,
BE7701,2026-09-30,balance_history,investments,Investments,250477.5,EUR,2026-07,,,,actual,
BE7701,2026-09-30,balance_history,total_debt,Total debt,45360.0,EUR,2026-07,,,,actual,
BE7701,2026-09-30,balance_history,current_account,Current account,23244.11,EUR,2026-08,,,,actual,
BE7701,2026-09-30,balance_history,savings_account,Savings account,62620.0,EUR,2026-08,,,,actual,
BE7701,2026-09-30,balance_history,investments,Investments,253688.75,EUR,2026-08,,,,actual,
BE7701,2026-09-30,balance_history,total_debt,Total debt,45180.0,EUR,2026-08,,,,actual,
BE7701,2026-09-30,monthly_expenses,food,Groceries & food,1283.57,EUR,2025-09,food,,,actual,
BE7701,2026-09-30,monthly_expenses,health,Health,469.64,EUR,2025-09,health,,,actual,
BE7701,2026-09-30,monthly_expenses,housing,Housing,3821.9,EUR,2025-09,housing,,,actual,
BE7701,2026-09-30,monthly_expenses,leisure,Leisure & travel,961.64,EUR,2025-09,leisure,,,actual,
BE7701,2026-09-30,monthly_expenses,savings,Savings transfers,1358.45,EUR,2025-09,savings,,,actual,
BE7701,2026-09-30,monthly_expenses,shopping,Shopping,1344.39,EUR,2025-09,shopping,,,actual,
BE7701,2026-09-30,monthly_expenses,transport,Transport,1003.13,EUR,2025-09,transport,,,actual,
BE7701,2026-09-30,monthly_expenses,utilities,Utilities & insurance,1039.32,EUR,2025-09,utilities,,,actual,
BE7701,2026-09-30,monthly_expenses,total,Total spending,11282.06,EUR,2025-09,total,,,actual,
BE7701,2026-09-30,monthly_expenses,food,Groceries & food,1238.41,EUR,2025-10,food,,,actual,
BE7701,2026-09-30,monthly_expenses,health,Health,496.7,EUR,2025-10,health,,,actual,
BE7701,2026-09-30,monthly_expenses,housing,Housing,3290.15,EUR,2025-10,housing,,,actual,
BE7701,2026-09-30,monthly_expenses,leisure,Leisure & travel,853.21,EUR,2025-10,leisure,,,actual,
BE7701,2026-09-30,monthly_expenses,savings,Savings transfers,1325.45,EUR,2025-10,savings,,,actual,
BE7701,2026-09-30,monthly_expenses,shopping,Shopping,1073.94,EUR,2025-10,shopping,,,actual,
BE7701,2026-09-30,monthly_expenses,transport,Transport,923.07,EUR,2025-10,transport,,,actual,
BE7701,2026-09-30,monthly_expenses,utilities,Utilities & insurance,1035.57,EUR,2025-10,utilities,,,actual,
BE7701,2026-09-30,monthly_expenses,total,Total spending,10236.5,EUR,2025-10,total,,,actual,
BE7701,2026-09-30,monthly_expenses,food,Groceries & food,1357.52,EUR,2025-11,food,,,actual,
BE7701,2026-09-30,monthly_expenses,health,Health,449.14,EUR,2025-11,health,,,actual,
BE7701,2026-09-30,monthly_expenses,housing,Housing,3531.62,EUR,2025-11,housing,,,actual,
BE7701,2026-09-30,monthly_expenses,leisure,Leisure & travel,917.05,EUR,2025-11,leisure,,,actual,
BE7701,2026-09-30,monthly_expenses,savings,Savings transfers,1370.76,EUR,2025-11,savings,,,actual,
BE7701,2026-09-30,monthly_expenses,shopping,Shopping,1169.16,EUR,2025-11,shopping,,,actual,
BE7701,2026-09-30,monthly_expenses,transport,Transport,935.92,EUR,2025-11,transport,,,actual,
BE7701,2026-09-30,monthly_expenses,utilities,Utilities & insurance,942.1,EUR,2025-11,utilities,,,actual,
BE7701,2026-09-30,monthly_expenses,total,Total spending,10673.27,EUR,2025-11,total,,,actual,
BE7701,2026-09-30,monthly_expenses,food,Groceries & food,1602.8,EUR,2025-12,food,,,actual,
BE7701,2026-09-30,monthly_expenses,health,Health,401.95,EUR,2025-12,health,,,actual,
BE7701,2026-09-30,monthly_expenses,housing,Housing,3591.81,EUR,2025-12,housing,,,actual,
BE7701,2026-09-30,monthly_expenses,leisure,Leisure & travel,949.0,EUR,2025-12,leisure,,,actual,
BE7701,2026-09-30,monthly_expenses,savings,Savings transfers,1232.89,EUR,2025-12,savings,,,actual,
BE7701,2026-09-30,monthly_expenses,shopping,Shopping,984.15,EUR,2025-12,shopping,,,actual,
BE7701,2026-09-30,monthly_expenses,transport,Transport,964.62,EUR,2025-12,transport,,,actual,
BE7701,2026-09-30,monthly_expenses,utilities,Utilities & insurance,924.12,EUR,2025-12,utilities,,,actual,
BE7701,2026-09-30,monthly_expenses,total,Total spending,10651.34,EUR,2025-12,total,,,actual,
BE7701,2026-09-30,monthly_expenses,food,Groceries & food,1460.21,EUR,2026-01,food,,,actual,
BE7701,2026-09-30,monthly_expenses,health,Health,446.54,EUR,2026-01,health,,,actual,
BE7701,2026-09-30,monthly_expenses,housing,Housing,3694.13,EUR,2026-01,housing,,,actual,
BE7701,2026-09-30,monthly_expenses,leisure,Leisure & travel,871.38,EUR,2026-01,leisure,,,actual,
BE7701,2026-09-30,monthly_expenses,savings,Savings transfers,1653.18,EUR,2026-01,savings,,,actual,
BE7701,2026-09-30,monthly_expenses,shopping,Shopping,1210.11,EUR,2026-01,shopping,,,actual,
BE7701,2026-09-30,monthly_expenses,transport,Transport,909.03,EUR,2026-01,transport,,,actual,
BE7701,2026-09-30,monthly_expenses,utilities,Utilities & insurance,802.37,EUR,2026-01,utilities,,,actual,
BE7701,2026-09-30,monthly_expenses,total,Total spending,11046.95,EUR,2026-01,total,,,actual,
BE7701,2026-09-30,monthly_expenses,food,Groceries & food,1296.59,EUR,2026-02,food,,,actual,
BE7701,2026-09-30,monthly_expenses,health,Health,453.54,EUR,2026-02,health,,,actual,
BE7701,2026-09-30,monthly_expenses,housing,Housing,3510.4,EUR,2026-02,housing,,,actual,
BE7701,2026-09-30,monthly_expenses,leisure,Leisure & travel,839.03,EUR,2026-02,leisure,,,actual,
BE7701,2026-09-30,monthly_expenses,savings,Savings transfers,1258.61,EUR,2026-02,savings,,,actual,
BE7701,2026-09-30,monthly_expenses,shopping,Shopping,1160.75,EUR,2026-02,shopping,,,actual,
BE7701,2026-09-30,monthly_expenses,transport,Transport,837.76,EUR,2026-02,transport,,,actual,
BE7701,2026-09-30,monthly_expenses,utilities,Utilities & insurance,915.88,EUR,2026-02,utilities,,,actual,
BE7701,2026-09-30,monthly_expenses,total,Total spending,10272.57,EUR,2026-02,total,,,actual,
BE7701,2026-09-30,monthly_expenses,food,Groceries & food,1502.45,EUR,2026-03,food,,,actual,
BE7701,2026-09-30,monthly_expenses,health,Health,479.33,EUR,2026-03,health,,,actual,
BE7701,2026-09-30,monthly_expenses,housing,Housing,3771.01,EUR,2026-03,housing,,,actual,
BE7701,2026-09-30,monthly_expenses,leisure,Leisure & travel,910.33,EUR,2026-03,leisure,,,actual,
BE7701,2026-09-30,monthly_expenses,savings,Savings transfers,1343.06,EUR,2026-03,savings,,,actual,
BE7701,2026-09-30,monthly_expenses,shopping,Shopping,1114.78,EUR,2026-03,shopping,,,actual,
BE7701,2026-09-30,monthly_expenses,transport,Transport,1003.4,EUR,2026-03,transport,,,actual,
BE7701,2026-09-30,monthly_expenses,utilities,Utilities & insurance,885.76,EUR,2026-03,utilities,,,actual,
BE7701,2026-09-30,monthly_expenses,total,Total spending,11010.13,EUR,2026-03,total,,,actual,
BE7701,2026-09-30,monthly_expenses,food,Groceries & food,1229.46,EUR,2026-04,food,,,actual,
BE7701,2026-09-30,monthly_expenses,health,Health,468.03,EUR,2026-04,health,,,actual,
BE7701,2026-09-30,monthly_expenses,housing,Housing,3109.3,EUR,2026-04,housing,,,actual,
BE7701,2026-09-30,monthly_expenses,leisure,Leisure & travel,996.76,EUR,2026-04,leisure,,,actual,
BE7701,2026-09-30,monthly_expenses,savings,Savings transfers,1296.09,EUR,2026-04,savings,,,actual,
BE7701,2026-09-30,monthly_expenses,shopping,Shopping,1001.11,EUR,2026-04,shopping,,,actual,
BE7701,2026-09-30,monthly_expenses,transport,Transport,980.36,EUR,2026-04,transport,,,actual,
BE7701,2026-09-30,monthly_expenses,utilities,Utilities & insurance,906.03,EUR,2026-04,utilities,,,actual,
BE7701,2026-09-30,monthly_expenses,total,Total spending,9987.15,EUR,2026-04,total,,,actual,
BE7701,2026-09-30,monthly_expenses,food,Groceries & food,1423.97,EUR,2026-05,food,,,actual,
BE7701,2026-09-30,monthly_expenses,health,Health,467.81,EUR,2026-05,health,,,actual,
BE7701,2026-09-30,monthly_expenses,housing,Housing,3498.73,EUR,2026-05,housing,,,actual,
BE7701,2026-09-30,monthly_expenses,leisure,Leisure & travel,1168.85,EUR,2026-05,leisure,,,actual,
BE7701,2026-09-30,monthly_expenses,savings,Savings transfers,1471.85,EUR,2026-05,savings,,,actual,
BE7701,2026-09-30,monthly_expenses,shopping,Shopping,1067.48,EUR,2026-05,shopping,,,actual,
BE7701,2026-09-30,monthly_expenses,transport,Transport,892.66,EUR,2026-05,transport,,,actual,
BE7701,2026-09-30,monthly_expenses,utilities,Utilities & insurance,998.95,EUR,2026-05,utilities,,,actual,
BE7701,2026-09-30,monthly_expenses,total,Total spending,10990.31,EUR,2026-05,total,,,actual,
BE7701,2026-09-30,monthly_expenses,food,Groceries & food,1185.49,EUR,2026-06,food,,,actual,
BE7701,2026-09-30,monthly_expenses,health,Health,512.19,EUR,2026-06,health,,,actual,
BE7701,2026-09-30,monthly_expenses,housing,Housing,3580.42,EUR,2026-06,housing,,,actual,
BE7701,2026-09-30,monthly_expenses,leisure,Leisure & travel,1249.06,EUR,2026-06,leisure,,,actual,
BE7701,2026-09-30,monthly_expenses,savings,Savings transfers,1261.08,EUR,2026-06,savings,,,actual,
BE7701,2026-09-30,monthly_expenses,shopping,Shopping,1123.11,EUR,2026-06,shopping,,,actual,
BE7701,2026-09-30,monthly_expenses,transport,Transport,1024.74,EUR,2026-06,transport,,,actual,
BE7701,2026-09-30,monthly_expenses,utilities,Utilities & insurance,965.08,EUR,2026-06,utilities,,,actual,
BE7701,2026-09-30,monthly_expenses,total,Total spending,10901.18,EUR,2026-06,total,,,actual,
BE7701,2026-09-30,monthly_expenses,food,Groceries & food,1360.77,EUR,2026-07,food,,,actual,
BE7701,2026-09-30,monthly_expenses,health,Health,466.07,EUR,2026-07,health,,,actual,
BE7701,2026-09-30,monthly_expenses,housing,Housing,4226.31,EUR,2026-07,housing,,,actual,
BE7701,2026-09-30,monthly_expenses,leisure,Leisure & travel,1126.8,EUR,2026-07,leisure,,,actual,
BE7701,2026-09-30,monthly_expenses,savings,Savings transfers,1492.99,EUR,2026-07,savings,,,actual,
BE7701,2026-09-30,monthly_expenses,shopping,Shopping,1115.31,EUR,2026-07,shopping,,,actual,
BE7701,2026-09-30,monthly_expenses,transport,Transport,1044.59,EUR,2026-07,transport,,,actual,
BE7701,2026-09-30,monthly_expenses,utilities,Utilities & insurance,873.57,EUR,2026-07,utilities,,,actual,
BE7701,2026-09-30,monthly_expenses,total,Total spending,11706.41,EUR,2026-07,total,,,actual,
BE7701,2026-09-30,monthly_expenses,food,Groceries & food,1503.6,EUR,2026-08,food,,,actual,
BE7701,2026-09-30,monthly_expenses,health,Health,441.91,EUR,2026-08,health,,,actual,
BE7701,2026-09-30,monthly_expenses,housing,Housing,3121.25,EUR,2026-08,housing,,,actual,
BE7701,2026-09-30,monthly_expenses,leisure,Leisure & travel,1241.56,EUR,2026-08,leisure,,,actual,
BE7701,2026-09-30,monthly_expenses,savings,Savings transfers,1322.06,EUR,2026-08,savings,,,actual,
BE7701,2026-09-30,monthly_expenses,shopping,Shopping,1145.45,EUR,2026-08,shopping,,,actual,
BE7701,2026-09-30,monthly_expenses,transport,Transport,945.16,EUR,2026-08,transport,,,actual,
BE7701,2026-09-30,monthly_expenses,utilities,Utilities & insurance,846.29,EUR,2026-08,utilities,,,actual,
BE7701,2026-09-30,monthly_expenses,total,Total spending,10567.27,EUR,2026-08,total,,,actual,
BE7701,2026-09-30,expense_summary,food_avg_3m,Groceries & food: average last 3 months,1349.95,EUR,,food,,,derived,
BE7701,2026-09-30,expense_summary,food_change_pct,Groceries & food: change vs previous 3 months,-2.55,pct,,food,,,derived,
BE7701,2026-09-30,expense_summary,food_share_of_income_pct,Groceries & food: share of income,10.84,pct,,food,,,derived,
BE7701,2026-09-30,expense_summary,health_avg_3m,Health: average last 3 months,473.39,EUR,,health,,,derived,
BE7701,2026-09-30,expense_summary,health_change_pct,Health: change vs previous 3 months,0.35,pct,,health,,,derived,
BE7701,2026-09-30,expense_summary,health_share_of_income_pct,Health: share of income,3.8,pct,,health,,,derived,
BE7701,2026-09-30,expense_summary,housing_avg_3m,Housing: average last 3 months,3642.66,EUR,,housing,,,derived,
BE7701,2026-09-30,expense_summary,housing_change_pct,Housing: change vs previous 3 months,5.29,pct,,housing,,,derived,
BE7701,2026-09-30,expense_summary,housing_share_of_income_pct,Housing: share of income,29.25,pct,,housing,,,derived,
BE7701,2026-09-30,expense_summary,leisure_avg_3m,Leisure & travel: average last 3 months,1205.81,EUR,,leisure,,,derived,
BE7701,2026-09-30,expense_summary,leisure_change_pct,Leisure & travel: change vs previous 3 months,17.6,pct,,leisure,,,derived,
BE7701,2026-09-30,expense_summary,leisure_share_of_income_pct,Leisure & travel: share of income,9.68,pct,,leisure,,,derived,
BE7701,2026-09-30,expense_summary,savings_avg_3m,Savings transfers: average last 3 months,1358.71,EUR,,savings,,,derived,
BE7701,2026-09-30,expense_summary,savings_change_pct,Savings transfers: change vs previous 3 months,-0.85,pct,,savings,,,derived,
BE7701,2026-09-30,expense_summary,savings_share_of_income_pct,Savings transfers: share of income,10.91,pct,,savings,,,derived,
BE7701,2026-09-30,expense_summary,shopping_avg_3m,Shopping: average last 3 months,1127.96,EUR,,shopping,,,derived,
BE7701,2026-09-30,expense_summary,shopping_change_pct,Shopping: change vs previous 3 months,6.3,pct,,shopping,,,derived,
BE7701,2026-09-30,expense_summary,shopping_share_of_income_pct,Shopping: share of income,9.06,pct,,shopping,,,derived,
BE7701,2026-09-30,expense_summary,transport_avg_3m,Transport: average last 3 months,1004.83,EUR,,transport,,,derived,
BE7701,2026-09-30,expense_summary,transport_change_pct,Transport: change vs previous 3 months,4.8,pct,,transport,,,derived,
BE7701,2026-09-30,expense_summary,transport_share_of_income_pct,Transport: share of income,8.07,pct,,transport,,,derived,
BE7701,2026-09-30,expense_summary,utilities_avg_3m,Utilities & insurance: average last 3 months,894.98,EUR,,utilities,,,derived,
BE7701,2026-09-30,expense_summary,utilities_change_pct,Utilities & insurance: change vs previous 3 months,-3.79,pct,,utilities,,,derived,
BE7701,2026-09-30,expense_summary,utilities_share_of_income_pct,Utilities & insurance: share of income,7.19,pct,,utilities,,,derived,
BE7701,2026-09-30,expense_summary,total_avg_3m,Total spending: average last 3 months,11058.29,EUR,,total,,,derived,
BE7701,2026-09-30,expense_summary,total_change_pct,Total spending: change vs previous 3 months,3.71,pct,,total,,,derived,
BE7701,2026-09-30,expense_summary,total_share_of_income_pct,Total spending: share of income,88.79,pct,,total,,,derived,
BE7701,2026-09-30,cashflow,avg_monthly_surplus,Average monthly surplus (income - spending),2754.4,EUR,,,,,derived,
BE7701,2026-09-30,cashflow,savings_rate_pct,Savings rate,22.12,pct,,,,,derived,
BE7701,2026-09-30,cashflow,emergency_buffer_months,Liquid savings / monthly spending,8.3,months,,,,,derived,
BE7701,2026-09-30,investments,stock:ASML,ASML Holding,48200.0,EUR,,stocks,,,actual,267.7778 units @ 180.00
BE7701,2026-09-30,investments,stock:KBC,KBC Group,31500.0,EUR,,stocks,,,actual,175.0000 units @ 180.00
BE7701,2026-09-30,investments,stock:UCB,UCB,22800.0,EUR,,stocks,,,actual,126.6667 units @ 180.00
BE7701,2026-09-30,investments,stock:AAPL,Apple,27400.0,EUR,,stocks,,,actual,152.2222 units @ 180.00
BE7701,2026-09-30,investments,etf:iwda,iShares MSCI World ETF,64000.0,EUR,,etf,,,actual,673.6842 units @ 95.00
BE7701,2026-09-30,investments,fund:kbc_equity_tech,KBC Equity Fund Technology,38000.0,EUR,,funds,,,actual,904.7619 units @ 42.00
BE7701,2026-09-30,investments,bond:be_olo_2034,Belgian OLO 2034,25000.0,EUR,,bonds,,,actual,247.5248 units @ 101.00
BE7701,2026-09-30,investments,allocation_bonds_pct,Share of portfolio: bonds,9.73,pct,,bonds,,,derived,
BE7701,2026-09-30,investments,allocation_etf_pct,Share of portfolio: etf,24.91,pct,,etf,,,derived,
BE7701,2026-09-30,investments,allocation_funds_pct,Share of portfolio: funds,14.79,pct,,funds,,,derived,
BE7701,2026-09-30,investments,allocation_stocks_pct,Share of portfolio: stocks,50.56,pct,,stocks,,,derived,
BE7701,2026-09-30,products_held,investment_account,Investment account,active,text,2012-01,investments,,,actual,
BE7701,2026-09-30,products_held,home_loan,Home loan,active,text,2010-06,loans,,,actual,
BE7701,2026-09-30,products_held,credit_card,Credit card,active,text,2008-03,payments,,,actual,
BE7701,2026-09-30,products_held,life_insurance,Life insurance,active,text,2014-09,insurance,,,actual,
BE7701,2026-09-30,life_events,wealth_building,Active investor,93.0,pct,,wealth_building,1,0.93,model:timesync,"portfolio EUR 257k, monthly buys"
BE7701,2026-09-30,next_needs_30d,PORTFOLIO_REVIEW,Portfolio review,44.0,pct,,wealth_building,1,0.44,model:timesync,tech stocks 50% of stock holdings
BE7701,2026-09-30,next_needs_30d,PENSION_SAVING,Tax-optimal pension saving,38.0,pct,,wealth_building,2,0.38,model:timesync,pension savings not maxed this year
BE7701,2026-09-30,next_needs_30d,ESTATE_PLANNING,Estate planning,21.0,pct,,wealth_building,3,0.21,model:timesync,age + wealth profile
BE7701,2026-09-30,next_needs_30d,TRAVEL_INSURANCE,Travel insurance,19.0,pct,,leisure,4,0.19,model:timesync,leisure/travel spend up 40%
BE7701,2026-09-30,next_needs_30d,INVEST,Invest bonus,35.0,pct,,wealth_building,5,0.35,model:timesync,bonus of EUR 11.5k received in April
BE7701,2026-09-30,product_propensity,private_banking,KBC Private Banking advisor,44.0,pct,,,1,0.44,model:lightgbm,portfolio > EUR 250k
BE7701,2026-09-30,product_propensity,diversification,Diversification: reduce tech concentration,40.0,pct,,,2,0.4,model:lightgbm,ASML + AAPL + tech fund = 44% of portfolio
BE7701,2026-09-30,product_propensity,pension_fund,Pension savings top-up (tax benefit),38.0,pct,,,3,0.38,model:lightgbm,"EUR 1,020 tax room left"
BE3303,2026-09-30,profile,segment,Segment,young_professional,text,,,,,actual,
BE3303,2026-09-30,profile,age_band,Age band,25-34,text,,,,,actual,
BE3303,2026-09-30,profile,household,Household,couple,text,,,,,actual,
BE3303,2026-09-30,profile,language,Language,nl,text,,,,,actual,
BE3303,2026-09-30,income,net_income,Net income,4760.29,EUR,2025-09,,,,actual,
BE3303,2026-09-30,income,net_income,Net income,4785.38,EUR,2025-10,,,,actual,
BE3303,2026-09-30,income,net_income,Net income,4750.71,EUR,2025-11,,,,actual,
BE3303,2026-09-30,income,net_income,Net income,4738.1,EUR,2025-12,,,,actual,
BE3303,2026-09-30,income,net_income,Net income,4797.69,EUR,2026-01,,,,actual,
BE3303,2026-09-30,income,net_income,Net income,4842.38,EUR,2026-02,,,,actual,
BE3303,2026-09-30,income,net_income,Net income,4726.59,EUR,2026-03,,,,actual,
BE3303,2026-09-30,income,net_income,Net income,4800.17,EUR,2026-04,,,,actual,
BE3303,2026-09-30,income,net_income,Net income,4768.8,EUR,2026-05,,,,actual,
BE3303,2026-09-30,income,net_income,Net income,4753.1,EUR,2026-06,,,,actual,
BE3303,2026-09-30,income,net_income,Net income,4840.97,EUR,2026-07,,,,actual,
BE3303,2026-09-30,income,net_income,Net income,4775.13,EUR,2026-08,,,,actual,
BE3303,2026-09-30,income,avg_monthly_income,Average monthly income,4778.27,EUR,,,,,derived,
BE3303,2026-09-30,balances,current_account,Current account,3100.0,EUR,,,,,actual,
BE3303,2026-09-30,balances,savings_account,Savings account,16800.0,EUR,,,,,actual,
BE3303,2026-09-30,balances,total_debt,Total debt,190000.0,EUR,,,,,actual,
BE3303,2026-09-30,balances,investments,Investments,6200.0,EUR,,,,,actual,
BE3303,2026-09-30,balances,total_assets,Total assets,26100.0,EUR,,,,,derived,
BE3303,2026-09-30,balances,net_worth,Net worth,-163900.0,EUR,,,,,derived,
BE3303,2026-09-30,balance_history,current_account,Current account,3363.17,EUR,2025-09,,,,actual,
BE3303,2026-09-30,balance_history,savings_account,Savings account,15120.0,EUR,2025-09,,,,actual,
BE3303,2026-09-30,balance_history,investments,Investments,5270.0,EUR,2025-09,,,,actual,
BE3303,2026-09-30,balance_history,total_debt,Total debt,199120.0,EUR,2025-09,,,,actual,
BE3303,2026-09-30,balance_history,current_account,Current account,3418.19,EUR,2025-10,,,,actual,
BE3303,2026-09-30,balance_history,savings_account,Savings account,15288.0,EUR,2025-10,,,,actual,
BE3303,2026-09-30,balance_history,investments,Investments,5347.5,EUR,2025-10,,,,actual,
BE3303,2026-09-30,balance_history,total_debt,Total debt,198360.0,EUR,2025-10,,,,actual,
BE3303,2026-09-30,balance_history,current_account,Current account,2157.32,EUR,2025-11,,,,actual,
BE3303,2026-09-30,balance_history,savings_account,Savings account,15456.0,EUR,2025-11,,,,actual,
BE3303,2026-09-30,balance_history,investments,Investments,5425.0,EUR,2025-11,,,,actual,
BE3303,2026-09-30,balance_history,total_debt,Total debt,197600.0,EUR,2025-11,,,,actual,
BE3303,2026-09-30,balance_history,current_account,Current account,3396.54,EUR,2025-12,,,,actual,
BE3303,2026-09-30,balance_history,savings_account,Savings account,15624.0,EUR,2025-12,,,,actual,
BE3303,2026-09-30,balance_history,investments,Investments,5502.5,EUR,2025-12,,,,actual,
BE3303,2026-09-30,balance_history,total_debt,Total debt,196840.0,EUR,2025-12,,,,actual,
BE3303,2026-09-30,balance_history,current_account,Current account,3009.74,EUR,2026-01,,,,actual,
BE3303,2026-09-30,balance_history,savings_account,Savings account,15792.0,EUR,2026-01,,,,actual,
BE3303,2026-09-30,balance_history,investments,Investments,5580.0,EUR,2026-01,,,,actual,
BE3303,2026-09-30,balance_history,total_debt,Total debt,196080.0,EUR,2026-01,,,,actual,
BE3303,2026-09-30,balance_history,current_account,Current account,3301.77,EUR,2026-02,,,,actual,
BE3303,2026-09-30,balance_history,savings_account,Savings account,15960.0,EUR,2026-02,,,,actual,
BE3303,2026-09-30,balance_history,investments,Investments,5657.5,EUR,2026-02,,,,actual,
BE3303,2026-09-30,balance_history,total_debt,Total debt,195320.0,EUR,2026-02,,,,actual,
BE3303,2026-09-30,balance_history,current_account,Current account,3417.34,EUR,2026-03,,,,actual,
BE3303,2026-09-30,balance_history,savings_account,Savings account,16128.0,EUR,2026-03,,,,actual,
BE3303,2026-09-30,balance_history,investments,Investments,5735.0,EUR,2026-03,,,,actual,
BE3303,2026-09-30,balance_history,total_debt,Total debt,194560.0,EUR,2026-03,,,,actual,
BE3303,2026-09-30,balance_history,current_account,Current account,2941.3,EUR,2026-04,,,,actual,
BE3303,2026-09-30,balance_history,savings_account,Savings account,16296.0,EUR,2026-04,,,,actual,
BE3303,2026-09-30,balance_history,investments,Investments,5812.5,EUR,2026-04,,,,actual,
BE3303,2026-09-30,balance_history,total_debt,Total debt,193800.0,EUR,2026-04,,,,actual,
BE3303,2026-09-30,balance_history,current_account,Current account,2313.93,EUR,2026-05,,,,actual,
BE3303,2026-09-30,balance_history,savings_account,Savings account,16464.0,EUR,2026-05,,,,actual,
BE3303,2026-09-30,balance_history,investments,Investments,5890.0,EUR,2026-05,,,,actual,
BE3303,2026-09-30,balance_history,total_debt,Total debt,193040.0,EUR,2026-05,,,,actual,
BE3303,2026-09-30,balance_history,current_account,Current account,3271.06,EUR,2026-06,,,,actual,
BE3303,2026-09-30,balance_history,savings_account,Savings account,16632.0,EUR,2026-06,,,,actual,
BE3303,2026-09-30,balance_history,investments,Investments,5967.5,EUR,2026-06,,,,actual,
BE3303,2026-09-30,balance_history,total_debt,Total debt,192280.0,EUR,2026-06,,,,actual,
BE3303,2026-09-30,balance_history,current_account,Current account,2755.26,EUR,2026-07,,,,actual,
BE3303,2026-09-30,balance_history,savings_account,Savings account,16800.0,EUR,2026-07,,,,actual,
BE3303,2026-09-30,balance_history,investments,Investments,6045.0,EUR,2026-07,,,,actual,
BE3303,2026-09-30,balance_history,total_debt,Total debt,191520.0,EUR,2026-07,,,,actual,
BE3303,2026-09-30,balance_history,current_account,Current account,2946.46,EUR,2026-08,,,,actual,
BE3303,2026-09-30,balance_history,savings_account,Savings account,16968.0,EUR,2026-08,,,,actual,
BE3303,2026-09-30,balance_history,investments,Investments,6122.5,EUR,2026-08,,,,actual,
BE3303,2026-09-30,balance_history,total_debt,Total debt,190760.0,EUR,2026-08,,,,actual,
BE3303,2026-09-30,monthly_expenses,childcare,Childcare,0.0,EUR,2025-09,childcare,,,actual,
BE3303,2026-09-30,monthly_expenses,food,Groceries & food,541.16,EUR,2025-09,food,,,actual,
BE3303,2026-09-30,monthly_expenses,health,Health,180.76,EUR,2025-09,health,,,actual,
BE3303,2026-09-30,monthly_expenses,housing,Housing,1623.37,EUR,2025-09,housing,,,actual,
BE3303,2026-09-30,monthly_expenses,leisure,Leisure & travel,402.48,EUR,2025-09,leisure,,,actual,
BE3303,2026-09-30,monthly_expenses,savings,Savings transfers,604.48,EUR,2025-09,savings,,,actual,
BE3303,2026-09-30,monthly_expenses,shopping,Shopping,474.09,EUR,2025-09,shopping,,,actual,
BE3303,2026-09-30,monthly_expenses,transport,Transport,396.06,EUR,2025-09,transport,,,actual,
BE3303,2026-09-30,monthly_expenses,utilities,Utilities & insurance,377.08,EUR,2025-09,utilities,,,actual,
BE3303,2026-09-30,monthly_expenses,total,Total spending,4599.49,EUR,2025-09,total,,,actual,
BE3303,2026-09-30,monthly_expenses,childcare,Childcare,0.0,EUR,2025-10,childcare,,,actual,
BE3303,2026-09-30,monthly_expenses,food,Groceries & food,571.32,EUR,2025-10,food,,,actual,
BE3303,2026-09-30,monthly_expenses,health,Health,178.57,EUR,2025-10,health,,,actual,
BE3303,2026-09-30,monthly_expenses,housing,Housing,1320.19,EUR,2025-10,housing,,,actual,
BE3303,2026-09-30,monthly_expenses,leisure,Leisure & travel,382.79,EUR,2025-10,leisure,,,actual,
BE3303,2026-09-30,monthly_expenses,savings,Savings transfers,606.82,EUR,2025-10,savings,,,actual,
BE3303,2026-09-30,monthly_expenses,shopping,Shopping,418.23,EUR,2025-10,shopping,,,actual,
BE3303,2026-09-30,monthly_expenses,transport,Transport,385.6,EUR,2025-10,transport,,,actual,
BE3303,2026-09-30,monthly_expenses,utilities,Utilities & insurance,414.6,EUR,2025-10,utilities,,,actual,
BE3303,2026-09-30,monthly_expenses,total,Total spending,4278.12,EUR,2025-10,total,,,actual,
BE3303,2026-09-30,monthly_expenses,childcare,Childcare,0.0,EUR,2025-11,childcare,,,actual,
BE3303,2026-09-30,monthly_expenses,food,Groceries & food,573.28,EUR,2025-11,food,,,actual,
BE3303,2026-09-30,monthly_expenses,health,Health,175.99,EUR,2025-11,health,,,actual,
BE3303,2026-09-30,monthly_expenses,housing,Housing,1246.24,EUR,2025-11,housing,,,actual,
BE3303,2026-09-30,monthly_expenses,leisure,Leisure & travel,361.83,EUR,2025-11,leisure,,,actual,
BE3303,2026-09-30,monthly_expenses,savings,Savings transfers,593.75,EUR,2025-11,savings,,,actual,
BE3303,2026-09-30,monthly_expenses,shopping,Shopping,438.53,EUR,2025-11,shopping,,,actual,
BE3303,2026-09-30,monthly_expenses,transport,Transport,419.51,EUR,2025-11,transport,,,actual,
BE3303,2026-09-30,monthly_expenses,utilities,Utilities & insurance,339.91,EUR,2025-11,utilities,,,actual,
BE3303,2026-09-30,monthly_expenses,total,Total spending,4149.06,EUR,2025-11,total,,,actual,
BE3303,2026-09-30,monthly_expenses,childcare,Childcare,0.0,EUR,2025-12,childcare,,,actual,
BE3303,2026-09-30,monthly_expenses,food,Groceries & food,603.52,EUR,2025-12,food,,,actual,
BE3303,2026-09-30,monthly_expenses,health,Health,177.64,EUR,2025-12,health,,,actual,
BE3303,2026-09-30,monthly_expenses,housing,Housing,1359.23,EUR,2025-12,housing,,,actual,
BE3303,2026-09-30,monthly_expenses,leisure,Leisure & travel,348.51,EUR,2025-12,leisure,,,actual,
BE3303,2026-09-30,monthly_expenses,savings,Savings transfers,668.48,EUR,2025-12,savings,,,actual,
BE3303,2026-09-30,monthly_expenses,shopping,Shopping,414.45,EUR,2025-12,shopping,,,actual,
BE3303,2026-09-30,monthly_expenses,transport,Transport,361.48,EUR,2025-12,transport,,,actual,
BE3303,2026-09-30,monthly_expenses,utilities,Utilities & insurance,397.53,EUR,2025-12,utilities,,,actual,
BE3303,2026-09-30,monthly_expenses,total,Total spending,4330.84,EUR,2025-12,total,,,actual,
BE3303,2026-09-30,monthly_expenses,childcare,Childcare,0.0,EUR,2026-01,childcare,,,actual,
BE3303,2026-09-30,monthly_expenses,food,Groceries & food,574.57,EUR,2026-01,food,,,actual,
BE3303,2026-09-30,monthly_expenses,health,Health,223.67,EUR,2026-01,health,,,actual,
BE3303,2026-09-30,monthly_expenses,housing,Housing,1468.38,EUR,2026-01,housing,,,actual,
BE3303,2026-09-30,monthly_expenses,leisure,Leisure & travel,353.37,EUR,2026-01,leisure,,,actual,
BE3303,2026-09-30,monthly_expenses,savings,Savings transfers,531.21,EUR,2026-01,savings,,,actual,
BE3303,2026-09-30,monthly_expenses,shopping,Shopping,423.77,EUR,2026-01,shopping,,,actual,
BE3303,2026-09-30,monthly_expenses,transport,Transport,388.95,EUR,2026-01,transport,,,actual,
BE3303,2026-09-30,monthly_expenses,utilities,Utilities & insurance,385.53,EUR,2026-01,utilities,,,actual,
BE3303,2026-09-30,monthly_expenses,total,Total spending,4349.44,EUR,2026-01,total,,,actual,
BE3303,2026-09-30,monthly_expenses,childcare,Childcare,0.0,EUR,2026-02,childcare,,,actual,
BE3303,2026-09-30,monthly_expenses,food,Groceries & food,615.07,EUR,2026-02,food,,,actual,
BE3303,2026-09-30,monthly_expenses,health,Health,186.63,EUR,2026-02,health,,,actual,
BE3303,2026-09-30,monthly_expenses,housing,Housing,1528.67,EUR,2026-02,housing,,,actual,
BE3303,2026-09-30,monthly_expenses,leisure,Leisure & travel,429.2,EUR,2026-02,leisure,,,actual,
BE3303,2026-09-30,monthly_expenses,savings,Savings transfers,600.79,EUR,2026-02,savings,,,actual,
BE3303,2026-09-30,monthly_expenses,shopping,Shopping,383.07,EUR,2026-02,shopping,,,actual,
BE3303,2026-09-30,monthly_expenses,transport,Transport,355.58,EUR,2026-02,transport,,,actual,
BE3303,2026-09-30,monthly_expenses,utilities,Utilities & insurance,343.58,EUR,2026-02,utilities,,,actual,
BE3303,2026-09-30,monthly_expenses,total,Total spending,4442.58,EUR,2026-02,total,,,actual,
BE3303,2026-09-30,monthly_expenses,childcare,Childcare,0.0,EUR,2026-03,childcare,,,actual,
BE3303,2026-09-30,monthly_expenses,food,Groceries & food,528.41,EUR,2026-03,food,,,actual,
BE3303,2026-09-30,monthly_expenses,health,Health,177.56,EUR,2026-03,health,,,actual,
BE3303,2026-09-30,monthly_expenses,housing,Housing,1564.98,EUR,2026-03,housing,,,actual,
BE3303,2026-09-30,monthly_expenses,leisure,Leisure & travel,429.02,EUR,2026-03,leisure,,,actual,
BE3303,2026-09-30,monthly_expenses,savings,Savings transfers,557.79,EUR,2026-03,savings,,,actual,
BE3303,2026-09-30,monthly_expenses,shopping,Shopping,512.57,EUR,2026-03,shopping,,,actual,
BE3303,2026-09-30,monthly_expenses,transport,Transport,375.33,EUR,2026-03,transport,,,actual,
BE3303,2026-09-30,monthly_expenses,utilities,Utilities & insurance,340.41,EUR,2026-03,utilities,,,actual,
BE3303,2026-09-30,monthly_expenses,total,Total spending,4486.06,EUR,2026-03,total,,,actual,
BE3303,2026-09-30,monthly_expenses,childcare,Childcare,0.0,EUR,2026-04,childcare,,,actual,
BE3303,2026-09-30,monthly_expenses,food,Groceries & food,558.14,EUR,2026-04,food,,,actual,
BE3303,2026-09-30,monthly_expenses,health,Health,419.24,EUR,2026-04,health,,,actual,
BE3303,2026-09-30,monthly_expenses,housing,Housing,1237.56,EUR,2026-04,housing,,,actual,
BE3303,2026-09-30,monthly_expenses,leisure,Leisure & travel,351.04,EUR,2026-04,leisure,,,actual,
BE3303,2026-09-30,monthly_expenses,savings,Savings transfers,574.22,EUR,2026-04,savings,,,actual,
BE3303,2026-09-30,monthly_expenses,shopping,Shopping,477.46,EUR,2026-04,shopping,,,actual,
BE3303,2026-09-30,monthly_expenses,transport,Transport,383.05,EUR,2026-04,transport,,,actual,
BE3303,2026-09-30,monthly_expenses,utilities,Utilities & insurance,381.43,EUR,2026-04,utilities,,,actual,
BE3303,2026-09-30,monthly_expenses,total,Total spending,4382.14,EUR,2026-04,total,,,actual,
BE3303,2026-09-30,monthly_expenses,childcare,Childcare,0.0,EUR,2026-05,childcare,,,actual,
BE3303,2026-09-30,monthly_expenses,food,Groceries & food,569.72,EUR,2026-05,food,,,actual,
BE3303,2026-09-30,monthly_expenses,health,Health,402.36,EUR,2026-05,health,,,actual,
BE3303,2026-09-30,monthly_expenses,housing,Housing,1671.94,EUR,2026-05,housing,,,actual,
BE3303,2026-09-30,monthly_expenses,leisure,Leisure & travel,361.86,EUR,2026-05,leisure,,,actual,
BE3303,2026-09-30,monthly_expenses,savings,Savings transfers,529.88,EUR,2026-05,savings,,,actual,
BE3303,2026-09-30,monthly_expenses,shopping,Shopping,477.75,EUR,2026-05,shopping,,,actual,
BE3303,2026-09-30,monthly_expenses,transport,Transport,361.17,EUR,2026-05,transport,,,actual,
BE3303,2026-09-30,monthly_expenses,utilities,Utilities & insurance,382.01,EUR,2026-05,utilities,,,actual,
BE3303,2026-09-30,monthly_expenses,total,Total spending,4756.68,EUR,2026-05,total,,,actual,
BE3303,2026-09-30,monthly_expenses,childcare,Childcare,0.0,EUR,2026-06,childcare,,,actual,
BE3303,2026-09-30,monthly_expenses,food,Groceries & food,587.64,EUR,2026-06,food,,,actual,
BE3303,2026-09-30,monthly_expenses,health,Health,391.55,EUR,2026-06,health,,,actual,
BE3303,2026-09-30,monthly_expenses,housing,Housing,1428.08,EUR,2026-06,housing,,,actual,
BE3303,2026-09-30,monthly_expenses,leisure,Leisure & travel,376.78,EUR,2026-06,leisure,,,actual,
BE3303,2026-09-30,monthly_expenses,savings,Savings transfers,586.88,EUR,2026-06,savings,,,actual,
BE3303,2026-09-30,monthly_expenses,shopping,Shopping,643.14,EUR,2026-06,shopping,,,actual,
BE3303,2026-09-30,monthly_expenses,transport,Transport,378.42,EUR,2026-06,transport,,,actual,
BE3303,2026-09-30,monthly_expenses,utilities,Utilities & insurance,362.3,EUR,2026-06,utilities,,,actual,
BE3303,2026-09-30,monthly_expenses,total,Total spending,4754.78,EUR,2026-06,total,,,actual,
BE3303,2026-09-30,monthly_expenses,childcare,Childcare,0.0,EUR,2026-07,childcare,,,actual,
BE3303,2026-09-30,monthly_expenses,food,Groceries & food,579.1,EUR,2026-07,food,,,actual,
BE3303,2026-09-30,monthly_expenses,health,Health,412.57,EUR,2026-07,health,,,actual,
BE3303,2026-09-30,monthly_expenses,housing,Housing,1291.31,EUR,2026-07,housing,,,actual,
BE3303,2026-09-30,monthly_expenses,leisure,Leisure & travel,325.26,EUR,2026-07,leisure,,,actual,
BE3303,2026-09-30,monthly_expenses,savings,Savings transfers,583.0,EUR,2026-07,savings,,,actual,
BE3303,2026-09-30,monthly_expenses,shopping,Shopping,1156.94,EUR,2026-07,shopping,,,actual,
BE3303,2026-09-30,monthly_expenses,transport,Transport,344.89,EUR,2026-07,transport,,,actual,
BE3303,2026-09-30,monthly_expenses,utilities,Utilities & insurance,365.52,EUR,2026-07,utilities,,,actual,
BE3303,2026-09-30,monthly_expenses,total,Total spending,5058.59,EUR,2026-07,total,,,actual,
BE3303,2026-09-30,monthly_expenses,childcare,Childcare,0.0,EUR,2026-08,childcare,,,actual,
BE3303,2026-09-30,monthly_expenses,food,Groceries & food,559.04,EUR,2026-08,food,,,actual,
BE3303,2026-09-30,monthly_expenses,health,Health,404.13,EUR,2026-08,health,,,actual,
BE3303,2026-09-30,monthly_expenses,housing,Housing,1391.94,EUR,2026-08,housing,,,actual,
BE3303,2026-09-30,monthly_expenses,leisure,Leisure & travel,386.83,EUR,2026-08,leisure,,,actual,
BE3303,2026-09-30,monthly_expenses,savings,Savings transfers,586.96,EUR,2026-08,savings,,,actual,
BE3303,2026-09-30,monthly_expenses,shopping,Shopping,1560.29,EUR,2026-08,shopping,,,actual,
BE3303,2026-09-30,monthly_expenses,transport,Transport,355.14,EUR,2026-08,transport,,,actual,
BE3303,2026-09-30,monthly_expenses,utilities,Utilities & insurance,375.8,EUR,2026-08,utilities,,,actual,
BE3303,2026-09-30,monthly_expenses,total,Total spending,5620.13,EUR,2026-08,total,,,actual,
BE3303,2026-09-30,expense_summary,childcare_avg_3m,Childcare: average last 3 months,0.0,EUR,,childcare,,,derived,
BE3303,2026-09-30,expense_summary,childcare_change_pct,Childcare: change vs previous 3 months,0.0,pct,,childcare,,,derived,
BE3303,2026-09-30,expense_summary,childcare_share_of_income_pct,Childcare: share of income,0.0,pct,,childcare,,,derived,
BE3303,2026-09-30,expense_summary,food_avg_3m,Groceries & food: average last 3 months,575.26,EUR,,food,,,derived,
BE3303,2026-09-30,expense_summary,food_change_pct,Groceries & food: change vs previous 3 months,4.2,pct,,food,,,derived,
BE3303,2026-09-30,expense_summary,food_share_of_income_pct,Groceries & food: share of income,12.04,pct,,food,,,derived,
BE3303,2026-09-30,expense_summary,health_avg_3m,Health: average last 3 months,402.75,EUR,,health,,,derived,
BE3303,2026-09-30,expense_summary,health_change_pct,Health: change vs previous 3 months,20.93,pct,,health,,,derived,
BE3303,2026-09-30,expense_summary,health_share_of_income_pct,Health: share of income,8.43,pct,,health,,,derived,
BE3303,2026-09-30,expense_summary,housing_avg_3m,Housing: average last 3 months,1370.44,EUR,,housing,,,derived,
BE3303,2026-09-30,expense_summary,housing_change_pct,Housing: change vs previous 3 months,-8.12,pct,,housing,,,derived,
BE3303,2026-09-30,expense_summary,housing_share_of_income_pct,Housing: share of income,28.68,pct,,housing,,,derived,
BE3303,2026-09-30,expense_summary,leisure_avg_3m,Leisure & travel: average last 3 months,362.96,EUR,,leisure,,,derived,
BE3303,2026-09-30,expense_summary,leisure_change_pct,Leisure & travel: change vs previous 3 months,-4.65,pct,,leisure,,,derived,
BE3303,2026-09-30,expense_summary,leisure_share_of_income_pct,Leisure & travel: share of income,7.6,pct,,leisure,,,derived,
BE3303,2026-09-30,expense_summary,savings_avg_3m,Savings transfers: average last 3 months,585.61,EUR,,savings,,,derived,
BE3303,2026-09-30,expense_summary,savings_change_pct,Savings transfers: change vs previous 3 months,5.71,pct,,savings,,,derived,
BE3303,2026-09-30,expense_summary,savings_share_of_income_pct,Savings transfers: share of income,12.26,pct,,savings,,,derived,
BE3303,2026-09-30,expense_summary,shopping_avg_3m,Shopping: average last 3 months,1120.12,EUR,,shopping,,,derived,
BE3303,2026-09-30,expense_summary,shopping_change_pct,Shopping: change vs previous 3 months,128.94,pct,,shopping,,,derived,
BE3303,2026-09-30,expense_summary,shopping_share_of_income_pct,Shopping: share of income,23.44,pct,,shopping,,,derived,
BE3303,2026-09-30,expense_summary,transport_avg_3m,Transport: average last 3 months,359.48,EUR,,transport,,,derived,
BE3303,2026-09-30,expense_summary,transport_change_pct,Transport: change vs previous 3 months,-3.67,pct,,transport,,,derived,
BE3303,2026-09-30,expense_summary,transport_share_of_income_pct,Transport: share of income,7.52,pct,,transport,,,derived,
BE3303,2026-09-30,expense_summary,utilities_avg_3m,Utilities & insurance: average last 3 months,367.87,EUR,,utilities,,,derived,
BE3303,2026-09-30,expense_summary,utilities_change_pct,Utilities & insurance: change vs previous 3 months,-0.02,pct,,utilities,,,derived,
BE3303,2026-09-30,expense_summary,utilities_share_of_income_pct,Utilities & insurance: share of income,7.7,pct,,utilities,,,derived,
BE3303,2026-09-30,expense_summary,total_avg_3m,Total spending: average last 3 months,5144.5,EUR,,total,,,derived,
BE3303,2026-09-30,expense_summary,total_change_pct,Total spending: change vs previous 3 months,13.27,pct,,total,,,derived,
BE3303,2026-09-30,expense_summary,total_share_of_income_pct,Total spending: share of income,107.66,pct,,total,,,derived,
BE3303,2026-09-30,cashflow,avg_monthly_surplus,Average monthly surplus (income - spending),219.39,EUR,,,,,derived,
BE3303,2026-09-30,cashflow,savings_rate_pct,Savings rate,4.59,pct,,,,,derived,
BE3303,2026-09-30,cashflow,emergency_buffer_months,Liquid savings / monthly spending,4.37,months,,,,,derived,
BE3303,2026-09-30,investments,fund:kbc_balanced,KBC Balanced Fund,6200.0,EUR,,funds,,,actual,147.6190 units @ 42.00
BE3303,2026-09-30,investments,allocation_funds_pct,Share of portfolio: funds,100.0,pct,,funds,,,derived,
BE3303,2026-09-30,products_held,home_loan,Home loan,active,text,2023-02,loans,,,actual,
BE3303,2026-09-30,products_held,home_insurance,Home insurance,active,text,2023-02,insurance,,,actual,
BE3303,2026-09-30,products_held,savings_account,Savings account,active,text,2018-10,savings,,,actual,
BE3303,2026-09-30,products_held,credit_card,Credit card,active,text,2019-01,payments,,,actual,
BE3303,2026-09-30,life_events,family_expansion,Baby on the way,86.0,pct,,family_expansion,1,0.86,model:timesync,"gynaecologist visits since March, maternity store purchases, searched 'kinderbijslag'"
BE3303,2026-09-30,next_needs_30d,SAVE_FOR_CHILD,Savings account for the baby,54.0,pct,,family_expansion,1,0.54,model:timesync,"baby expected, no child savings yet"
BE3303,2026-09-30,next_needs_30d,PROTECT_FAMILY,Life / family insurance,48.0,pct,,family_expansion,2,0.48,model:timesync,mortgage + new dependant
BE3303,2026-09-30,next_needs_30d,HOSPITALIZATION_INSURANCE,Hospitalisation insurance top-up,36.0,pct,,family_expansion,3,0.36,model:timesync,upcoming delivery
BE3303,2026-09-30,next_needs_30d,BUY_CAR,Bigger car,18.0,pct,,automotive_lifecycle,4,0.18,model:timesync,family growing
BE3303,2026-09-30,next_needs_30d,BUDGET_HELP,Family budget planning,15.0,pct,,cashflow,5,0.15,model:timesync,
BE3303,2026-09-30,product_propensity,child_savings_account,KBC Child Savings Account,54.0,pct,,,1,0.54,model:lightgbm,baby on the way
BE3303,2026-09-30,product_propensity,life_insurance,Life insurance / debt balance top-up,48.0,pct,,insurance,2,0.48,model:lightgbm,mortgage + new dependant
BE3303,2026-09-30,product_propensity,hospitalization_plus,Hospitalisation insurance Plus,36.0,pct,,,3,0.36,model:lightgbm,delivery expected
BE6606,2026-09-30,profile,segment,Segment,student,text,,,,,actual,
BE6606,2026-09-30,profile,age_band,Age band,18-24,text,,,,,actual,
BE6606,2026-09-30,profile,household,Household,single,text,,,,,actual,
BE6606,2026-09-30,profile,language,Language,fr,text,,,,,actual,
BE6606,2026-09-30,income,net_income,Net income,1098.44,EUR,2025-09,,,,actual,
BE6606,2026-09-30,income,net_income,Net income,1095.17,EUR,2025-10,,,,actual,
BE6606,2026-09-30,income,net_income,Net income,1106.08,EUR,2025-11,,,,actual,
BE6606,2026-09-30,income,net_income,Net income,1081.69,EUR,2025-12,,,,actual,
BE6606,2026-09-30,income,net_income,Net income,1105.06,EUR,2026-01,,,,actual,
BE6606,2026-09-30,income,net_income,Net income,1102.67,EUR,2026-02,,,,actual,
BE6606,2026-09-30,income,net_income,Net income,1103.12,EUR,2026-03,,,,actual,
BE6606,2026-09-30,income,net_income,Net income,1104.22,EUR,2026-04,,,,actual,
BE6606,2026-09-30,income,net_income,Net income,1092.81,EUR,2026-05,,,,actual,
BE6606,2026-09-30,income,net_income,Net income,1097.15,EUR,2026-06,,,,actual,
BE6606,2026-09-30,income,net_income,Net income,1107.01,EUR,2026-07,,,,actual,
BE6606,2026-09-30,income,net_income,Net income,1104.74,EUR,2026-08,,,,actual,
BE6606,2026-09-30,income,avg_monthly_income,Average monthly income,1099.85,EUR,,,,,derived,
BE6606,2026-09-30,balances,current_account,Current account,-85.0,EUR,,,,,actual,
BE6606,2026-09-30,balances,savings_account,Savings account,150.0,EUR,,,,,actual,
BE6606,2026-09-30,balances,total_debt,Total debt,600.0,EUR,,,,,actual,
BE6606,2026-09-30,balances,investments,Investments,0,EUR,,,,,actual,
BE6606,2026-09-30,balances,total_assets,Total assets,65.0,EUR,,,,,derived,
BE6606,2026-09-30,balances,net_worth,Net worth,-535.0,EUR,,,,,derived,
BE6606,2026-09-30,balance_history,current_account,Current account,-77.29,EUR,2025-09,,,,actual,
BE6606,2026-09-30,balance_history,savings_account,Savings account,135.0,EUR,2025-09,,,,actual,
BE6606,2026-09-30,balance_history,investments,Investments,0.0,EUR,2025-09,,,,actual,
BE6606,2026-09-30,balance_history,total_debt,Total debt,628.8,EUR,2025-09,,,,actual,
BE6606,2026-09-30,balance_history,current_account,Current account,-80.64,EUR,2025-10,,,,actual,
BE6606,2026-09-30,balance_history,savings_account,Savings account,136.5,EUR,2025-10,,,,actual,
BE6606,2026-09-30,balance_history,investments,Investments,0.0,EUR,2025-10,,,,actual,
BE6606,2026-09-30,balance_history,total_debt,Total debt,626.4,EUR,2025-10,,,,actual,
BE6606,2026-09-30,balance_history,current_account,Current account,-55.55,EUR,2025-11,,,,actual,
BE6606,2026-09-30,balance_history,savings_account,Savings account,138.0,EUR,2025-11,,,,actual,
BE6606,2026-09-30,balance_history,investments,Investments,0.0,EUR,2025-11,,,,actual,
BE6606,2026-09-30,balance_history,total_debt,Total debt,624.0,EUR,2025-11,,,,actual,
BE6606,2026-09-30,balance_history,current_account,Current account,-100.52,EUR,2025-12,,,,actual,
BE6606,2026-09-30,balance_history,savings_account,Savings account,139.5,EUR,2025-12,,,,actual,
BE6606,2026-09-30,balance_history,investments,Investments,0.0,EUR,2025-12,,,,actual,
BE6606,2026-09-30,balance_history,total_debt,Total debt,621.6,EUR,2025-12,,,,actual,
BE6606,2026-09-30,balance_history,current_account,Current account,-88.23,EUR,2026-01,,,,actual,
BE6606,2026-09-30,balance_history,savings_account,Savings account,141.0,EUR,2026-01,,,,actual,
BE6606,2026-09-30,balance_history,investments,Investments,0.0,EUR,2026-01,,,,actual,
BE6606,2026-09-30,balance_history,total_debt,Total debt,619.2,EUR,2026-01,,,,actual,
BE6606,2026-09-30,balance_history,current_account,Current account,-99.17,EUR,2026-02,,,,actual,
BE6606,2026-09-30,balance_history,savings_account,Savings account,142.5,EUR,2026-02,,,,actual,
BE6606,2026-09-30,balance_history,investments,Investments,0.0,EUR,2026-02,,,,actual,
BE6606,2026-09-30,balance_history,total_debt,Total debt,616.8,EUR,2026-02,,,,actual,
BE6606,2026-09-30,balance_history,current_account,Current account,-110.24,EUR,2026-03,,,,actual,
BE6606,2026-09-30,balance_history,savings_account,Savings account,144.0,EUR,2026-03,,,,actual,
BE6606,2026-09-30,balance_history,investments,Investments,0.0,EUR,2026-03,,,,actual,
BE6606,2026-09-30,balance_history,total_debt,Total debt,614.4,EUR,2026-03,,,,actual,
BE6606,2026-09-30,balance_history,current_account,Current account,-85.29,EUR,2026-04,,,,actual,
BE6606,2026-09-30,balance_history,savings_account,Savings account,145.5,EUR,2026-04,,,,actual,
BE6606,2026-09-30,balance_history,investments,Investments,0.0,EUR,2026-04,,,,actual,
BE6606,2026-09-30,balance_history,total_debt,Total debt,612.0,EUR,2026-04,,,,actual,
BE6606,2026-09-30,balance_history,current_account,Current account,-62.02,EUR,2026-05,,,,actual,
BE6606,2026-09-30,balance_history,savings_account,Savings account,147.0,EUR,2026-05,,,,actual,
BE6606,2026-09-30,balance_history,investments,Investments,0.0,EUR,2026-05,,,,actual,
BE6606,2026-09-30,balance_history,total_debt,Total debt,609.6,EUR,2026-05,,,,actual,
BE6606,2026-09-30,balance_history,current_account,Current account,-73.6,EUR,2026-06,,,,actual,
BE6606,2026-09-30,balance_history,savings_account,Savings account,148.5,EUR,2026-06,,,,actual,
BE6606,2026-09-30,balance_history,investments,Investments,0.0,EUR,2026-06,,,,actual,
BE6606,2026-09-30,balance_history,total_debt,Total debt,607.2,EUR,2026-06,,,,actual,
BE6606,2026-09-30,balance_history,current_account,Current account,-69.61,EUR,2026-07,,,,actual,
BE6606,2026-09-30,balance_history,savings_account,Savings account,150.0,EUR,2026-07,,,,actual,
BE6606,2026-09-30,balance_history,investments,Investments,0.0,EUR,2026-07,,,,actual,
BE6606,2026-09-30,balance_history,total_debt,Total debt,604.8,EUR,2026-07,,,,actual,
BE6606,2026-09-30,balance_history,current_account,Current account,-78.6,EUR,2026-08,,,,actual,
BE6606,2026-09-30,balance_history,savings_account,Savings account,151.5,EUR,2026-08,,,,actual,
BE6606,2026-09-30,balance_history,investments,Investments,0.0,EUR,2026-08,,,,actual,
BE6606,2026-09-30,balance_history,total_debt,Total debt,602.4,EUR,2026-08,,,,actual,
BE6606,2026-09-30,monthly_expenses,food,Groceries & food,116.94,EUR,2025-09,food,,,actual,
BE6606,2026-09-30,monthly_expenses,health,Health,47.7,EUR,2025-09,health,,,actual,
BE6606,2026-09-30,monthly_expenses,housing,Housing,335.5,EUR,2025-09,housing,,,actual,
BE6606,2026-09-30,monthly_expenses,leisure,Leisure & travel,89.66,EUR,2025-09,leisure,,,actual,
BE6606,2026-09-30,monthly_expenses,savings,Savings transfers,142.34,EUR,2025-09,savings,,,actual,
BE6606,2026-09-30,monthly_expenses,shopping,Shopping,97.11,EUR,2025-09,shopping,,,actual,
BE6606,2026-09-30,monthly_expenses,transport,Transport,91.87,EUR,2025-09,transport,,,actual,
BE6606,2026-09-30,monthly_expenses,utilities,Utilities & insurance,96.63,EUR,2025-09,utilities,,,actual,
BE6606,2026-09-30,monthly_expenses,total,Total spending,1017.76,EUR,2025-09,total,,,actual,
BE6606,2026-09-30,monthly_expenses,food,Groceries & food,107.79,EUR,2025-10,food,,,actual,
BE6606,2026-09-30,monthly_expenses,health,Health,39.67,EUR,2025-10,health,,,actual,
BE6606,2026-09-30,monthly_expenses,housing,Housing,326.14,EUR,2025-10,housing,,,actual,
BE6606,2026-09-30,monthly_expenses,leisure,Leisure & travel,83.64,EUR,2025-10,leisure,,,actual,
BE6606,2026-09-30,monthly_expenses,savings,Savings transfers,128.14,EUR,2025-10,savings,,,actual,
BE6606,2026-09-30,monthly_expenses,shopping,Shopping,121.79,EUR,2025-10,shopping,,,actual,
BE6606,2026-09-30,monthly_expenses,transport,Transport,90.7,EUR,2025-10,transport,,,actual,
BE6606,2026-09-30,monthly_expenses,utilities,Utilities & insurance,78.1,EUR,2025-10,utilities,,,actual,
BE6606,2026-09-30,monthly_expenses,total,Total spending,975.96,EUR,2025-10,total,,,actual,
BE6606,2026-09-30,monthly_expenses,food,Groceries & food,151.81,EUR,2025-11,food,,,actual,
BE6606,2026-09-30,monthly_expenses,health,Health,43.16,EUR,2025-11,health,,,actual,
BE6606,2026-09-30,monthly_expenses,housing,Housing,337.23,EUR,2025-11,housing,,,actual,
BE6606,2026-09-30,monthly_expenses,leisure,Leisure & travel,79.56,EUR,2025-11,leisure,,,actual,
BE6606,2026-09-30,monthly_expenses,savings,Savings transfers,136.57,EUR,2025-11,savings,,,actual,
BE6606,2026-09-30,monthly_expenses,shopping,Shopping,104.06,EUR,2025-11,shopping,,,actual,
BE6606,2026-09-30,monthly_expenses,transport,Transport,99.97,EUR,2025-11,transport,,,actual,
BE6606,2026-09-30,monthly_expenses,utilities,Utilities & insurance,87.28,EUR,2025-11,utilities,,,actual,
BE6606,2026-09-30,monthly_expenses,total,Total spending,1039.63,EUR,2025-11,total,,,actual,
BE6606,2026-09-30,monthly_expenses,food,Groceries & food,133.17,EUR,2025-12,food,,,actual,
BE6606,2026-09-30,monthly_expenses,health,Health,43.8,EUR,2025-12,health,,,actual,
BE6606,2026-09-30,monthly_expenses,housing,Housing,340.61,EUR,2025-12,housing,,,actual,
BE6606,2026-09-30,monthly_expenses,leisure,Leisure & travel,93.3,EUR,2025-12,leisure,,,actual,
BE6606,2026-09-30,monthly_expenses,savings,Savings transfers,143.81,EUR,2025-12,savings,,,actual,
BE6606,2026-09-30,monthly_expenses,shopping,Shopping,115.26,EUR,2025-12,shopping,,,actual,
BE6606,2026-09-30,monthly_expenses,transport,Transport,95.29,EUR,2025-12,transport,,,actual,
BE6606,2026-09-30,monthly_expenses,utilities,Utilities & insurance,82.73,EUR,2025-12,utilities,,,actual,
BE6606,2026-09-30,monthly_expenses,total,Total spending,1047.98,EUR,2025-12,total,,,actual,
BE6606,2026-09-30,monthly_expenses,food,Groceries & food,128.77,EUR,2026-01,food,,,actual,
BE6606,2026-09-30,monthly_expenses,health,Health,38.59,EUR,2026-01,health,,,actual,
BE6606,2026-09-30,monthly_expenses,housing,Housing,340.65,EUR,2026-01,housing,,,actual,
BE6606,2026-09-30,monthly_expenses,leisure,Leisure & travel,92.18,EUR,2026-01,leisure,,,actual,
BE6606,2026-09-30,monthly_expenses,savings,Savings transfers,135.3,EUR,2026-01,savings,,,actual,
BE6606,2026-09-30,monthly_expenses,shopping,Shopping,109.52,EUR,2026-01,shopping,,,actual,
BE6606,2026-09-30,monthly_expenses,transport,Transport,90.59,EUR,2026-01,transport,,,actual,
BE6606,2026-09-30,monthly_expenses,utilities,Utilities & insurance,81.22,EUR,2026-01,utilities,,,actual,
BE6606,2026-09-30,monthly_expenses,total,Total spending,1016.82,EUR,2026-01,total,,,actual,
BE6606,2026-09-30,monthly_expenses,food,Groceries & food,128.2,EUR,2026-02,food,,,actual,
BE6606,2026-09-30,monthly_expenses,health,Health,36.74,EUR,2026-02,health,,,actual,
BE6606,2026-09-30,monthly_expenses,housing,Housing,288.09,EUR,2026-02,housing,,,actual,
BE6606,2026-09-30,monthly_expenses,leisure,Leisure & travel,85.67,EUR,2026-02,leisure,,,actual,
BE6606,2026-09-30,monthly_expenses,savings,Savings transfers,136.09,EUR,2026-02,savings,,,actual,
BE6606,2026-09-30,monthly_expenses,shopping,Shopping,118.19,EUR,2026-02,shopping,,,actual,
BE6606,2026-09-30,monthly_expenses,transport,Transport,83.88,EUR,2026-02,transport,,,actual,
BE6606,2026-09-30,monthly_expenses,utilities,Utilities & insurance,82.12,EUR,2026-02,utilities,,,actual,
BE6606,2026-09-30,monthly_expenses,total,Total spending,958.97,EUR,2026-02,total,,,actual,
BE6606,2026-09-30,monthly_expenses,food,Groceries & food,131.84,EUR,2026-03,food,,,actual,
BE6606,2026-09-30,monthly_expenses,health,Health,43.56,EUR,2026-03,health,,,actual,
BE6606,2026-09-30,monthly_expenses,housing,Housing,314.51,EUR,2026-03,housing,,,actual,
BE6606,2026-09-30,monthly_expenses,leisure,Leisure & travel,91.91,EUR,2026-03,leisure,,,actual,
BE6606,2026-09-30,monthly_expenses,savings,Savings transfers,151.24,EUR,2026-03,savings,,,actual,
BE6606,2026-09-30,monthly_expenses,shopping,Shopping,116.17,EUR,2026-03,shopping,,,actual,
BE6606,2026-09-30,monthly_expenses,transport,Transport,93.49,EUR,2026-03,transport,,,actual,
BE6606,2026-09-30,monthly_expenses,utilities,Utilities & insurance,70.56,EUR,2026-03,utilities,,,actual,
BE6606,2026-09-30,monthly_expenses,total,Total spending,1013.29,EUR,2026-03,total,,,actual,
BE6606,2026-09-30,monthly_expenses,food,Groceries & food,135.34,EUR,2026-04,food,,,actual,
BE6606,2026-09-30,monthly_expenses,health,Health,42.14,EUR,2026-04,health,,,actual,
BE6606,2026-09-30,monthly_expenses,housing,Housing,361.37,EUR,2026-04,housing,,,actual,
BE6606,2026-09-30,monthly_expenses,leisure,Leisure & travel,87.72,EUR,2026-04,leisure,,,actual,
BE6606,2026-09-30,monthly_expenses,savings,Savings transfers,154.38,EUR,2026-04,savings,,,actual,
BE6606,2026-09-30,monthly_expenses,shopping,Shopping,118.27,EUR,2026-04,shopping,,,actual,
BE6606,2026-09-30,monthly_expenses,transport,Transport,90.15,EUR,2026-04,transport,,,actual,
BE6606,2026-09-30,monthly_expenses,utilities,Utilities & insurance,93.72,EUR,2026-04,utilities,,,actual,
BE6606,2026-09-30,monthly_expenses,total,Total spending,1083.09,EUR,2026-04,total,,,actual,
BE6606,2026-09-30,monthly_expenses,food,Groceries & food,131.49,EUR,2026-05,food,,,actual,
BE6606,2026-09-30,monthly_expenses,health,Health,43.89,EUR,2026-05,health,,,actual,
BE6606,2026-09-30,monthly_expenses,housing,Housing,325.82,EUR,2026-05,housing,,,actual,
BE6606,2026-09-30,monthly_expenses,leisure,Leisure & travel,98.98,EUR,2026-05,leisure,,,actual,
BE6606,2026-09-30,monthly_expenses,savings,Savings transfers,130.05,EUR,2026-05,savings,,,actual,
BE6606,2026-09-30,monthly_expenses,shopping,Shopping,101.81,EUR,2026-05,shopping,,,actual,
BE6606,2026-09-30,monthly_expenses,transport,Transport,89.41,EUR,2026-05,transport,,,actual,
BE6606,2026-09-30,monthly_expenses,utilities,Utilities & insurance,97.98,EUR,2026-05,utilities,,,actual,
BE6606,2026-09-30,monthly_expenses,total,Total spending,1019.44,EUR,2026-05,total,,,actual,
BE6606,2026-09-30,monthly_expenses,food,Groceries & food,140.57,EUR,2026-06,food,,,actual,
BE6606,2026-09-30,monthly_expenses,health,Health,40.89,EUR,2026-06,health,,,actual,
BE6606,2026-09-30,monthly_expenses,housing,Housing,324.81,EUR,2026-06,housing,,,actual,
BE6606,2026-09-30,monthly_expenses,leisure,Leisure & travel,135.61,EUR,2026-06,leisure,,,actual,
BE6606,2026-09-30,monthly_expenses,savings,Savings transfers,116.86,EUR,2026-06,savings,,,actual,
BE6606,2026-09-30,monthly_expenses,shopping,Shopping,187.84,EUR,2026-06,shopping,,,actual,
BE6606,2026-09-30,monthly_expenses,transport,Transport,95.68,EUR,2026-06,transport,,,actual,
BE6606,2026-09-30,monthly_expenses,utilities,Utilities & insurance,77.99,EUR,2026-06,utilities,,,actual,
BE6606,2026-09-30,monthly_expenses,total,Total spending,1120.25,EUR,2026-06,total,,,actual,
BE6606,2026-09-30,monthly_expenses,food,Groceries & food,137.32,EUR,2026-07,food,,,actual,
BE6606,2026-09-30,monthly_expenses,health,Health,47.78,EUR,2026-07,health,,,actual,
BE6606,2026-09-30,monthly_expenses,housing,Housing,358.59,EUR,2026-07,housing,,,actual,
BE6606,2026-09-30,monthly_expenses,leisure,Leisure & travel,129.49,EUR,2026-07,leisure,,,actual,
BE6606,2026-09-30,monthly_expenses,savings,Savings transfers,122.72,EUR,2026-07,savings,,,actual,
BE6606,2026-09-30,monthly_expenses,shopping,Shopping,216.15,EUR,2026-07,shopping,,,actual,
BE6606,2026-09-30,monthly_expenses,transport,Transport,91.54,EUR,2026-07,transport,,,actual,
BE6606,2026-09-30,monthly_expenses,utilities,Utilities & insurance,84.72,EUR,2026-07,utilities,,,actual,
BE6606,2026-09-30,monthly_expenses,total,Total spending,1188.3,EUR,2026-07,total,,,actual,
BE6606,2026-09-30,monthly_expenses,food,Groceries & food,134.18,EUR,2026-08,food,,,actual,
BE6606,2026-09-30,monthly_expenses,health,Health,44.93,EUR,2026-08,health,,,actual,
BE6606,2026-09-30,monthly_expenses,housing,Housing,308.2,EUR,2026-08,housing,,,actual,
BE6606,2026-09-30,monthly_expenses,leisure,Leisure & travel,122.6,EUR,2026-08,leisure,,,actual,
BE6606,2026-09-30,monthly_expenses,savings,Savings transfers,128.34,EUR,2026-08,savings,,,actual,
BE6606,2026-09-30,monthly_expenses,shopping,Shopping,199.16,EUR,2026-08,shopping,,,actual,
BE6606,2026-09-30,monthly_expenses,transport,Transport,83.19,EUR,2026-08,transport,,,actual,
BE6606,2026-09-30,monthly_expenses,utilities,Utilities & insurance,92.89,EUR,2026-08,utilities,,,actual,
BE6606,2026-09-30,monthly_expenses,total,Total spending,1113.49,EUR,2026-08,total,,,actual,
BE6606,2026-09-30,expense_summary,food_avg_3m,Groceries & food: average last 3 months,137.36,EUR,,food,,,derived,
BE6606,2026-09-30,expense_summary,food_change_pct,Groceries & food: change vs previous 3 months,3.36,pct,,food,,,derived,
BE6606,2026-09-30,expense_summary,food_share_of_income_pct,Groceries & food: share of income,12.49,pct,,food,,,derived,
BE6606,2026-09-30,expense_summary,health_avg_3m,Health: average last 3 months,44.53,EUR,,health,,,derived,
BE6606,2026-09-30,expense_summary,health_change_pct,Health: change vs previous 3 months,3.08,pct,,health,,,derived,
BE6606,2026-09-30,expense_summary,health_share_of_income_pct,Health: share of income,4.05,pct,,health,,,derived,
BE6606,2026-09-30,expense_summary,housing_avg_3m,Housing: average last 3 months,330.53,EUR,,housing,,,derived,
BE6606,2026-09-30,expense_summary,housing_change_pct,Housing: change vs previous 3 months,-1.01,pct,,housing,,,derived,
BE6606,2026-09-30,expense_summary,housing_share_of_income_pct,Housing: share of income,30.05,pct,,housing,,,derived,
BE6606,2026-09-30,expense_summary,leisure_avg_3m,Leisure & travel: average last 3 months,129.23,EUR,,leisure,,,derived,
BE6606,2026-09-30,expense_summary,leisure_change_pct,Leisure & travel: change vs previous 3 months,39.16,pct,,leisure,,,derived,
BE6606,2026-09-30,expense_summary,leisure_share_of_income_pct,Leisure & travel: share of income,11.75,pct,,leisure,,,derived,
BE6606,2026-09-30,expense_summary,savings_avg_3m,Savings transfers: average last 3 months,122.64,EUR,,savings,,,derived,
BE6606,2026-09-30,expense_summary,savings_change_pct,Savings transfers: change vs previous 3 months,-15.55,pct,,savings,,,derived,
BE6606,2026-09-30,expense_summary,savings_share_of_income_pct,Savings transfers: share of income,11.15,pct,,savings,,,derived,
BE6606,2026-09-30,expense_summary,shopping_avg_3m,Shopping: average last 3 months,201.05,EUR,,shopping,,,derived,
BE6606,2026-09-30,expense_summary,shopping_change_pct,Shopping: change vs previous 3 months,79.37,pct,,shopping,,,derived,
BE6606,2026-09-30,expense_summary,shopping_share_of_income_pct,Shopping: share of income,18.28,pct,,shopping,,,derived,
BE6606,2026-09-30,expense_summary,transport_avg_3m,Transport: average last 3 months,90.14,EUR,,transport,,,derived,
BE6606,2026-09-30,expense_summary,transport_change_pct,Transport: change vs previous 3 months,-0.97,pct,,transport,,,derived,
BE6606,2026-09-30,expense_summary,transport_share_of_income_pct,Transport: share of income,8.2,pct,,transport,,,derived,
BE6606,2026-09-30,expense_summary,utilities_avg_3m,Utilities & insurance: average last 3 months,85.2,EUR,,utilities,,,derived,
BE6606,2026-09-30,expense_summary,utilities_change_pct,Utilities & insurance: change vs previous 3 months,-2.54,pct,,utilities,,,derived,
BE6606,2026-09-30,expense_summary,utilities_share_of_income_pct,Utilities & insurance: share of income,7.75,pct,,utilities,,,derived,
BE6606,2026-09-30,expense_summary,total_avg_3m,Total spending: average last 3 months,1140.68,EUR,,total,,,derived,
BE6606,2026-09-30,expense_summary,total_change_pct,Total spending: change vs previous 3 months,9.83,pct,,total,,,derived,
BE6606,2026-09-30,expense_summary,total_share_of_income_pct,Total spending: share of income,103.71,pct,,total,,,derived,
BE6606,2026-09-30,cashflow,avg_monthly_surplus,Average monthly surplus (income - spending),81.81,EUR,,,,,derived,
BE6606,2026-09-30,cashflow,savings_rate_pct,Savings rate,7.44,pct,,,,,derived,
BE6606,2026-09-30,cashflow,emergency_buffer_months,Liquid savings / monthly spending,0.06,months,,,,,derived,
BE6606,2026-09-30,products_held,credit_card,Credit card,active,text,2025-10,payments,,,actual,
BE6606,2026-09-30,life_events,cashflow_stress,Tight budget,81.0,pct,,cashflow_stress,1,0.81,model:timesync,"spending > income 3 months in a row, account negative"
BE6606,2026-09-30,next_needs_30d,MANAGE_CASHFLOW,Manage cashflow,71.0,pct,,cashflow,1,0.71,model:timesync,negative balance
BE6606,2026-09-30,next_needs_30d,BUDGET_HELP,Budget coaching,52.0,pct,,cashflow,2,0.52,model:timesync,shopping +80%
BE6606,2026-09-30,next_needs_30d,STUDENT_LOAN,Student loan info,20.0,pct,,loans,3,0.2,model:timesync,
BE6606,2026-09-30,next_needs_30d,SAVE_MONEY,Start small savings,12.0,pct,,savings,4,0.12,model:timesync,
BE6606,2026-09-30,next_needs_30d,CARD_QUESTION,Card question,10.0,pct,,routine,5,0.1,model:timesync,
BE6606,2026-09-30,product_propensity,budget_coach,KBC budget coach,52.0,pct,,,1,0.52,model:lightgbm,3 months of overspending
BE6606,2026-09-30,product_propensity,student_account,Free student account + alerts,40.0,pct,,,2,0.4,model:lightgbm,
